candidate_id,candidate_family,candidate_name,candidate_label,parameter_summary,algorithm,algorithm_label,implementation,shift_semitones,rms_error,spectral_distance,spectral_centroid_difference,rms_error_normalized,spectral_distance_normalized,spectral_centroid_difference_normalized,composite_stress
beating_oscillators_01,beating_oscillators,beating_oscillators_01,beating_oscillators / beating_oscillators_01,"{""base_hz"": 270.064, ""beat_hz"": 4.637}",phase_vocoder,Phase Vocoder,local phase vocoder,-12,0.5132144234867696,0.3859524743108429,160.6606809671482,0.0007638720582867799,0.07334571877883278,0.028523288464627202,0.03421095976724892
beating_oscillators_01,beating_oscillators,beating_oscillators_01,beating_oscillators / beating_oscillators_01,"{""base_hz"": 270.064, ""beat_hz"": 4.637}",psola,PSOLA,local pitch-synchronous overlap-add,-12,0.49211580188557386,0.3534386106426506,339.48578398158855,0.0007274520908605167,0.05703857599653672,0.06817536655302976,0.041980464880142336
beating_oscillators_01,beating_oscillators,beating_oscillators_01,beating_oscillators / beating_oscillators_01,"{""base_hz"": 270.064, ""beat_hz"": 4.637}",rubber_band,Rubber Band,local hybrid spectral/time-domain proxy,-12,150.5077724841319,1.8509870551378016,277.4887520371469,0.2596811142337589,0.8081254525672259,0.054428352792262207,0.37407830653108237
beating_oscillators_01,beating_oscillators,beating_oscillators_01,beating_oscillators / beating_oscillators_01,"{""base_hz"": 270.064, ""beat_hz"": 4.637}",wsola,WSOLA,local waveform-similarity overlap-add,-12,275.8043410464476,1.9639090485835689,271.5991246550653,0.47596524084245995,0.8647608339901685,0.05312240658600146,0.4646161604728766
beating_oscillators_01,beating_oscillators,beating_oscillators_01,beating_oscillators / beating_oscillators_01,"{""base_hz"": 270.064, ""beat_hz"": 4.637}",phase_vocoder,Phase Vocoder,local phase vocoder,3,0.4823024082499987,0.44083153944665954,36.37691189511819,0.0007105124308531306,0.10087000073010917,0.0009650226882212205,0.034181845283061174
beating_oscillators_01,beating_oscillators,beating_oscillators_01,beating_oscillators / beating_oscillators_01,"{""base_hz"": 270.064, ""beat_hz"": 4.637}",psola,PSOLA,local pitch-synchronous overlap-add,3,0.44793409963033415,0.48752329491212326,716.5638739122053,0.0006511866272967028,0.12428798423713362,0.15178739649351924,0.09224218911931652
beating_oscillators_01,beating_oscillators,beating_oscillators_01,beating_oscillators / beating_oscillators_01,"{""base_hz"": 270.064, ""beat_hz"": 4.637}",rubber_band,Rubber Band,local hybrid spectral/time-domain proxy,3,83.77148400954738,1.9162201637724554,251.91130547499796,0.1444824297729538,0.8408427459499558,0.04875689564621277,0.3446940237897074
beating_oscillators_01,beating_oscillators,beating_oscillators_01,beating_oscillators / beating_oscillators_01,"{""base_hz"": 270.064, ""beat_hz"": 4.637}",wsola,WSOLA,local waveform-similarity overlap-add,3,213.90785014327963,2.1357953000564276,274.0793318658699,0.36912090640662093,0.9509694025468377,0.053672359407727514,0.4579208894537287
beating_oscillators_01,beating_oscillators,beating_oscillators_01,beating_oscillators / beating_oscillators_01,"{""base_hz"": 270.064, ""beat_hz"": 4.637}",phase_vocoder,Phase Vocoder,local phase vocoder,7,0.5148263951435444,0.4906763206007556,119.44487486256482,0.000766654607608792,0.1258693662785142,0.0193842339662024,0.04867341828410846
beating_oscillators_01,beating_oscillators,beating_oscillators_01,beating_oscillators / beating_oscillators_01,"{""base_hz"": 270.064, ""beat_hz"": 4.637}",psola,PSOLA,local pitch-synchronous overlap-add,7,0.4229811381658544,0.45105742763715323,1098.538784693815,0.0006081133848402548,0.1059987365979817,0.236485231052574,0.11436402701179865
beating_oscillators_01,beating_oscillators,beating_oscillators_01,beating_oscillators / beating_oscillators_01,"{""base_hz"": 270.064, ""beat_hz"": 4.637}",rubber_band,Rubber Band,local hybrid spectral/time-domain proxy,7,60.52189777250278,1.8500517207982636,340.6004831380866,0.10434951543227129,0.8076563409667197,0.06842253620233212,0.32680946420044105
beating_oscillators_01,beating_oscillators,beating_oscillators_01,beating_oscillators / beating_oscillators_01,"{""base_hz"": 270.064, ""beat_hz"": 4.637}",wsola,WSOLA,local waveform-similarity overlap-add,7,136.83980927747692,2.0236160700952692,360.45842968566603,0.23608778267974273,0.8947065499110181,0.07282577061353422,0.40120670106809836
beating_oscillators_01,beating_oscillators,beating_oscillators_01,beating_oscillators / beating_oscillators_01,"{""base_hz"": 270.064, ""beat_hz"": 4.637}",phase_vocoder,Phase Vocoder,local phase vocoder,12,0.4220513538131317,0.3562979005687138,266.7008073455712,0.0006065084119429878,0.05847263654240497,0.052036270147751244,0.03703847170069973
beating_oscillators_01,beating_oscillators,beating_oscillators_01,beating_oscillators / beating_oscillators_01,"{""base_hz"": 270.064, ""beat_hz"": 4.637}",psola,PSOLA,local pitch-synchronous overlap-add,12,0.41589658336285107,0.35326054936801665,609.8085412158767,0.0005958841852256062,0.05694927038035141,0.12811582736216306,0.06188699397591336
beating_oscillators_01,beating_oscillators,beating_oscillators_01,beating_oscillators / beating_oscillators_01,"{""base_hz"": 270.064, ""beat_hz"": 4.637}",rubber_band,Rubber Band,local hybrid spectral/time-domain proxy,12,37.72284874693456,1.7444007696954067,459.57174366079505,0.0649943083217786,0.7546677093386331,0.09480282416526527,0.30482161394189233
beating_oscillators_01,beating_oscillators,beating_oscillators_01,beating_oscillators / beating_oscillators_01,"{""base_hz"": 270.064, ""beat_hz"": 4.637}",wsola,WSOLA,local waveform-similarity overlap-add,12,65.89048775617499,1.839945408760246,479.6333144714428,0.11361665505997208,0.8025875778357597,0.09925120953706391,0.33848514747759856
beating_oscillators_02,beating_oscillators,beating_oscillators_02,beating_oscillators / beating_oscillators_02,"{""base_hz"": 230.022, ""beat_hz"": 2.235}",phase_vocoder,Phase Vocoder,local phase vocoder,-12,0.5023225089824108,0.4018843409665263,116.36403000470068,0.0007450706797438371,0.08133625558473355,0.018701097768750206,0.0335941413444092
beating_oscillators_02,beating_oscillators,beating_oscillators_02,beating_oscillators / beating_oscillators_02,"{""base_hz"": 230.022, ""beat_hz"": 2.235}",psola,PSOLA,local pitch-synchronous overlap-add,-12,0.5406769465469409,0.3646031891822724,226.7140775410072,0.0008112772496874236,0.06263810665237446,0.04316974690250871,0.035539710268190194
beating_oscillators_02,beating_oscillators,beating_oscillators_02,beating_oscillators / beating_oscillators_02,"{""base_hz"": 230.022, ""beat_hz"": 2.235}",rubber_band,Rubber Band,local hybrid spectral/time-domain proxy,-12,73.5191496075347,1.7090152990145366,216.988590364553,0.12678508005872893,0.7369203284459649,0.041013250021098395,0.30157288617526407
beating_oscillators_02,beating_oscillators,beating_oscillators_02,beating_oscillators / beating_oscillators_02,"{""base_hz"": 230.022, ""beat_hz"": 2.235}",wsola,WSOLA,local waveform-similarity overlap-add,-12,211.69935125786157,1.9145043638457746,224.0894163542238,0.36530864516092393,0.8399821962879478,0.042587763341031155,0.4159595349299676
beating_oscillators_02,beating_oscillators,beating_oscillators_02,beating_oscillators / beating_oscillators_02,"{""base_hz"": 230.022, ""beat_hz"": 2.235}",phase_vocoder,Phase Vocoder,local phase vocoder,3,0.5449003792279158,0.32402084749197474,49.96582959837795,0.0008185676444618104,0.04228426476089176,0.003978183686445396,0.015693672030599657
beating_oscillators_02,beating_oscillators,beating_oscillators_02,beating_oscillators / beating_oscillators_02,"{""base_hz"": 230.022, ""beat_hz"": 2.235}",psola,PSOLA,local pitch-synchronous overlap-add,3,0.4837794198852239,0.42065084839876266,791.1135247724036,0.000713062015212711,0.09074849029622617,0.16831778583786663,0.08659311271643517
beating_oscillators_02,beating_oscillators,beating_oscillators_02,beating_oscillators / beating_oscillators_02,"{""base_hz"": 230.022, ""beat_hz"": 2.235}",rubber_band,Rubber Band,local hybrid spectral/time-domain proxy,3,41.59551186835871,1.757907944576789,254.63530229143024,0.07167921254922659,0.761442155821646,0.049360905556773325,0.294160757975882
beating_oscillators_02,beating_oscillators,beating_oscillators_02,beating_oscillators / beating_oscillators_02,"{""base_hz"": 230.022, ""beat_hz"": 2.235}",wsola,WSOLA,local waveform-similarity overlap-add,3,143.22564880244101,1.9988421629421016,261.332132254943,0.24711087565162462,0.8822813381507416,0.050845838153940726,0.39341268398543566
beating_oscillators_02,beating_oscillators,beating_oscillators_02,beating_oscillators / beating_oscillators_02,"{""base_hz"": 230.022, ""beat_hz"": 2.235}",phase_vocoder,Phase Vocoder,local phase vocoder,7,0.5784537931735105,0.4199606775222908,126.13315378626838,0.0008764867951076152,0.09040233903159443,0.0208672704845054,0.037382032103735814
beating_oscillators_02,beating_oscillators,beating_oscillators_02,beating_oscillators / beating_oscillators_02,"{""base_hz"": 230.022, ""beat_hz"": 2.235}",psola,PSOLA,local pitch-synchronous overlap-add,7,0.4520426598448942,0.35977621240013297,198.76863925572863,0.000658278731795825,0.06021716399245365,0.0369732192203017,0.03261622064818372
beating_oscillators_02,beating_oscillators,beating_oscillators_02,beating_oscillators / beating_oscillators_02,"{""base_hz"": 230.022, ""beat_hz"": 2.235}",rubber_band,Rubber Band,local hybrid spectral/time-domain proxy,7,36.6245667506562,1.7455028992462704,323.5932324658126,0.06309847857112597,0.7552204761255624,0.06465140552572018,0.2943234534074695
beating_oscillators_02,beating_oscillators,beating_oscillators_02,beating_oscillators / beating_oscillators_02,"{""base_hz"": 230.022, ""beat_hz"": 2.235}",wsola,WSOLA,local waveform-similarity overlap-add,7,110.04463019610978,1.9723441404990047,330.083475463532,0.18983454548869447,0.8689914062054716,0.06609053022253357,0.3749721606388999
beating_oscillators_02,beating_oscillators,beating_oscillators_02,beating_oscillators / beating_oscillators_02,"{""base_hz"": 230.022, ""beat_hz"": 2.235}",phase_vocoder,Phase Vocoder,local phase vocoder,12,0.4545012964465367,0.38889580630063947,239.44401330241345,0.0006625227751573952,0.07482193014218012,0.045992440128251565,0.04049229768186303
beating_oscillators_02,beating_oscillators,beating_oscillators_02,beating_oscillators / beating_oscillators_02,"{""base_hz"": 230.022, ""beat_hz"": 2.235}",psola,PSOLA,local pitch-synchronous overlap-add,12,0.44274904270212395,0.3179991624858137,462.25826179596896,0.0006422362983132191,0.039264123008819936,0.09539852367884656,0.045101627661993236
beating_oscillators_02,beating_oscillators,beating_oscillators_02,beating_oscillators / beating_oscillators_02,"{""base_hz"": 230.022, ""beat_hz"": 2.235}",rubber_band,Rubber Band,local hybrid spectral/time-domain proxy,12,18.33481201826142,1.5990663747775817,420.7466618892795,0.03152711413893906,0.6817760729188714,0.08619388085562024,0.2664990226378103
beating_oscillators_02,beating_oscillators,beating_oscillators_02,beating_oscillators / beating_oscillators_02,"{""base_hz"": 230.022, ""beat_hz"": 2.235}",wsola,WSOLA,local waveform-similarity overlap-add,12,50.19820076987547,1.7666247988821713,426.345032404864,0.08652898119732443,0.7658140443557485,0.08743524474195248,0.3132594234316752
beating_oscillators_03,beating_oscillators,beating_oscillators_03,beating_oscillators / beating_oscillators_03,"{""base_hz"": 424.596, ""beat_hz"": 6.936}",phase_vocoder,Phase Vocoder,local phase vocoder,-12,0.5442351254977261,0.44014655406320197,208.82797082059162,0.000817419298392495,0.1005264502199077,0.03920374163579764,0.04684920371803261
beating_oscillators_03,beating_oscillators,beating_oscillators_03,beating_oscillators / beating_oscillators_03,"{""base_hz"": 424.596, ""beat_hz"": 6.936}",psola,PSOLA,local pitch-synchronous overlap-add,-12,0.5117471631902483,0.3881079292680559,420.7593806851104,0.0007613393064693755,0.0744267749125111,0.08619670107871519,0.05379493843256522
beating_oscillators_03,beating_oscillators,beating_oscillators_03,beating_oscillators / beating_oscillators_03,"{""base_hz"": 424.596, ""beat_hz"": 6.936}",rubber_band,Rubber Band,local hybrid spectral/time-domain proxy,-12,105.02465120456031,1.7804003848704006,293.43335148937496,0.18116917033724875,0.7727231108977114,0.05796385475429375,0.33728537866308467
beating_oscillators_03,beating_oscillators,beating_oscillators_03,beating_oscillators / beating_oscillators_03,"{""base_hz"": 424.596, ""beat_hz"": 6.936}",wsola,WSOLA,local waveform-similarity overlap-add,-12,147.6937480322615,1.8371118442294976,291.78545335550507,0.254823608335458,0.8011664197151095,0.05759845535351351,0.37119616113469367
beating_oscillators_03,beating_oscillators,beating_oscillators_03,beating_oscillators / beating_oscillators_03,"{""base_hz"": 424.596, ""beat_hz"": 6.936}",phase_vocoder,Phase Vocoder,local phase vocoder,3,0.5140454163160066,0.4112085842829076,96.47792224165472,0.0007653064994718171,0.08601277661123488,0.01429161898415802,0.03368990069828824
beating_oscillators_03,beating_oscillators,beating_oscillators_03,beating_oscillators / beating_oscillators_03,"{""base_hz"": 424.596, ""beat_hz"": 6.936}",psola,PSOLA,local pitch-synchronous overlap-add,3,0.49690269848621765,0.4873684312294304,857.936585590912,0.0007357151244161521,0.12421031324080921,0.18313490704186006,0.10269364513569514
beating_oscillators_03,beating_oscillators,beating_oscillators_03,beating_oscillators / beating_oscillators_03,"{""base_hz"": 424.596, ""beat_hz"": 6.936}",rubber_band,Rubber Band,local hybrid spectral/time-domain proxy,3,121.2045719698152,1.9592578117951716,300.30299231134927,0.20909858669289857,0.8624280327212481,0.05948710585115014,0.37700457508843227
beating_oscillators_03,beating_oscillators,beating_oscillators_03,beating_oscillators / beating_oscillators_03,"{""base_hz"": 424.596, ""beat_hz"": 6.936}",wsola,WSOLA,local waveform-similarity overlap-add,3,175.1304635369317,2.0586916591317768,298.92583126277657,0.30218425131258536,0.9122985114332971,0.05918173878289294,0.4245548338429252
beating_oscillators_03,beating_oscillators,beating_oscillators_03,beating_oscillators / beating_oscillators_03,"{""base_hz"": 424.596, ""beat_hz"": 6.936}",phase_vocoder,Phase Vocoder,local phase vocoder,7,0.5494115018531869,0.45022339370712866,227.62876840383268,0.0008263546431659789,0.10558043163979566,0.04337256738413077,0.04992645122236414
beating_oscillators_03,beating_oscillators,beating_oscillators_03,beating_oscillators / beating_oscillators_03,"{""base_hz"": 424.596, ""beat_hz"": 6.936}",psola,PSOLA,local pitch-synchronous overlap-add,7,0.4625286358932706,0.43308110114465265,1042.3526698142298,0.0006763793884800891,0.09698281262764305,0.22402671053652895,0.10722863418421735
beating_oscillators_03,beating_oscillators,beating_oscillators_03,beating_oscillators / beating_oscillators_03,"{""base_hz"": 424.596, ""beat_hz"": 6.936}",rubber_band,Rubber Band,local hybrid spectral/time-domain proxy,7,88.63052901296058,1.9020737272702106,431.2044911496165,0.1528700042833676,0.8337476814489483,0.08851276481249165,0.3583768168482692
beating_oscillators_03,beating_oscillators,beating_oscillators_03,beating_oscillators / beating_oscillators_03,"{""base_hz"": 424.596, ""beat_hz"": 6.936}",wsola,WSOLA,local waveform-similarity overlap-add,7,171.09006913589008,2.0449034715842016,431.05930268258874,0.29520981311199446,0.9053831246511551,0.08848057120916039,0.42969116965743664
beating_oscillators_03,beating_oscillators,beating_oscillators_03,beating_oscillators / beating_oscillators_03,"{""base_hz"": 424.596, ""beat_hz"": 6.936}",phase_vocoder,Phase Vocoder,local phase vocoder,12,0.5093985563106925,0.45663242408024074,439.13612149062385,0.0007572851939464195,0.108794844250274,0.09027149790056693,0.06660787578159579
beating_oscillators_03,beating_oscillators,beating_oscillators_03,beating_oscillators / beating_oscillators_03,"{""base_hz"": 424.596, ""beat_hz"": 6.936}",psola,PSOLA,local pitch-synchronous overlap-add,12,0.4527306860623485,0.34485638678446,365.6662867671714,0.0006594663872219349,0.052734210594954097,0.07398054336181227,0.0424580734479961
beating_oscillators_03,beating_oscillators,beating_oscillators_03,beating_oscillators / beating_oscillators_03,"{""base_hz"": 424.596, ""beat_hz"": 6.936}",rubber_band,Rubber Band,local hybrid spectral/time-domain proxy,12,47.03818594172216,1.7323512669581138,624.7424350682924,0.0810742344710582,0.7486243500012768,0.1314272188570813,0.32037526777647213
beating_oscillators_03,beating_oscillators,beating_oscillators_03,beating_oscillators / beating_oscillators_03,"{""base_hz"": 424.596, ""beat_hz"": 6.936}",wsola,WSOLA,local waveform-similarity overlap-add,12,76.18734684116338,1.8391993362711212,624.123153012143,0.13139086228338834,0.8022133894363046,0.13128990133266644,0.3549647176841198
chaotic_oscillators_01,chaotic_oscillators,chaotic_oscillators_01,chaotic_oscillators / chaotic_oscillators_01,"{""base_hz"": 329.462, ""depth_hz"": 616.03, ""r"": 3.88107}",phase_vocoder,Phase Vocoder,local phase vocoder,-12,0.6542807327840476,1.086621351072122,2631.005816365814,0.0010073775576820044,0.4247621955488612,0.5762893266937419,0.3340196332667617
chaotic_oscillators_01,chaotic_oscillators,chaotic_oscillators_01,chaotic_oscillators / chaotic_oscillators_01,"{""base_hz"": 329.462, ""depth_hz"": 616.03, ""r"": 3.88107}",psola,PSOLA,local pitch-synchronous overlap-add,-12,0.5894905298483812,0.8350904373482033,1410.8728323504736,0.0008955381624333488,0.29860830113273873,0.3057411343825925,0.20174832455925484
chaotic_oscillators_01,chaotic_oscillators,chaotic_oscillators_01,chaotic_oscillators / chaotic_oscillators_01,"{""base_hz"": 329.462, ""depth_hz"": 616.03, ""r"": 3.88107}",rubber_band,Rubber Band,local hybrid spectral/time-domain proxy,-12,199.57623980194285,1.9671217385129192,2621.1394169877253,0.34438200205242364,0.866372140291007,0.5741015844137346,0.594951908919055
chaotic_oscillators_01,chaotic_oscillators,chaotic_oscillators_01,chaotic_oscillators / chaotic_oscillators_01,"{""base_hz"": 329.462, ""depth_hz"": 616.03, ""r"": 3.88107}",wsola,WSOLA,local waveform-similarity overlap-add,-12,313.0018594047549,2.032605510543019,2630.8767157115662,0.5401747627986527,0.8992151524693112,0.5762607003480152,0.6718835385386597
chaotic_oscillators_01,chaotic_oscillators,chaotic_oscillators_01,chaotic_oscillators / chaotic_oscillators_01,"{""base_hz"": 329.462, ""depth_hz"": 616.03, ""r"": 3.88107}",phase_vocoder,Phase Vocoder,local phase vocoder,3,0.6530282798268527,0.7403853791162515,784.0948834760194,0.0010052156014762313,0.25110951961127576,0.16676149587595765,0.1396254103629032
chaotic_oscillators_01,chaotic_oscillators,chaotic_oscillators_01,chaotic_oscillators / chaotic_oscillators_01,"{""base_hz"": 329.462, ""depth_hz"": 616.03, ""r"": 3.88107}",psola,PSOLA,local pitch-synchronous overlap-add,3,0.5436963853047463,0.8733943233426018,1135.8285061750278,0.0008164893371537744,0.31781939657195923,0.24475372872512074,0.18779653821141126
chaotic_oscillators_01,chaotic_oscillators,chaotic_oscillators_01,chaotic_oscillators / chaotic_oscillators_01,"{""base_hz"": 329.462, ""depth_hz"": 616.03, ""r"": 3.88107}",rubber_band,Rubber Band,local hybrid spectral/time-domain proxy,3,72.0439328854514,1.8142535873677503,1039.3879493316192,0.12423859403795934,0.7897019914268293,0.22336932336825613,0.37910330294434824
chaotic_oscillators_01,chaotic_oscillators,chaotic_oscillators_01,chaotic_oscillators / chaotic_oscillators_01,"{""base_hz"": 329.462, ""depth_hz"": 616.03, ""r"": 3.88107}",wsola,WSOLA,local waveform-similarity overlap-add,3,121.73093705023464,1.869089072696657,1049.055024691089,0.21000718628985576,0.8172044161746382,0.2255128682094366,0.41757482355797687
chaotic_oscillators_01,chaotic_oscillators,chaotic_oscillators_01,chaotic_oscillators / chaotic_oscillators_01,"{""base_hz"": 329.462, ""depth_hz"": 616.03, ""r"": 3.88107}",phase_vocoder,Phase Vocoder,local phase vocoder,7,0.6653485086005038,0.8085797298151614,906.0333019100016,0.0010264825040778235,0.2853120070529942,0.1937997114744138,0.16004606701049529
chaotic_oscillators_01,chaotic_oscillators,chaotic_oscillators_01,chaotic_oscillators / chaotic_oscillators_01,"{""base_hz"": 329.462, ""depth_hz"": 616.03, ""r"": 3.88107}",psola,PSOLA,local pitch-synchronous overlap-add,7,0.5082865570742956,1.0238930447164971,1762.1591109494009,0.0007553656858035126,0.3933011714555146,0.383634174652583,0.25923023726463373
chaotic_oscillators_01,chaotic_oscillators,chaotic_oscillators_01,chaotic_oscillators / chaotic_oscillators_01,"{""base_hz"": 329.462, ""depth_hz"": 616.03, ""r"": 3.88107}",rubber_band,Rubber Band,local hybrid spectral/time-domain proxy,7,48.62410353240694,1.755904134880988,1002.1906239933192,0.08381180984850391,0.7604371565034647,0.21512131330629694,0.3531234265527552
chaotic_oscillators_01,chaotic_oscillators,chaotic_oscillators_01,chaotic_oscillators / chaotic_oscillators_01,"{""base_hz"": 329.462, ""depth_hz"": 616.03, ""r"": 3.88107}",wsola,WSOLA,local waveform-similarity overlap-add,7,88.4252533373442,1.8202096467677964,1015.6703114686726,0.15251566201586475,0.7926892190306469,0.21811025396043326,0.38777171166898167
chaotic_oscillators_01,chaotic_oscillators,chaotic_oscillators_01,chaotic_oscillators / chaotic_oscillators_01,"{""base_hz"": 329.462, ""depth_hz"": 616.03, ""r"": 3.88107}",phase_vocoder,Phase Vocoder,local phase vocoder,12,0.6520655396618206,0.8279846883071416,1233.7598315054445,0.0010035537409948602,0.295044453250178,0.26646869208230034,0.18750556635782437
chaotic_oscillators_01,chaotic_oscillators,chaotic_oscillators_01,chaotic_oscillators / chaotic_oscillators_01,"{""base_hz"": 329.462, ""depth_hz"": 616.03, ""r"": 3.88107}",psola,PSOLA,local pitch-synchronous overlap-add,12,0.49853828365599406,1.1303702167321281,2900.141374308922,0.0007385384348547241,0.4467041894675701,0.6359665419170663,0.3611364232731637
chaotic_oscillators_01,chaotic_oscillators,chaotic_oscillators_01,chaotic_oscillators / chaotic_oscillators_01,"{""base_hz"": 329.462, ""depth_hz"": 616.03, ""r"": 3.88107}",rubber_band,Rubber Band,local hybrid spectral/time-domain proxy,12,69.73958212527361,1.762771042500624,1309.7685624689743,0.12026087543573541,0.7638812148340588,0.28332261295113326,0.38915490107364253
chaotic_oscillators_01,chaotic_oscillators,chaotic_oscillators_01,chaotic_oscillators / chaotic_oscillators_01,"{""base_hz"": 329.462, ""depth_hz"": 616.03, ""r"": 3.88107}",wsola,WSOLA,local waveform-similarity overlap-add,12,95.25074492306412,1.7866427579388722,1294.8940829262199,0.16429767251488545,0.7758539374880778,0.28002439578580596,0.40672533526292315
chaotic_oscillators_02,chaotic_oscillators,chaotic_oscillators_02,chaotic_oscillators / chaotic_oscillators_02,"{""base_hz"": 255.059, ""depth_hz"": 64.277, ""r"": 3.96811}",phase_vocoder,Phase Vocoder,local phase vocoder,-12,0.6521981706459897,1.0713734149610536,2811.7988683153076,0.0010037826856251996,0.4171146802047598,0.6163777711732792,0.34483207802122134
chaotic_oscillators_02,chaotic_oscillators,chaotic_oscillators_02,chaotic_oscillators / chaotic_oscillators_02,"{""base_hz"": 255.059, ""depth_hz"": 64.277, ""r"": 3.96811}",psola,PSOLA,local pitch-synchronous overlap-add,-12,0.5330026305302298,0.8372219468236392,836.0590057042762,0.0007980300174923294,0.29967734754667674,0.17828384591326615,0.15958640782581177
chaotic_oscillators_02,chaotic_oscillators,chaotic_oscillators_02,chaotic_oscillators / chaotic_oscillators_02,"{""base_hz"": 255.059, ""depth_hz"": 64.277, ""r"": 3.96811}",rubber_band,Rubber Band,local hybrid spectral/time-domain proxy,-12,76.78047546130242,1.6980766627197803,2896.7250651910304,0.1324147076052943,0.7314341178336992,0.635209021000633,0.4996859488132088
chaotic_oscillators_02,chaotic_oscillators,chaotic_oscillators_02,chaotic_oscillators / chaotic_oscillators_02,"{""base_hz"": 255.059, ""depth_hz"": 64.277, ""r"": 3.96811}",wsola,WSOLA,local waveform-similarity overlap-add,-12,132.321490891062,1.8483292138281315,2750.394789839537,0.22828836281406814,0.8067924274253424,0.6027622369243152,0.5459476757212419
chaotic_oscillators_02,chaotic_oscillators,chaotic_oscillators_02,chaotic_oscillators / chaotic_oscillators_02,"{""base_hz"": 255.059, ""depth_hz"": 64.277, ""r"": 3.96811}",phase_vocoder,Phase Vocoder,local phase vocoder,3,0.5641693323251696,0.7716586550135648,374.26633860219624,0.0008518292791507992,0.2667944526765062,0.07588748998831123,0.11451125731465607
chaotic_oscillators_02,chaotic_oscillators,chaotic_oscillators_02,chaotic_oscillators / chaotic_oscillators_02,"{""base_hz"": 255.059, ""depth_hz"": 64.277, ""r"": 3.96811}",psola,PSOLA,local pitch-synchronous overlap-add,3,0.516121121159383,0.9355461232921733,1074.7926501519069,0.0007688895346203322,0.3489912771671857,0.23121984288681172,0.1936600031962059
chaotic_oscillators_02,chaotic_oscillators,chaotic_oscillators_02,chaotic_oscillators / chaotic_oscillators_02,"{""base_hz"": 255.059, ""depth_hz"": 64.277, ""r"": 3.96811}",rubber_band,Rubber Band,local hybrid spectral/time-domain proxy,3,75.83144974688636,1.630712420014206,970.9459337715685,0.130776520701001,0.6976479663190237,0.20819322057414424,0.34553923586472296
chaotic_oscillators_02,chaotic_oscillators,chaotic_oscillators_02,chaotic_oscillators / chaotic_oscillators_02,"{""base_hz"": 255.059, ""depth_hz"": 64.277, ""r"": 3.96811}",wsola,WSOLA,local waveform-similarity overlap-add,3,62.978947764847945,1.6300210380103248,778.1228873306301,0.10859082002445562,0.6973012076203512,0.16543728549660452,0.32377643771380377
chaotic_oscillators_02,chaotic_oscillators,chaotic_oscillators_02,chaotic_oscillators / chaotic_oscillators_02,"{""base_hz"": 255.059, ""depth_hz"": 64.277, ""r"": 3.96811}",phase_vocoder,Phase Vocoder,local phase vocoder,7,0.5654443383971159,0.7965666409434732,202.70344679678004,0.0008540301660374544,0.27928691088213603,0.037845710236666476,0.10599555042828
chaotic_oscillators_02,chaotic_oscillators,chaotic_oscillators_02,chaotic_oscillators / chaotic_oscillators_02,"{""base_hz"": 255.059, ""depth_hz"": 64.277, ""r"": 3.96811}",psola,PSOLA,local pitch-synchronous overlap-add,7,0.48483662395873917,1.0772779945453514,1764.8524987007402,0.0007148869371743502,0.42007608840075866,0.38423139741179385,0.26834079091657564
chaotic_oscillators_02,chaotic_oscillators,chaotic_oscillators_02,chaotic_oscillators / chaotic_oscillators_02,"{""base_hz"": 255.059, ""depth_hz"": 64.277, ""r"": 3.96811}",rubber_band,Rubber Band,local hybrid spectral/time-domain proxy,7,62.43394362540264,1.6041124476638307,798.9786312277196,0.10765004610182878,0.6843069019795357,0.1700617681428264,0.32067290540806365
chaotic_oscillators_02,chaotic_oscillators,chaotic_oscillators_02,chaotic_oscillators / chaotic_oscillators_02,"{""base_hz"": 255.059, ""depth_hz"": 64.277, ""r"": 3.96811}",wsola,WSOLA,local waveform-similarity overlap-add,7,92.03411956359169,1.7942994932472787,637.9255450776474,0.1587452059590684,0.7796941293888202,0.13435039741941512,0.35759657758910124
chaotic_oscillators_02,chaotic_oscillators,chaotic_oscillators_02,chaotic_oscillators / chaotic_oscillators_02,"{""base_hz"": 255.059, ""depth_hz"": 64.277, ""r"": 3.96811}",phase_vocoder,Phase Vocoder,local phase vocoder,12,0.5665743197713407,0.7739314765355233,222.94376703976934,0.0008559807145433916,0.2679343733409799,0.042333730907592515,0.1037080283210386
chaotic_oscillators_02,chaotic_oscillators,chaotic_oscillators_02,chaotic_oscillators / chaotic_oscillators_02,"{""base_hz"": 255.059, ""depth_hz"": 64.277, ""r"": 3.96811}",psola,PSOLA,local pitch-synchronous overlap-add,12,0.47380897946826067,1.1947582781912345,2921.0532304474777,0.0006958512645734029,0.478997654261669,0.6406034667033614,0.37343232407653465
chaotic_oscillators_02,chaotic_oscillators,chaotic_oscillators_02,chaotic_oscillators / chaotic_oscillators_02,"{""base_hz"": 255.059, ""depth_hz"": 64.277, ""r"": 3.96811}",rubber_band,Rubber Band,local hybrid spectral/time-domain proxy,12,29.348956484418796,1.556850921473445,933.5079847325804,0.05053948330067023,0.6606031532168254,0.19989185542048504,0.3036781639793269
chaotic_oscillators_02,chaotic_oscillators,chaotic_oscillators_02,chaotic_oscillators / chaotic_oscillators_02,"{""base_hz"": 255.059, ""depth_hz"": 64.277, ""r"": 3.96811}",wsola,WSOLA,local waveform-similarity overlap-add,12,86.03212199076535,1.7083734107649546,714.0582429898589,0.14838469235648985,0.7365983930573248,0.1512318063033345,0.3454049639057164
chaotic_oscillators_03,chaotic_oscillators,chaotic_oscillators_03,chaotic_oscillators / chaotic_oscillators_03,"{""base_hz"": 342.066, ""depth_hz"": 226.175, ""r"": 3.82304}",phase_vocoder,Phase Vocoder,local phase vocoder,-12,0.6935020604822247,1.0688263498376724,3013.867063118246,0.0010750805339324269,0.4158372142269647,0.6611836944158435,0.35936532972558016
chaotic_oscillators_03,chaotic_oscillators,chaotic_oscillators_03,chaotic_oscillators / chaotic_oscillators_03,"{""base_hz"": 342.066, ""depth_hz"": 226.175, ""r"": 3.82304}",psola,PSOLA,local pitch-synchronous overlap-add,-12,0.5870057341590218,0.8189292032260177,1801.929695911675,0.0008912489638412349,0.2905027263829001,0.39245277066601963,0.227948915337587
chaotic_oscillators_03,chaotic_oscillators,chaotic_oscillators_03,chaotic_oscillators / chaotic_oscillators_03,"{""base_hz"": 342.066, ""depth_hz"": 226.175, ""r"": 3.82304}",rubber_band,Rubber Band,local hybrid spectral/time-domain proxy,-12,88.17884442997615,1.8270409569718578,3038.4371747711048,0.15209031648621285,0.7961154236805964,0.6666317885003817,0.538279176222397
chaotic_oscillators_03,chaotic_oscillators,chaotic_oscillators_03,chaotic_oscillators / chaotic_oscillators_03,"{""base_hz"": 342.066, ""depth_hz"": 226.175, ""r"": 3.82304}",wsola,WSOLA,local waveform-similarity overlap-add,-12,140.3023437727407,1.9092147104196393,2965.146697918746,0.2420647320707244,0.837329200797497,0.6503806041739212,0.5765915123473809
chaotic_oscillators_03,chaotic_oscillators,chaotic_oscillators_03,chaotic_oscillators / chaotic_oscillators_03,"{""base_hz"": 342.066, ""depth_hz"": 226.175, ""r"": 3.82304}",phase_vocoder,Phase Vocoder,local phase vocoder,3,0.5345254768351422,0.7164715473658273,259.22698224506763,0.0008006587206307834,0.23911567376122167,0.05037904925701142,0.09676512724628795
chaotic_oscillators_03,chaotic_oscillators,chaotic_oscillators_03,chaotic_oscillators / chaotic_oscillators_03,"{""base_hz"": 342.066, ""depth_hz"": 226.175, ""r"": 3.82304}",psola,PSOLA,local pitch-synchronous overlap-add,3,0.5543459983889741,0.8484625600516116,1236.3688350770449,0.0008348724604194148,0.30531501296656444,0.26704720377674446,0.1910656964012428
chaotic_oscillators_03,chaotic_oscillators,chaotic_oscillators_03,chaotic_oscillators / chaotic_oscillators_03,"{""base_hz"": 342.066, ""depth_hz"": 226.175, ""r"": 3.82304}",rubber_band,Rubber Band,local hybrid spectral/time-domain proxy,3,107.7536989167783,1.8882824003084768,1292.3189247202797,0.18587999129334687,0.82683072011155,0.27945338884913623,0.43072136675134437
chaotic_oscillators_03,chaotic_oscillators,chaotic_oscillators_03,chaotic_oscillators / chaotic_oscillators_03,"{""base_hz"": 342.066, ""depth_hz"": 226.175, ""r"": 3.82304}",wsola,WSOLA,local waveform-similarity overlap-add,3,126.83772976194807,1.896464057371589,1230.4965130952746,0.21882241733806512,0.830934183522897,0.2657450948118605,0.4385005652242742
chaotic_oscillators_03,chaotic_oscillators,chaotic_oscillators_03,chaotic_oscillators / chaotic_oscillators_03,"{""base_hz"": 342.066, ""depth_hz"": 226.175, ""r"": 3.82304}",phase_vocoder,Phase Vocoder,local phase vocoder,7,0.5324965135808637,0.7556087589525852,183.17430010221,0.0007971563697650889,0.2587447188959144,0.033515382801203294,0.09768575268896092
chaotic_oscillators_03,chaotic_oscillators,chaotic_oscillators_03,chaotic_oscillators / chaotic_oscillators_03,"{""base_hz"": 342.066, ""depth_hz"": 226.175, ""r"": 3.82304}",psola,PSOLA,local pitch-synchronous overlap-add,7,0.5185388837155305,0.9607821673684636,1933.5082400779968,0.0007730630221212568,0.36164827106406827,0.42162855538579697,0.26134996315732884
chaotic_oscillators_03,chaotic_oscillators,chaotic_oscillators_03,chaotic_oscillators / chaotic_oscillators_03,"{""base_hz"": 342.066, ""depth_hz"": 226.175, ""r"": 3.82304}",rubber_band,Rubber Band,local hybrid spectral/time-domain proxy,7,148.0436892173815,1.9172203135133903,1398.3396309963343,0.2554276689610325,0.8413443653451634,0.3029620643839476,0.46657803289671457
chaotic_oscillators_03,chaotic_oscillators,chaotic_oscillators_03,chaotic_oscillators / chaotic_oscillators_03,"{""base_hz"": 342.066, ""depth_hz"": 226.175, ""r"": 3.82304}",wsola,WSOLA,local waveform-similarity overlap-add,7,255.66027918739113,1.9852693391723104,1312.3439765499206,0.4411930130350335,0.8754739658423729,0.28389367662466797,0.5335202185006914
chaotic_oscillators_03,chaotic_oscillators,chaotic_oscillators_03,chaotic_oscillators / chaotic_oscillators_03,"{""base_hz"": 342.066, ""depth_hz"": 226.175, ""r"": 3.82304}",phase_vocoder,Phase Vocoder,local phase vocoder,12,0.526444223815936,0.777877661155273,596.860977766375,0.0007867090429084151,0.26991355971809794,0.12524487810336277,0.13198171562145636
chaotic_oscillators_03,chaotic_oscillators,chaotic_oscillators_03,chaotic_oscillators / chaotic_oscillators_03,"{""base_hz"": 342.066, ""depth_hz"": 226.175, ""r"": 3.82304}",psola,PSOLA,local pitch-synchronous overlap-add,12,0.5080799778940766,1.0547234369007632,3251.226859155952,0.0007550090934555985,0.4087639787217838,0.7138150588545062,0.37444468222324856
chaotic_oscillators_03,chaotic_oscillators,chaotic_oscillators_03,chaotic_oscillators / chaotic_oscillators_03,"{""base_hz"": 342.066, ""depth_hz"": 226.175, ""r"": 3.82304}",rubber_band,Rubber Band,local hybrid spectral/time-domain proxy,12,68.59061519048892,1.790426250612957,1801.073130258954,0.1182775544809513,0.7777515266482498,0.3922628386733799,0.42943063993419367
chaotic_oscillators_03,chaotic_oscillators,chaotic_oscillators_03,chaotic_oscillators / chaotic_oscillators_03,"{""base_hz"": 342.066, ""depth_hz"": 226.175, ""r"": 3.82304}",wsola,WSOLA,local waveform-similarity overlap-add,12,122.3583510809372,1.8621431379893432,1720.7954317212416,0.2110902143185528,0.8137207222591877,0.3744623312640954,0.4664244226139453
chirps_01,chirps,chirps_01,chirps / chirps_01,"{""curve"": 1.556, ""end_hz"": 641.412, ""start_hz"": 3699.443}",phase_vocoder,Phase Vocoder,local phase vocoder,-12,0.4628755047296229,0.5613351701249186,970.6378165908374,0.0006769781456861249,0.1613079090423665,0.20812489970473172,0.12336992896426145
chirps_01,chirps,chirps_01,chirps / chirps_01,"{""curve"": 1.556, ""end_hz"": 641.412, ""start_hz"": 3699.443}",psola,PSOLA,local pitch-synchronous overlap-add,-12,0.5209204796819874,0.7916473032565526,4059.497696569938,0.0007771740796661708,0.2768196451374801,0.8930383212570441,0.39021171349139677
chirps_01,chirps,chirps_01,chirps / chirps_01,"{""curve"": 1.556, ""end_hz"": 641.412, ""start_hz"": 3699.443}",rubber_band,Rubber Band,local hybrid spectral/time-domain proxy,-12,2.6515319819350713,1.0014898036757431,970.4913193499935,0.004454987871334978,0.38206495375570404,0.20809241589828759,0.19820411917510886
chirps_01,chirps,chirps_01,chirps / chirps_01,"{""curve"": 1.556, ""end_hz"": 641.412, ""start_hz"": 3699.443}",wsola,WSOLA,local waveform-similarity overlap-add,-12,4.410334055180577,1.095768761552961,969.7329152545902,0.007490992565272674,0.4293500270757935,0.20792424991987307,0.2149217565203131
chirps_01,chirps,chirps_01,chirps / chirps_01,"{""curve"": 1.556, ""end_hz"": 641.412, ""start_hz"": 3699.443}",phase_vocoder,Phase Vocoder,local phase vocoder,3,0.4769039039149539,0.6470935566067422,497.53649642501875,0.0007011936537429838,0.2043195384017688,0.10322100100866032,0.10274724435472404
chirps_01,chirps,chirps_01,chirps / chirps_01,"{""curve"": 1.556, ""end_hz"": 641.412, ""start_hz"": 3699.443}",psola,PSOLA,local pitch-synchronous overlap-add,3,0.4690032419142207,0.7591828124595135,536.381591010786,0.0006875557081865636,0.26053726503696445,0.11183438189256142,0.12435306754590414
chirps_01,chirps,chirps_01,chirps / chirps_01,"{""curve"": 1.556, ""end_hz"": 641.412, ""start_hz"": 3699.443}",rubber_band,Rubber Band,local hybrid spectral/time-domain proxy,3,1.0132725505917384,0.9692088196928867,633.3271965140157,0.0016270611824222168,0.3658746104506594,0.13333077504398108,0.16694414889235423
chirps_01,chirps,chirps_01,chirps / chirps_01,"{""curve"": 1.556, ""end_hz"": 641.412, ""start_hz"": 3699.443}",wsola,WSOLA,local waveform-similarity overlap-add,3,3.341039035609183,1.1804354266019734,639.8646383802104,0.005645199483716646,0.4718141097804818,0.13478036545945993,0.20407989157455284
chirps_01,chirps,chirps_01,chirps / chirps_01,"{""curve"": 1.556, ""end_hz"": 641.412, ""start_hz"": 3699.443}",phase_vocoder,Phase Vocoder,local phase vocoder,7,0.5000787417626342,0.7236618467596153,1332.6417602400215,0.0007411975390903382,0.24272192739070542,0.28839443904747164,0.1772858546590891
chirps_01,chirps,chirps_01,chirps / chirps_01,"{""curve"": 1.556, ""end_hz"": 641.412, ""start_hz"": 3699.443}",psola,PSOLA,local pitch-synchronous overlap-add,7,0.47684784100213945,0.7951257519766384,956.7907802474898,0.0007010968792002142,0.27856424124325835,0.20505450434566946,0.161439947489376
chirps_01,chirps,chirps_01,chirps / chirps_01,"{""curve"": 1.556, ""end_hz"": 641.412, ""start_hz"": 3699.443}",rubber_band,Rubber Band,local hybrid spectral/time-domain proxy,7,0.6622529215372782,0.9148461383302054,1406.1203361404262,0.0010211389711144451,0.33860931783405307,0.30468733182546254,0.21477259621021003
chirps_01,chirps,chirps_01,chirps / chirps_01,"{""curve"": 1.556, ""end_hz"": 641.412, ""start_hz"": 3699.443}",wsola,WSOLA,local waveform-similarity overlap-add,7,0.6636760371834733,0.9598817235652175,1404.9635459250255,0.0010235955214264946,0.36119665861293615,0.3044308290460443,0.2222170277268023
chirps_01,chirps,chirps_01,chirps / chirps_01,"{""curve"": 1.556, ""end_hz"": 641.412, ""start_hz"": 3699.443}",phase_vocoder,Phase Vocoder,local phase vocoder,12,0.5512622288153393,0.7637342277960474,2485.386637056716,0.0008295493265415354,0.2628200014263342,0.5440002186669612,0.26921658980661234
chirps_01,chirps,chirps_01,chirps / chirps_01,"{""curve"": 1.556, ""end_hz"": 641.412, ""start_hz"": 3699.443}",psola,PSOLA,local pitch-synchronous overlap-add,12,0.4622761218572371,0.6862071093741986,1147.5496644495804,0.0006759435044142555,0.22393671759065,0.2473527390170458,0.15732180003737004
chirps_01,chirps,chirps_01,chirps / chirps_01,"{""curve"": 1.556, ""end_hz"": 641.412, ""start_hz"": 3699.443}",rubber_band,Rubber Band,local hybrid spectral/time-domain proxy,12,0.583449403649963,0.8957879724393798,2553.0433603458255,0.0008851101058748166,0.3290508034870051,0.5590021933888691,0.29631270232724966
chirps_01,chirps,chirps_01,chirps / chirps_01,"{""curve"": 1.556, ""end_hz"": 641.412, ""start_hz"": 3699.443}",wsola,WSOLA,local waveform-similarity overlap-add,12,0.6359978224250132,0.9116733180300822,2511.38979194791,0.0009758180078536124,0.33701800791823733,0.5497660709489375,0.2959199656250095
chirps_02,chirps,chirps_02,chirps / chirps_02,"{""curve"": 0.811, ""end_hz"": 2009.964, ""start_hz"": 343.851}",phase_vocoder,Phase Vocoder,local phase vocoder,-12,0.5014107265256423,0.5035362197153582,580.9418100239145,0.0007434967813156353,0.13231917529438025,0.12171501528328964,0.08492589578632852
chirps_02,chirps,chirps_02,chirps / chirps_02,"{""curve"": 0.811, ""end_hz"": 2009.964, ""start_hz"": 343.851}",psola,PSOLA,local pitch-synchronous overlap-add,-12,0.5715774786757556,0.7477470091908354,501.2826520161099,0.0008646170552376522,0.25480170316601347,0.10405166097488026,0.1199059937320438
chirps_02,chirps,chirps_02,chirps / chirps_02,"{""curve"": 0.811, ""end_hz"": 2009.964, ""start_hz"": 343.851}",rubber_band,Rubber Band,local hybrid spectral/time-domain proxy,-12,5.650148419032521,1.2361315252748493,586.9729017317511,0.00963113231466474,0.4997481702398653,0.12305232931429648,0.2108105439562755
chirps_02,chirps,chirps_02,chirps / chirps_02,"{""curve"": 0.811, ""end_hz"": 2009.964, ""start_hz"": 343.851}",wsola,WSOLA,local waveform-similarity overlap-add,-12,28.128596118007806,1.3430587257523738,571.9826375738401,0.048432924605363234,0.5533768974588944,0.11972843845705328,0.24051275350710363
chirps_02,chirps,chirps_02,chirps / chirps_02,"{""curve"": 0.811, ""end_hz"": 2009.964, ""start_hz"": 343.851}",phase_vocoder,Phase Vocoder,local phase vocoder,3,0.5175521186154336,0.5601448338555639,309.5882580821544,0.0007713596903357878,0.16071090267913007,0.06154598951574284,0.0743427506284029
chirps_02,chirps,chirps_02,chirps / chirps_02,"{""curve"": 0.811, ""end_hz"": 2009.964, ""start_hz"": 343.851}",psola,PSOLA,local pitch-synchronous overlap-add,3,0.5176594055715693,0.7110239651725657,1042.0186269462567,0.0007715448866733297,0.2363834699988397,0.22395264099225098,0.15370255195925467
chirps_02,chirps,chirps_02,chirps / chirps_02,"{""curve"": 0.811, ""end_hz"": 2009.964, ""start_hz"": 343.851}",rubber_band,Rubber Band,local hybrid spectral/time-domain proxy,3,9.834711538218926,1.397582729096373,438.04549202966933,0.016854431323225286,0.5807231001946461,0.09002966538476076,0.22920239896754405
chirps_02,chirps,chirps_02,chirps / chirps_02,"{""curve"": 0.811, ""end_hz"": 2009.964, ""start_hz"": 343.851}",wsola,WSOLA,local waveform-similarity overlap-add,3,18.07762337325767,1.4205517308137658,423.5950776362233,0.03108316086793909,0.5922430719333095,0.0868254790022011,0.23671723726781654
chirps_02,chirps,chirps_02,chirps / chirps_02,"{""curve"": 0.811, ""end_hz"": 2009.964, ""start_hz"": 343.851}",phase_vocoder,Phase Vocoder,local phase vocoder,7,0.5343882038535077,0.6163931018232133,706.1721407677085,0.0008004217630885262,0.18892190049735103,0.14948316846751242,0.11306849690931732
chirps_02,chirps,chirps_02,chirps / chirps_02,"{""curve"": 0.811, ""end_hz"": 2009.964, ""start_hz"": 343.851}",psola,PSOLA,local pitch-synchronous overlap-add,7,0.5027826913861555,0.6037807712537376,857.7659269698783,0.0007458650362886064,0.18259625807254254,0.183097065772074,0.12214639629363504
chirps_02,chirps,chirps_02,chirps / chirps_02,"{""curve"": 0.811, ""end_hz"": 2009.964, ""start_hz"": 343.851}",rubber_band,Rubber Band,local hybrid spectral/time-domain proxy,7,5.397192723374109,1.3273845637536164,818.082995752066,0.009194485865891753,0.5455156109530822,0.174297905805711,0.24300266754156166
chirps_02,chirps,chirps_02,chirps / chirps_02,"{""curve"": 0.811, ""end_hz"": 2009.964, ""start_hz"": 343.851}",wsola,WSOLA,local waveform-similarity overlap-add,7,12.620565772422143,1.3898771341537137,800.1350948204172,0.021663310423566538,0.576858403023162,0.17031819849802288,0.2562799706482505
chirps_02,chirps,chirps_02,chirps / chirps_02,"{""curve"": 0.811, ""end_hz"": 2009.964, ""start_hz"": 343.851}",phase_vocoder,Phase Vocoder,local phase vocoder,12,0.6151564097295152,0.654092642362563,1298.90822652227,0.0009398420286719048,0.20782988992229146,0.28091447851270246,0.1632280701545553
chirps_02,chirps,chirps_02,chirps / chirps_02,"{""curve"": 0.811, ""end_hz"": 2009.964, ""start_hz"": 343.851}",psola,PSOLA,local pitch-synchronous overlap-add,12,0.497980594465361,0.5862294853743844,1272.3604752010544,0.0007375757642812264,0.17379351079623206,0.2750278692463551,0.14985298526895613
chirps_02,chirps,chirps_02,chirps / chirps_02,"{""curve"": 0.811, ""end_hz"": 2009.964, ""start_hz"": 343.851}",rubber_band,Rubber Band,local hybrid spectral/time-domain proxy,12,1.12778736874081,1.1128916302078478,1346.6097458024,0.001824734093271392,0.4379379041379373,0.2914916532803771,0.24375143050386194
chirps_02,chirps,chirps_02,chirps / chirps_02,"{""curve"": 0.811, ""end_hz"": 2009.964, ""start_hz"": 343.851}",wsola,WSOLA,local waveform-similarity overlap-add,12,1.4124707657669675,1.1357529966974647,1327.519347477673,0.002316148188583809,0.44940389204233044,0.2872586124357164,0.24632621755554354
chirps_03,chirps,chirps_03,chirps / chirps_03,"{""curve"": 2.132, ""end_hz"": 679.698, ""start_hz"": 2266.891}",phase_vocoder,Phase Vocoder,local phase vocoder,-12,0.5472628391454459,0.5327762124841777,735.1548796943581,0.0008226456697882339,0.14698432680945253,0.15590970371207757,0.10123889206377279
chirps_03,chirps,chirps_03,chirps / chirps_03,"{""curve"": 2.132, ""end_hz"": 679.698, ""start_hz"": 2266.891}",psola,PSOLA,local pitch-synchronous overlap-add,-12,0.5786405411363671,0.715006475269562,2536.219151702046,0.0008768091552528756,0.23838087521177925,0.5552716498372468,0.2648431114014263
chirps_03,chirps,chirps_03,chirps / chirps_03,"{""curve"": 2.132, ""end_hz"": 679.698, ""start_hz"": 2266.891}",rubber_band,Rubber Band,local hybrid spectral/time-domain proxy,-12,23.47685914453683,1.428515621897466,744.6210291786789,0.040403200566909665,0.5962373160603648,0.15800869592414118,0.2648830708504719
chirps_03,chirps,chirps_03,chirps / chirps_03,"{""curve"": 2.132, ""end_hz"": 679.698, ""start_hz"": 2266.891}",wsola,WSOLA,local waveform-similarity overlap-add,-12,32.379293642034774,1.4987299211158338,745.5655792199849,0.055770383340354064,0.6314528971551735,0.15821813727977257,0.2818138059251001
chirps_03,chirps,chirps_03,chirps / chirps_03,"{""curve"": 2.132, ""end_hz"": 679.698, ""start_hz"": 2266.891}",phase_vocoder,Phase Vocoder,local phase vocoder,3,0.5583673844676621,0.576346688467876,386.8806934201122,0.0008418140868802611,0.16883685040399066,0.0786845546836098,0.0827877397248269
chirps_03,chirps,chirps_03,chirps / chirps_03,"{""curve"": 2.132, ""end_hz"": 679.698, ""start_hz"": 2266.891}",psola,PSOLA,local pitch-synchronous overlap-add,3,0.5194870219482325,0.6963984728723679,678.1168581758153,0.0007746996770745191,0.2290481377961025,0.14326228427746604,0.12436170725021435
chirps_03,chirps,chirps_03,chirps / chirps_03,"{""curve"": 2.132, ""end_hz"": 679.698, ""start_hz"": 2266.891}",rubber_band,Rubber Band,local hybrid spectral/time-domain proxy,3,6.074851095845334,1.3979922224700023,549.7554656841171,0.01036424455051302,0.5809284792594145,0.11479985997115429,0.23536419459369393
chirps_03,chirps,chirps_03,chirps / chirps_03,"{""curve"": 2.132, ""end_hz"": 679.698, ""start_hz"": 2266.891}",wsola,WSOLA,local waveform-similarity overlap-add,3,10.18078264537843,1.5139783929000965,548.8853664506655,0.017451811507019174,0.6391006811631087,0.11460692708775091,0.2570531399192929
chirps_03,chirps,chirps_03,chirps / chirps_03,"{""curve"": 2.132, ""end_hz"": 679.698, ""start_hz"": 2266.891}",phase_vocoder,Phase Vocoder,local phase vocoder,7,0.5633095497242903,0.621855718946803,972.8443251524714,0.0008503451417076251,0.19166164494324223,0.2086141635067024,0.13370871786388408
chirps_03,chirps,chirps_03,chirps / chirps_03,"{""curve"": 2.132, ""end_hz"": 679.698, ""start_hz"": 2266.891}",psola,PSOLA,local pitch-synchronous overlap-add,7,0.524362170839649,0.6607503081224789,974.0864250702875,0.00078311504975524,0.21116900419218246,0.20888958257317913,0.1402805672717056
chirps_03,chirps,chirps_03,chirps / chirps_03,"{""curve"": 2.132, ""end_hz"": 679.698, ""start_hz"": 2266.891}",rubber_band,Rubber Band,local hybrid spectral/time-domain proxy,7,2.253532963130905,1.2707180096307562,1102.1294800206783,0.0037679708910545707,0.5170948241006668,0.23728141978163042,0.2527147382577839
chirps_03,chirps,chirps_03,chirps / chirps_03,"{""curve"": 2.132, ""end_hz"": 679.698, ""start_hz"": 2266.891}",wsola,WSOLA,local waveform-similarity overlap-add,7,3.49124816039103,1.3820972704486063,1102.0047745963575,0.005904487106154139,0.572956456777687,0.23725376801943449,0.2720382373010919
chirps_03,chirps,chirps_03,chirps / chirps_03,"{""curve"": 2.132, ""end_hz"": 679.698, ""start_hz"": 2266.891}",phase_vocoder,Phase Vocoder,local phase vocoder,12,0.6130339869709798,0.6529433739011681,1754.2382201774851,0.0009361783501059911,0.20725348088378362,0.3818778229205091,0.19668916071813292
chirps_03,chirps,chirps_03,chirps / chirps_03,"{""curve"": 2.132, ""end_hz"": 679.698, ""start_hz"": 2266.891}",psola,PSOLA,local pitch-synchronous overlap-add,12,0.5075682229399765,0.6061053755592555,841.2408454475321,0.0007541257135310305,0.1837621500966118,0.179432849664292,0.12131637515814493
chirps_03,chirps,chirps_03,chirps / chirps_03,"{""curve"": 2.132, ""end_hz"": 679.698, ""start_hz"": 2266.891}",rubber_band,Rubber Band,local hybrid spectral/time-domain proxy,12,1.368623923473199,1.20274319106965,1871.9431001719117,0.0022404607527755356,0.48300244174990287,0.4079773079159024,0.2977400701395269
chirps_03,chirps,chirps_03,chirps / chirps_03,"{""curve"": 2.132, ""end_hz"": 679.698, ""start_hz"": 2266.891}",wsola,WSOLA,local waveform-similarity overlap-add,12,7.655756209834919,1.4450992638521174,1854.290364791424,0.013093167503102993,0.6045547470481047,0.4040630496267601,0.3405703213926559
detuned_oscillators_01,detuned_oscillators,detuned_oscillators_01,detuned_oscillators / detuned_oscillators_01,"{""base_hz"": 191.889, ""count"": 4, ""detune_cents"": 30.192}",phase_vocoder,Phase Vocoder,local phase vocoder,-12,0.42621364161740866,0.38177149612703687,96.8347326117388,0.0006136932598025233,0.07124877302951266,0.014370736917931462,0.028744401069082215
detuned_oscillators_01,detuned_oscillators,detuned_oscillators_01,detuned_oscillators / detuned_oscillators_01,"{""base_hz"": 191.889, ""count"": 4, ""detune_cents"": 30.192}",psola,PSOLA,local pitch-synchronous overlap-add,-12,0.4351232799238426,0.35514620686936543,191.0006161427874,0.0006290728776293922,0.05789501113964124,0.03525076384980492,0.03125828262235852
detuned_oscillators_01,detuned_oscillators,detuned_oscillators_01,detuned_oscillators / detuned_oscillators_01,"{""base_hz"": 191.889, ""count"": 4, ""detune_cents"": 30.192}",rubber_band,Rubber Band,local hybrid spectral/time-domain proxy,-12,100.36286594332469,1.8069047154272238,218.6434887923865,0.1731221011698102,0.7860162066414237,0.041380201643564554,0.33350616981826614
detuned_oscillators_01,detuned_oscillators,detuned_oscillators_01,detuned_oscillators / detuned_oscillators_01,"{""base_hz"": 191.889, ""count"": 4, ""detune_cents"": 30.192}",wsola,WSOLA,local waveform-similarity overlap-add,-12,100.10968027909536,1.8001851119838053,219.5409507170735,0.17268505775444762,0.7826460278798195,0.04157920183827539,0.33230342915751415
detuned_oscillators_01,detuned_oscillators,detuned_oscillators_01,detuned_oscillators / detuned_oscillators_01,"{""base_hz"": 191.889, ""count"": 4, ""detune_cents"": 30.192}",phase_vocoder,Phase Vocoder,local phase vocoder,3,0.44940615718087573,0.31916347790016836,40.809536448168934,0.0006537276600264082,0.03984807876071919,0.001947897977827208,0.014149901466190934
detuned_oscillators_01,detuned_oscillators,detuned_oscillators_01,detuned_oscillators / detuned_oscillators_01,"{""base_hz"": 191.889, ""count"": 4, ""detune_cents"": 30.192}",psola,PSOLA,local pitch-synchronous overlap-add,3,0.40855907662839586,0.3992409025077794,807.415733064949,0.0005832183456598736,0.08001045411054059,0.17193258278378096,0.08417541841332714
detuned_oscillators_01,detuned_oscillators,detuned_oscillators_01,detuned_oscillators / detuned_oscillators_01,"{""base_hz"": 191.889, ""count"": 4, ""detune_cents"": 30.192}",rubber_band,Rubber Band,local hybrid spectral/time-domain proxy,3,101.81362560346015,1.9332971233492755,267.98815936458215,0.17562636995874736,0.8494075975759756,0.05232172326325126,0.3591185635993248
detuned_oscillators_01,detuned_oscillators,detuned_oscillators_01,detuned_oscillators / detuned_oscillators_01,"{""base_hz"": 191.889, ""count"": 4, ""detune_cents"": 30.192}",wsola,WSOLA,local waveform-similarity overlap-add,3,247.02725211659578,2.0902623395515767,267.85106892363183,0.42629087531952525,0.9281326060396408,0.05229132528904013,0.4689049355494021
detuned_oscillators_01,detuned_oscillators,detuned_oscillators_01,detuned_oscillators / detuned_oscillators_01,"{""base_hz"": 191.889, ""count"": 4, ""detune_cents"": 30.192}",phase_vocoder,Phase Vocoder,local phase vocoder,7,0.4311600823751407,0.3772669804038846,102.38904419745738,0.0006222316949040055,0.06898955887360163,0.015602331325045812,0.02840470729785048
detuned_oscillators_01,detuned_oscillators,detuned_oscillators_01,detuned_oscillators / detuned_oscillators_01,"{""base_hz"": 191.889, ""count"": 4, ""detune_cents"": 30.192}",psola,PSOLA,local pitch-synchronous overlap-add,7,0.38022174429249006,0.36188750891804106,833.0397888731866,0.0005343030781069262,0.0612760727128889,0.17761437490760698,0.0798082502328676
detuned_oscillators_01,detuned_oscillators,detuned_oscillators_01,detuned_oscillators / detuned_oscillators_01,"{""base_hz"": 191.889, ""count"": 4, ""detune_cents"": 30.192}",rubber_band,Rubber Band,local hybrid spectral/time-domain proxy,7,44.157674476460336,1.8113344789696102,330.1761607940619,0.07610196018135447,0.7882379292676452,0.06611108195661267,0.3101503238018708
detuned_oscillators_01,detuned_oscillators,detuned_oscillators_01,detuned_oscillators / detuned_oscillators_01,"{""base_hz"": 191.889, ""count"": 4, ""detune_cents"": 30.192}",wsola,WSOLA,local waveform-similarity overlap-add,7,72.23028277130021,1.9216752014037672,330.16980167097165,0.12456026703161675,0.8435786889447474,0.06610967190600402,0.34474954262745605
detuned_oscillators_01,detuned_oscillators,detuned_oscillators_01,detuned_oscillators / detuned_oscillators_01,"{""base_hz"": 191.889, ""count"": 4, ""detune_cents"": 30.192}",phase_vocoder,Phase Vocoder,local phase vocoder,12,0.5198506537610488,0.4175318875481732,196.54696830580926,0.0007753273701545813,0.0891841932799749,0.03648059336124753,0.042146704670459
detuned_oscillators_01,detuned_oscillators,detuned_oscillators_01,detuned_oscillators / detuned_oscillators_01,"{""base_hz"": 191.889, ""count"": 4, ""detune_cents"": 30.192}",psola,PSOLA,local pitch-synchronous overlap-add,12,0.3719851695399722,0.3045257394089537,426.2094683234089,0.0005200852874919373,0.032506604550760466,0.08740518521757235,0.04014395835194159
detuned_oscillators_01,detuned_oscillators,detuned_oscillators_01,detuned_oscillators / detuned_oscillators_01,"{""base_hz"": 191.889, ""count"": 4, ""detune_cents"": 30.192}",rubber_band,Rubber Band,local hybrid spectral/time-domain proxy,12,28.777863832666515,1.7072418173613408,414.5637980616018,0.04955367597318977,0.7360308488431843,0.08482291338420635,0.2901358127335268
detuned_oscillators_01,detuned_oscillators,detuned_oscillators_01,detuned_oscillators / detuned_oscillators_01,"{""base_hz"": 191.889, ""count"": 4, ""detune_cents"": 30.192}",wsola,WSOLA,local waveform-similarity overlap-add,12,73.38685390474645,1.8549404662833566,412.665907866885,0.12655671418359,0.8101082633671235,0.0844020815829908,0.3403556863779014
detuned_oscillators_02,detuned_oscillators,detuned_oscillators_02,detuned_oscillators / detuned_oscillators_02,"{""base_hz"": 178.522, ""count"": 3, ""detune_cents"": 27.625}",phase_vocoder,Phase Vocoder,local phase vocoder,-12,0.5611294407466431,0.4211565274640336,86.86298604279439,0.0008465818864840177,0.0910021107457533,0.012159635305437969,0.034669442645891765
detuned_oscillators_02,detuned_oscillators,detuned_oscillators_02,detuned_oscillators / detuned_oscillators_02,"{""base_hz"": 178.522, ""count"": 3, ""detune_cents"": 27.625}",psola,PSOLA,local pitch-synchronous overlap-add,-12,0.47487991640517474,0.3778469311188561,178.4101692004676,0.0006976998918958524,0.06928042984520462,0.03245900040659058,0.03414571004789702
detuned_oscillators_02,detuned_oscillators,detuned_oscillators_02,detuned_oscillators / detuned_oscillators_02,"{""base_hz"": 178.522, ""count"": 3, ""detune_cents"": 27.625}",rubber_band,Rubber Band,local hybrid spectral/time-domain proxy,-12,314.75019189620474,2.046478583914199,217.3636774412196,0.5431926951352976,0.9061731132518808,0.04109642057044086,0.4968207429858731
detuned_oscillators_02,detuned_oscillators,detuned_oscillators_02,detuned_oscillators / detuned_oscillators_02,"{""base_hz"": 178.522, ""count"": 3, ""detune_cents"": 27.625}",wsola,WSOLA,local waveform-similarity overlap-add,-12,579.3853673536172,2.177820570832549,218.50457641120295,1.0,0.9720469372872349,0.04134939967844173,0.6711321123218922
detuned_oscillators_02,detuned_oscillators,detuned_oscillators_02,detuned_oscillators / detuned_oscillators_02,"{""base_hz"": 178.522, ""count"": 3, ""detune_cents"": 27.625}",phase_vocoder,Phase Vocoder,local phase vocoder,3,0.5526305998992905,0.309258089994078,38.99457617380529,0.0008319113780180035,0.034880087981553065,0.0015454547787837032,0.012419151379451591
detuned_oscillators_02,detuned_oscillators,detuned_oscillators_02,detuned_oscillators / detuned_oscillators_02,"{""base_hz"": 178.522, ""count"": 3, ""detune_cents"": 27.625}",psola,PSOLA,local pitch-synchronous overlap-add,3,0.44952827125011796,0.399689109070597,718.9363585818141,0.000653938450594065,0.08023524955442932,0.15231346328054785,0.0777342170951904
detuned_oscillators_02,detuned_oscillators,detuned_oscillators_02,detuned_oscillators / detuned_oscillators_02,"{""base_hz"": 178.522, ""count"": 3, ""detune_cents"": 27.625}",rubber_band,Rubber Band,local hybrid spectral/time-domain proxy,3,148.3466736242111,1.9973194453359648,256.2611221181756,0.2559506738490283,0.8815176278247775,0.049721409387841004,0.39572990368721567
detuned_oscillators_02,detuned_oscillators,detuned_oscillators_02,detuned_oscillators / detuned_oscillators_02,"{""base_hz"": 178.522, ""count"": 3, ""detune_cents"": 27.625}",wsola,WSOLA,local waveform-similarity overlap-add,3,345.0486877032826,2.213228007947231,257.31315554315916,0.5954932790888963,0.98980533531943,0.04995468374818453,0.545084432718837
detuned_oscillators_02,detuned_oscillators,detuned_oscillators_02,detuned_oscillators / detuned_oscillators_02,"{""base_hz"": 178.522, ""count"": 3, ""detune_cents"": 27.625}",phase_vocoder,Phase Vocoder,local phase vocoder,7,0.5650005031576476,0.42652079249136843,97.2006230162533,0.0008532640276010387,0.09369252725901446,0.014451868228060973,0.03633255317155882
detuned_oscillators_02,detuned_oscillators,detuned_oscillators_02,detuned_oscillators / detuned_oscillators_02,"{""base_hz"": 178.522, ""count"": 3, ""detune_cents"": 27.625}",psola,PSOLA,local pitch-synchronous overlap-add,7,0.4198533191516712,0.38419154229380453,984.1365038072175,0.0006027142138060037,0.07246253337445238,0.21111805329766775,0.09472776696197538
detuned_oscillators_02,detuned_oscillators,detuned_oscillators_02,detuned_oscillators / detuned_oscillators_02,"{""base_hz"": 178.522, ""count"": 3, ""detune_cents"": 27.625}",rubber_band,Rubber Band,local hybrid spectral/time-domain proxy,7,149.9213827319116,2.0773534460519834,311.2316528443396,0.25866890139452076,0.9216582241695692,0.06191039035400197,0.4140791719726973
detuned_oscillators_02,detuned_oscillators,detuned_oscillators_02,detuned_oscillators / detuned_oscillators_02,"{""base_hz"": 178.522, ""count"": 3, ""detune_cents"": 27.625}",wsola,WSOLA,local waveform-similarity overlap-add,7,306.80354158140216,2.2335545569933855,311.1186295511303,0.5294753655825171,1.0,0.06188532894834585,0.5304535648436209
detuned_oscillators_02,detuned_oscillators,detuned_oscillators_02,detuned_oscillators / detuned_oscillators_02,"{""base_hz"": 178.522, ""count"": 3, ""detune_cents"": 27.625}",phase_vocoder,Phase Vocoder,local phase vocoder,12,0.5731755342536644,0.4563749708308684,184.72560537507653,0.0008673755829364236,0.10866572004220924,0.03385936402521349,0.04779748655011972
detuned_oscillators_02,detuned_oscillators,detuned_oscillators_02,detuned_oscillators / detuned_oscillators_02,"{""base_hz"": 178.522, ""count"": 3, ""detune_cents"": 27.625}",psola,PSOLA,local pitch-synchronous overlap-add,12,0.41120799212287146,0.3203221083289449,460.6274539494836,0.0005877908441788412,0.04042918324054316,0.09503691382102478,0.04535129596858226
detuned_oscillators_02,detuned_oscillators,detuned_oscillators_02,detuned_oscillators / detuned_oscillators_02,"{""base_hz"": 178.522, ""count"": 3, ""detune_cents"": 27.625}",rubber_band,Rubber Band,local hybrid spectral/time-domain proxy,12,60.443534004837446,1.8671704582018982,381.65995104298923,0.1042142456540025,0.8162421460233729,0.07752692479313297,0.3326611054901694
detuned_oscillators_02,detuned_oscillators,detuned_oscillators_02,detuned_oscillators / detuned_oscillators_02,"{""base_hz"": 178.522, ""count"": 3, ""detune_cents"": 27.625}",wsola,WSOLA,local waveform-similarity overlap-add,12,109.83409723816081,1.9985273351096124,381.91967496036926,0.18947112821833487,0.8821234380479228,0.07758451510276947,0.3830596937896757
detuned_oscillators_03,detuned_oscillators,detuned_oscillators_03,detuned_oscillators / detuned_oscillators_03,"{""base_hz"": 216.74, ""count"": 2, ""detune_cents"": 12.463}",phase_vocoder,Phase Vocoder,local phase vocoder,-12,0.567533624830758,0.3951667935527772,106.27905636069578,0.0008576366454224898,0.07796710801307737,0.016464889564696925,0.03176321140773226
detuned_oscillators_03,detuned_oscillators,detuned_oscillators_03,detuned_oscillators / detuned_oscillators_03,"{""base_hz"": 216.74, ""count"": 2, ""detune_cents"": 12.463}",psola,PSOLA,local pitch-synchronous overlap-add,-12,0.5456693111764885,0.36235703098437305,215.58179048872492,0.000819894957546493,0.06151155882592827,0.040701310938772876,0.03434425490741588
detuned_oscillators_03,detuned_oscillators,detuned_oscillators_03,detuned_oscillators / detuned_oscillators_03,"{""base_hz"": 216.74, ""count"": 2, ""detune_cents"": 12.463}",rubber_band,Rubber Band,local hybrid spectral/time-domain proxy,-12,395.6683220923448,2.060745603497132,226.14351686022252,0.6828717567177153,0.9133286555088999,0.04304323269232637,0.5464145483063139
detuned_oscillators_03,detuned_oscillators,detuned_oscillators_03,detuned_oscillators / detuned_oscillators_03,"{""base_hz"": 216.74, ""count"": 2, ""detune_cents"": 12.463}",wsola,WSOLA,local waveform-similarity overlap-add,-12,542.1650902332325,2.131909961098394,225.47189438820206,0.9357511923791232,0.9490207329641374,0.0428943093797849,0.6425554115743485
detuned_oscillators_03,detuned_oscillators,detuned_oscillators_03,detuned_oscillators / detuned_oscillators_03,"{""base_hz"": 216.74, ""count"": 2, ""detune_cents"": 12.463}",phase_vocoder,Phase Vocoder,local phase vocoder,3,0.5849919276628673,0.3446503162103943,45.67220315585403,0.0008877727762314914,0.052630857074473965,0.0030261293712990447,0.018848253074001498
detuned_oscillators_03,detuned_oscillators,detuned_oscillators_03,detuned_oscillators / detuned_oscillators_03,"{""base_hz"": 216.74, ""count"": 2, ""detune_cents"": 12.463}",psola,PSOLA,local pitch-synchronous overlap-add,3,0.4890976912951965,0.4125506492969095,802.5624551725368,0.0007222422960469931,0.08668588166050847,0.17085643323469274,0.08608818573041606
detuned_oscillators_03,detuned_oscillators,detuned_oscillators_03,detuned_oscillators / detuned_oscillators_03,"{""base_hz"": 216.74, ""count"": 2, ""detune_cents"": 12.463}",rubber_band,Rubber Band,local hybrid spectral/time-domain proxy,3,215.6627060184924,2.083984139265362,281.7517569693123,0.3721500992620165,0.9249838105126634,0.05537361719648747,0.4508358423237224
detuned_oscillators_03,detuned_oscillators,detuned_oscillators_03,detuned_oscillators / detuned_oscillators_03,"{""base_hz"": 216.74, ""count"": 2, ""detune_cents"": 12.463}",wsola,WSOLA,local waveform-similarity overlap-add,3,333.429773039685,2.1250886721346913,283.499403355507,0.5754369691756092,0.9455995544101035,0.05576113443991784,0.5255992193418768
detuned_oscillators_03,detuned_oscillators,detuned_oscillators_03,detuned_oscillators / detuned_oscillators_03,"{""base_hz"": 216.74, ""count"": 2, ""detune_cents"": 12.463}",phase_vocoder,Phase Vocoder,local phase vocoder,7,0.567828367482636,0.41032839342542726,113.37109321871755,0.0008581454235779272,0.08557132190947808,0.018037454012079908,0.0348223071150453
detuned_oscillators_03,detuned_oscillators,detuned_oscillators_03,detuned_oscillators / detuned_oscillators_03,"{""base_hz"": 216.74, ""count"": 2, ""detune_cents"": 12.463}",psola,PSOLA,local pitch-synchronous overlap-add,7,0.459200849416394,0.3650255818733959,1004.5917390417102,0.0006706350380964349,0.06284995529622195,0.21565372849741446,0.09305810627724427
detuned_oscillators_03,detuned_oscillators,detuned_oscillators_03,detuned_oscillators / detuned_oscillators_03,"{""base_hz"": 216.74, ""count"": 2, ""detune_cents"": 12.463}",rubber_band,Rubber Band,local hybrid spectral/time-domain proxy,7,153.5504716655109,1.989793202016728,349.77532457146214,0.26493335332161766,0.8777428834365502,0.07045693474499948,0.4043777238343891
detuned_oscillators_03,detuned_oscillators,detuned_oscillators_03,detuned_oscillators / detuned_oscillators_03,"{""base_hz"": 216.74, ""count"": 2, ""detune_cents"": 12.463}",wsola,WSOLA,local waveform-similarity overlap-add,7,248.47086524055723,2.109629833345159,349.35640445427896,0.4287828079179952,0.9378462620311355,0.07036404480438523,0.47899770491783866
detuned_oscillators_03,detuned_oscillators,detuned_oscillators_03,detuned_oscillators / detuned_oscillators_03,"{""base_hz"": 216.74, ""count"": 2, ""detune_cents"": 12.463}",phase_vocoder,Phase Vocoder,local phase vocoder,12,0.6352242167155941,0.43567785116295504,222.6324048052489,0.0009744826270277761,0.09828519778095883,0.04226469049084529,0.047174790299610636
detuned_oscillators_03,detuned_oscillators,detuned_oscillators_03,detuned_oscillators / detuned_oscillators_03,"{""base_hz"": 216.74, ""count"": 2, ""detune_cents"": 12.463}",psola,PSOLA,local pitch-synchronous overlap-add,12,0.4500631985155373,0.3027234394693631,287.0553130106392,0.0006548618300427436,0.031602671300890194,0.056549609910888046,0.02960238101394033
detuned_oscillators_03,detuned_oscillators,detuned_oscillators_03,detuned_oscillators / detuned_oscillators_03,"{""base_hz"": 216.74, ""count"": 2, ""detune_cents"": 12.463}",rubber_band,Rubber Band,local hybrid spectral/time-domain proxy,12,74.7544174701846,1.802618450106661,435.150804126207,0.12891737173971107,0.7838664547294847,0.0893878070055131,0.3340572111582363
detuned_oscillators_03,detuned_oscillators,detuned_oscillators_03,detuned_oscillators / detuned_oscillators_03,"{""base_hz"": 216.74, ""count"": 2, ""detune_cents"": 12.463}",wsola,WSOLA,local waveform-similarity overlap-add,12,115.29440878259102,2.001602096642479,442.97066042613835,0.19889659554716393,0.8836655671485938,0.091121755692907,0.39122797279622157
glissandi_01,glissandi,glissandi_01,glissandi / glissandi_01,"{""end_hz"": 166.014, ""ratio"": 2.074, ""start_hz"": 344.374}",phase_vocoder,Phase Vocoder,local phase vocoder,-12,0.641501922494938,0.419796997074831,150.69549003180035,0.0009853190619530988,0.09032024603721403,0.026313640476322415,0.03920640185849651
glissandi_01,glissandi,glissandi_01,glissandi / glissandi_01,"{""end_hz"": 166.014, ""ratio"": 2.074, ""start_hz"": 344.374}",psola,PSOLA,local pitch-synchronous overlap-add,-12,0.6343436047218018,0.7130501586713563,431.6078327495613,0.0009729625343536994,0.2373996957856773,0.08860220042498516,0.10899161958167204
glissandi_01,glissandi,glissandi_01,glissandi / glissandi_01,"{""end_hz"": 166.014, ""ratio"": 2.074, ""start_hz"": 344.374}",rubber_band,Rubber Band,local hybrid spectral/time-domain proxy,-12,272.3250736351642,1.9463930227716713,253.95124276014857,0.4699594074671167,0.8559757711994787,0.049209224492458174,0.4583814677196845
glissandi_01,glissandi,glissandi_01,glissandi / glissandi_01,"{""end_hz"": 166.014, ""ratio"": 2.074, ""start_hz"": 344.374}",wsola,WSOLA,local waveform-similarity overlap-add,-12,339.6247226418923,2.0063116787612514,252.39292276071998,0.5861305522439431,0.8860276311850159,0.04886368784652613,0.5070072904251617
glissandi_01,glissandi,glissandi_01,glissandi / glissandi_01,"{""end_hz"": 166.014, ""ratio"": 2.074, ""start_hz"": 344.374}",phase_vocoder,Phase Vocoder,local phase vocoder,3,0.6027010892806653,0.4927504033890664,79.87915200040136,0.000918341933850304,0.12690961066523018,0.010611063387193075,0.04614633866209119
glissandi_01,glissandi,glissandi_01,glissandi / glissandi_01,"{""end_hz"": 166.014, ""ratio"": 2.074, ""start_hz"": 344.374}",psola,PSOLA,local pitch-synchronous overlap-add,3,0.6025540683849425,0.6029795932184923,837.6716236274433,0.0009180881496773653,0.1821944318008907,0.17864142239854863,0.12058464744970558
glissandi_01,glissandi,glissandi_01,glissandi / glissandi_01,"{""end_hz"": 166.014, ""ratio"": 2.074, ""start_hz"": 344.374}",rubber_band,Rubber Band,local hybrid spectral/time-domain proxy,3,190.66615276866557,2.059054200368532,256.22059444510325,0.3290016096433414,0.9124803419217489,0.04971242291765132,0.43039812482758055
glissandi_01,glissandi,glissandi_01,glissandi / glissandi_01,"{""end_hz"": 166.014, ""ratio"": 2.074, ""start_hz"": 344.374}",wsola,WSOLA,local waveform-similarity overlap-add,3,166.61958835465703,2.0522184735791242,260.89755158878285,0.28749296944752417,0.9090519221586221,0.05074947569576336,0.4157647891006366
glissandi_01,glissandi,glissandi_01,glissandi / glissandi_01,"{""end_hz"": 166.014, ""ratio"": 2.074, ""start_hz"": 344.374}",phase_vocoder,Phase Vocoder,local phase vocoder,7,0.6653641090089045,0.5874238714254465,176.46158859307366,0.0010265094331529325,0.17439254830437376,0.03202692868341817,0.06914866214031495
glissandi_01,glissandi,glissandi_01,glissandi / glissandi_01,"{""end_hz"": 166.014, ""ratio"": 2.074, ""start_hz"": 344.374}",psola,PSOLA,local pitch-synchronous overlap-add,7,0.5719827674028144,0.5548438069931273,901.3082959372756,0.0008653166555488344,0.1580522029066048,0.19275200451023233,0.11722317469079531
glissandi_01,glissandi,glissandi_01,glissandi / glissandi_01,"{""end_hz"": 166.014, ""ratio"": 2.074, ""start_hz"": 344.374}",rubber_band,Rubber Band,local hybrid spectral/time-domain proxy,7,71.92275537161697,1.8988733349503062,343.8385371369318,0.12402942013124331,0.8321425429439511,0.06914053142700875,0.3417708315007344
glissandi_01,glissandi,glissandi_01,glissandi / glissandi_01,"{""end_hz"": 166.014, ""ratio"": 2.074, ""start_hz"": 344.374}",wsola,WSOLA,local waveform-similarity overlap-add,7,162.50785510318102,2.082842096055539,352.83137095321774,0.28039538772323974,0.9244110252578506,0.07113457221159929,0.4253136617308965
glissandi_01,glissandi,glissandi_01,glissandi / glissandi_01,"{""end_hz"": 166.014, ""ratio"": 2.074, ""start_hz"": 344.374}",phase_vocoder,Phase Vocoder,local phase vocoder,12,0.7885539985277774,0.4696047293489024,311.9941808397233,0.0012391570576436265,0.11530102993126225,0.06207947075215561,0.05953988591368716
glissandi_01,glissandi,glissandi_01,glissandi / glissandi_01,"{""end_hz"": 166.014, ""ratio"": 2.074, ""start_hz"": 344.374}",psola,PSOLA,local pitch-synchronous overlap-add,12,0.5634488394598689,0.5084529823209578,719.7317370612149,0.0008505855805253107,0.13478514952169438,0.15248982783475973,0.09604185431232648
glissandi_01,glissandi,glissandi_01,glissandi / glissandi_01,"{""end_hz"": 166.014, ""ratio"": 2.074, ""start_hz"": 344.374}",rubber_band,Rubber Band,local hybrid spectral/time-domain proxy,12,41.791797113623645,1.7376220724536184,475.67734893688026,0.07201803573748641,0.7512678924196756,0.09837402701823804,0.3072199850584667
glissandi_01,glissandi,glissandi_01,glissandi / glissandi_01,"{""end_hz"": 166.014, ""ratio"": 2.074, ""start_hz"": 344.374}",wsola,WSOLA,local waveform-similarity overlap-add,12,122.42766021586345,1.9762770106977567,488.9771426565024,0.21120985419285687,0.8709639148107169,0.10132307863481962,0.39449894921279777
glissandi_02,glissandi,glissandi_02,glissandi / glissandi_02,"{""end_hz"": 38.982, ""ratio"": 4.987, ""start_hz"": 194.415}",phase_vocoder,Phase Vocoder,local phase vocoder,-12,0.5604386074358189,0.3423781572979468,55.1667192300171,0.0008453893855162877,0.05149126873801932,0.005131411495777433,0.01915602320643768
glissandi_02,glissandi,glissandi_02,glissandi / glissandi_02,"{""end_hz"": 38.982, ""ratio"": 4.987, ""start_hz"": 194.415}",psola,PSOLA,local pitch-synchronous overlap-add,-12,0.6180273043947663,0.6578278515732913,220.46803163598133,0.0009447977026571071,0.20970326278694673,0.041784769649344015,0.08414427671298262
glissandi_02,glissandi,glissandi_02,glissandi / glissandi_02,"{""end_hz"": 38.982, ""ratio"": 4.987, ""start_hz"": 194.415}",rubber_band,Rubber Band,local hybrid spectral/time-domain proxy,-12,60.44003199459844,1.6886301748801102,174.32125766114672,0.104208200562468,0.7266962857641311,0.03155233888692334,0.2874856084045075
glissandi_02,glissandi,glissandi_02,glissandi / glissandi_02,"{""end_hz"": 38.982, ""ratio"": 4.987, ""start_hz"": 194.415}",wsola,WSOLA,local waveform-similarity overlap-add,-12,111.5031875514132,1.8026505440979117,180.07897821671307,0.19235227448415057,0.7838825512876519,0.03282903651623818,0.33635462076268025
glissandi_02,glissandi,glissandi_02,glissandi / glissandi_02,"{""end_hz"": 38.982, ""ratio"": 4.987, ""start_hz"": 194.415}",phase_vocoder,Phase Vocoder,local phase vocoder,3,0.5892287942182264,0.30889916002538653,32.02479997685519,0.0008950863602585567,0.03470006870399108,0.0,0.011865051688083212
glissandi_02,glissandi,glissandi_02,glissandi / glissandi_02,"{""end_hz"": 38.982, ""ratio"": 4.987, ""start_hz"": 194.415}",psola,PSOLA,local pitch-synchronous overlap-add,3,0.5942682231632072,0.5079976604413547,836.3131502748995,0.0009037853094834088,0.13455678543127547,0.17834019907728074,0.1046002566060132
glissandi_02,glissandi,glissandi_02,glissandi / glissandi_02,"{""end_hz"": 38.982, ""ratio"": 4.987, ""start_hz"": 194.415}",rubber_band,Rubber Band,local hybrid spectral/time-domain proxy,3,34.996062323883116,1.7478574826308013,267.09912753808595,0.06028739075232553,0.7564014039856349,0.052124592330216345,0.2896044623560589
glissandi_02,glissandi,glissandi_02,glissandi / glissandi_02,"{""end_hz"": 38.982, ""ratio"": 4.987, ""start_hz"": 194.415}",wsola,WSOLA,local waveform-similarity overlap-add,3,335.6237438045027,2.122116121355164,249.43029196292406,0.5792241523053498,0.9441086885295037,0.04820676403794974,0.5238465349576011
glissandi_02,glissandi,glissandi_02,glissandi / glissandi_02,"{""end_hz"": 38.982, ""ratio"": 4.987, ""start_hz"": 194.415}",phase_vocoder,Phase Vocoder,local phase vocoder,7,0.5850457102960218,0.43698119149058007,80.74277584543061,0.0008878656146066521,0.09893888068476267,0.010802560439703322,0.036876435579690885
glissandi_02,glissandi,glissandi_02,glissandi / glissandi_02,"{""end_hz"": 38.982, ""ratio"": 4.987, ""start_hz"": 194.415}",psola,PSOLA,local pitch-synchronous overlap-add,7,0.5660995669156188,0.4561168671021395,852.9257202708112,0.0008551612068111929,0.10853626958993516,0.18202381458552264,0.097138415127423
glissandi_02,glissandi,glissandi_02,glissandi / glissandi_02,"{""end_hz"": 38.982, ""ratio"": 4.987, ""start_hz"": 194.415}",rubber_band,Rubber Band,local hybrid spectral/time-domain proxy,7,17.99959543365814,1.599619539406347,310.37690391762504,0.03094847078854584,0.6820535094817927,0.0617208611960888,0.25824094715547574
glissandi_02,glissandi,glissandi_02,glissandi / glissandi_02,"{""end_hz"": 38.982, ""ratio"": 4.987, ""start_hz"": 194.415}",wsola,WSOLA,local waveform-similarity overlap-add,7,80.34518407448681,1.935044777389111,287.7229765125286,0.1385680276671574,0.8502841234866607,0.05669765537468155,0.34851660217616653
glissandi_02,glissandi,glissandi_02,glissandi / glissandi_02,"{""end_hz"": 38.982, ""ratio"": 4.987, ""start_hz"": 194.415}",phase_vocoder,Phase Vocoder,local phase vocoder,12,0.7455280772327295,0.41931226516010883,127.88316333457068,0.0011648866772524353,0.09007713151150964,0.021255311727569188,0.03749910997211042
glissandi_02,glissandi,glissandi_02,glissandi / glissandi_02,"{""end_hz"": 38.982, ""ratio"": 4.987, ""start_hz"": 194.415}",psola,PSOLA,local pitch-synchronous overlap-add,12,0.5464167434814698,0.41922317657611446,607.7659126782489,0.0008211851584285834,0.09003244964059161,0.12766290176662698,0.0728388455218824
glissandi_02,glissandi,glissandi_02,glissandi / glissandi_02,"{""end_hz"": 38.982, ""ratio"": 4.987, ""start_hz"": 194.415}",rubber_band,Rubber Band,local hybrid spectral/time-domain proxy,12,8.258395469265764,1.4368390648071439,364.2418236117987,0.014133429877258036,0.6004118913539553,0.07366468768317005,0.22940333630479448
glissandi_02,glissandi,glissandi_02,glissandi / glissandi_02,"{""end_hz"": 38.982, ""ratio"": 4.987, ""start_hz"": 194.415}",wsola,WSOLA,local waveform-similarity overlap-add,12,95.89402428783488,1.8908501407647447,338.40441672644107,0.16540808692743697,0.8281185556845706,0.06793558780764922,0.35382074347321896
glissandi_03,glissandi,glissandi_03,glissandi / glissandi_03,"{""end_hz"": 137.297, ""ratio"": 2.686, ""start_hz"": 368.741}",phase_vocoder,Phase Vocoder,local phase vocoder,-12,0.5754177481004799,0.4003530551473239,139.39826541423702,0.0008712460421923548,0.08056824792040089,0.02380863181049952,0.035082708591030916
glissandi_03,glissandi,glissandi_03,glissandi / glissandi_03,"{""end_hz"": 137.297, ""ratio"": 2.686, ""start_hz"": 368.741}",psola,PSOLA,local pitch-synchronous overlap-add,-12,0.6369409052918881,0.7537807243177439,458.14828674137664,0.0009774459363477612,0.2578278785564963,0.09448719160600597,0.11776417203295002
glissandi_03,glissandi,glissandi_03,glissandi / glissandi_03,"{""end_hz"": 137.297, ""ratio"": 2.686, ""start_hz"": 368.741}",rubber_band,Rubber Band,local hybrid spectral/time-domain proxy,-12,191.28197291945781,1.8937216404097872,247.8993296465459,0.33006462457655483,0.829558739945318,0.04786729359282703,0.40249688603823336
glissandi_03,glissandi,glissandi_03,glissandi / glissandi_03,"{""end_hz"": 137.297, ""ratio"": 2.686, ""start_hz"": 368.741}",wsola,WSOLA,local waveform-similarity overlap-add,-12,287.76900253998053,1.984831710915099,249.41617778744606,0.49661837117946933,0.8752544758872959,0.04820363440805566,0.4733588271582736
glissandi_03,glissandi,glissandi_03,glissandi / glissandi_03,"{""end_hz"": 137.297, ""ratio"": 2.686, ""start_hz"": 368.741}",phase_vocoder,Phase Vocoder,local phase vocoder,3,0.5914653821121384,0.4658171777543085,62.06461888218506,0.0008989471081207599,0.11340140504267114,0.006660928610785844,0.04032042692052592
glissandi_03,glissandi,glissandi_03,glissandi / glissandi_03,"{""end_hz"": 137.297, ""ratio"": 2.686, ""start_hz"": 368.741}",psola,PSOLA,local pitch-synchronous overlap-add,3,0.5909057583940841,0.6196958257526451,861.7992748348386,0.0008979810982094135,0.19057836283715102,0.18399140678909653,0.1251559169081523
glissandi_03,glissandi,glissandi_03,glissandi / glissandi_03,"{""end_hz"": 137.297, ""ratio"": 2.686, ""start_hz"": 368.741}",rubber_band,Rubber Band,local hybrid spectral/time-domain proxy,3,133.98935244150152,2.0213160192681374,260.3595909360367,0.23116738801707387,0.8935529725439189,0.050630190106371264,0.39178351688912133
glissandi_03,glissandi,glissandi_03,glissandi / glissandi_03,"{""end_hz"": 137.297, ""ratio"": 2.686, ""start_hz"": 368.741}",wsola,WSOLA,local waveform-similarity overlap-add,3,269.4259514881305,2.17198720142371,263.832666963938,0.46495500783592275,0.9691212441483762,0.05140029832688313,0.49515885010372734
glissandi_03,glissandi,glissandi_03,glissandi / glissandi_03,"{""end_hz"": 137.297, ""ratio"": 2.686, ""start_hz"": 368.741}",phase_vocoder,Phase Vocoder,local phase vocoder,7,0.5809435540057745,0.5452884475152434,200.66552429450982,0.0008807845644180568,0.15325976688816706,0.03739382814161405,0.0638447931980664
glissandi_03,glissandi,glissandi_03,glissandi / glissandi_03,"{""end_hz"": 137.297, ""ratio"": 2.686, ""start_hz"": 368.741}",psola,PSOLA,local pitch-synchronous overlap-add,7,0.5660086966818395,0.5688150880497689,915.6404739185548,0.0008550043486516024,0.16505941919339526,0.19592997354763686,0.12061479902989458
glissandi_03,glissandi,glissandi_03,glissandi / glissandi_03,"{""end_hz"": 137.297, ""ratio"": 2.686, ""start_hz"": 368.741}",rubber_band,Rubber Band,local hybrid spectral/time-domain proxy,7,94.2612279012986,1.9720628642186595,348.34745386592834,0.16258959042394966,0.8688503336921685,0.07014032348762252,0.36719341586791354
glissandi_03,glissandi,glissandi_03,glissandi / glissandi_03,"{""end_hz"": 137.297, ""ratio"": 2.686, ""start_hz"": 368.741}",wsola,WSOLA,local waveform-similarity overlap-add,7,119.78871417572704,1.9197475258002195,345.77321356269636,0.20665456472238325,0.8426118742460761,0.06956952008361818,0.37294531968402583
glissandi_03,glissandi,glissandi_03,glissandi / glissandi_03,"{""end_hz"": 137.297, ""ratio"": 2.686, ""start_hz"": 368.741}",phase_vocoder,Phase Vocoder,local phase vocoder,12,0.7514012036448801,0.46202286156550787,295.2059886263716,0.0011750247363476666,0.11149838741045785,0.058356913362921634,0.057010108503242375
glissandi_03,glissandi,glissandi_03,glissandi / glissandi_03,"{""end_hz"": 137.297, ""ratio"": 2.686, ""start_hz"": 368.741}",psola,PSOLA,local pitch-synchronous overlap-add,12,0.5568268402852039,0.5171258339585275,569.6613464993873,0.0008391548340625004,0.13913496876885684,0.11921372316597538,0.08639594892296491
glissandi_03,glissandi,glissandi_03,glissandi / glissandi_03,"{""end_hz"": 137.297, ""ratio"": 2.686, ""start_hz"": 368.741}",rubber_band,Rubber Band,local hybrid spectral/time-domain proxy,12,41.9610891225806,1.7053787011869141,473.5913058813047,0.07231026380661248,0.73509641355778,0.09791147483321974,0.301772717399204
glissandi_03,glissandi,glissandi_03,glissandi / glissandi_03,"{""end_hz"": 137.297, ""ratio"": 2.686, ""start_hz"": 368.741}",wsola,WSOLA,local waveform-similarity overlap-add,12,100.34057308325927,1.955594877327257,477.28772182619974,0.17308361973473033,0.8605909088414149,0.09873110569725095,0.37746854475779873
modal_banks_01,modal_banks,modal_banks_01,modal_banks / modal_banks_01,"{""max_hz"": 5608.594, ""min_hz"": 567.316, ""mode_count"": 9}",phase_vocoder,Phase Vocoder,local phase vocoder,-12,0.10209052948412624,0.3804503160210708,1317.2628606147507,5.419921279216307e-05,0.07058614268668464,0.2849843734662109,0.11854157178856257
modal_banks_01,modal_banks,modal_banks_01,modal_banks / modal_banks_01,"{""max_hz"": 5608.594, ""min_hz"": 567.316, ""mode_count"": 9}",psola,PSOLA,local pitch-synchronous overlap-add,-12,0.09547406874776983,0.4722372113938635,3353.1364568056847,4.2778026657349724e-05,0.11662133627864375,0.7364121509620868,0.2843587550891293
modal_banks_01,modal_banks,modal_banks_01,modal_banks / modal_banks_01,"{""max_hz"": 5608.594, ""min_hz"": 567.316, ""mode_count"": 9}",rubber_band,Rubber Band,local hybrid spectral/time-domain proxy,-12,188.794898340109,1.57978396390304,1180.917206085781,0.3257714922156504,0.6721050897798956,0.25475154569616065,0.41754270923056885
modal_banks_01,modal_banks,modal_banks_01,modal_banks / modal_banks_01,"{""max_hz"": 5608.594, ""min_hz"": 567.316, ""mode_count"": 9}",wsola,WSOLA,local waveform-similarity overlap-add,-12,299.7320456546329,1.6823859626926267,1206.5070508872523,0.5172687079071505,0.7235645367741192,0.26042575198618084,0.5004196655558169
modal_banks_01,modal_banks,modal_banks_01,modal_banks / modal_banks_01,"{""max_hz"": 5608.594, ""min_hz"": 567.316, ""mode_count"": 9}",phase_vocoder,Phase Vocoder,local phase vocoder,3,0.09985666094998147,0.36882198331912536,535.3112277004043,5.034315902780265e-05,0.06475401877714837,0.1115970431249568,0.05880046835371099
modal_banks_01,modal_banks,modal_banks_01,modal_banks / modal_banks_01,"{""max_hz"": 5608.594, ""min_hz"": 567.316, ""mode_count"": 9}",psola,PSOLA,local pitch-synchronous overlap-add,3,0.07729229068076986,0.29136681603635983,777.3931604113758,1.139304912335964e-05,0.02590682162468192,0.16527547829896994,0.06373123099092508
modal_banks_01,modal_banks,modal_banks_01,modal_banks / modal_banks_01,"{""max_hz"": 5608.594, ""min_hz"": 567.316, ""mode_count"": 9}",rubber_band,Rubber Band,local hybrid spectral/time-domain proxy,3,109.39734207267944,1.717276068939199,690.1547950619279,0.18871721124684976,0.7410634704615645,0.14593153599540215,0.3585707392346054
modal_banks_01,modal_banks,modal_banks_01,modal_banks / modal_banks_01,"{""max_hz"": 5608.594, ""min_hz"": 567.316, ""mode_count"": 9}",wsola,WSOLA,local waveform-similarity overlap-add,3,205.229256158078,1.837554866652697,677.4905124277273,0.35414011210540014,0.8013886150833561,0.14312340047371103,0.43288404255415575
modal_banks_01,modal_banks,modal_banks_01,modal_banks / modal_banks_01,"{""max_hz"": 5608.594, ""min_hz"": 567.316, ""mode_count"": 9}",phase_vocoder,Phase Vocoder,local phase vocoder,7,0.09966595906062103,0.37594954320859053,1663.6094701228253,5.001397370328646e-05,0.06832880576626221,0.3617821080927564,0.14338697594424063
modal_banks_01,modal_banks,modal_banks_01,modal_banks / modal_banks_01,"{""max_hz"": 5608.594, ""min_hz"": 567.316, ""mode_count"": 9}",psola,PSOLA,local pitch-synchronous overlap-add,7,0.07485033392178733,0.25075526040061374,1417.702049067757,7.177798132107845e-06,0.005538327645569068,0.30725542197416444,0.10426697580595522
modal_banks_01,modal_banks,modal_banks_01,modal_banks / modal_banks_01,"{""max_hz"": 5608.594, ""min_hz"": 567.316, ""mode_count"": 9}",rubber_band,Rubber Band,local hybrid spectral/time-domain proxy,7,76.881931698877,1.5793559516303033,1704.4153291107602,0.13258983908722238,0.6718904226669581,0.37083026229358623,0.39177017468258885
modal_banks_01,modal_banks,modal_banks_01,modal_banks / modal_banks_01,"{""max_hz"": 5608.594, ""min_hz"": 567.316, ""mode_count"": 9}",wsola,WSOLA,local waveform-similarity overlap-add,7,144.31312386103056,1.772526528559339,1648.1357968368172,0.24898805070880753,0.7687740231970892,0.3583510277180862,0.4587043672079943
modal_banks_01,modal_banks,modal_banks_01,modal_banks / modal_banks_01,"{""max_hz"": 5608.594, ""min_hz"": 567.316, ""mode_count"": 9}",phase_vocoder,Phase Vocoder,local phase vocoder,12,0.09973266132574844,0.3780776583075578,3344.4126065531345,5.0129113657408416e-05,0.06939614975005239,0.7344777536900342,0.26797467751791465
modal_banks_01,modal_banks,modal_banks_01,modal_banks / modal_banks_01,"{""max_hz"": 5608.594, ""min_hz"": 567.316, ""mode_count"": 9}",psola,PSOLA,local pitch-synchronous overlap-add,12,0.07402812068494881,0.23971271098396732,1847.9170865649705,5.7585120825677946e-06,0.0,0.4026498603057169,0.13421853960593316
modal_banks_01,modal_banks,modal_banks_01,modal_banks / modal_banks_01,"{""max_hz"": 5608.594, ""min_hz"": 567.316, ""mode_count"": 9}",rubber_band,Rubber Band,local hybrid spectral/time-domain proxy,12,28.772277729084532,1.3684975936649937,3319.9016726408704,0.04954403336646687,0.5661356164934731,0.7290427814790562,0.448240810446332
modal_banks_01,modal_banks,modal_banks_01,modal_banks / modal_banks_01,"{""max_hz"": 5608.594, ""min_hz"": 567.316, ""mode_count"": 9}",wsola,WSOLA,local waveform-similarity overlap-add,12,45.77019646179863,1.4810684458288388,3303.463467469219,0.07888545946819062,0.6225948850102566,0.7253978290416634,0.47562605784003686
modal_banks_02,modal_banks,modal_banks_02,modal_banks / modal_banks_02,"{""max_hz"": 5913.0, ""min_hz"": 182.674, ""mode_count"": 11}",phase_vocoder,Phase Vocoder,local phase vocoder,-12,0.13066970525113517,0.5050304477462629,1068.2741901592412,0.00010353194505202443,0.13306859683646263,0.22977446144825367,0.12098219674325611
modal_banks_02,modal_banks,modal_banks_02,modal_banks / modal_banks_02,"{""max_hz"": 5913.0, ""min_hz"": 182.674, ""mode_count"": 11}",psola,PSOLA,local pitch-synchronous overlap-add,-12,0.12263629775603227,0.6259311248100993,2729.6581855192967,8.966485720032491e-05,0.1937056414976595,0.5981641718879535,0.26398649274760444
modal_banks_02,modal_banks,modal_banks_02,modal_banks / modal_banks_02,"{""max_hz"": 5913.0, ""min_hz"": 182.674, ""mode_count"": 11}",rubber_band,Rubber Band,local hybrid spectral/time-domain proxy,-12,49.52602786019079,1.454140804287258,1021.4480525656176,0.08536869139554205,0.6090894800577649,0.21939139087739137,0.30461652077689944
modal_banks_02,modal_banks,modal_banks_02,modal_banks / modal_banks_02,"{""max_hz"": 5913.0, ""min_hz"": 182.674, ""mode_count"": 11}",wsola,WSOLA,local waveform-similarity overlap-add,-12,70.94472510784247,1.56220373354965,1048.3276573066232,0.12234116622433651,0.6632878255678036,0.22535158420712587,0.3369935253330887
modal_banks_02,modal_banks,modal_banks_02,modal_banks / modal_banks_02,"{""max_hz"": 5913.0, ""min_hz"": 182.674, ""mode_count"": 11}",phase_vocoder,Phase Vocoder,local phase vocoder,3,0.11655628482404037,0.4440032618761684,194.8630928590114,7.916967523441608e-05,0.10246076001518332,0.03610721647186204,0.04621571538742659
modal_banks_02,modal_banks,modal_banks_02,modal_banks / modal_banks_02,"{""max_hz"": 5913.0, ""min_hz"": 182.674, ""mode_count"": 11}",psola,PSOLA,local pitch-synchronous overlap-add,3,0.10565378110046607,0.32183693716644235,513.67083683062,6.035001781874934e-05,0.04118893699961351,0.10679857549279809,0.04934928750341011
modal_banks_02,modal_banks,modal_banks_02,modal_banks / modal_banks_02,"{""max_hz"": 5913.0, ""min_hz"": 182.674, ""mode_count"": 11}",rubber_band,Rubber Band,local hybrid spectral/time-domain proxy,3,27.89225939192028,1.4928269903096536,538.3528812768569,0.04802496544914757,0.6284923158944308,0.11227148917922039,0.26292959017426626
modal_banks_02,modal_banks,modal_banks_02,modal_banks / modal_banks_02,"{""max_hz"": 5913.0, ""min_hz"": 182.674, ""mode_count"": 11}",wsola,WSOLA,local waveform-similarity overlap-add,3,47.44503381116645,1.6995735891154917,500.7673758742215,0.08177652613885918,0.7321848927252521,0.1039374053727817,0.30596627474563104
modal_banks_02,modal_banks,modal_banks_02,modal_banks / modal_banks_02,"{""max_hz"": 5913.0, ""min_hz"": 182.674, ""mode_count"": 11}",phase_vocoder,Phase Vocoder,local phase vocoder,7,0.1164802070098777,0.44765996820777454,928.9390859304574,7.903835141781619e-05,0.10429476020879189,0.19887876313631528,0.101084187232175
modal_banks_02,modal_banks,modal_banks_02,modal_banks / modal_banks_02,"{""max_hz"": 5913.0, ""min_hz"": 182.674, ""mode_count"": 11}",psola,PSOLA,local pitch-synchronous overlap-add,7,0.10011767737010993,0.32725538608988874,1072.685062691357,5.079371971837685e-05,0.04390652913676881,0.23075251351775153,0.09156994545807957
modal_banks_02,modal_banks,modal_banks_02,modal_banks / modal_banks_02,"{""max_hz"": 5913.0, ""min_hz"": 182.674, ""mode_count"": 11}",rubber_band,Rubber Band,local hybrid spectral/time-domain proxy,7,23.952706914170015,1.5623122649088022,1205.0530424131725,0.04122459831494636,0.6633422588516519,0.26010334502774196,0.3215567340647801
modal_banks_02,modal_banks,modal_banks_02,modal_banks / modal_banks_02,"{""max_hz"": 5913.0, ""min_hz"": 182.674, ""mode_count"": 11}",wsola,WSOLA,local waveform-similarity overlap-add,7,40.19502583931997,1.5513154223121806,1191.3266338074018,0.06926172497479484,0.65782685520084,0.2570596972583044,0.32804942581131313
modal_banks_02,modal_banks,modal_banks_02,modal_banks / modal_banks_02,"{""max_hz"": 5913.0, ""min_hz"": 182.674, ""mode_count"": 11}",phase_vocoder,Phase Vocoder,local phase vocoder,12,0.11616064836866256,0.46139705493488337,2009.120504028775,7.848673645813671e-05,0.11118451766603604,0.438394564990025,0.1832191897975064
modal_banks_02,modal_banks,modal_banks_02,modal_banks / modal_banks_02,"{""max_hz"": 5913.0, ""min_hz"": 182.674, ""mode_count"": 11}",psola,PSOLA,local pitch-synchronous overlap-add,12,0.09667255006323291,0.3476181718738823,1474.615107496184,4.484681822559497e-05,0.054119368146416796,0.3198751325126316,0.12467978249242467
modal_banks_02,modal_banks,modal_banks_02,modal_banks / modal_banks_02,"{""max_hz"": 5913.0, ""min_hz"": 182.674, ""mode_count"": 11}",rubber_band,Rubber Band,local hybrid spectral/time-domain proxy,12,19.652007721280384,1.4085775812062393,2443.1085273958743,0.033800827820559175,0.5862375055281845,0.5346256125437573,0.384887981964167
modal_banks_02,modal_banks,modal_banks_02,modal_banks / modal_banks_02,"{""max_hz"": 5913.0, ""min_hz"": 182.674, ""mode_count"": 11}",wsola,WSOLA,local waveform-similarity overlap-add,12,29.230226696671412,1.6031353853184862,2472.8357132817614,0.05033453460383016,0.6838168619358381,0.5412172189582128,0.42512287183262704
modal_banks_03,modal_banks,modal_banks_03,modal_banks / modal_banks_03,"{""max_hz"": 5975.898, ""min_hz"": 982.019, ""mode_count"": 16}",phase_vocoder,Phase Vocoder,local phase vocoder,-12,0.08907986104502409,0.4402308971954957,1804.805736953436,3.1740488724655436e-05,0.10056875203660522,0.39309049435274473,0.16456366229269154
modal_banks_03,modal_banks,modal_banks_03,modal_banks / modal_banks_03,"{""max_hz"": 5975.898, ""min_hz"": 982.019, ""mode_count"": 16}",psola,PSOLA,local pitch-synchronous overlap-add,-12,0.08733410448235716,0.5348557488119372,3184.2512198932022,2.8727002898504998e-05,0.14802730638775838,0.6989641054184398,0.2823400462696989
modal_banks_03,modal_banks,modal_banks_03,modal_banks / modal_banks_03,"{""max_hz"": 5975.898, ""min_hz"": 982.019, ""mode_count"": 16}",rubber_band,Rubber Band,local hybrid spectral/time-domain proxy,-12,33.031027371127315,1.3977623719674925,1574.0394266305643,0.05689539148699063,0.5808131990515235,0.3419211473044383,0.3265432459476508
modal_banks_03,modal_banks,modal_banks_03,modal_banks / modal_banks_03,"{""max_hz"": 5975.898, ""min_hz"": 982.019, ""mode_count"": 16}",wsola,WSOLA,local waveform-similarity overlap-add,-12,53.51172679052252,1.5181719183646243,1574.867626185154,0.09224871550125649,0.6412039199294737,0.34210478949369355,0.3585191416414746
modal_banks_03,modal_banks,modal_banks_03,modal_banks / modal_banks_03,"{""max_hz"": 5975.898, ""min_hz"": 982.019, ""mode_count"": 16}",phase_vocoder,Phase Vocoder,local phase vocoder,3,0.0838150411964476,0.41881580853277284,844.4429266178389,2.2652474776889623e-05,0.0898281365231009,0.18014286839471685,0.08999788579753154
modal_banks_03,modal_banks,modal_banks_03,modal_banks / modal_banks_03,"{""max_hz"": 5975.898, ""min_hz"": 982.019, ""mode_count"": 16}",psola,PSOLA,local pitch-synchronous overlap-add,3,0.07558378470841491,0.3719587899713218,841.5680344042644,8.443864430781579e-06,0.0663272662533585,0.17950539944529764,0.08194703652102897
modal_banks_03,modal_banks,modal_banks_03,modal_banks / modal_banks_03,"{""max_hz"": 5975.898, ""min_hz"": 982.019, ""mode_count"": 16}",rubber_band,Rubber Band,local hybrid spectral/time-domain proxy,3,16.796415647542627,1.4127985532900946,702.4557828066445,0.02887156882563363,0.5883545099898491,0.14865911572775437,0.25529506484774567
modal_banks_03,modal_banks,modal_banks_03,modal_banks / modal_banks_03,"{""max_hz"": 5975.898, ""min_hz"": 982.019, ""mode_count"": 16}",wsola,WSOLA,local waveform-similarity overlap-add,3,32.74783246560559,1.588542852883796,699.5939394122948,0.05640654679233056,0.6764980605655606,0.1480245401797097,0.2936430491792003
modal_banks_03,modal_banks,modal_banks_03,modal_banks / modal_banks_03,"{""max_hz"": 5975.898, ""min_hz"": 982.019, ""mode_count"": 16}",phase_vocoder,Phase Vocoder,local phase vocoder,7,0.08358514441639488,0.42487028639577384,2016.3689169906647,2.225563211108967e-05,0.09286472534538827,0.44000180374977915,0.17762959490909283
modal_banks_03,modal_banks,modal_banks_03,modal_banks / modal_banks_03,"{""max_hz"": 5975.898, ""min_hz"": 982.019, ""mode_count"": 16}",psola,PSOLA,local pitch-synchronous overlap-add,7,0.07069213012806551,0.3424211312152167,1640.837724544688,0.0,0.05151282206099523,0.3567327776651339,0.13608186657537638
modal_banks_03,modal_banks,modal_banks_03,modal_banks / modal_banks_03,"{""max_hz"": 5975.898, ""min_hz"": 982.019, ""mode_count"": 16}",rubber_band,Rubber Band,local hybrid spectral/time-domain proxy,7,8.03175284687707,1.2505471170202336,1738.503929788133,0.013742204465436286,0.506978228017134,0.37838895418414487,0.29970312888890505
modal_banks_03,modal_banks,modal_banks_03,modal_banks / modal_banks_03,"{""max_hz"": 5975.898, ""min_hz"": 982.019, ""mode_count"": 16}",wsola,WSOLA,local waveform-similarity overlap-add,7,15.630979263861224,1.3927637866635512,1735.5052733307436,0.026859818677526646,0.5783061871167776,0.3777240421667359,0.32763001598701336
modal_banks_03,modal_banks,modal_banks_03,modal_banks / modal_banks_03,"{""max_hz"": 5975.898, ""min_hz"": 982.019, ""mode_count"": 16}",phase_vocoder,Phase Vocoder,local phase vocoder,12,0.08466474312409514,0.4337272721298846,4541.879305351268,2.41192111880115e-05,0.09730689599790897,1.0,0.36577700506969896
modal_banks_03,modal_banks,modal_banks_03,modal_banks / modal_banks_03,"{""max_hz"": 5975.898, ""min_hz"": 982.019, ""mode_count"": 16}",psola,PSOLA,local pitch-synchronous overlap-add,12,0.07084326696895536,0.33706619672752386,2577.0331889100694,2.6088902517711645e-07,0.04882708522664675,0.5643216174491476,0.20438298785493983
modal_banks_03,modal_banks,modal_banks_03,modal_banks / modal_banks_03,"{""max_hz"": 5975.898, ""min_hz"": 982.019, ""mode_count"": 16}",rubber_band,Rubber Band,local hybrid spectral/time-domain proxy,12,20.295012472255696,1.2733848008302684,4036.9152717324837,0.03491076820093579,0.5184323380087281,0.8880309701749765,0.48045802546154676
modal_banks_03,modal_banks,modal_banks_03,modal_banks / modal_banks_03,"{""max_hz"": 5975.898, ""min_hz"": 982.019, ""mode_count"": 16}",wsola,WSOLA,local waveform-similarity overlap-add,12,30.629444458017602,1.3696916479305903,4060.18020313415,0.052749832923014627,0.5667344875965079,0.893189657971654,0.5042246594970589
noise_mixtures_01,noise_mixtures,noise_mixtures_01,noise_mixtures / noise_mixtures_01,"{""pink"": 0.52, ""tone"": 0.056, ""white"": 0.434}",phase_vocoder,Phase Vocoder,local phase vocoder,-12,0.23258959226880493,1.1249871806485432,2467.0471305777323,0.0002794637682504457,0.4440043584381638,0.5399336780596914,0.32807250008870187
noise_mixtures_01,noise_mixtures,noise_mixtures_01,noise_mixtures / noise_mixtures_01,"{""pink"": 0.52, ""tone"": 0.056, ""white"": 0.434}",psola,PSOLA,local pitch-synchronous overlap-add,-12,0.2293981478015557,0.8704921134608381,135.3771653541505,0.000273954768386049,0.3163638097672323,0.022917006580618033,0.11318492370541211
noise_mixtures_01,noise_mixtures,noise_mixtures_01,noise_mixtures / noise_mixtures_01,"{""pink"": 0.52, ""tone"": 0.056, ""white"": 0.434}",rubber_band,Rubber Band,local hybrid spectral/time-domain proxy,-12,102.71665244011979,1.884662461830186,2339.2638037756014,0.17718515463188078,0.8250151606249558,0.5115994320990177,0.5045999157852847
noise_mixtures_01,noise_mixtures,noise_mixtures_01,noise_mixtures / noise_mixtures_01,"{""pink"": 0.52, ""tone"": 0.056, ""white"": 0.434}",wsola,WSOLA,local waveform-similarity overlap-add,-12,144.403217004961,1.8938715350769189,2385.61220323565,0.24914356747332878,0.8296339187602435,0.5218765706197428,0.5335513522844383
noise_mixtures_01,noise_mixtures,noise_mixtures_01,noise_mixtures / noise_mixtures_01,"{""pink"": 0.52, ""tone"": 0.056, ""white"": 0.434}",phase_vocoder,Phase Vocoder,local phase vocoder,3,0.23442540456824174,0.7999247604481324,284.0754394907691,0.0002826327062697158,0.28097115655657623,0.055888862758996787,0.11238088400728091
noise_mixtures_01,noise_mixtures,noise_mixtures_01,noise_mixtures / noise_mixtures_01,"{""pink"": 0.52, ""tone"": 0.056, ""white"": 0.434}",psola,PSOLA,local pitch-synchronous overlap-add,3,0.21826071229969968,1.0519894331909605,833.182438147464,0.00025472957700356004,0.40739275476273473,0.17764600547886097,0.1950978299395331
noise_mixtures_01,noise_mixtures,noise_mixtures_01,noise_mixtures / noise_mixtures_01,"{""pink"": 0.52, ""tone"": 0.056, ""white"": 0.434}",rubber_band,Rubber Band,local hybrid spectral/time-domain proxy,3,44.93420800029828,1.7252870165965581,261.7091963523957,0.07744239493477818,0.7450813155446099,0.050929447081236125,0.29115105252020806
noise_mixtures_01,noise_mixtures,noise_mixtures_01,noise_mixtures / noise_mixtures_01,"{""pink"": 0.52, ""tone"": 0.056, ""white"": 0.434}",wsola,WSOLA,local waveform-similarity overlap-add,3,96.91613069837581,1.7965985773756117,331.0623768079385,0.1671724240903901,0.7808472219136533,0.06630758852080904,0.3381090781749508
noise_mixtures_01,noise_mixtures,noise_mixtures_01,noise_mixtures / noise_mixtures_01,"{""pink"": 0.52, ""tone"": 0.056, ""white"": 0.434}",phase_vocoder,Phase Vocoder,local phase vocoder,7,0.23523285860581497,0.8105406936591184,91.69205751851763,0.00028402651532049075,0.2862955172786833,0.013230417404942157,0.099936653732982
noise_mixtures_01,noise_mixtures,noise_mixtures_01,noise_mixtures / noise_mixtures_01,"{""pink"": 0.52, ""tone"": 0.056, ""white"": 0.434}",psola,PSOLA,local pitch-synchronous overlap-add,7,0.2132973012102436,1.2557652800019588,1765.2153147290996,0.0002461618480960517,0.5095953678831515,0.38431184702007437,0.29805112558377395
noise_mixtures_01,noise_mixtures,noise_mixtures_01,noise_mixtures / noise_mixtures_01,"{""pink"": 0.52, ""tone"": 0.056, ""white"": 0.434}",rubber_band,Rubber Band,local hybrid spectral/time-domain proxy,7,47.447109619992126,1.7367304024190438,86.24276070196123,0.08178010935349962,0.7508206804021531,0.012022108620243572,0.2815409661252988
noise_mixtures_01,noise_mixtures,noise_mixtures_01,noise_mixtures / noise_mixtures_01,"{""pink"": 0.52, ""tone"": 0.056, ""white"": 0.434}",wsola,WSOLA,local waveform-similarity overlap-add,7,50.163605250128,1.534249190393149,118.80325579220744,0.08646926318701488,0.6492673839703667,0.019241963507234654,0.25165953688820536
noise_mixtures_01,noise_mixtures,noise_mixtures_01,noise_mixtures / noise_mixtures_01,"{""pink"": 0.52, ""tone"": 0.056, ""white"": 0.434}",phase_vocoder,Phase Vocoder,local phase vocoder,12,0.24532135737544336,0.779438926303302,74.67195122281007,0.0003014410556404583,0.2706966033437264,0.009456436165541943,0.0934848268549696
noise_mixtures_01,noise_mixtures,noise_mixtures_01,noise_mixtures / noise_mixtures_01,"{""pink"": 0.52, ""tone"": 0.056, ""white"": 0.434}",psola,PSOLA,local pitch-synchronous overlap-add,12,0.2096054116802043,1.4141904701100347,2635.667554473094,0.0002397889911878178,0.5890526179279114,0.5773230048538076,0.38887180392430226
noise_mixtures_01,noise_mixtures,noise_mixtures_01,noise_mixtures / noise_mixtures_01,"{""pink"": 0.52, ""tone"": 0.056, ""white"": 0.434}",rubber_band,Rubber Band,local hybrid spectral/time-domain proxy,12,8.233009942465259,1.3820766760153522,114.41237883675515,0.014089609950219744,0.5729461277572107,0.018268345189787902,0.20176802763240612
noise_mixtures_01,noise_mixtures,noise_mixtures_01,noise_mixtures / noise_mixtures_01,"{""pink"": 0.52, ""tone"": 0.056, ""white"": 0.434}",wsola,WSOLA,local waveform-similarity overlap-add,12,16.482095733585965,1.4145197282879753,120.73126808221804,0.02832899683945806,0.5892177554881445,0.019669474480751202,0.21240540893611792
noise_mixtures_02,noise_mixtures,noise_mixtures_02,noise_mixtures / noise_mixtures_02,"{""pink"": 0.186, ""tone"": 0.407, ""white"": 0.784}",phase_vocoder,Phase Vocoder,local phase vocoder,-12,0.25152019250745156,1.1360210647351743,2508.715486701252,0.00031214134582319326,0.44953834003691245,0.5491730794802612,0.33300785362099894
noise_mixtures_02,noise_mixtures,noise_mixtures_02,noise_mixtures / noise_mixtures_02,"{""pink"": 0.186, ""tone"": 0.407, ""white"": 0.784}",psola,PSOLA,local pitch-synchronous overlap-add,-12,0.2418129343452067,0.856432047615367,108.70593372727805,0.00029538489448955506,0.3093120639762551,0.01700301720577496,0.10887015535883987
noise_mixtures_02,noise_mixtures,noise_mixtures_02,noise_mixtures / noise_mixtures_02,"{""pink"": 0.186, ""tone"": 0.407, ""white"": 0.784}",rubber_band,Rubber Band,local hybrid spectral/time-domain proxy,-12,168.27764437440123,1.9515846628704225,2375.322492777105,0.2903550685633537,0.8585796086648936,0.519594964761664,0.5561765473299705
noise_mixtures_02,noise_mixtures,noise_mixtures_02,noise_mixtures / noise_mixtures_02,"{""pink"": 0.186, ""tone"": 0.407, ""white"": 0.784}",wsola,WSOLA,local waveform-similarity overlap-add,-12,207.3514767752313,1.8894893799499992,2405.635016930563,0.35780344173939327,0.8274360738631217,0.5263163621187925,0.5705186259071026
noise_mixtures_02,noise_mixtures,noise_mixtures_02,noise_mixtures / noise_mixtures_02,"{""pink"": 0.186, ""tone"": 0.407, ""white"": 0.784}",phase_vocoder,Phase Vocoder,local phase vocoder,3,0.2515356403823399,0.8139871506594155,303.0266731711414,0.0003121680115983739,0.2880240681199624,0.06009104570254586,0.11614242727803555
noise_mixtures_02,noise_mixtures,noise_mixtures_02,noise_mixtures / noise_mixtures_02,"{""pink"": 0.186, ""tone"": 0.407, ""white"": 0.784}",psola,PSOLA,local pitch-synchronous overlap-add,3,0.22849961475655073,1.0420074336759826,764.887047112063,0.000272403740795287,0.4023863398683155,0.1625024147146771,0.18838705277459597
noise_mixtures_02,noise_mixtures,noise_mixtures_02,noise_mixtures / noise_mixtures_02,"{""pink"": 0.186, ""tone"": 0.407, ""white"": 0.784}",rubber_band,Rubber Band,local hybrid spectral/time-domain proxy,3,86.7017052633453,1.8635518607524704,309.25135954753495,0.14954051198478022,0.8144272591221524,0.06147128676552817,0.34181301929082025
noise_mixtures_02,noise_mixtures,noise_mixtures_02,noise_mixtures / noise_mixtures_02,"{""pink"": 0.186, ""tone"": 0.407, ""white"": 0.784}",wsola,WSOLA,local waveform-similarity overlap-add,3,136.96115409039407,1.7850947183295793,367.1419129264448,0.23629724537438332,0.7750775270559309,0.07430774375320293,0.36189417206117236
noise_mixtures_02,noise_mixtures,noise_mixtures_02,noise_mixtures / noise_mixtures_02,"{""pink"": 0.186, ""tone"": 0.407, ""white"": 0.784}",phase_vocoder,Phase Vocoder,local phase vocoder,7,0.25250374159169797,0.8238727958977741,106.76397247853896,0.0003138391261942273,0.29298215707678926,0.016572413236971787,0.10328946981331842
noise_mixtures_02,noise_mixtures,noise_mixtures_02,noise_mixtures / noise_mixtures_02,"{""pink"": 0.186, ""tone"": 0.407, ""white"": 0.784}",psola,PSOLA,local pitch-synchronous overlap-add,7,0.2249713459306221,1.2547662408048863,1742.3851044558694,0.00026631332227694467,0.5090943054748808,0.37924955282720774,0.2962033905414551
noise_mixtures_02,noise_mixtures,noise_mixtures_02,noise_mixtures / noise_mixtures_02,"{""pink"": 0.186, ""tone"": 0.407, ""white"": 0.784}",rubber_band,Rubber Band,local hybrid spectral/time-domain proxy,7,85.26528774754449,1.8512195702224745,90.44188397024514,0.14706100028374022,0.8082420691810954,0.012953208118748413,0.32275209252786136
noise_mixtures_02,noise_mixtures,noise_mixtures_02,noise_mixtures / noise_mixtures_02,"{""pink"": 0.186, ""tone"": 0.407, ""white"": 0.784}",wsola,WSOLA,local waveform-similarity overlap-add,7,98.14146066393174,1.713049494763168,157.40875085939436,0.1692875611962872,0.7389436563025377,0.02780221639813847,0.3120111446323211
noise_mixtures_02,noise_mixtures,noise_mixtures_02,noise_mixtures / noise_mixtures_02,"{""pink"": 0.186, ""tone"": 0.407, ""white"": 0.784}",phase_vocoder,Phase Vocoder,local phase vocoder,12,0.26096177127041453,0.7901287319595305,84.41611448065942,0.00032843918733622,0.2760580143691915,0.011617074218551678,0.09600117592502645
noise_mixtures_02,noise_mixtures,noise_mixtures_02,noise_mixtures / noise_mixtures_02,"{""pink"": 0.186, ""tone"": 0.407, ""white"": 0.784}",psola,PSOLA,local pitch-synchronous overlap-add,12,0.21957677666066866,1.4170455060149911,2609.683806620439,0.00025700133778790624,0.5904845448937691,0.5715614558234143,0.3874343340183238
noise_mixtures_02,noise_mixtures,noise_mixtures_02,noise_mixtures / noise_mixtures_02,"{""pink"": 0.186, ""tone"": 0.407, ""white"": 0.784}",rubber_band,Rubber Band,local hybrid spectral/time-domain proxy,12,20.95360610920255,1.5359477870889637,88.06414834507717,0.03604761776666236,0.6501193054501041,0.012425977002459758,0.23286430007307538
noise_mixtures_02,noise_mixtures,noise_mixtures_02,noise_mixtures / noise_mixtures_02,"{""pink"": 0.186, ""tone"": 0.407, ""white"": 0.784}",wsola,WSOLA,local waveform-similarity overlap-add,12,35.30850726860457,1.567834404156351,140.4191205851327,0.06082672620865748,0.6661118562791515,0.02403499280943621,0.2503245250990817
noise_mixtures_03,noise_mixtures,noise_mixtures_03,noise_mixtures / noise_mixtures_03,"{""pink"": 0.626, ""tone"": 0.483, ""white"": 0.795}",phase_vocoder,Phase Vocoder,local phase vocoder,-12,0.2048961438416172,1.0380988011691459,2483.8313915618046,0.00023165995866025347,0.4004259875391377,0.5436553637513407,0.3147710037497129
noise_mixtures_03,noise_mixtures,noise_mixtures_03,noise_mixtures / noise_mixtures_03,"{""pink"": 0.626, ""tone"": 0.483, ""white"": 0.795}",psola,PSOLA,local pitch-synchronous overlap-add,-12,0.19588914816812306,0.7768782905494851,118.7529809934531,0.00021611228472981253,0.2694123310936772,0.019230815742113976,0.09628641970684032
noise_mixtures_03,noise_mixtures,noise_mixtures_03,noise_mixtures / noise_mixtures_03,"{""pink"": 0.626, ""tone"": 0.483, ""white"": 0.795}",rubber_band,Rubber Band,local hybrid spectral/time-domain proxy,-12,76.24018600520627,1.7394456496114292,2393.1748768600105,0.1314820720633279,0.7521824971369258,0.5235534924839288,0.46907268722806084
noise_mixtures_03,noise_mixtures,noise_mixtures_03,noise_mixtures / noise_mixtures_03,"{""pink"": 0.626, ""tone"": 0.483, ""white"": 0.795}",wsola,WSOLA,local waveform-similarity overlap-add,-12,109.18882932741373,1.7760789653250593,2402.2863266675017,0.18835728122231643,0.7705557275849424,0.5255738347802563,0.49482894786250503
noise_mixtures_03,noise_mixtures,noise_mixtures_03,noise_mixtures / noise_mixtures_03,"{""pink"": 0.626, ""tone"": 0.483, ""white"": 0.795}",phase_vocoder,Phase Vocoder,local phase vocoder,3,0.2065076068308633,0.7601745810095248,312.8799689545445,0.00023444162993178558,0.26103468089369164,0.06227588243545174,0.10784833498635839
noise_mixtures_03,noise_mixtures,noise_mixtures_03,noise_mixtures / noise_mixtures_03,"{""pink"": 0.626, ""tone"": 0.483, ""white"": 0.795}",psola,PSOLA,local pitch-synchronous overlap-add,3,0.1844439234561822,0.9671177550092106,828.3260786298778,0.00019635579451570653,0.36482584889123015,0.1765691726205506,0.18053045910209883
noise_mixtures_03,noise_mixtures,noise_mixtures_03,noise_mixtures / noise_mixtures_03,"{""pink"": 0.626, ""tone"": 0.483, ""white"": 0.795}",rubber_band,Rubber Band,local hybrid spectral/time-domain proxy,3,26.84858446237103,1.5525443280213609,389.8138071267453,0.04622339719240244,0.6584432058465244,0.0793349334714704,0.2613338455034657
noise_mixtures_03,noise_mixtures,noise_mixtures_03,noise_mixtures / noise_mixtures_03,"{""pink"": 0.626, ""tone"": 0.483, ""white"": 0.795}",wsola,WSOLA,local waveform-similarity overlap-add,3,25.988332877446616,1.456955555363601,411.4396897805189,0.044738450199487856,0.6105012023977171,0.08413018410050997,0.24645661223257165
noise_mixtures_03,noise_mixtures,noise_mixtures_03,noise_mixtures / noise_mixtures_03,"{""pink"": 0.626, ""tone"": 0.483, ""white"": 0.795}",phase_vocoder,Phase Vocoder,local phase vocoder,7,0.20658151507128178,0.7732199484696574,117.39395563038114,0.00023456920867884556,0.26757751049988243,0.01892947001988449,0.09558051657614859
noise_mixtures_03,noise_mixtures,noise_mixtures_03,noise_mixtures / noise_mixtures_03,"{""pink"": 0.626, ""tone"": 0.483, ""white"": 0.795}",psola,PSOLA,local pitch-synchronous overlap-add,7,0.17981932520721405,1.1448535498794477,1743.2477107620796,0.00018837291673484577,0.4539682225584129,0.37944082425407577,0.27786580657640786
noise_mixtures_03,noise_mixtures,noise_mixtures_03,noise_mixtures / noise_mixtures_03,"{""pink"": 0.626, ""tone"": 0.483, ""white"": 0.795}",rubber_band,Rubber Band,local hybrid spectral/time-domain proxy,7,23.188990323711643,1.60350918588466,135.28903610108574,0.0399062878644753,0.6840043394767082,0.022897465095862875,0.2489360308123488
noise_mixtures_03,noise_mixtures,noise_mixtures_03,noise_mixtures / noise_mixtures_03,"{""pink"": 0.626, ""tone"": 0.483, ""white"": 0.795}",wsola,WSOLA,local waveform-similarity overlap-add,7,47.34587222860835,1.6376813887730626,197.75375262249148,0.081605355638958,0.7011432128315818,0.036748181664871093,0.2731655833784703
noise_mixtures_03,noise_mixtures,noise_mixtures_03,noise_mixtures / noise_mixtures_03,"{""pink"": 0.626, ""tone"": 0.483, ""white"": 0.795}",phase_vocoder,Phase Vocoder,local phase vocoder,12,0.21253521506359693,0.7439839750344888,80.25583393140413,0.0002448463520811223,0.25291437485866647,0.010694587574182672,0.08795126959497675
noise_mixtures_03,noise_mixtures,noise_mixtures_03,noise_mixtures / noise_mixtures_03,"{""pink"": 0.626, ""tone"": 0.483, ""white"": 0.795}",psola,PSOLA,local pitch-synchronous overlap-add,12,0.17680959326558848,1.2786159212180925,2564.3435016435706,0.00018317758495688854,0.521055976587833,0.5615078487895652,0.36091566765411837
noise_mixtures_03,noise_mixtures,noise_mixtures_03,noise_mixtures / noise_mixtures_03,"{""pink"": 0.626, ""tone"": 0.483, ""white"": 0.795}",rubber_band,Rubber Band,local hybrid spectral/time-domain proxy,12,20.75899678578023,1.5445253764984488,95.56318500900777,0.03571168751710111,0.654421346470385,0.014088788220647387,0.23474060740271116
noise_mixtures_03,noise_mixtures,noise_mixtures_03,noise_mixtures / noise_mixtures_03,"{""pink"": 0.626, ""tone"": 0.483, ""white"": 0.795}",wsola,WSOLA,local waveform-similarity overlap-add,12,9.423229016895402,1.321047487227785,127.59986816644444,0.01614413942329235,0.5423372863841026,0.021192494807912767,0.19322464020510258
quasi_periodic_signals_01,quasi_periodic_signals,quasi_periodic_signals_01,quasi_periodic_signals / quasi_periodic_signals_01,"{""base_hz"": 193.357, ""ratio_set"": ""sqrt2_phi_pi""}",phase_vocoder,Phase Vocoder,local phase vocoder,-12,0.3644916260878609,0.5003987467083929,142.73079968822557,0.0005071501008436439,0.13074559361173838,0.02454757677424883,0.051933440162276946
quasi_periodic_signals_01,quasi_periodic_signals,quasi_periodic_signals_01,quasi_periodic_signals / quasi_periodic_signals_01,"{""base_hz"": 193.357, ""ratio_set"": ""sqrt2_phi_pi""}",psola,PSOLA,local pitch-synchronous overlap-add,-12,0.33315970072120193,0.4922306126652981,263.2662621220363,0.00045306563396116476,0.12664891259391195,0.051274705618465005,0.05945889461544604
quasi_periodic_signals_01,quasi_periodic_signals,quasi_periodic_signals_01,quasi_periodic_signals / quasi_periodic_signals_01,"{""base_hz"": 193.357, ""ratio_set"": ""sqrt2_phi_pi""}",rubber_band,Rubber Band,local hybrid spectral/time-domain proxy,-12,182.34798533107804,1.8948203426404957,241.60914640521477,0.31464297556527576,0.8301097877793815,0.04647252947486378,0.397075097606507
quasi_periodic_signals_01,quasi_periodic_signals,quasi_periodic_signals_01,quasi_periodic_signals / quasi_periodic_signals_01,"{""base_hz"": 193.357, ""ratio_set"": ""sqrt2_phi_pi""}",wsola,WSOLA,local waveform-similarity overlap-add,-12,120.40412840258233,1.8417027919374749,241.13343803851285,0.2077168789588004,0.8034689833397851,0.04636704749841974,0.3525176365990017
quasi_periodic_signals_01,quasi_periodic_signals,quasi_periodic_signals_01,quasi_periodic_signals / quasi_periodic_signals_01,"{""base_hz"": 193.357, ""ratio_set"": ""sqrt2_phi_pi""}",phase_vocoder,Phase Vocoder,local phase vocoder,3,0.34209032383011606,0.437294761385584,65.30608462047742,0.0004684814752834459,0.0990961498762141,0.007379680343115455,0.03564810389820433
quasi_periodic_signals_01,quasi_periodic_signals,quasi_periodic_signals_01,quasi_periodic_signals / quasi_periodic_signals_01,"{""base_hz"": 193.357, ""ratio_set"": ""sqrt2_phi_pi""}",psola,PSOLA,local pitch-synchronous overlap-add,3,0.310910058020195,0.4536070115979916,842.6130432884245,0.00041465879972651774,0.1072774658843297,0.1797371162075379,0.0958097469638647
quasi_periodic_signals_01,quasi_periodic_signals,quasi_periodic_signals_01,quasi_periodic_signals / quasi_periodic_signals_01,"{""base_hz"": 193.357, ""ratio_set"": ""sqrt2_phi_pi""}",rubber_band,Rubber Band,local hybrid spectral/time-domain proxy,3,123.57448495150477,1.9661107510214209,282.7870647126532,0.21318947733152308,0.8658650852838499,0.05560318286032588,0.3782192484918996
quasi_periodic_signals_01,quasi_periodic_signals,quasi_periodic_signals_01,quasi_periodic_signals / quasi_periodic_signals_01,"{""base_hz"": 193.357, ""ratio_set"": ""sqrt2_phi_pi""}",wsola,WSOLA,local waveform-similarity overlap-add,3,116.62040667557109,1.9753171117821398,276.1845713991659,0.20118550337168697,0.8704824829872561,0.05413916815527962,0.37526905150474094
quasi_periodic_signals_01,quasi_periodic_signals,quasi_periodic_signals_01,quasi_periodic_signals / quasi_periodic_signals_01,"{""base_hz"": 193.357, ""ratio_set"": ""sqrt2_phi_pi""}",phase_vocoder,Phase Vocoder,local phase vocoder,7,0.33909799702926485,0.4275957361271335,154.355718854929,0.0004633161878691458,0.0942316591053625,0.02712524732944079,0.04060674087422415
quasi_periodic_signals_01,quasi_periodic_signals,quasi_periodic_signals_01,quasi_periodic_signals / quasi_periodic_signals_01,"{""base_hz"": 193.357, ""ratio_set"": ""sqrt2_phi_pi""}",psola,PSOLA,local pitch-synchronous overlap-add,7,0.29080820671032737,0.45282513791312273,1011.2497653758196,0.00037995943482243915,0.10688532159944884,0.21713005690804832,0.10813177931410654
quasi_periodic_signals_01,quasi_periodic_signals,quasi_periodic_signals_01,quasi_periodic_signals / quasi_periodic_signals_01,"{""base_hz"": 193.357, ""ratio_set"": ""sqrt2_phi_pi""}",rubber_band,Rubber Band,local hybrid spectral/time-domain proxy,7,142.61826597602675,1.962478694950406,369.7223623088104,0.24606242503852746,0.8640434482877741,0.0748799239375726,0.39499526575462474
quasi_periodic_signals_01,quasi_periodic_signals,quasi_periodic_signals_01,quasi_periodic_signals / quasi_periodic_signals_01,"{""base_hz"": 193.357, ""ratio_set"": ""sqrt2_phi_pi""}",wsola,WSOLA,local waveform-similarity overlap-add,7,146.7239329846248,1.986545714679276,362.5241855903784,0.25314953535040446,0.8761141246942499,0.07328382439381707,0.40084916147949046
quasi_periodic_signals_01,quasi_periodic_signals,quasi_periodic_signals_01,quasi_periodic_signals / quasi_periodic_signals_01,"{""base_hz"": 193.357, ""ratio_set"": ""sqrt2_phi_pi""}",phase_vocoder,Phase Vocoder,local phase vocoder,12,0.3260906519496251,0.5150592553550968,296.49630312245046,0.00044086320051020875,0.13809848806324473,0.058643023368142685,0.06572745821063254
quasi_periodic_signals_01,quasi_periodic_signals,quasi_periodic_signals_01,quasi_periodic_signals / quasi_periodic_signals_01,"{""base_hz"": 193.357, ""ratio_set"": ""sqrt2_phi_pi""}",psola,PSOLA,local pitch-synchronous overlap-add,12,0.2851853459254056,0.401927897107313,550.292157626967,0.000370253378640188,0.08135810091859184,0.1149188642410726,0.06554907284610155
quasi_periodic_signals_01,quasi_periodic_signals,quasi_periodic_signals_01,quasi_periodic_signals / quasi_periodic_signals_01,"{""base_hz"": 193.357, ""ratio_set"": ""sqrt2_phi_pi""}",rubber_band,Rubber Band,local hybrid spectral/time-domain proxy,12,24.662111288767363,1.7004099321800608,488.90178809787903,0.04244915623646573,0.7326043558166918,0.10130636976792967,0.29211996060702905
quasi_periodic_signals_01,quasi_periodic_signals,quasi_periodic_signals_01,quasi_periodic_signals / quasi_periodic_signals_01,"{""base_hz"": 193.357, ""ratio_set"": ""sqrt2_phi_pi""}",wsola,WSOLA,local waveform-similarity overlap-add,12,63.954451479513196,1.8432028684045054,491.3205794777218,0.1102747126589533,0.8042213381316322,0.10184270444944996,0.33877958508001177
quasi_periodic_signals_02,quasi_periodic_signals,quasi_periodic_signals_02,quasi_periodic_signals / quasi_periodic_signals_02,"{""base_hz"": 342.586, ""ratio_set"": ""sqrt2_phi_pi""}",phase_vocoder,Phase Vocoder,local phase vocoder,-12,0.3606645302613104,0.5692521987388222,227.37341434510142,0.0005005438538586628,0.16527864956511615,0.043315946032282955,0.06969837981708592
quasi_periodic_signals_02,quasi_periodic_signals,quasi_periodic_signals_02,quasi_periodic_signals / quasi_periodic_signals_02,"{""base_hz"": 342.586, ""ratio_set"": ""sqrt2_phi_pi""}",psola,PSOLA,local pitch-synchronous overlap-add,-12,0.3082236432491728,0.668411617805364,450.9363731076984,0.00041002157079737686,0.2150114903443408,0.09288804608477379,0.10276985266663731
quasi_periodic_signals_02,quasi_periodic_signals,quasi_periodic_signals_02,quasi_periodic_signals / quasi_periodic_signals_02,"{""base_hz"": 342.586, ""ratio_set"": ""sqrt2_phi_pi""}",rubber_band,Rubber Band,local hybrid spectral/time-domain proxy,-12,84.93501782817422,1.6928847184097309,323.3459836800296,0.1464908957559327,0.7288301277928436,0.06459658140988932,0.3133058683195552
quasi_periodic_signals_02,quasi_periodic_signals,quasi_periodic_signals_02,quasi_periodic_signals / quasi_periodic_signals_02,"{""base_hz"": 342.586, ""ratio_set"": ""sqrt2_phi_pi""}",wsola,WSOLA,local waveform-similarity overlap-add,-12,80.83035857011554,1.7116016777508642,316.01413161550977,0.1394055250004358,0.7382175119419899,0.06297084114359416,0.31353129269533997
quasi_periodic_signals_02,quasi_periodic_signals,quasi_periodic_signals_02,quasi_periodic_signals / quasi_periodic_signals_02,"{""base_hz"": 342.586, ""ratio_set"": ""sqrt2_phi_pi""}",phase_vocoder,Phase Vocoder,local phase vocoder,3,0.3352327220428184,0.5101219579483179,116.773575831162,0.00045664403687460165,0.1356222147235811,0.018791909085606052,0.05162358928202058
quasi_periodic_signals_02,quasi_periodic_signals,quasi_periodic_signals_02,quasi_periodic_signals / quasi_periodic_signals_02,"{""base_hz"": 342.586, ""ratio_set"": ""sqrt2_phi_pi""}",psola,PSOLA,local pitch-synchronous overlap-add,3,0.28696769761487095,0.3600085741417092,525.1682833693695,0.0003733300341534939,0.06033370369796807,0.10934798069534907,0.05668500480915687
quasi_periodic_signals_02,quasi_periodic_signals,quasi_periodic_signals_02,quasi_periodic_signals / quasi_periodic_signals_02,"{""base_hz"": 342.586, ""ratio_set"": ""sqrt2_phi_pi""}",rubber_band,Rubber Band,local hybrid spectral/time-domain proxy,3,16.648029933433413,1.6060981028052452,293.1539878229861,0.02861542873380535,0.6853027959845636,0.057901909592635886,0.2572733781036683
quasi_periodic_signals_02,quasi_periodic_signals,quasi_periodic_signals_02,quasi_periodic_signals / quasi_periodic_signals_02,"{""base_hz"": 342.586, ""ratio_set"": ""sqrt2_phi_pi""}",wsola,WSOLA,local waveform-similarity overlap-add,3,10.376244456548749,1.520837733211095,293.85794478946184,0.017789213301812157,0.6425409441532386,0.05805800264744217,0.23946272003416433
quasi_periodic_signals_02,quasi_periodic_signals,quasi_periodic_signals_02,quasi_periodic_signals / quasi_periodic_signals_02,"{""base_hz"": 342.586, ""ratio_set"": ""sqrt2_phi_pi""}",phase_vocoder,Phase Vocoder,local phase vocoder,7,0.3370398292020579,0.5366670310343701,269.15214638495365,0.00045976342472463726,0.14893574465033077,0.05257982183804661,0.06732510997103401
quasi_periodic_signals_02,quasi_periodic_signals,quasi_periodic_signals_02,quasi_periodic_signals / quasi_periodic_signals_02,"{""base_hz"": 342.586, ""ratio_set"": ""sqrt2_phi_pi""}",psola,PSOLA,local pitch-synchronous overlap-add,7,0.2681480612850709,0.36912603488530354,773.1485950436347,0.00034084399999159427,0.06490651410509364,0.16433430262186488,0.07652722024231672
quasi_periodic_signals_02,quasi_periodic_signals,quasi_periodic_signals_02,quasi_periodic_signals / quasi_periodic_signals_02,"{""base_hz"": 342.586, ""ratio_set"": ""sqrt2_phi_pi""}",rubber_band,Rubber Band,local hybrid spectral/time-domain proxy,7,86.85429679698093,1.7661502267992668,425.3187277298383,0.1498039120679505,0.7655760254357151,0.0872076753882621,0.3341958709639759
quasi_periodic_signals_02,quasi_periodic_signals,quasi_periodic_signals_02,quasi_periodic_signals / quasi_periodic_signals_02,"{""base_hz"": 342.586, ""ratio_set"": ""sqrt2_phi_pi""}",wsola,WSOLA,local waveform-similarity overlap-add,7,161.01250605038172,1.8847515684978553,426.9781411451173,0.27781414972469876,0.8250598515656379,0.08757562814888918,0.3968165431464086
quasi_periodic_signals_02,quasi_periodic_signals,quasi_periodic_signals_02,quasi_periodic_signals / quasi_periodic_signals_02,"{""base_hz"": 342.586, ""ratio_set"": ""sqrt2_phi_pi""}",phase_vocoder,Phase Vocoder,local phase vocoder,12,0.3417023381958479,0.6013059233720515,514.2436922896177,0.00046781174318297994,0.18135501224021164,0.10692559853939859,0.0962494741742644
quasi_periodic_signals_02,quasi_periodic_signals,quasi_periodic_signals_02,quasi_periodic_signals / quasi_periodic_signals_02,"{""base_hz"": 342.586, ""ratio_set"": ""sqrt2_phi_pi""}",psola,PSOLA,local pitch-synchronous overlap-add,12,0.2655682513775435,0.3991130619386609,583.5887671049493,0.000336390789986976,0.0799463364026219,0.12230194266151889,0.06752822328470925
quasi_periodic_signals_02,quasi_periodic_signals,quasi_periodic_signals_02,quasi_periodic_signals / quasi_periodic_signals_02,"{""base_hz"": 342.586, ""ratio_set"": ""sqrt2_phi_pi""}",rubber_band,Rubber Band,local hybrid spectral/time-domain proxy,12,25.696475907702624,1.5666066998828967,569.1876498841103,0.04423465324383262,0.6654961082066996,0.11910868726853957,0.2762798162396906
quasi_periodic_signals_02,quasi_periodic_signals,quasi_periodic_signals_02,quasi_periodic_signals / quasi_periodic_signals_02,"{""base_hz"": 342.586, ""ratio_set"": ""sqrt2_phi_pi""}",wsola,WSOLA,local waveform-similarity overlap-add,12,36.76801061434257,1.691502498874263,600.1732415288486,0.0633460881515859,0.7281368834724707,0.12597932835192988,0.30582076665866215
quasi_periodic_signals_03,quasi_periodic_signals,quasi_periodic_signals_03,quasi_periodic_signals / quasi_periodic_signals_03,"{""base_hz"": 357.101, ""ratio_set"": ""sqrt2_phi_pi""}",phase_vocoder,Phase Vocoder,local phase vocoder,-12,0.3800908302151237,0.5703974631238988,255.6826121240541,0.0005340770971626046,0.1658530503819958,0.049593132523602465,0.0719934200009203
quasi_periodic_signals_03,quasi_periodic_signals,quasi_periodic_signals_03,quasi_periodic_signals / quasi_periodic_signals_03,"{""base_hz"": 357.101, ""ratio_set"": ""sqrt2_phi_pi""}",psola,PSOLA,local pitch-synchronous overlap-add,-12,0.33467124209520266,0.6208239451707616,489.66943375304436,0.00045567482278141623,0.19114416469368958,0.10147658493878507,0.09769214148508536
quasi_periodic_signals_03,quasi_periodic_signals,quasi_periodic_signals_03,quasi_periodic_signals / quasi_periodic_signals_03,"{""base_hz"": 357.101, ""ratio_set"": ""sqrt2_phi_pi""}",rubber_band,Rubber Band,local hybrid spectral/time-domain proxy,-12,181.6630156946968,1.8637781653766248,342.6150655502566,0.31346059634086376,0.8145407609149888,0.06886924294415034,0.39895686673333436
quasi_periodic_signals_03,quasi_periodic_signals,quasi_periodic_signals_03,quasi_periodic_signals / quasi_periodic_signals_03,"{""base_hz"": 357.101, ""ratio_set"": ""sqrt2_phi_pi""}",wsola,WSOLA,local waveform-similarity overlap-add,-12,306.33162342962794,2.0494545362757486,333.3465070877684,0.5286607510526985,0.9076656851765327,0.06681406390202319,0.5010468333770848
quasi_periodic_signals_03,quasi_periodic_signals,quasi_periodic_signals_03,quasi_periodic_signals / quasi_periodic_signals_03,"{""base_hz"": 357.101, ""ratio_set"": ""sqrt2_phi_pi""}",phase_vocoder,Phase Vocoder,local phase vocoder,3,0.33741891743623365,0.5201982634808394,85.37314271271619,0.0004604177983326069,0.1406759282629417,0.011829282446315186,0.05098854283586316
quasi_periodic_signals_03,quasi_periodic_signals,quasi_periodic_signals_03,quasi_periodic_signals / quasi_periodic_signals_03,"{""base_hz"": 357.101, ""ratio_set"": ""sqrt2_phi_pi""}",psola,PSOLA,local pitch-synchronous overlap-add,3,0.28894208538212746,0.4665382397681485,745.1681284128915,0.000376738178037463,0.1137630495809695,0.1581300078719126,0.09075659854363986
quasi_periodic_signals_03,quasi_periodic_signals,quasi_periodic_signals_03,quasi_periodic_signals / quasi_periodic_signals_03,"{""base_hz"": 357.101, ""ratio_set"": ""sqrt2_phi_pi""}",rubber_band,Rubber Band,local hybrid spectral/time-domain proxy,3,116.98035085273841,2.0053288959342668,312.021732150535,0.20180683093779508,0.8855347220663957,0.062085579887334784,0.3831423776305085
quasi_periodic_signals_03,quasi_periodic_signals,quasi_periodic_signals_03,quasi_periodic_signals / quasi_periodic_signals_03,"{""base_hz"": 357.101, ""ratio_set"": ""sqrt2_phi_pi""}",wsola,WSOLA,local waveform-similarity overlap-add,3,179.65279904077437,2.0350715801639887,322.3754224957827,0.3099906054362713,0.9004519956150728,0.06438137243073261,0.4249413244940256
quasi_periodic_signals_03,quasi_periodic_signals,quasi_periodic_signals_03,quasi_periodic_signals / quasi_periodic_signals_03,"{""base_hz"": 357.101, ""ratio_set"": ""sqrt2_phi_pi""}",phase_vocoder,Phase Vocoder,local phase vocoder,7,0.3632848381687245,0.5330889940083368,268.8863541398289,0.0005050669706024311,0.14714120059800553,0.05252088595778528,0.06672238450879775
quasi_periodic_signals_03,quasi_periodic_signals,quasi_periodic_signals_03,quasi_periodic_signals / quasi_periodic_signals_03,"{""base_hz"": 357.101, ""ratio_set"": ""sqrt2_phi_pi""}",psola,PSOLA,local pitch-synchronous overlap-add,7,0.30047794923779025,0.3680510153081306,222.23201710001933,0.0003966511275086851,0.06436734417076583,0.042175909865050716,0.03564663505444174
quasi_periodic_signals_03,quasi_periodic_signals,quasi_periodic_signals_03,quasi_periodic_signals / quasi_periodic_signals_03,"{""base_hz"": 357.101, ""ratio_set"": ""sqrt2_phi_pi""}",rubber_band,Rubber Band,local hybrid spectral/time-domain proxy,7,74.71900310431637,1.5522435851544425,390.4016100300131,0.12885624025559222,0.6582923699778118,0.07946527091418996,0.2888712937158647
quasi_periodic_signals_03,quasi_periodic_signals,quasi_periodic_signals_03,quasi_periodic_signals / quasi_periodic_signals_03,"{""base_hz"": 357.101, ""ratio_set"": ""sqrt2_phi_pi""}",wsola,WSOLA,local waveform-similarity overlap-add,7,127.2512172188949,1.8379396708575162,467.9257418192798,0.21953617011290602,0.8015816114363965,0.0966552116754453,0.3725909977415826
quasi_periodic_signals_03,quasi_periodic_signals,quasi_periodic_signals_03,quasi_periodic_signals / quasi_periodic_signals_03,"{""base_hz"": 357.101, ""ratio_set"": ""sqrt2_phi_pi""}",phase_vocoder,Phase Vocoder,local phase vocoder,12,0.371566649196837,0.6002693944909613,523.8689387508603,0.0005193628470618314,0.18083514709485682,0.10905986838109129,0.09680479277433664
quasi_periodic_signals_03,quasi_periodic_signals,quasi_periodic_signals_03,quasi_periodic_signals / quasi_periodic_signals_03,"{""base_hz"": 357.101, ""ratio_set"": ""sqrt2_phi_pi""}",psola,PSOLA,local pitch-synchronous overlap-add,12,0.28267871623456226,0.4199778622246021,756.4864999786057,0.0003659264906843869,0.09041095792097407,0.16063970559103546,0.08380553000089797
quasi_periodic_signals_03,quasi_periodic_signals,quasi_periodic_signals_03,quasi_periodic_signals / quasi_periodic_signals_03,"{""base_hz"": 357.101, ""ratio_set"": ""sqrt2_phi_pi""}",rubber_band,Rubber Band,local hybrid spectral/time-domain proxy,12,41.6296976091606,1.8459039768242587,685.0549349941725,0.07173822320831044,0.8055760636456741,0.1448007101424444,0.3407049989988096
quasi_periodic_signals_03,quasi_periodic_signals,quasi_periodic_signals_03,quasi_periodic_signals / quasi_periodic_signals_03,"{""base_hz"": 357.101, ""ratio_set"": ""sqrt2_phi_pi""}",wsola,WSOLA,local waveform-similarity overlap-add,12,76.69429066951645,1.98454359377548,691.7984588392928,0.13226593735059167,0.8751099723800615,0.14629599648418426,0.3845573020716125
