case_id,sweep_family,case_label,ambiguity_amount,ambiguity_units,parameter_summary,algorithm,algorithm_label,implementation,shift_semitones,rms_error,spectral_distance,spectral_centroid_difference,rms_error_normalized,spectral_distance_normalized,spectral_centroid_difference_normalized,composite_stress
beating_rate_0_5hz,beating_rate,0.5 Hz,0.5,Hz beat rate,"{""beat_rate_hz"": 0.5, ""frequencies_hz"": ""440,440.5""}",phase_vocoder,Phase Vocoder,local phase vocoder,-12,0.5422648156956962,0.41432920108861077,215.76021434257802,0.0002888336964007865,0.05102289935331138,0.13138000168398747,0.06089724491123322
beating_rate_0_5hz,beating_rate,0.5 Hz,0.5,Hz beat rate,"{""beat_rate_hz"": 0.5, ""frequencies_hz"": ""440,440.5""}",psola,PSOLA,local pitch-synchronous overlap-add,-12,0.46784309840023025,0.33334450005529775,435.32711272870966,0.0001658258196405047,0.008658540199493385,0.3546523564250024,0.12115890748137877
beating_rate_0_5hz,beating_rate,0.5 Hz,0.5,Hz beat rate,"{""beat_rate_hz"": 0.5, ""frequencies_hz"": ""440,440.5""}",rubber_band,Rubber Band,local hybrid spectral/time-domain proxy,-12,350.70242074789604,2.0003821173677463,306.53637679582346,0.5790507713746827,0.8807118964710544,0.2236881214154323,0.5611502630870565
beating_rate_0_5hz,beating_rate,0.5 Hz,0.5,Hz beat rate,"{""beat_rate_hz"": 0.5, ""frequencies_hz"": ""440,440.5""}",wsola,WSOLA,local waveform-similarity overlap-add,-12,598.3798193620166,2.11427957566113,306.6956746621335,0.9884241644136669,0.9402934318509661,0.22385010762545618,0.7175225679633631
beating_rate_0_5hz,beating_rate,0.5 Hz,0.5,Hz beat rate,"{""beat_rate_hz"": 0.5, ""frequencies_hz"": ""440,440.5""}",phase_vocoder,Phase Vocoder,local phase vocoder,3,0.5639729908406159,0.3906580399401113,93.33105682737074,0.0003247140365750865,0.03864014607167083,0.006884704404215427,0.01528318817082045
beating_rate_0_5hz,beating_rate,0.5 Hz,0.5,Hz beat rate,"{""beat_rate_hz"": 0.5, ""frequencies_hz"": ""440,440.5""}",psola,PSOLA,local pitch-synchronous overlap-add,3,0.49271822966737716,0.45539821903688116,820.5950801538963,0.00020694066074470826,0.07250674265032414,0.7464221856914857,0.2730452896675182
beating_rate_0_5hz,beating_rate,0.5 Hz,0.5,Hz beat rate,"{""beat_rate_hz"": 0.5, ""frequencies_hz"": ""440,440.5""}",rubber_band,Rubber Band,local hybrid spectral/time-domain proxy,3,120.09522519897307,1.948361845455816,290.4913799842656,0.19789185001444784,0.8534992815643233,0.2073723459216757,0.41958782583348225
beating_rate_0_5hz,beating_rate,0.5 Hz,0.5,Hz beat rate,"{""beat_rate_hz"": 0.5, ""frequencies_hz"": ""440,440.5""}",wsola,WSOLA,local waveform-similarity overlap-add,3,257.0947791853517,2.1304316999304937,288.4387933793591,0.4243314548150849,0.9487428597665294,0.2052851194410183,0.5261198113408775
beating_rate_0_5hz,beating_rate,0.5 Hz,0.5,Hz beat rate,"{""beat_rate_hz"": 0.5, ""frequencies_hz"": ""440,440.5""}",phase_vocoder,Phase Vocoder,local phase vocoder,7,0.5468507689422033,0.412561675640791,233.0126603687681,0.0002964135856088676,0.05009827924692674,0.14892360355486503,0.06643943212913354
beating_rate_0_5hz,beating_rate,0.5 Hz,0.5,Hz beat rate,"{""beat_rate_hz"": 0.5, ""frequencies_hz"": ""440,440.5""}",psola,PSOLA,local pitch-synchronous overlap-add,7,0.45675403533841713,0.3545192866954115,332.71400648208424,0.0001474972705010238,0.01973540107298407,0.25030753019038865,0.09006347617795792
beating_rate_0_5hz,beating_rate,0.5 Hz,0.5,Hz beat rate,"{""beat_rate_hz"": 0.5, ""frequencies_hz"": ""440,440.5""}",rubber_band,Rubber Band,local hybrid spectral/time-domain proxy,7,149.97928157855117,2.0137867077915437,413.99809309297376,0.24728568904186854,0.8877240466151907,0.33296338384584206,0.4893243731676338
beating_rate_0_5hz,beating_rate,0.5 Hz,0.5,Hz beat rate,"{""beat_rate_hz"": 0.5, ""frequencies_hz"": ""440,440.5""}",wsola,WSOLA,local waveform-similarity overlap-add,7,298.6766623975493,2.1642911027465987,413.685218388267,0.4930600377006354,0.9664552410352485,0.3326452290029571,0.597386835912947
beating_rate_0_5hz,beating_rate,0.5 Hz,0.5,Hz beat rate,"{""beat_rate_hz"": 0.5, ""frequencies_hz"": ""440,440.5""}",phase_vocoder,Phase Vocoder,local phase vocoder,12,0.5643182647257127,0.4136812649990466,446.18106451875525,0.00032528472224386656,0.050683953887602676,0.3656894817486346,0.13889957345282702
beating_rate_0_5hz,beating_rate,0.5 Hz,0.5,Hz beat rate,"{""beat_rate_hz"": 0.5, ""frequencies_hz"": ""440,440.5""}",psola,PSOLA,local pitch-synchronous overlap-add,12,0.4497540809296719,0.3173673658112232,321.31486612325523,0.0001359274013750532,0.0003006522931552267,0.23871601558301264,0.07971753175918098
beating_rate_0_5hz,beating_rate,0.5 Hz,0.5,Hz beat rate,"{""beat_rate_hz"": 0.5, ""frequencies_hz"": ""440,440.5""}",rubber_band,Rubber Band,local hybrid spectral/time-domain proxy,12,60.267461708941724,1.835049764058998,605.7798232141777,0.09900557829610601,0.7942239659613576,0.5279816620799513,0.4737370687791383
beating_rate_0_5hz,beating_rate,0.5 Hz,0.5,Hz beat rate,"{""beat_rate_hz"": 0.5, ""frequencies_hz"": ""440,440.5""}",wsola,WSOLA,local waveform-similarity overlap-add,12,101.3480695423823,1.948750803476559,605.4130711466859,0.16690562856706623,0.8537027515663889,0.5276087206287722,0.5160723669207424
beating_rate_1_0hz,beating_rate,1 Hz,1.0,Hz beat rate,"{""beat_rate_hz"": 1.0, ""frequencies_hz"": ""440,441""}",phase_vocoder,Phase Vocoder,local phase vocoder,-12,0.5764515392343414,0.4150214224180255,214.01537508451977,0.0003453391954499962,0.051385011118114894,0.12960571615800567,0.060445355490523524
beating_rate_1_0hz,beating_rate,1 Hz,1.0,Hz beat rate,"{""beat_rate_hz"": 1.0, ""frequencies_hz"": ""440,441""}",psola,PSOLA,local pitch-synchronous overlap-add,-12,0.47664875362424275,0.3567695170689599,435.301590364056,0.00018038023993543722,0.02091253164835805,0.3546264033396482,0.12523977174264722
beating_rate_1_0hz,beating_rate,1 Hz,1.0,Hz beat rate,"{""beat_rate_hz"": 1.0, ""frequencies_hz"": ""440,441""}",rubber_band,Rubber Band,local hybrid spectral/time-domain proxy,-12,350.7839483275015,2.000530502160078,306.66197638463416,0.5791855241703601,0.8807895188683108,0.22381584064886134,0.561263627895844
beating_rate_1_0hz,beating_rate,1 Hz,1.0,Hz beat rate,"{""beat_rate_hz"": 1.0, ""frequencies_hz"": ""440,441""}",wsola,WSOLA,local waveform-similarity overlap-add,-12,591.7686698077307,2.1123725078022364,306.77428662592496,0.9774969310848689,0.9392958149347582,0.22393004626099525,0.7135742640935407
beating_rate_1_0hz,beating_rate,1 Hz,1.0,Hz beat rate,"{""beat_rate_hz"": 1.0, ""frequencies_hz"": ""440,441""}",phase_vocoder,Phase Vocoder,local phase vocoder,3,0.5512544164098783,0.3884290999992053,93.3014303050773,0.00030369215085412953,0.03747415285339632,0.006854577898608872,0.014877474300953106
beating_rate_1_0hz,beating_rate,1 Hz,1.0,Hz beat rate,"{""beat_rate_hz"": 1.0, ""frequencies_hz"": ""440,441""}",psola,PSOLA,local pitch-synchronous overlap-add,3,0.48884049004154406,0.4467729255392311,824.2392578599321,0.00020053134186122693,0.06799471720750341,0.7501278632936278,0.2727743706143308
beating_rate_1_0hz,beating_rate,1 Hz,1.0,Hz beat rate,"{""beat_rate_hz"": 1.0, ""frequencies_hz"": ""440,441""}",rubber_band,Rubber Band,local hybrid spectral/time-domain proxy,3,112.80544210336089,1.8927798032764565,294.8411526359529,0.18584293777188018,0.8244234491250526,0.21179552623559694,0.40735397104417653
beating_rate_1_0hz,beating_rate,1 Hz,1.0,Hz beat rate,"{""beat_rate_hz"": 1.0, ""frequencies_hz"": ""440,441""}",wsola,WSOLA,local waveform-similarity overlap-add,3,236.5391241340735,2.0954113547654747,290.2374721569927,0.390356056568953,0.9304231714632873,0.20711415309343476,0.5092977937085584
beating_rate_1_0hz,beating_rate,1 Hz,1.0,Hz beat rate,"{""beat_rate_hz"": 1.0, ""frequencies_hz"": ""440,441""}",phase_vocoder,Phase Vocoder,local phase vocoder,7,0.5553794600833093,0.4110401039062997,235.40259317468383,0.0003105102260377171,0.0493023213608592,0.15135386936073897,0.06698890031587863
beating_rate_1_0hz,beating_rate,1 Hz,1.0,Hz beat rate,"{""beat_rate_hz"": 1.0, ""frequencies_hz"": ""440,441""}",psola,PSOLA,local pitch-synchronous overlap-add,7,0.458576827496699,0.3604566591553832,330.0838731729843,0.00015051007108281316,0.022841333133173585,0.24763301020799675,0.09020828447075104
beating_rate_1_0hz,beating_rate,1 Hz,1.0,Hz beat rate,"{""beat_rate_hz"": 1.0, ""frequencies_hz"": ""440,441""}",rubber_band,Rubber Band,local hybrid spectral/time-domain proxy,7,128.4278483240642,1.9858104163564223,412.64726753860504,0.21166441957760046,0.8730892125906526,0.33158976148024377,0.47211446454949896
beating_rate_1_0hz,beating_rate,1 Hz,1.0,Hz beat rate,"{""beat_rate_hz"": 1.0, ""frequencies_hz"": ""440,441""}",wsola,WSOLA,local waveform-similarity overlap-add,7,255.46369318745943,2.136527168439679,412.36423350545954,0.42163551560936086,0.951931494333788,0.33130195090626047,0.5682896536164698
beating_rate_1_0hz,beating_rate,1 Hz,1.0,Hz beat rate,"{""beat_rate_hz"": 1.0, ""frequencies_hz"": ""440,441""}",phase_vocoder,Phase Vocoder,local phase vocoder,12,0.5592474819514334,0.4160352126607815,446.68369063347285,0.0003169034829330302,0.051915340592728676,0.36620059028554147,0.13947761145373438
beating_rate_1_0hz,beating_rate,1 Hz,1.0,Hz beat rate,"{""beat_rate_hz"": 1.0, ""frequencies_hz"": ""440,441""}",psola,PSOLA,local pitch-synchronous overlap-add,12,0.4500394836906724,0.3167926318470494,320.73464352048745,0.00013639912910357117,0.0,0.2381260010236864,0.07942080005092998
beating_rate_1_0hz,beating_rate,1 Hz,1.0,Hz beat rate,"{""beat_rate_hz"": 1.0, ""frequencies_hz"": ""440,441""}",rubber_band,Rubber Band,local hybrid spectral/time-domain proxy,12,75.61002154296615,1.8734100241236855,602.0974007908942,0.12436451622222539,0.8142908157969309,0.5242370943348093,0.4876308087846552
beating_rate_1_0hz,beating_rate,1 Hz,1.0,Hz beat rate,"{""beat_rate_hz"": 1.0, ""frequencies_hz"": ""440,441""}",wsola,WSOLA,local waveform-similarity overlap-add,12,112.69971861495301,1.9627770330724967,600.2095178115495,0.18566819278741398,0.8610400908489255,0.5223173510521378,0.5230085448961591
beating_rate_2_0hz,beating_rate,2 Hz,2.0,Hz beat rate,"{""beat_rate_hz"": 2.0, ""frequencies_hz"": ""440,442""}",phase_vocoder,Phase Vocoder,local phase vocoder,-12,0.5833414109007777,0.420896911131639,213.96356784097847,0.0003567271144021269,0.05445857082620517,0.1295530346047154,0.0614561108484409
beating_rate_2_0hz,beating_rate,2 Hz,2.0,Hz beat rate,"{""beat_rate_hz"": 2.0, ""frequencies_hz"": ""440,442""}",psola,PSOLA,local pitch-synchronous overlap-add,-12,0.5280762230380308,0.3574695541469699,435.5422284764196,0.00026538209221236403,0.021278731953050252,0.35487110251052856,0.1254717388519304
beating_rate_2_0hz,beating_rate,2 Hz,2.0,Hz beat rate,"{""beat_rate_hz"": 2.0, ""frequencies_hz"": ""440,442""}",rubber_band,Rubber Band,local hybrid spectral/time-domain proxy,-12,320.4829233472925,1.9848262533517285,306.3520010996763,0.5291024989201103,0.872574381585972,0.22350063415693217,0.5417258382210048
beating_rate_2_0hz,beating_rate,2 Hz,2.0,Hz beat rate,"{""beat_rate_hz"": 2.0, ""frequencies_hz"": ""440,442""}",wsola,WSOLA,local waveform-similarity overlap-add,-12,565.8373848211806,2.1054530860505554,306.81702834959697,0.9346364271381852,0.9356761575860897,0.22397350930282933,0.6980953646757014
beating_rate_2_0hz,beating_rate,2 Hz,2.0,Hz beat rate,"{""beat_rate_hz"": 2.0, ""frequencies_hz"": ""440,442""}",phase_vocoder,Phase Vocoder,local phase vocoder,3,0.5462949261139526,0.39069566317912746,92.54910913512897,0.0002954948612284008,0.038659827374310396,0.006089560401114865,0.015014960878884554
beating_rate_2_0hz,beating_rate,2 Hz,2.0,Hz beat rate,"{""beat_rate_hz"": 2.0, ""frequencies_hz"": ""440,442""}",psola,PSOLA,local pitch-synchronous overlap-add,3,0.49317079948506426,0.4684659926301778,918.9233707407554,0.00020768869041108186,0.07934269866156472,0.8464098848317194,0.30865342406123175
beating_rate_2_0hz,beating_rate,2 Hz,2.0,Hz beat rate,"{""beat_rate_hz"": 2.0, ""frequencies_hz"": ""440,442""}",rubber_band,Rubber Band,local hybrid spectral/time-domain proxy,3,163.78347353630608,2.0380569394843873,287.6163611977815,0.27010193683649236,0.9004201830343281,0.20444880772397298,0.4583236425315978
beating_rate_2_0hz,beating_rate,2 Hz,2.0,Hz beat rate,"{""beat_rate_hz"": 2.0, ""frequencies_hz"": ""440,442""}",wsola,WSOLA,local waveform-similarity overlap-add,3,349.33992931967714,2.199779562122615,286.8443651924643,0.5767987784916926,0.9850198071772263,0.20366378335452223,0.5884941230078137
beating_rate_2_0hz,beating_rate,2 Hz,2.0,Hz beat rate,"{""beat_rate_hz"": 2.0, ""frequencies_hz"": ""440,442""}",phase_vocoder,Phase Vocoder,local phase vocoder,7,0.5499174682648541,0.4110560923254071,236.00621998606186,0.0003014823771666304,0.0493106851520534,0.1519676831029369,0.06719328354405231
beating_rate_2_0hz,beating_rate,2 Hz,2.0,Hz beat rate,"{""beat_rate_hz"": 2.0, ""frequencies_hz"": ""440,442""}",psola,PSOLA,local pitch-synchronous overlap-add,7,0.45903033356997214,0.36369784087005774,325.7158087433838,0.00015125964823849405,0.024536845797803616,0.24319122942033783,0.08929311162212665
beating_rate_2_0hz,beating_rate,2 Hz,2.0,Hz beat rate,"{""beat_rate_hz"": 2.0, ""frequencies_hz"": ""440,442""}",rubber_band,Rubber Band,local hybrid spectral/time-domain proxy,7,106.23785997235731,1.9443827416682666,411.48494212924504,0.1749877148243074,0.851417750363798,0.3304078204270585,0.4522710952050546
beating_rate_2_0hz,beating_rate,2 Hz,2.0,Hz beat rate,"{""beat_rate_hz"": 2.0, ""frequencies_hz"": ""440,442""}",wsola,WSOLA,local waveform-similarity overlap-add,7,175.56076917037174,2.0209366242204165,407.6122299163045,0.2895680306404419,0.8914642793214639,0.326469751522442,0.5025006871614492
beating_rate_2_0hz,beating_rate,2 Hz,2.0,Hz beat rate,"{""beat_rate_hz"": 2.0, ""frequencies_hz"": ""440,442""}",phase_vocoder,Phase Vocoder,local phase vocoder,12,0.5493325544158821,0.42064487598876193,447.49298245254846,0.0003005156027724831,0.054326727315319866,0.36702353988061154,0.1405502609329013
beating_rate_2_0hz,beating_rate,2 Hz,2.0,Hz beat rate,"{""beat_rate_hz"": 2.0, ""frequencies_hz"": ""440,442""}",psola,PSOLA,local pitch-synchronous overlap-add,12,0.4503883205498924,0.3192443211739,281.25780064024246,0.0001369757038313219,0.0012825168933272445,0.1979829387843462,0.06646747712716826
beating_rate_2_0hz,beating_rate,2 Hz,2.0,Hz beat rate,"{""beat_rate_hz"": 2.0, ""frequencies_hz"": ""440,442""}",rubber_band,Rubber Band,local hybrid spectral/time-domain proxy,12,48.977100856186254,1.729640136006606,591.0511580770421,0.08034431426156233,0.739082546852519,0.513004432946,0.44414376468669375
beating_rate_2_0hz,beating_rate,2 Hz,2.0,Hz beat rate,"{""beat_rate_hz"": 2.0, ""frequencies_hz"": ""440,442""}",wsola,WSOLA,local waveform-similarity overlap-add,12,124.86092197068857,1.9899502603795056,604.8092954919904,0.20576882816646594,0.8752548295133173,0.5269947555313462,0.5360061377370432
beating_rate_5_0hz,beating_rate,5 Hz,5.0,Hz beat rate,"{""beat_rate_hz"": 5.0, ""frequencies_hz"": ""440,445""}",phase_vocoder,Phase Vocoder,local phase vocoder,-12,0.562143427977556,0.4352489134887119,215.47437563339707,0.0003216900450392425,0.06196632691684472,0.13108933910167633,0.06445911868785344
beating_rate_5_0hz,beating_rate,5 Hz,5.0,Hz beat rate,"{""beat_rate_hz"": 5.0, ""frequencies_hz"": ""440,445""}",psola,PSOLA,local pitch-synchronous overlap-add,-12,0.5268967368159994,0.3745892281798881,436.5723380486036,0.0002634325793401458,0.03023430022795814,0.35591859642474466,0.12880544307734765
beating_rate_5_0hz,beating_rate,5 Hz,5.0,Hz beat rate,"{""beat_rate_hz"": 5.0, ""frequencies_hz"": ""440,445""}",rubber_band,Rubber Band,local hybrid spectral/time-domain proxy,-12,370.05326505499653,2.0154364509052556,308.32594488298685,0.6110347991321319,0.888587052947116,0.2255078906234833,0.5750432475675771
beating_rate_5_0hz,beating_rate,5 Hz,5.0,Hz beat rate,"{""beat_rate_hz"": 5.0, ""frequencies_hz"": ""440,445""}",wsola,WSOLA,local waveform-similarity overlap-add,-12,583.0964736195848,2.11862206053127,308.52022779272124,0.9631630984521539,0.9425650533586254,0.22570545229175468,0.710477868034178
beating_rate_5_0hz,beating_rate,5 Hz,5.0,Hz beat rate,"{""beat_rate_hz"": 5.0, ""frequencies_hz"": ""440,445""}",phase_vocoder,Phase Vocoder,local phase vocoder,3,0.5433870038218779,0.4097117161884628,94.62645330613898,0.00029068850416045133,0.04860742104443014,0.008201962261677935,0.01903335727008951
beating_rate_5_0hz,beating_rate,5 Hz,5.0,Hz beat rate,"{""beat_rate_hz"": 5.0, ""frequencies_hz"": ""440,445""}",psola,PSOLA,local pitch-synchronous overlap-add,3,0.4923521510036275,0.4755486077560431,845.8756534812148,0.0002063355879139335,0.08304772500742966,0.7721293991989923,0.28512781993144526
beating_rate_5_0hz,beating_rate,5 Hz,5.0,Hz beat rate,"{""beat_rate_hz"": 5.0, ""frequencies_hz"": ""440,445""}",rubber_band,Rubber Band,local hybrid spectral/time-domain proxy,3,201.52117208170327,2.075098530744206,289.0664791086637,0.3324766621261451,0.9197972166683027,0.205923398124414,0.48606575897295395
beating_rate_5_0hz,beating_rate,5 Hz,5.0,Hz beat rate,"{""beat_rate_hz"": 5.0, ""frequencies_hz"": ""440,445""}",wsola,WSOLA,local waveform-similarity overlap-add,3,410.60310982423096,2.2284160495239447,288.4841504058945,0.6780575780908544,1.0,0.20533124192210744,0.627796273337654
beating_rate_5_0hz,beating_rate,5 Hz,5.0,Hz beat rate,"{""beat_rate_hz"": 5.0, ""frequencies_hz"": ""440,445""}",phase_vocoder,Phase Vocoder,local phase vocoder,7,0.5686917772683668,0.4356641222326704,239.53672830226608,0.0003325134790020652,0.062183529081308205,0.15555777300713272,0.07269127185581432
beating_rate_5_0hz,beating_rate,5 Hz,5.0,Hz beat rate,"{""beat_rate_hz"": 5.0, ""frequencies_hz"": ""440,445""}",psola,PSOLA,local pitch-synchronous overlap-add,7,0.45844142043751734,0.3871379865371049,311.95379594953056,0.00015028626363179507,0.03679875128101477,0.22919696605439113,0.08871533453301257
beating_rate_5_0hz,beating_rate,5 Hz,5.0,Hz beat rate,"{""beat_rate_hz"": 5.0, ""frequencies_hz"": ""440,445""}",rubber_band,Rubber Band,local hybrid spectral/time-domain proxy,7,85.90102127917056,1.850325287075549,408.4210034387512,0.14137398702313966,0.8022148301008619,0.32729217407400213,0.4236269970660012
beating_rate_5_0hz,beating_rate,5 Hz,5.0,Hz beat rate,"{""beat_rate_hz"": 5.0, ""frequencies_hz"": ""440,445""}",wsola,WSOLA,local waveform-similarity overlap-add,7,170.33883657866315,2.002556407377766,408.0864216520452,0.2809369634730289,0.8818493014588328,0.3269519458159159,0.4965794035825925
beating_rate_5_0hz,beating_rate,5 Hz,5.0,Hz beat rate,"{""beat_rate_hz"": 5.0, ""frequencies_hz"": ""440,445""}",phase_vocoder,Phase Vocoder,local phase vocoder,12,0.5262552765187828,0.447581508478407,449.84095742142006,0.00026237234219359673,0.0684176995437203,0.3694111397603119,0.14603040388207528
beating_rate_5_0hz,beating_rate,5 Hz,5.0,Hz beat rate,"{""beat_rate_hz"": 5.0, ""frequencies_hz"": ""440,445""}",psola,PSOLA,local pitch-synchronous overlap-add,12,0.4500912207668635,0.339404839886138,332.40999737718033,0.0001364846426891658,0.011828798407673894,0.24999839056500106,0.0873212245384547
beating_rate_5_0hz,beating_rate,5 Hz,5.0,Hz beat rate,"{""beat_rate_hz"": 5.0, ""frequencies_hz"": ""440,445""}",rubber_band,Rubber Band,local hybrid spectral/time-domain proxy,12,52.736337396482945,1.788661698040969,599.8224491667257,0.08655776541353859,0.7699576457284729,0.5219237501568688,0.4594797204329601
beating_rate_5_0hz,beating_rate,5 Hz,5.0,Hz beat rate,"{""beat_rate_hz"": 5.0, ""frequencies_hz"": ""440,445""}",wsola,WSOLA,local waveform-similarity overlap-add,12,88.7302585877273,1.9057478320888852,600.1231221473115,0.14605028967811404,0.831207227087026,0.5222294973568148,0.49982900470731834
beating_rate_10_0hz,beating_rate,10 Hz,10.0,Hz beat rate,"{""beat_rate_hz"": 10.0, ""frequencies_hz"": ""440,450""}",phase_vocoder,Phase Vocoder,local phase vocoder,-12,0.5636272447282832,0.4482546708584946,216.28785302218924,0.0003241425703858917,0.06876984127512138,0.13191654490300245,0.06700350958283657
beating_rate_10_0hz,beating_rate,10 Hz,10.0,Hz beat rate,"{""beat_rate_hz"": 10.0, ""frequencies_hz"": ""440,450""}",psola,PSOLA,local pitch-synchronous overlap-add,-12,0.5269805511162251,0.4021116744697252,439.15517726159413,0.00026357111174019765,0.04463172078440005,0.35854502416608697,0.13448010535407573
beating_rate_10_0hz,beating_rate,10 Hz,10.0,Hz beat rate,"{""beat_rate_hz"": 10.0, ""frequencies_hz"": ""440,450""}",rubber_band,Rubber Band,local hybrid spectral/time-domain proxy,-12,301.1641629680056,1.9820718379156517,307.0090587387508,0.49717150105745395,0.871133503947308,0.2241687804365173,0.5308245951470931
beating_rate_10_0hz,beating_rate,10 Hz,10.0,Hz beat rate,"{""beat_rate_hz"": 10.0, ""frequencies_hz"": ""440,450""}",wsola,WSOLA,local waveform-similarity overlap-add,-12,328.82195555926484,1.926783114022906,302.93001951749756,0.5428856617374619,0.8422111108747563,0.22002090250635434,0.5350392250395242
beating_rate_10_0hz,beating_rate,10 Hz,10.0,Hz beat rate,"{""beat_rate_hz"": 10.0, ""frequencies_hz"": ""440,450""}",phase_vocoder,Phase Vocoder,local phase vocoder,3,0.556508691324888,0.44477573233222834,92.5373388138737,0.0003123766750051133,0.066949954317211,0.006077591441485529,0.024446640811233877
beating_rate_10_0hz,beating_rate,10 Hz,10.0,Hz beat rate,"{""beat_rate_hz"": 10.0, ""frequencies_hz"": ""440,450""}",psola,PSOLA,local pitch-synchronous overlap-add,3,0.4921431094141923,0.5016136498908565,878.4678700118129,0.00020599007368763677,0.09668275473859349,0.8052716487115686,0.3007201311746166
beating_rate_10_0hz,beating_rate,10 Hz,10.0,Hz beat rate,"{""beat_rate_hz"": 10.0, ""frequencies_hz"": ""440,450""}",rubber_band,Rubber Band,local hybrid spectral/time-domain proxy,3,120.51736562743045,1.9484690214509952,287.3105368366791,0.19858958448882258,0.8535553469976027,0.20413782220774812,0.4187609178980578
beating_rate_10_0hz,beating_rate,10 Hz,10.0,Hz beat rate,"{""beat_rate_hz"": 10.0, ""frequencies_hz"": ""440,450""}",wsola,WSOLA,local waveform-similarity overlap-add,3,365.50093778746214,2.2193211046963826,294.6078746689444,0.6035104885968864,0.9952422926275852,0.21155831142140585,0.6034370308819591
beating_rate_10_0hz,beating_rate,10 Hz,10.0,Hz beat rate,"{""beat_rate_hz"": 10.0, ""frequencies_hz"": ""440,450""}",phase_vocoder,Phase Vocoder,local phase vocoder,7,0.5495074714636334,0.46734130006524394,238.002746029608,0.0003008047142769602,0.07875435445394842,0.15399790293261437,0.07768435403361325
beating_rate_10_0hz,beating_rate,10 Hz,10.0,Hz beat rate,"{""beat_rate_hz"": 10.0, ""frequencies_hz"": ""440,450""}",psola,PSOLA,local pitch-synchronous overlap-add,7,0.45805902492770545,0.41035882779338173,303.805793454757,0.00014965422151486996,0.048945935209372377,0.2209114561855745,0.0900023485388206
beating_rate_10_0hz,beating_rate,10 Hz,10.0,Hz beat rate,"{""beat_rate_hz"": 10.0, ""frequencies_hz"": ""440,450""}",rubber_band,Rubber Band,local hybrid spectral/time-domain proxy,7,152.54950225263866,2.0363579366433706,425.2814698730217,0.25153387625676027,0.8995314081713996,0.34443718122435674,0.4985008218841722
beating_rate_10_0hz,beating_rate,10 Hz,10.0,Hz beat rate,"{""beat_rate_hz"": 10.0, ""frequencies_hz"": ""440,450""}",wsola,WSOLA,local waveform-similarity overlap-add,7,244.92976755000242,2.1595336078856047,427.7983099193387,0.4042245249240757,0.963966521333972,0.3469964959834487,0.5717291807471655
beating_rate_10_0hz,beating_rate,10 Hz,10.0,Hz beat rate,"{""beat_rate_hz"": 10.0, ""frequencies_hz"": ""440,450""}",phase_vocoder,Phase Vocoder,local phase vocoder,12,0.5911453033530599,0.49758526962857375,451.9260698130964,0.00036962577188956046,0.09457544624622405,0.37153144093963875,0.15549217098591747
beating_rate_10_0hz,beating_rate,10 Hz,10.0,Hz beat rate,"{""beat_rate_hz"": 10.0, ""frequencies_hz"": ""440,450""}",psola,PSOLA,local pitch-synchronous overlap-add,12,0.4503022520589906,0.3572572191618251,384.85317501929467,0.0001368334455939883,0.02116765621335105,0.30332661011139417,0.10821036659011307
beating_rate_10_0hz,beating_rate,10 Hz,10.0,Hz beat rate,"{""beat_rate_hz"": 10.0, ""frequencies_hz"": ""440,450""}",rubber_band,Rubber Band,local hybrid spectral/time-domain proxy,12,63.63327052121576,1.860604908368083,607.6837946416275,0.10456875273798494,0.8075922601937755,0.5299177653227032,0.48069292608482117
beating_rate_10_0hz,beating_rate,10 Hz,10.0,Hz beat rate,"{""beat_rate_hz"": 10.0, ""frequencies_hz"": ""440,450""}",wsola,WSOLA,local waveform-similarity overlap-add,12,102.66705350386363,1.9707360195576742,611.0537178162895,0.16908571016795892,0.8652035607099767,0.5333445600173201,0.5225446102984186
three_oscillators_07hz,three_oscillators,440 + 443 + 447,7.0,Hz spread,"{""frequencies_hz"": ""440,443,447"", ""spread_hz"": 7.0}",phase_vocoder,Phase Vocoder,local phase vocoder,-12,0.41771057785147664,0.4042837793600842,217.67567795701663,8.296432257425679e-05,0.045767982702031654,0.13332779105825068,0.05972624602761886
three_oscillators_07hz,three_oscillators,440 + 443 + 447,7.0,Hz spread,"{""frequencies_hz"": ""440,443,447"", ""spread_hz"": 7.0}",psola,PSOLA,local pitch-synchronous overlap-add,-12,0.43086344682266386,0.3625724261442425,436.3814608337461,0.00010470403168401288,0.023948123816576326,0.35572449792656075,0.12659244192494037
three_oscillators_07hz,three_oscillators,440 + 443 + 447,7.0,Hz spread,"{""frequencies_hz"": ""440,443,447"", ""spread_hz"": 7.0}",rubber_band,Rubber Band,local hybrid spectral/time-domain proxy,-12,339.2816457654182,1.8536519468629133,296.372043207959,0.5601739524486414,0.8039550576773827,0.21335225243328418,0.5258270875197695
three_oscillators_07hz,three_oscillators,440 + 443 + 447,7.0,Hz spread,"{""frequencies_hz"": ""440,443,447"", ""spread_hz"": 7.0}",wsola,WSOLA,local waveform-similarity overlap-add,-12,593.8833660604269,1.9807353170185942,297.55397794264843,0.9809922051189837,0.8704343490380835,0.21455413374282575,0.6886602292999643
three_oscillators_07hz,three_oscillators,440 + 443 + 447,7.0,Hz spread,"{""frequencies_hz"": ""440,443,447"", ""spread_hz"": 7.0}",phase_vocoder,Phase Vocoder,local phase vocoder,3,0.4455008662881933,0.40440185213466734,91.92065395171831,0.0001288974789079738,0.045829748410429715,0.005450499278146621,0.017136381722494768
three_oscillators_07hz,three_oscillators,440 + 443 + 447,7.0,Hz spread,"{""frequencies_hz"": ""440,443,447"", ""spread_hz"": 7.0}",psola,PSOLA,local pitch-synchronous overlap-add,3,0.40258843305484576,0.45269686139208415,866.2738989080797,5.796969746892567e-05,0.07109362036911676,0.7928718896313703,0.28800782656598534
three_oscillators_07hz,three_oscillators,440 + 443 + 447,7.0,Hz spread,"{""frequencies_hz"": ""440,443,447"", ""spread_hz"": 7.0}",rubber_band,Rubber Band,local hybrid spectral/time-domain proxy,3,146.26196851564742,1.8913970696202922,269.9602267018884,0.2411415310764502,0.8237001196013723,0.18649470465334772,0.4171121184437235
three_oscillators_07hz,three_oscillators,440 + 443 + 447,7.0,Hz spread,"{""frequencies_hz"": ""440,443,447"", ""spread_hz"": 7.0}",wsola,WSOLA,local waveform-similarity overlap-add,3,326.7890013347736,2.063835746937813,271.35596196429634,0.539525494950223,0.9139054789430555,0.18791399463249955,0.5471149895085926
three_oscillators_07hz,three_oscillators,440 + 443 + 447,7.0,Hz spread,"{""frequencies_hz"": ""440,443,447"", ""spread_hz"": 7.0}",phase_vocoder,Phase Vocoder,local phase vocoder,7,0.46178338440010414,0.4300578690306624,238.18819702402064,0.0001558100261326669,0.059250810665030886,0.15418648363633572,0.07119770144249976
three_oscillators_07hz,three_oscillators,440 + 443 + 447,7.0,Hz spread,"{""frequencies_hz"": ""440,443,447"", ""spread_hz"": 7.0}",psola,PSOLA,local pitch-synchronous overlap-add,7,0.37429064099844733,0.37877795161893296,332.9737674221882,1.1197714177516087e-05,0.032425486734835744,0.25057167490980237,0.09433611978627188
three_oscillators_07hz,three_oscillators,440 + 443 + 447,7.0,Hz spread,"{""frequencies_hz"": ""440,443,447"", ""spread_hz"": 7.0}",rubber_band,Rubber Band,local hybrid spectral/time-domain proxy,7,136.24039956018265,1.873065654794161,399.1830126551131,0.22457738872907146,0.8141106708340998,0.317898281048691,0.4521954468706208
three_oscillators_07hz,three_oscillators,440 + 443 + 447,7.0,Hz spread,"{""frequencies_hz"": ""440,443,447"", ""spread_hz"": 7.0}",wsola,WSOLA,local waveform-similarity overlap-add,7,274.20672593916277,2.0330495791302776,400.16005988420267,0.4526149225166497,0.8978007547997677,0.31889181712874426,0.5564358314817206
three_oscillators_07hz,three_oscillators,440 + 443 + 447,7.0,Hz spread,"{""frequencies_hz"": ""440,443,447"", ""spread_hz"": 7.0}",phase_vocoder,Phase Vocoder,local phase vocoder,12,0.42737303572410645,0.43097487802597856,444.07537991830986,9.893490845148264e-05,0.05973051236089656,0.36354826117969186,0.14112590281634663
three_oscillators_07hz,three_oscillators,440 + 443 + 447,7.0,Hz spread,"{""frequencies_hz"": ""440,443,447"", ""spread_hz"": 7.0}",psola,PSOLA,local pitch-synchronous overlap-add,12,0.36777694375175835,0.33372126117717066,331.7457249679948,4.315548185016654e-07,0.008855629813686731,0.24932290775735347,0.08605965637528623
three_oscillators_07hz,three_oscillators,440 + 443 + 447,7.0,Hz spread,"{""frequencies_hz"": ""440,443,447"", ""spread_hz"": 7.0}",rubber_band,Rubber Band,local hybrid spectral/time-domain proxy,12,67.72491739295683,1.7720426303126073,588.8930154214805,0.11133162804422811,0.7612639524127894,0.5108098690289614,0.4611351498286596
three_oscillators_07hz,three_oscillators,440 + 443 + 447,7.0,Hz spread,"{""frequencies_hz"": ""440,443,447"", ""spread_hz"": 7.0}",wsola,WSOLA,local waveform-similarity overlap-add,12,121.45458321876525,1.8990594868009276,589.9914578810934,0.2001386638457901,0.827708449437563,0.511926849030537,0.5132579874379634
three_oscillators_20hz,three_oscillators,440 + 450 + 460,20.0,Hz spread,"{""frequencies_hz"": ""440,450,460"", ""spread_hz"": 20.0}",phase_vocoder,Phase Vocoder,local phase vocoder,-12,0.4578661475728986,0.45666405486898043,220.4086927355378,0.0001493354243310354,0.07316892110053248,0.1361069287590042,0.06980839509462257
three_oscillators_20hz,three_oscillators,440 + 450 + 460,20.0,Hz spread,"{""frequencies_hz"": ""440,450,460"", ""spread_hz"": 20.0}",psola,PSOLA,local pitch-synchronous overlap-add,-12,0.40423940373572426,0.40158233036079194,442.5682320576086,6.069850305724704e-05,0.04435481263186417,0.36201567838021237,0.13547706317171126
three_oscillators_20hz,three_oscillators,440 + 450 + 460,20.0,Hz spread,"{""frequencies_hz"": ""440,450,460"", ""spread_hz"": 20.0}",rubber_band,Rubber Band,local hybrid spectral/time-domain proxy,-12,323.8773383181859,1.8571679570445505,293.22273499677607,0.5347129550287111,0.8057943373959321,0.21014979584586427,0.5168856960901692
three_oscillators_20hz,three_oscillators,440 + 450 + 460,20.0,Hz spread,"{""frequencies_hz"": ""440,450,460"", ""spread_hz"": 20.0}",wsola,WSOLA,local waveform-similarity overlap-add,-12,476.4084164128143,1.9627508828655635,293.68994050674337,0.7868238272071479,0.8610264112681612,0.21062488601257476,0.619491708162628
three_oscillators_20hz,three_oscillators,440 + 450 + 460,20.0,Hz spread,"{""frequencies_hz"": ""440,450,460"", ""spread_hz"": 20.0}",phase_vocoder,Phase Vocoder,local phase vocoder,3,0.48025945980282225,0.4604778198385984,97.24094927011835,0.00018634819279614548,0.0751639609888033,0.01086058099988125,0.028736963393826902
three_oscillators_20hz,three_oscillators,440 + 450 + 460,20.0,Hz spread,"{""frequencies_hz"": ""440,450,460"", ""spread_hz"": 20.0}",psola,PSOLA,local pitch-synchronous overlap-add,3,0.40608479334842124,0.5032783720127711,986.8541574921902,6.374865382375137e-05,0.09755359682313838,0.9154870855795739,0.33770147701884534
three_oscillators_20hz,three_oscillators,440 + 450 + 460,20.0,Hz spread,"{""frequencies_hz"": ""440,450,460"", ""spread_hz"": 20.0}",rubber_band,Rubber Band,local hybrid spectral/time-domain proxy,3,142.50130188827285,1.897881995673434,279.995659726189,0.2349257162061747,0.8270924854790735,0.19669949771938147,0.4195725664682099
three_oscillators_20hz,three_oscillators,440 + 450 + 460,20.0,Hz spread,"{""frequencies_hz"": ""440,450,460"", ""spread_hz"": 20.0}",wsola,WSOLA,local waveform-similarity overlap-add,3,391.3773710963325,2.098706293630549,281.6290816392288,0.6462803309913604,0.9321468053310282,0.19836048559820374,0.5922625406401975
three_oscillators_20hz,three_oscillators,440 + 450 + 460,20.0,Hz spread,"{""frequencies_hz"": ""440,450,460"", ""spread_hz"": 20.0}",phase_vocoder,Phase Vocoder,local phase vocoder,7,0.4756440384278672,0.4877851253105489,241.1183703253053,0.00017871959721519086,0.08944883803071345,0.15716610714782953,0.08226455492525271
three_oscillators_20hz,three_oscillators,440 + 450 + 460,20.0,Hz spread,"{""frequencies_hz"": ""440,450,460"", ""spread_hz"": 20.0}",psola,PSOLA,local pitch-synchronous overlap-add,7,0.37544984431324163,0.43012797841782996,598.14158489451,1.3113702462497716e-05,0.05928748597802363,0.5202145192718123,0.19317170631743283
three_oscillators_20hz,three_oscillators,440 + 450 + 460,20.0,Hz spread,"{""frequencies_hz"": ""440,450,460"", ""spread_hz"": 20.0}",rubber_band,Rubber Band,local hybrid spectral/time-domain proxy,7,98.29235540513987,1.852498583330538,414.7758650250457,0.16185499386434526,0.8033517152398973,0.33375428161778115,0.43298699690734127
three_oscillators_20hz,three_oscillators,440 + 450 + 460,20.0,Hz spread,"{""frequencies_hz"": ""440,450,460"", ""spread_hz"": 20.0}",wsola,WSOLA,local waveform-similarity overlap-add,7,241.6348100508643,2.039490634099582,414.4822913130888,0.39877845701925674,0.9011701710298388,0.33345575349518863,0.5444681271814281
three_oscillators_20hz,three_oscillators,440 + 450 + 460,20.0,Hz spread,"{""frequencies_hz"": ""440,450,460"", ""spread_hz"": 20.0}",phase_vocoder,Phase Vocoder,local phase vocoder,12,0.47103957577951655,0.5164899827096687,458.44092462299636,0.00017110911475686492,0.10446479626479045,0.37815624178573054,0.1609307157217593
three_oscillators_20hz,three_oscillators,440 + 450 + 460,20.0,Hz spread,"{""frequencies_hz"": ""440,450,460"", ""spread_hz"": 20.0}",psola,PSOLA,local pitch-synchronous overlap-add,12,0.3675158462387705,0.36523674632781894,335.81402236095346,0.0,0.02534187122463761,0.25345986257790754,0.09293391126751505
three_oscillators_20hz,three_oscillators,440 + 450 + 460,20.0,Hz spread,"{""frequencies_hz"": ""440,450,460"", ""spread_hz"": 20.0}",rubber_band,Rubber Band,local hybrid spectral/time-domain proxy,12,21.760810157499236,1.5419510404986128,562.1606495889143,0.03535988963662748,0.6408994560970799,0.4836263622658477,0.386628569333185
three_oscillators_20hz,three_oscillators,440 + 450 + 460,20.0,Hz spread,"{""frequencies_hz"": ""440,450,460"", ""spread_hz"": 20.0}",wsola,WSOLA,local waveform-similarity overlap-add,12,92.41715308309203,1.895160891919167,611.4270018337095,0.15214417033815647,0.8256690337002844,0.5337241436529644,0.5038457825638017
three_oscillators_80hz,three_oscillators,440 + 480 + 520,80.0,Hz spread,"{""frequencies_hz"": ""440,480,520"", ""spread_hz"": 80.0}",phase_vocoder,Phase Vocoder,local phase vocoder,-12,0.511915856974003,0.5967848975922656,237.97075346592624,0.00023867144390371392,0.14646831753373132,0.15396537045581604,0.10022411981115036
three_oscillators_80hz,three_oscillators,440 + 480 + 520,80.0,Hz spread,"{""frequencies_hz"": ""440,480,520"", ""spread_hz"": 80.0}",psola,PSOLA,local pitch-synchronous overlap-add,-12,0.44455659367540395,0.7145651204314313,480.9276694083948,0.00012733673866435709,0.20808098755547563,0.40102247752344533,0.20307693393919513
three_oscillators_80hz,three_oscillators,440 + 480 + 520,80.0,Hz spread,"{""frequencies_hz"": ""440,480,520"", ""spread_hz"": 80.0}",rubber_band,Rubber Band,local hybrid spectral/time-domain proxy,-12,291.5963640877974,1.8620040166208691,303.8255433316425,0.4813573722212262,0.8083241555241257,0.220931539365464,0.5035376890369386
three_oscillators_80hz,three_oscillators,440 + 480 + 520,80.0,Hz spread,"{""frequencies_hz"": ""440,480,520"", ""spread_hz"": 80.0}",wsola,WSOLA,local waveform-similarity overlap-add,-12,480.0379741627257,2.002977951284521,306.9960212353776,0.7928229388726702,0.8820698176456805,0.22415552290954274,0.6330160931426311
three_oscillators_80hz,three_oscillators,440 + 480 + 520,80.0,Hz spread,"{""frequencies_hz"": ""440,480,520"", ""spread_hz"": 80.0}",phase_vocoder,Phase Vocoder,local phase vocoder,3,0.4180163475544592,0.4365617395418286,86.84484766323526,8.346971378677319e-05,0.06265308668394994,0.00028903263372621917,0.021008529677154306
three_oscillators_80hz,three_oscillators,440 + 480 + 520,80.0,Hz spread,"{""frequencies_hz"": ""440,480,520"", ""spread_hz"": 80.0}",psola,PSOLA,local pitch-synchronous overlap-add,3,0.3967063662054142,0.3746422868778024,677.5005008707508,4.8247527914062475e-05,0.030262056059689246,0.6009127127151132,0.2104076721009055
three_oscillators_80hz,three_oscillators,440 + 480 + 520,80.0,Hz spread,"{""frequencies_hz"": ""440,480,520"", ""spread_hz"": 80.0}",rubber_band,Rubber Band,local hybrid spectral/time-domain proxy,3,115.05764804021076,1.8614713383731258,287.01081172572094,0.1895654945790406,0.8080455032316202,0.2038330388738735,0.40048134556151144
three_oscillators_80hz,three_oscillators,440 + 480 + 520,80.0,Hz spread,"{""frequencies_hz"": ""440,480,520"", ""spread_hz"": 80.0}",wsola,WSOLA,local waveform-similarity overlap-add,3,198.14815653664948,2.030315787902074,295.501139953864,0.32690157604167264,0.8963706660056444,0.2124666516358842,0.4785796312277337
three_oscillators_80hz,three_oscillators,440 + 480 + 520,80.0,Hz spread,"{""frequencies_hz"": ""440,480,520"", ""spread_hz"": 80.0}",phase_vocoder,Phase Vocoder,local phase vocoder,7,0.41923014554750626,0.5744082265213644,233.86720351397688,8.54759388426643e-05,0.1347627321846595,0.14979256814680011,0.09488025875676742
three_oscillators_80hz,three_oscillators,440 + 480 + 520,80.0,Hz spread,"{""frequencies_hz"": ""440,480,520"", ""spread_hz"": 80.0}",psola,PSOLA,local pitch-synchronous overlap-add,7,0.38376627433390215,0.35812053515253295,351.65346511615144,2.6859507265758297e-05,0.021619270261769106,0.26956661504256746,0.09707091493720077
three_oscillators_80hz,three_oscillators,440 + 480 + 520,80.0,Hz spread,"{""frequencies_hz"": ""440,480,520"", ""spread_hz"": 80.0}",rubber_band,Rubber Band,local hybrid spectral/time-domain proxy,7,52.88223060105169,1.7983413165365343,432.6003052355138,0.08679890488169283,0.7750212050080136,0.3518795307650043,0.40456654688490357
three_oscillators_80hz,three_oscillators,440 + 480 + 520,80.0,Hz spread,"{""frequencies_hz"": ""440,480,520"", ""spread_hz"": 80.0}",wsola,WSOLA,local waveform-similarity overlap-add,7,164.0968655765567,2.031198021844754,442.4801783707788,0.27061992662315304,0.8968321763295511,0.36192613868116563,0.5097927472112899
three_oscillators_80hz,three_oscillators,440 + 480 + 520,80.0,Hz spread,"{""frequencies_hz"": ""440,480,520"", ""spread_hz"": 80.0}",phase_vocoder,Phase Vocoder,local phase vocoder,12,0.413824919110883,0.5653563637354495,457.1218406312869,7.654191458818662e-05,0.13002756169960908,0.37681489665996293,0.16897300009138672
three_oscillators_80hz,three_oscillators,440 + 480 + 520,80.0,Hz spread,"{""frequencies_hz"": ""440,480,520"", ""spread_hz"": 80.0}",psola,PSOLA,local pitch-synchronous overlap-add,12,0.3759651694615467,0.4104985354119736,712.53207356472,1.3965457227609042e-05,0.04901901844182287,0.6365354854698134,0.22852282312295466
three_oscillators_80hz,three_oscillators,440 + 480 + 520,80.0,Hz spread,"{""frequencies_hz"": ""440,480,520"", ""spread_hz"": 80.0}",rubber_band,Rubber Band,local hybrid spectral/time-domain proxy,12,80.63947359152742,1.8565534034880955,633.8659559300203,0.13267744207564242,0.8054728548535169,0.5565417821760456,0.49823069303506823
three_oscillators_80hz,three_oscillators,440 + 480 + 520,80.0,Hz spread,"{""frequencies_hz"": ""440,480,520"", ""spread_hz"": 80.0}",wsola,WSOLA,local waveform-similarity overlap-add,12,39.29087406368588,1.7722713067355946,649.5059825978237,0.06433444194386702,0.7613835766132846,0.5724457531662069,0.46605459057445286
two_oscillators_00hz,two_oscillators,440 + 440,0.0,Hz separation,"{""frequencies_hz"": ""440,440"", ""separation_hz"": 0.0}",phase_vocoder,Phase Vocoder,local phase vocoder,-12,0.8884689454198389,0.4895459941204932,215.9055803906602,0.0008610569192798758,0.09036997594609021,0.13152782095953977,0.07425295127496995
two_oscillators_00hz,two_oscillators,440 + 440,0.0,Hz separation,"{""frequencies_hz"": ""440,440"", ""separation_hz"": 0.0}",psola,PSOLA,local pitch-synchronous overlap-add,-12,0.7433259354738968,0.4034200224108661,434.4761162729558,0.0006211574097164955,0.0453161379813451,0.35378699837718647,0.1332414312560827
two_oscillators_00hz,two_oscillators,440 + 440,0.0,Hz separation,"{""frequencies_hz"": ""440,440"", ""separation_hz"": 0.0}",rubber_band,Rubber Band,local hybrid spectral/time-domain proxy,-12,300.5520425057518,1.8566004311396238,295.53906857182955,0.4961597582339925,0.8054974557508975,0.21250522034504518,0.5047208114433117
two_oscillators_00hz,two_oscillators,440 + 440,0.0,Hz separation,"{""frequencies_hz"": ""440,440"", ""separation_hz"": 0.0}",wsola,WSOLA,local waveform-similarity overlap-add,-12,509.0391780600548,1.9773286894921045,296.5686315336193,0.8407575558708162,0.8686522890910309,0.21355215842415706,0.6409873344620014
two_oscillators_00hz,two_oscillators,440 + 440,0.0,Hz separation,"{""frequencies_hz"": ""440,440"", ""separation_hz"": 0.0}",phase_vocoder,Phase Vocoder,local phase vocoder,3,0.7233498957575032,0.43286444663028806,94.05547065761749,0.0005881400282196789,0.06071897514432794,0.0076213435919754565,0.02297615292150769
two_oscillators_00hz,two_oscillators,440 + 440,0.0,Hz separation,"{""frequencies_hz"": ""440,440"", ""separation_hz"": 0.0}",psola,PSOLA,local pitch-synchronous overlap-add,3,0.6967221361945515,0.5329712283200327,826.9114459356716,0.0005441283568184663,0.11308639268276742,0.7528451477675926,0.28882522293572616
two_oscillators_00hz,two_oscillators,440 + 440,0.0,Hz separation,"{""frequencies_hz"": ""440,440"", ""separation_hz"": 0.0}",rubber_band,Rubber Band,local hybrid spectral/time-domain proxy,3,119.18340470342108,1.8707063765188248,268.6316458195807,0.1963847482272227,0.812876495601928,0.18514370236549338,0.39813498206488135
two_oscillators_00hz,two_oscillators,440 + 440,0.0,Hz separation,"{""frequencies_hz"": ""440,440"", ""separation_hz"": 0.0}",wsola,WSOLA,local waveform-similarity overlap-add,3,239.07135312917913,2.0288490056067334,269.9743599301537,0.39454144926719087,0.8956033693290201,0.1865090763968941,0.4922179649977017
two_oscillators_00hz,two_oscillators,440 + 440,0.0,Hz separation,"{""frequencies_hz"": ""440,440"", ""separation_hz"": 0.0}",phase_vocoder,Phase Vocoder,local phase vocoder,7,0.7225993934780891,0.459804515371718,233.45103491028647,0.0005868995611188195,0.07481174492958666,0.1493693761957446,0.07492267356215003
two_oscillators_00hz,two_oscillators,440 + 440,0.0,Hz separation,"{""frequencies_hz"": ""440,440"", ""separation_hz"": 0.0}",psola,PSOLA,local pitch-synchronous overlap-add,7,0.6485139797498172,0.40950674977344137,344.2978168176038,0.0004644475434444441,0.048500199918592224,0.26208683130314747,0.10368382625506138
two_oscillators_00hz,two_oscillators,440 + 440,0.0,Hz separation,"{""frequencies_hz"": ""440,440"", ""separation_hz"": 0.0}",rubber_band,Rubber Band,local hybrid spectral/time-domain proxy,7,148.7126585751952,1.8950522295855883,400.0221161126785,0.24519215220933377,0.8256121907402255,0.31875154538962314,0.46318529611306075
two_oscillators_00hz,two_oscillators,440 + 440,0.0,Hz separation,"{""frequencies_hz"": ""440,440"", ""separation_hz"": 0.0}",wsola,WSOLA,local waveform-similarity overlap-add,7,297.5359580512276,2.053620508097109,401.0900702412232,0.4911746254211098,0.9085617283140125,0.3198375225327544,0.5731912920892922
two_oscillators_00hz,two_oscillators,440 + 440,0.0,Hz separation,"{""frequencies_hz"": ""440,440"", ""separation_hz"": 0.0}",phase_vocoder,Phase Vocoder,local phase vocoder,12,0.7187413507046418,0.45711762324047256,445.21010804592095,0.0005805227981622758,0.07340618978394468,0.3647021392136979,0.14622961726526829
two_oscillators_00hz,two_oscillators,440 + 440,0.0,Hz separation,"{""frequencies_hz"": ""440,440"", ""separation_hz"": 0.0}",psola,PSOLA,local pitch-synchronous overlap-add,12,0.6363470884233007,0.35903958185652296,280.60782713266497,0.0004443375067073711,0.02210003791479717,0.19732199618952528,0.07328879053700994
two_oscillators_00hz,two_oscillators,440 + 440,0.0,Hz separation,"{""frequencies_hz"": ""440,440"", ""separation_hz"": 0.0}",rubber_band,Rubber Band,local hybrid spectral/time-domain proxy,12,39.706699825524666,1.7089160157224672,585.968033167785,0.0650217392264995,0.7282414365728994,0.5078355241702488,0.43369956665654924
two_oscillators_00hz,two_oscillators,440 + 440,0.0,Hz separation,"{""frequencies_hz"": ""440,440"", ""separation_hz"": 0.0}",wsola,WSOLA,local waveform-similarity overlap-add,12,67.50560828559094,1.8276827780133573,586.4746549234969,0.11096914315901417,0.7903701807557999,0.5083506957794132,0.4698966732314091
two_oscillators_01hz,two_oscillators,440 + 441,1.0,Hz separation,"{""frequencies_hz"": ""440,441"", ""separation_hz"": 1.0}",phase_vocoder,Phase Vocoder,local phase vocoder,-12,0.5936339232520407,0.4283638400633301,216.1664499509614,0.0003737390853276482,0.05836463771293818,0.13179309300845435,0.06351048993557339
two_oscillators_01hz,two_oscillators,440 + 441,1.0,Hz separation,"{""frequencies_hz"": ""440,441"", ""separation_hz"": 1.0}",psola,PSOLA,local pitch-synchronous overlap-add,-12,0.4772817924726994,0.35915081526071074,435.2504542614064,0.00018142655769704273,0.02215822584195856,0.354574404253562,0.12563801888440587
two_oscillators_01hz,two_oscillators,440 + 441,1.0,Hz separation,"{""frequencies_hz"": ""440,441"", ""separation_hz"": 1.0}",rubber_band,Rubber Band,local hybrid spectral/time-domain proxy,-12,295.2664470473767,1.841373583523576,295.63763136561465,0.4874234659475994,0.7975320544719405,0.21260544650490812,0.499186988974816
two_oscillators_01hz,two_oscillators,440 + 441,1.0,Hz separation,"{""frequencies_hz"": ""440,441"", ""separation_hz"": 1.0}",wsola,WSOLA,local waveform-similarity overlap-add,-12,563.7179544588907,1.9746550885591652,296.4270998621474,0.9311333283347605,0.8672536867783494,0.21340823823494715,0.6705984177826857
two_oscillators_01hz,two_oscillators,440 + 441,1.0,Hz separation,"{""frequencies_hz"": ""440,441"", ""separation_hz"": 1.0}",phase_vocoder,Phase Vocoder,local phase vocoder,3,0.5626277864026913,0.4038770357337594,93.0431372881283,0.0003224906164803758,0.045555208772520416,0.006591925875324628,0.017489875088108474
two_oscillators_01hz,two_oscillators,440 + 441,1.0,Hz separation,"{""frequencies_hz"": ""440,441"", ""separation_hz"": 1.0}",psola,PSOLA,local pitch-synchronous overlap-add,3,0.4969168614418705,0.46659624303260344,822.766745663801,0.00021388036596312236,0.07836460350941045,0.7486305006773519,0.2757363281842418
two_oscillators_01hz,two_oscillators,440 + 441,1.0,Hz separation,"{""frequencies_hz"": ""440,441"", ""separation_hz"": 1.0}",rubber_band,Rubber Band,local hybrid spectral/time-domain proxy,3,40.251388098559005,1.6833361487648495,257.489201071068,0.06592202680917075,0.7148602095377631,0.17381321541660447,0.31819848392117944
two_oscillators_01hz,two_oscillators,440 + 441,1.0,Hz separation,"{""frequencies_hz"": ""440,441"", ""separation_hz"": 1.0}",wsola,WSOLA,local waveform-similarity overlap-add,3,83.40039329256199,1.8431962100899089,258.740069787763,0.137240826026883,0.7984854988321,0.17508519405227846,0.37027050630375385
two_oscillators_01hz,two_oscillators,440 + 441,1.0,Hz separation,"{""frequencies_hz"": ""440,441"", ""separation_hz"": 1.0}",phase_vocoder,Phase Vocoder,local phase vocoder,7,0.5429134470009046,0.416173887311816,233.82995657459963,0.0002899057861422416,0.051987883463752424,0.14975469262037616,0.06734416062342362
two_oscillators_01hz,two_oscillators,440 + 441,1.0,Hz separation,"{""frequencies_hz"": ""440,441"", ""separation_hz"": 1.0}",psola,PSOLA,local pitch-synchronous overlap-add,7,0.45875986180890643,0.3658215130555038,344.34154333676275,0.00015081259920144725,0.025647771812733308,0.26213129576008065,0.09597662672400514
two_oscillators_01hz,two_oscillators,440 + 441,1.0,Hz separation,"{""frequencies_hz"": ""440,441"", ""separation_hz"": 1.0}",rubber_band,Rubber Band,local hybrid spectral/time-domain proxy,7,162.3524079859886,1.8931874106836488,400.764288625575,0.2677366012698531,0.8246366749117965,0.31950624295923147,0.4706265063802937
two_oscillators_01hz,two_oscillators,440 + 441,1.0,Hz separation,"{""frequencies_hz"": ""440,441"", ""separation_hz"": 1.0}",wsola,WSOLA,local waveform-similarity overlap-add,7,291.7825963529804,2.038132378569712,401.56612465698066,0.4816651860739149,0.9004596463954835,0.32032161094121797,0.5674821478035388
two_oscillators_01hz,two_oscillators,440 + 441,1.0,Hz separation,"{""frequencies_hz"": ""440,441"", ""separation_hz"": 1.0}",phase_vocoder,Phase Vocoder,local phase vocoder,12,0.5209755200832984,0.4161798797052653,445.7893716714135,0.0002536457009315852,0.051991018178149585,0.36529117861185023,0.1391786141636438
two_oscillators_01hz,two_oscillators,440 + 441,1.0,Hz separation,"{""frequencies_hz"": ""440,441"", ""separation_hz"": 1.0}",psola,PSOLA,local pitch-synchronous overlap-add,12,0.45037472692454994,0.32206946402338815,281.38717409555505,0.00013695323561839135,0.002760393144143114,0.19811449557282815,0.06700394731752989
two_oscillators_01hz,two_oscillators,440 + 441,1.0,Hz separation,"{""frequencies_hz"": ""440,441"", ""separation_hz"": 1.0}",rubber_band,Rubber Band,local hybrid spectral/time-domain proxy,12,34.172253726397955,1.690888488129016,599.0575931858842,0.055874134354725366,0.7188109559527367,0.5211459863084225,0.4319436922052948
two_oscillators_01hz,two_oscillators,440 + 441,1.0,Hz separation,"{""frequencies_hz"": ""440,441"", ""separation_hz"": 1.0}",wsola,WSOLA,local waveform-similarity overlap-add,12,69.25877163596013,1.8337869608280903,597.7087526194455,0.11386685782053804,0.7935633739120919,0.5197743824298207,0.47573487138748355
two_oscillators_02hz,two_oscillators,440 + 442,2.0,Hz separation,"{""frequencies_hz"": ""440,442"", ""separation_hz"": 2.0}",phase_vocoder,Phase Vocoder,local phase vocoder,-12,0.5335590010138065,0.4164370019477796,216.6143523152612,0.0002744442974671908,0.05212552283013107,0.13224855426562165,0.0615495071310733
two_oscillators_02hz,two_oscillators,440 + 442,2.0,Hz separation,"{""frequencies_hz"": ""440,442"", ""separation_hz"": 2.0}",psola,PSOLA,local pitch-synchronous overlap-add,-12,0.5286751675337427,0.3598214956155501,434.7754115762878,0.0002663720571499141,0.02250906918727309,0.35409134464991265,0.12562226196477855
two_oscillators_02hz,two_oscillators,440 + 442,2.0,Hz separation,"{""frequencies_hz"": ""440,442"", ""separation_hz"": 2.0}",rubber_band,Rubber Band,local hybrid spectral/time-domain proxy,-12,350.00752878239956,1.859601758996103,295.4098765654372,0.5779022197373409,0.807067497124489,0.21237384806765294,0.5324478549764943
two_oscillators_02hz,two_oscillators,440 + 442,2.0,Hz separation,"{""frequencies_hz"": ""440,442"", ""separation_hz"": 2.0}",wsola,WSOLA,local waveform-similarity overlap-add,-12,593.5550370827905,1.980623156956614,296.3846968125751,0.9804495268271407,0.8703756763617901,0.2133651195827469,0.6880634409238926
two_oscillators_02hz,two_oscillators,440 + 442,2.0,Hz separation,"{""frequencies_hz"": ""440,442"", ""separation_hz"": 2.0}",phase_vocoder,Phase Vocoder,local phase vocoder,3,0.55479037401201,0.40241768779244874,92.35691710518063,0.00030953655558918535,0.04479180112234415,0.005894124898748936,0.016998487525560758
two_oscillators_02hz,two_oscillators,440 + 442,2.0,Hz separation,"{""frequencies_hz"": ""440,442"", ""separation_hz"": 2.0}",psola,PSOLA,local pitch-synchronous overlap-add,3,0.4956471907695775,0.46512386427096514,1036.9123530795896,0.00021178179179338758,0.07759437923405206,0.9663900736211943,0.3480654115490132
two_oscillators_02hz,two_oscillators,440 + 442,2.0,Hz separation,"{""frequencies_hz"": ""440,442"", ""separation_hz"": 2.0}",rubber_band,Rubber Band,local hybrid spectral/time-domain proxy,3,98.52255918448812,1.8482376756007686,274.0495024355205,0.16223548599955626,0.8011227680056415,0.19065299184938797,0.3846704152848619
two_oscillators_02hz,two_oscillators,440 + 442,2.0,Hz separation,"{""frequencies_hz"": ""440,442"", ""separation_hz"": 2.0}",wsola,WSOLA,local waveform-similarity overlap-add,3,198.3871629620584,2.007818160288579,275.3484257555352,0.32729661762348533,0.8846018064041884,0.1919738360677987,0.46795742003182417
two_oscillators_02hz,two_oscillators,440 + 442,2.0,Hz separation,"{""frequencies_hz"": ""440,442"", ""separation_hz"": 2.0}",phase_vocoder,Phase Vocoder,local phase vocoder,7,0.5535460314399876,0.4196692249344659,235.3855842502034,0.00030747984495001505,0.05381634904454011,0.1513365733901338,0.06848680075987464
two_oscillators_02hz,two_oscillators,440 + 442,2.0,Hz separation,"{""frequencies_hz"": ""440,442"", ""separation_hz"": 2.0}",psola,PSOLA,local pitch-synchronous overlap-add,7,0.45946660638618736,0.37028761904513074,422.5131633422528,0.00015198074141883287,0.02798406145447372,0.3416221561804509,0.12325273279211447
two_oscillators_02hz,two_oscillators,440 + 442,2.0,Hz separation,"{""frequencies_hz"": ""440,442"", ""separation_hz"": 2.0}",rubber_band,Rubber Band,local hybrid spectral/time-domain proxy,7,130.00581946350147,1.8645729194898755,399.4214029388491,0.21427256793140104,0.8096679886479783,0.31814069445612325,0.44736041701183415
two_oscillators_02hz,two_oscillators,440 + 442,2.0,Hz separation,"{""frequencies_hz"": ""440,442"", ""separation_hz"": 2.0}",wsola,WSOLA,local waveform-similarity overlap-add,7,188.79782875554181,1.9835274096418865,399.38386153563175,0.31144689414014654,0.8718949362005306,0.3181025194964266,0.5004814499457012
two_oscillators_02hz,two_oscillators,440 + 442,2.0,Hz separation,"{""frequencies_hz"": ""440,442"", ""separation_hz"": 2.0}",phase_vocoder,Phase Vocoder,local phase vocoder,12,0.5326709886179862,0.428103648597878,446.87815165445517,0.0002729765468788378,0.05822852750260797,0.366398333070903,0.14163327904012993
two_oscillators_02hz,two_oscillators,440 + 442,2.0,Hz separation,"{""frequencies_hz"": ""440,442"", ""separation_hz"": 2.0}",psola,PSOLA,local pitch-synchronous overlap-add,12,0.4508222219729876,0.3249958577323869,246.25729657680733,0.00013769287745641178,0.004291235297434491,0.16239175898080976,0.05560689571856689
two_oscillators_02hz,two_oscillators,440 + 442,2.0,Hz separation,"{""frequencies_hz"": ""440,442"", ""separation_hz"": 2.0}",rubber_band,Rubber Band,local hybrid spectral/time-domain proxy,12,76.68647291590466,1.7882077461184893,591.4400097012946,0.12614372802534946,0.7697201764035619,0.5133998469106269,0.4697545837798461
two_oscillators_02hz,two_oscillators,440 + 442,2.0,Hz separation,"{""frequencies_hz"": ""440,442"", ""separation_hz"": 2.0}",wsola,WSOLA,local waveform-similarity overlap-add,12,123.96726085028864,1.902336601052389,592.6248330264901,0.20429174108814468,0.8294227589721491,0.514604665559125,0.5161063885398063
two_oscillators_05hz,two_oscillators,440 + 445,5.0,Hz separation,"{""frequencies_hz"": ""440,445"", ""separation_hz"": 5.0}",phase_vocoder,Phase Vocoder,local phase vocoder,-12,0.5237239481293733,0.4316041492788828,217.18890779386183,0.0002581884380607737,0.06005969395968079,0.13283280606122208,0.06438356281965456
two_oscillators_05hz,two_oscillators,440 + 445,5.0,Hz separation,"{""frequencies_hz"": ""440,445"", ""separation_hz"": 5.0}",psola,PSOLA,local pitch-synchronous overlap-add,-12,0.5275348088913357,0.3769177748417996,436.1090203497198,0.0002644872162668315,0.03145239927423436,0.35544745968062097,0.1290547820570407
two_oscillators_05hz,two_oscillators,440 + 445,5.0,Hz separation,"{""frequencies_hz"": ""440,445"", ""separation_hz"": 5.0}",rubber_band,Rubber Band,local hybrid spectral/time-domain proxy,-12,59.199640314755364,1.6227841894679678,299.87355681260635,0.09724063054655883,0.6831845360044959,0.21691285830517865,0.3324460082854111
two_oscillators_05hz,two_oscillators,440 + 445,5.0,Hz separation,"{""frequencies_hz"": ""440,445"", ""separation_hz"": 5.0}",wsola,WSOLA,local waveform-similarity overlap-add,-12,105.96043085301481,1.7464465104264477,300.7510096948894,0.1745291663231177,0.7478742232174516,0.21780511926364557,0.3800695029347383
two_oscillators_05hz,two_oscillators,440 + 445,5.0,Hz separation,"{""frequencies_hz"": ""440,445"", ""separation_hz"": 5.0}",phase_vocoder,Phase Vocoder,local phase vocoder,3,0.5505603707794446,0.42303076163794295,94.68156085045399,0.0003025449980810291,0.05557482127939176,0.008257999812299835,0.021378455363257543
two_oscillators_05hz,two_oscillators,440 + 445,5.0,Hz separation,"{""frequencies_hz"": ""440,445"", ""separation_hz"": 5.0}",psola,PSOLA,local pitch-synchronous overlap-add,3,0.4926329674573221,0.48092959738912805,847.033056435872,0.00020679973516803655,0.08586260454035786,0.7733063347251119,0.28645857966687926
two_oscillators_05hz,two_oscillators,440 + 445,5.0,Hz separation,"{""frequencies_hz"": ""440,445"", ""separation_hz"": 5.0}",rubber_band,Rubber Band,local hybrid spectral/time-domain proxy,3,147.95291928484724,1.8988170048248918,273.21715486782017,0.24393641772223454,0.8275816033371265,0.18980659741211453,0.4204415394904919
two_oscillators_05hz,two_oscillators,440 + 445,5.0,Hz separation,"{""frequencies_hz"": ""440,445"", ""separation_hz"": 5.0}",wsola,WSOLA,local waveform-similarity overlap-add,3,356.0276382340039,2.0797591134276128,274.21160011217876,0.5878525528983773,0.9222352400992306,0.19081782511993814,0.5669685393725153
two_oscillators_05hz,two_oscillators,440 + 445,5.0,Hz separation,"{""frequencies_hz"": ""440,445"", ""separation_hz"": 5.0}",phase_vocoder,Phase Vocoder,local phase vocoder,7,0.5502163361979815,0.44193158785823117,236.8048519748033,0.00030197636079428277,0.06546213802049838,0.15277979297017297,0.0728479691171552
two_oscillators_05hz,two_oscillators,440 + 445,5.0,Hz separation,"{""frequencies_hz"": ""440,445"", ""separation_hz"": 5.0}",psola,PSOLA,local pitch-synchronous overlap-add,7,0.45899248789683983,0.3928354724468655,337.6832691412361,0.00015119709504749355,0.039779194948462875,0.25536065515316997,0.0984303490655601
two_oscillators_05hz,two_oscillators,440 + 445,5.0,Hz separation,"{""frequencies_hz"": ""440,445"", ""separation_hz"": 5.0}",rubber_band,Rubber Band,local hybrid spectral/time-domain proxy,7,86.79126132426224,1.8204631864538476,399.17502200131116,0.14284541957983474,0.7865934999028926,0.31789015554296407,0.4157763583418972
two_oscillators_05hz,two_oscillators,440 + 445,5.0,Hz separation,"{""frequencies_hz"": ""440,445"", ""separation_hz"": 5.0}",wsola,WSOLA,local waveform-similarity overlap-add,7,73.76998159575989,1.8451327893611027,392.379354598658,0.12132320764610989,0.7994985536279798,0.31097980305276846,0.4106005214422861
two_oscillators_05hz,two_oscillators,440 + 445,5.0,Hz separation,"{""frequencies_hz"": ""440,445"", ""separation_hz"": 5.0}",phase_vocoder,Phase Vocoder,local phase vocoder,12,0.530992263449181,0.4597805129923735,442.77063671412316,0.0002702018673070275,0.07479918891090506,0.3622214988595411,0.14576362987925107
two_oscillators_05hz,two_oscillators,440 + 445,5.0,Hz separation,"{""frequencies_hz"": ""440,445"", ""separation_hz"": 5.0}",psola,PSOLA,local pitch-synchronous overlap-add,12,0.45058620249507836,0.34486424185996367,309.724443779952,0.00013730277284841914,0.014684696657999898,0.22692999087686033,0.08058399676923622
two_oscillators_05hz,two_oscillators,440 + 445,5.0,Hz separation,"{""frequencies_hz"": ""440,445"", ""separation_hz"": 5.0}",rubber_band,Rubber Band,local hybrid spectral/time-domain proxy,12,73.98062484107089,1.7965531058399855,595.5047091380239,0.12167136916805828,0.7740857641256658,0.5175331430550988,0.47109675878294094
two_oscillators_05hz,two_oscillators,440 + 445,5.0,Hz separation,"{""frequencies_hz"": ""440,445"", ""separation_hz"": 5.0}",wsola,WSOLA,local waveform-similarity overlap-add,12,125.81441969135783,1.918001529749895,596.6340800426843,0.2073448161223692,0.837617327291752,0.5186815734565524,0.5212145722902245
two_oscillators_10hz,two_oscillators,440 + 450,10.0,Hz separation,"{""frequencies_hz"": ""440,450"", ""separation_hz"": 10.0}",phase_vocoder,Phase Vocoder,local phase vocoder,-12,0.5650036330622272,0.4548663536488465,218.28763221214547,0.00032641753275855376,0.07222851557739937,0.1339500727798612,0.0688350019633397
two_oscillators_10hz,two_oscillators,440 + 450,10.0,Hz separation,"{""frequencies_hz"": ""440,450"", ""separation_hz"": 10.0}",psola,PSOLA,local pitch-synchronous overlap-add,-12,0.5273653517504499,0.40426472341029296,438.73039271387233,0.0002642071291651124,0.04575801423773318,0.3581130708665479,0.1347117640778154
two_oscillators_10hz,two_oscillators,440 + 450,10.0,Hz separation,"{""frequencies_hz"": ""440,450"", ""separation_hz"": 10.0}",rubber_band,Rubber Band,local hybrid spectral/time-domain proxy,-12,308.3292908919487,1.8490653857242925,293.77762448402564,0.5090143770978022,0.8015557560700638,0.21071404976277924,0.5070947276435483
two_oscillators_10hz,two_oscillators,440 + 450,10.0,Hz separation,"{""frequencies_hz"": ""440,450"", ""separation_hz"": 10.0}",wsola,WSOLA,local waveform-similarity overlap-add,-12,490.8574125714207,1.971682725712448,294.46984775891144,0.8107058391168076,0.8656987974527469,0.21141795514071327,0.6292741972367559
two_oscillators_10hz,two_oscillators,440 + 450,10.0,Hz separation,"{""frequencies_hz"": ""440,450"", ""separation_hz"": 10.0}",phase_vocoder,Phase Vocoder,local phase vocoder,3,0.571526354895921,0.4465081070540202,93.96684461345974,0.0003371986083990843,0.06785618653103122,0.007531221876380226,0.02524153567193684
two_oscillators_10hz,two_oscillators,440 + 450,10.0,Hz separation,"{""frequencies_hz"": ""440,450"", ""separation_hz"": 10.0}",psola,PSOLA,local pitch-synchronous overlap-add,3,0.49249404516832684,0.5046150679278223,875.2003365825306,0.00020657011757219232,0.09825284328700289,0.8019489717128351,0.30013612837247006
two_oscillators_10hz,two_oscillators,440 + 450,10.0,Hz separation,"{""frequencies_hz"": ""440,450"", ""separation_hz"": 10.0}",rubber_band,Rubber Band,local hybrid spectral/time-domain proxy,3,155.8511174735403,1.91036315214507,279.84440394207627,0.25699094837174735,0.8336215729322936,0.19654568931139615,0.4290527368718124
two_oscillators_10hz,two_oscillators,440 + 450,10.0,Hz separation,"{""frequencies_hz"": ""440,450"", ""separation_hz"": 10.0}",wsola,WSOLA,local waveform-similarity overlap-add,3,289.66693666069386,2.059173151002751,279.00593128493546,0.47816831961943257,0.9114664023488128,0.19569306641640694,0.5284425961282174
two_oscillators_10hz,two_oscillators,440 + 450,10.0,Hz separation,"{""frequencies_hz"": ""440,450"", ""separation_hz"": 10.0}",phase_vocoder,Phase Vocoder,local phase vocoder,7,0.5728043693368273,0.4736627869251423,238.79787464527107,0.0003393109735601936,0.08206122274267266,0.15480645030312398,0.07906899467311895
two_oscillators_10hz,two_oscillators,440 + 450,10.0,Hz separation,"{""frequencies_hz"": ""440,450"", ""separation_hz"": 10.0}",psola,PSOLA,local pitch-synchronous overlap-add,7,0.45832070774624833,0.41487697942897506,317.23697267497846,0.00015008674375519682,0.05130945073958283,0.2345693027621277,0.09534294674848857
two_oscillators_10hz,two_oscillators,440 + 450,10.0,Hz separation,"{""frequencies_hz"": ""440,450"", ""separation_hz"": 10.0}",rubber_band,Rubber Band,local hybrid spectral/time-domain proxy,7,144.56002029128513,1.8982949338844666,410.38597851387215,0.23832846729557058,0.8273084998923802,0.3292903104745907,0.46497575922084716
two_oscillators_10hz,two_oscillators,440 + 450,10.0,Hz separation,"{""frequencies_hz"": ""440,450"", ""separation_hz"": 10.0}",wsola,WSOLA,local waveform-similarity overlap-add,7,298.6889312812164,2.0676018442685318,413.4215400191313,0.49308031631533217,0.9158755831465788,0.33237710074316973,0.5804443334016935
two_oscillators_10hz,two_oscillators,440 + 450,10.0,Hz separation,"{""frequencies_hz"": ""440,450"", ""separation_hz"": 10.0}",phase_vocoder,Phase Vocoder,local phase vocoder,12,0.5535597261324137,0.49770691001367523,451.2880100484332,0.00030750248021159507,0.09463907822728092,0.37088261314651977,0.15527639795133744
two_oscillators_10hz,two_oscillators,440 + 450,10.0,Hz separation,"{""frequencies_hz"": ""440,450"", ""separation_hz"": 10.0}",psola,PSOLA,local pitch-synchronous overlap-add,12,0.4505523244416726,0.3621934819966732,369.5087944363547,0.00013724677753455572,0.02374989222762153,0.28772327459052544,0.10387013786522718
two_oscillators_10hz,two_oscillators,440 + 450,10.0,Hz separation,"{""frequencies_hz"": ""440,450"", ""separation_hz"": 10.0}",rubber_band,Rubber Band,local hybrid spectral/time-domain proxy,12,60.36788348879113,1.7805526353659809,599.1974184822518,0.09917156035576101,0.7657156686737857,0.5212881713253891,0.4620584667849786
two_oscillators_10hz,two_oscillators,440 + 450,10.0,Hz separation,"{""frequencies_hz"": ""440,450"", ""separation_hz"": 10.0}",wsola,WSOLA,local waveform-similarity overlap-add,12,100.04266795565032,1.9117890426883515,609.7278444036818,0.1647479965835701,0.83436747849617,0.5319963108909841,0.5103705953235748
two_oscillators_20hz,two_oscillators,440 + 460,20.0,Hz separation,"{""frequencies_hz"": ""440,460"", ""separation_hz"": 20.0}",phase_vocoder,Phase Vocoder,local phase vocoder,-12,0.5933960153369646,0.5010243455686437,223.511682671968,0.0003733458594177732,0.09637448046408759,0.13926228539489413,0.07867003723946649
two_oscillators_20hz,two_oscillators,440 + 460,20.0,Hz separation,"{""frequencies_hz"": ""440,460"", ""separation_hz"": 20.0}",psola,PSOLA,local pitch-synchronous overlap-add,-12,0.5280963473830201,0.4403501022442272,441.82880440797953,0.0002654153547201143,0.06463483825037637,0.3612637719967512,0.1420546752006159
two_oscillators_20hz,two_oscillators,440 + 460,20.0,Hz separation,"{""frequencies_hz"": ""440,460"", ""separation_hz"": 20.0}",rubber_band,Rubber Band,local hybrid spectral/time-domain proxy,-12,320.2465990184723,1.8638231572705863,293.77624843519493,0.5287118904395298,0.8092757763469801,0.21071265049146407,0.5162334390926581
two_oscillators_20hz,two_oscillators,440 + 460,20.0,Hz separation,"{""frequencies_hz"": ""440,460"", ""separation_hz"": 20.0}",wsola,WSOLA,local waveform-similarity overlap-add,-12,549.8736902272228,1.9917305807584635,294.96547194974033,0.9082508471137912,0.8761861428475731,0.21192194358781682,0.665452977849727
two_oscillators_20hz,two_oscillators,440 + 460,20.0,Hz separation,"{""frequencies_hz"": ""440,460"", ""separation_hz"": 20.0}",phase_vocoder,Phase Vocoder,local phase vocoder,3,0.6047284021394632,0.49775691463307176,95.25952958394885,0.000392076586010218,0.09466523642294547,0.008845722465589496,0.03463434515818173
two_oscillators_20hz,two_oscillators,440 + 460,20.0,Hz separation,"{""frequencies_hz"": ""440,460"", ""separation_hz"": 20.0}",psola,PSOLA,local pitch-synchronous overlap-add,3,0.49653684342756893,0.5419020064949662,994.1940169667433,0.0002132522534877771,0.11775822192086424,0.9229508140395426,0.3469740960712982
two_oscillators_20hz,two_oscillators,440 + 460,20.0,Hz separation,"{""frequencies_hz"": ""440,460"", ""separation_hz"": 20.0}",rubber_band,Rubber Band,local hybrid spectral/time-domain proxy,3,213.37908749334923,1.950275007575562,279.9577776169119,0.35207600826591035,0.8545000864833544,0.19666097630379917,0.4677456903510213
two_oscillators_20hz,two_oscillators,440 + 460,20.0,Hz separation,"{""frequencies_hz"": ""440,460"", ""separation_hz"": 20.0}",wsola,WSOLA,local waveform-similarity overlap-add,3,192.69156550338417,2.0144137313838053,279.0850145492335,0.3178826538541293,0.8880520524276658,0.19577348430621735,0.4672360635293375
two_oscillators_20hz,two_oscillators,440 + 460,20.0,Hz separation,"{""frequencies_hz"": ""440,460"", ""separation_hz"": 20.0}",phase_vocoder,Phase Vocoder,local phase vocoder,7,0.5818732007929721,0.5289733619054767,234.36977747057904,0.0003543003844829269,0.11099504645966328,0.15030362364536048,0.08721765682983557
two_oscillators_20hz,two_oscillators,440 + 460,20.0,Hz separation,"{""frequencies_hz"": ""440,460"", ""separation_hz"": 20.0}",psola,PSOLA,local pitch-synchronous overlap-add,7,0.4601548308567793,0.45816154353591393,617.3098046702296,0.00015311827269247813,0.07395228075865663,0.5397062258859479,0.2046038749724323
two_oscillators_20hz,two_oscillators,440 + 460,20.0,Hz separation,"{""frequencies_hz"": ""440,460"", ""separation_hz"": 20.0}",rubber_band,Rubber Band,local hybrid spectral/time-domain proxy,7,160.7615854703323,1.9170824290026305,413.7981206157749,0.26510721152900046,0.8371365313678449,0.3327600365917899,0.47833459316287846
two_oscillators_20hz,two_oscillators,440 + 460,20.0,Hz separation,"{""frequencies_hz"": ""440,460"", ""separation_hz"": 20.0}",wsola,WSOLA,local waveform-similarity overlap-add,7,176.93136447589953,2.0112650789868196,414.0721297767193,0.29183341801065316,0.8864049432910702,0.3330386699879636,0.5037590104298957
two_oscillators_20hz,two_oscillators,440 + 460,20.0,Hz separation,"{""frequencies_hz"": ""440,460"", ""separation_hz"": 20.0}",phase_vocoder,Phase Vocoder,local phase vocoder,12,0.612906731901363,0.5555375731126069,454.4880529364289,0.0004055941319096594,0.1248911993114694,0.3741366606196437,0.16647781802100758
two_oscillators_20hz,two_oscillators,440 + 460,20.0,Hz separation,"{""frequencies_hz"": ""440,460"", ""separation_hz"": 20.0}",psola,PSOLA,local pitch-synchronous overlap-add,12,0.45028429730848796,0.3935234715171659,303.4325714741071,0.0001368037690987749,0.040139097983725155,0.22053193563364562,0.08693594579548986
two_oscillators_20hz,two_oscillators,440 + 460,20.0,Hz separation,"{""frequencies_hz"": ""440,460"", ""separation_hz"": 20.0}",rubber_band,Rubber Band,local hybrid spectral/time-domain proxy,12,52.71388766714088,1.7803743868999413,607.5399336900407,0.08652065939609414,0.7656224241234253,0.5297714765439657,0.46063818668782835
two_oscillators_20hz,two_oscillators,440 + 460,20.0,Hz separation,"{""frequencies_hz"": ""440,460"", ""separation_hz"": 20.0}",wsola,WSOLA,local waveform-similarity overlap-add,12,90.31097225758373,1.9197025689787395,615.8943500295152,0.1486629710211558,0.8385071674208876,0.5382668837401858,0.5084790073940764
two_oscillators_40hz,two_oscillators,440 + 480,40.0,Hz separation,"{""frequencies_hz"": ""440,480"", ""separation_hz"": 40.0}",phase_vocoder,Phase Vocoder,local phase vocoder,-12,0.6261000931759306,0.5494450810550017,226.71916539273641,0.00042740076869113503,0.1217041217724167,0.14252389825694614,0.08821847359935132
two_oscillators_40hz,two_oscillators,440 + 480,40.0,Hz separation,"{""frequencies_hz"": ""440,480"", ""separation_hz"": 40.0}",psola,PSOLA,local pitch-synchronous overlap-add,-12,0.5284818819179806,0.5317236720395984,456.84815751172596,0.00026605258517228153,0.11243377655089848,0.3765365948075144,0.16307880798119503
two_oscillators_40hz,two_oscillators,440 + 480,40.0,Hz separation,"{""frequencies_hz"": ""440,480"", ""separation_hz"": 40.0}",rubber_band,Rubber Band,local hybrid spectral/time-domain proxy,-12,278.00706442270985,1.853485850295336,297.1350358036877,0.458896308983124,0.8038681699744799,0.21412812144974547,0.4922975334691164
two_oscillators_40hz,two_oscillators,440 + 480,40.0,Hz separation,"{""frequencies_hz"": ""440,480"", ""separation_hz"": 40.0}",wsola,WSOLA,local waveform-similarity overlap-add,-12,442.53268232533225,1.9769642340767644,298.19217021746806,0.73083234682712,0.8684616367836937,0.21520309628236994,0.6048323599643944
two_oscillators_40hz,two_oscillators,440 + 480,40.0,Hz separation,"{""frequencies_hz"": ""440,480"", ""separation_hz"": 40.0}",phase_vocoder,Phase Vocoder,local phase vocoder,3,0.5271950816301102,0.47817091855533356,86.56061185180552,0.0002639256983309441,0.08441949665190829,0.0,0.028227807450079745
two_oscillators_40hz,two_oscillators,440 + 480,40.0,Hz separation,"{""frequencies_hz"": ""440,480"", ""separation_hz"": 40.0}",psola,PSOLA,local pitch-synchronous overlap-add,3,0.4920350528401692,0.5473749306101116,843.0053491031911,0.00020581147246445073,0.12062119381403989,0.7692106549710814,0.29667922008586195
two_oscillators_40hz,two_oscillators,440 + 480,40.0,Hz separation,"{""frequencies_hz"": ""440,480"", ""separation_hz"": 40.0}",rubber_band,Rubber Band,local hybrid spectral/time-domain proxy,3,83.3190266984812,1.8374593616330361,281.3315576547487,0.13710633931600322,0.7954844640028422,0.1980579405374725,0.37688291461877266
two_oscillators_40hz,two_oscillators,440 + 480,40.0,Hz separation,"{""frequencies_hz"": ""440,480"", ""separation_hz"": 40.0}",wsola,WSOLA,local waveform-similarity overlap-add,3,245.88950817063082,2.054675445742561,284.3052105051071,0.40581083145225477,0.9091135826362066,0.20108177736789606,0.5053353971521192
two_oscillators_40hz,two_oscillators,440 + 480,40.0,Hz separation,"{""frequencies_hz"": ""440,480"", ""separation_hz"": 40.0}",phase_vocoder,Phase Vocoder,local phase vocoder,7,0.5262421890235005,0.5302899725409359,230.78541288774926,0.00026235071053733715,0.11168378600076975,0.14665876858505306,0.08620163509878671
two_oscillators_40hz,two_oscillators,440 + 480,40.0,Hz separation,"{""frequencies_hz"": ""440,480"", ""separation_hz"": 40.0}",psola,PSOLA,local pitch-synchronous overlap-add,7,0.4608379210684185,0.5089305308288977,1069.96448485175,0.00015424731781026112,0.10051032918154158,1.0,0.36688819216645063
two_oscillators_40hz,two_oscillators,440 + 480,40.0,Hz separation,"{""frequencies_hz"": ""440,480"", ""separation_hz"": 40.0}",rubber_band,Rubber Band,local hybrid spectral/time-domain proxy,7,128.56319324847894,1.892425075661954,413.999690631243,0.21188812432921808,0.8242378855819288,0.3329650083444973,0.4563636727518814
two_oscillators_40hz,two_oscillators,440 + 480,40.0,Hz separation,"{""frequencies_hz"": ""440,480"", ""separation_hz"": 40.0}",wsola,WSOLA,local waveform-similarity overlap-add,7,220.29631147976346,2.0489769765075883,418.0799388041971,0.363509136478553,0.9061326245760161,0.3371141156288799,0.5355852922278164
two_oscillators_40hz,two_oscillators,440 + 480,40.0,Hz separation,"{""frequencies_hz"": ""440,480"", ""separation_hz"": 40.0}",phase_vocoder,Phase Vocoder,local phase vocoder,12,0.5191885113267443,0.5213336304621551,442.7348182799491,0.0002506920449171311,0.10699858388618956,0.3621850759460693,0.156478117292392
two_oscillators_40hz,two_oscillators,440 + 480,40.0,Hz separation,"{""frequencies_hz"": ""440,480"", ""separation_hz"": 40.0}",psola,PSOLA,local pitch-synchronous overlap-add,12,0.45130365003317674,0.4365751395110931,574.5841074225801,0.00013848860544615405,0.06266009641669365,0.4962594809414607,0.1863526886545335
two_oscillators_40hz,two_oscillators,440 + 480,40.0,Hz separation,"{""frequencies_hz"": ""440,480"", ""separation_hz"": 40.0}",rubber_band,Rubber Band,local hybrid spectral/time-domain proxy,12,39.546733162427955,1.7626800691986737,623.6796738943574,0.06475733845351232,0.7563662507905151,0.5461835943395579,0.4557690611945284
two_oscillators_40hz,two_oscillators,440 + 480,40.0,Hz separation,"{""frequencies_hz"": ""440,480"", ""separation_hz"": 40.0}",wsola,WSOLA,local waveform-similarity overlap-add,12,61.805437810193624,1.8634725667746994,615.7537251738056,0.1015476208825726,0.809092376995076,0.5381238856703485,0.482921294515999
vibrato_depth_00st,vibrato_depth,0 semitones,0.0,semitones,"{""base_hz"": 440.0, ""depth_semitones"": 0.0, ""rate_hz"": 5.5}",phase_vocoder,Phase Vocoder,local phase vocoder,-12,0.888502177792802,0.4926886991190539,216.4134569660476,0.0008611118473813285,0.09201397390588704,0.13204426856497586,0.07497311810608141
vibrato_depth_00st,vibrato_depth,0 semitones,0.0,semitones,"{""base_hz"": 440.0, ""depth_semitones"": 0.0, ""rate_hz"": 5.5}",psola,PSOLA,local pitch-synchronous overlap-add,-12,0.743325941589655,0.40338257086721363,434.4567337468886,0.0006211574198249217,0.045296546495225944,0.3537672887476036,0.13322833088755148
vibrato_depth_00st,vibrato_depth,0 semitones,0.0,semitones,"{""base_hz"": 440.0, ""depth_semitones"": 0.0, ""rate_hz"": 5.5}",rubber_band,Rubber Band,local hybrid spectral/time-domain proxy,-12,329.89266706577183,1.9320482947360182,299.2605207476863,0.5446553864068797,0.8449654089569126,0.2162894765169313,0.5353034239602413
vibrato_depth_00st,vibrato_depth,0 semitones,0.0,semitones,"{""base_hz"": 440.0, ""depth_semitones"": 0.0, ""rate_hz"": 5.5}",wsola,WSOLA,local waveform-similarity overlap-add,-12,558.6813065639383,2.0485005862214334,299.91892068816236,0.9228085088323087,0.9058834173933933,0.21695898775087386,0.681883637992192
vibrato_depth_00st,vibrato_depth,0 semitones,0.0,semitones,"{""base_hz"": 440.0, ""depth_semitones"": 0.0, ""rate_hz"": 5.5}",phase_vocoder,Phase Vocoder,local phase vocoder,3,0.8032138511103362,0.4435624163567048,92.1236059264648,0.000720143103862606,0.0663152498224324,0.005656876312362866,0.024230756412885957
vibrato_depth_00st,vibrato_depth,0 semitones,0.0,semitones,"{""base_hz"": 440.0, ""depth_semitones"": 0.0, ""rate_hz"": 5.5}",psola,PSOLA,local pitch-synchronous overlap-add,3,0.6967685166187969,0.5323843561722007,828.0237156879424,0.0005442050166661156,0.11277939071658245,0.7539761884140745,0.2890999280491077
vibrato_depth_00st,vibrato_depth,0 semitones,0.0,semitones,"{""base_hz"": 440.0, ""depth_semitones"": 0.0, ""rate_hz"": 5.5}",rubber_band,Rubber Band,local hybrid spectral/time-domain proxy,3,108.31424414597112,1.918946175766829,275.4689888573751,0.1784196647687149,0.8381114863443136,0.19209643381746197,0.40287586164349687
vibrato_depth_00st,vibrato_depth,0 semitones,0.0,semitones,"{""base_hz"": 440.0, ""depth_semitones"": 0.0, ""rate_hz"": 5.5}",wsola,WSOLA,local waveform-similarity overlap-add,3,217.61433831878622,2.0721026616289286,275.62132368152635,0.3590762392538074,0.9182300308473014,0.1922513394755885,0.48985253652556576
vibrato_depth_00st,vibrato_depth,0 semitones,0.0,semitones,"{""base_hz"": 440.0, ""depth_semitones"": 0.0, ""rate_hz"": 5.5}",phase_vocoder,Phase Vocoder,local phase vocoder,7,0.8023234566079276,0.4756122660163836,233.624902918079,0.0007186714160112564,0.0830810256354466,0.1495461784359698,0.07778195849580921
vibrato_depth_00st,vibrato_depth,0 semitones,0.0,semitones,"{""base_hz"": 440.0, ""depth_semitones"": 0.0, ""rate_hz"": 5.5}",psola,PSOLA,local pitch-synchronous overlap-add,7,0.648515416705382,0.4092635932548536,342.8411598434212,0.0004644499185153167,0.04837300095443471,0.26060559148482243,0.10314768078592416
vibrato_depth_00st,vibrato_depth,0 semitones,0.0,semitones,"{""base_hz"": 440.0, ""depth_semitones"": 0.0, ""rate_hz"": 5.5}",rubber_band,Rubber Band,local hybrid spectral/time-domain proxy,7,152.72029683809902,1.9577350109036697,406.9396354665658,0.2518161739526898,0.8584025304789262,0.32578580622976494,0.4786681702204603
vibrato_depth_00st,vibrato_depth,0 semitones,0.0,semitones,"{""base_hz"": 440.0, ""depth_semitones"": 0.0, ""rate_hz"": 5.5}",wsola,WSOLA,local waveform-similarity overlap-add,7,305.5646567989056,2.112532227581554,406.96631104581706,0.5044448538166586,0.9393793668403483,0.32581293199160466,0.5898790508828705
vibrato_depth_00st,vibrato_depth,0 semitones,0.0,semitones,"{""base_hz"": 440.0, ""depth_semitones"": 0.0, ""rate_hz"": 5.5}",phase_vocoder,Phase Vocoder,local phase vocoder,12,0.8055591645860013,0.46817496556497096,444.7896148763715,0.0007240195533918944,0.07919045786846933,0.3642745497145161,0.1480630090454591
vibrato_depth_00st,vibrato_depth,0 semitones,0.0,semitones,"{""base_hz"": 440.0, ""depth_semitones"": 0.0, ""rate_hz"": 5.5}",psola,PSOLA,local pitch-synchronous overlap-add,12,0.6363568042113515,0.3590821529823981,284.76807939110876,0.00044435356543999136,0.022122307534159166,0.20155245772487865,0.0747063729414926
vibrato_depth_00st,vibrato_depth,0 semitones,0.0,semitones,"{""base_hz"": 440.0, ""depth_semitones"": 0.0, ""rate_hz"": 5.5}",rubber_band,Rubber Band,local hybrid spectral/time-domain proxy,12,38.61907463145688,1.7201350393160386,588.2321152752519,0.06322405878193095,0.7341102826488723,0.5101378153952772,0.4358240522753602
vibrato_depth_00st,vibrato_depth,0 semitones,0.0,semitones,"{""base_hz"": 440.0, ""depth_semitones"": 0.0, ""rate_hz"": 5.5}",wsola,WSOLA,local waveform-similarity overlap-add,12,65.59056683675281,1.837266225036063,588.3061717030962,0.10780386841005507,0.7953834312391781,0.5102131216147031,0.4711334737546455
vibrato_depth_01st,vibrato_depth,1 semitones,1.0,semitones,"{""base_hz"": 440.0, ""depth_semitones"": 1.0, ""rate_hz"": 5.5}",phase_vocoder,Phase Vocoder,local phase vocoder,-12,0.7438571464812324,0.537638349732823,209.70794534458625,0.0006220354214111816,0.1155278366249336,0.1252255933435679,0.08045848846330422
vibrato_depth_01st,vibrato_depth,1 semitones,1.0,semitones,"{""base_hz"": 440.0, ""depth_semitones"": 1.0, ""rate_hz"": 5.5}",psola,PSOLA,local pitch-synchronous overlap-add,-12,0.7543359418911844,0.5475877297180836,445.4199682275301,0.0006393552901433979,0.12073251234362278,0.3649155410391035,0.16209580289095657
vibrato_depth_01st,vibrato_depth,1 semitones,1.0,semitones,"{""base_hz"": 440.0, ""depth_semitones"": 1.0, ""rate_hz"": 5.5}",rubber_band,Rubber Band,local hybrid spectral/time-domain proxy,-12,361.953469532709,1.9923476113923204,297.9550942290479,0.5976470584887199,0.8765089211877792,0.2149620193505729,0.5630393330090241
vibrato_depth_01st,vibrato_depth,1 semitones,1.0,semitones,"{""base_hz"": 440.0, ""depth_semitones"": 1.0, ""rate_hz"": 5.5}",wsola,WSOLA,local waveform-similarity overlap-add,-12,592.2813533332463,2.104232291912549,298.1823692604101,0.9783443196458352,0.9350375411479787,0.2151931299223351,0.7095249969053831
vibrato_depth_01st,vibrato_depth,1 semitones,1.0,semitones,"{""base_hz"": 440.0, ""depth_semitones"": 1.0, ""rate_hz"": 5.5}",phase_vocoder,Phase Vocoder,local phase vocoder,3,0.7586089508762012,0.506148372137497,96.28400166737445,0.0006464179296755893,0.09905493861367451,0.009887483751621837,0.03652961343165731
vibrato_depth_01st,vibrato_depth,1 semitones,1.0,semitones,"{""base_hz"": 440.0, ""depth_semitones"": 1.0, ""rate_hz"": 5.5}",psola,PSOLA,local pitch-synchronous overlap-add,3,0.6964298528778218,0.6201103552578907,873.7670086059813,0.0005436452565688358,0.15867022793613234,0.8004914545971289,0.31990177592994334
vibrato_depth_01st,vibrato_depth,1 semitones,1.0,semitones,"{""base_hz"": 440.0, ""depth_semitones"": 1.0, ""rate_hz"": 5.5}",rubber_band,Rubber Band,local hybrid spectral/time-domain proxy,3,213.9613214567811,2.048683091871345,287.85868788176094,0.3530383532133554,0.9059788889429798,0.20469522396315273,0.4879041553731627
vibrato_depth_01st,vibrato_depth,1 semitones,1.0,semitones,"{""base_hz"": 440.0, ""depth_semitones"": 1.0, ""rate_hz"": 5.5}",wsola,WSOLA,local waveform-similarity overlap-add,3,137.08112692503119,2.0364034681209606,296.59484901482074,0.22596698429126072,0.899555226396877,0.2135788183569896,0.4463670096817091
vibrato_depth_01st,vibrato_depth,1 semitones,1.0,semitones,"{""base_hz"": 440.0, ""depth_semitones"": 1.0, ""rate_hz"": 5.5}",phase_vocoder,Phase Vocoder,local phase vocoder,7,0.7699257074128781,0.5993736698437705,239.19657353483854,0.0006651228217954931,0.14782254464120778,0.15521187771755057,0.10123318172685129
vibrato_depth_01st,vibrato_depth,1 semitones,1.0,semitones,"{""base_hz"": 440.0, ""depth_semitones"": 1.0, ""rate_hz"": 5.5}",psola,PSOLA,local pitch-synchronous overlap-add,7,0.648782655029169,0.5365042600826831,302.39618459149114,0.00046489162316810636,0.11493457665560447,0.2194780584718094,0.111625842250194
vibrato_depth_01st,vibrato_depth,1 semitones,1.0,semitones,"{""base_hz"": 440.0, ""depth_semitones"": 1.0, ""rate_hz"": 5.5}",rubber_band,Rubber Band,local hybrid spectral/time-domain proxy,7,69.85262580075967,1.8999849269033282,415.0005177308627,0.1148484092086527,0.8281925615769328,0.33398272560909037,0.42567456546489196
vibrato_depth_01st,vibrato_depth,1 semitones,1.0,semitones,"{""base_hz"": 440.0, ""depth_semitones"": 1.0, ""rate_hz"": 5.5}",wsola,WSOLA,local waveform-similarity overlap-add,7,152.66569881681914,2.075595184065774,417.8790931664044,0.25172593165626056,0.9200570237605237,0.33690988047859516,0.5028976119651265
vibrato_depth_01st,vibrato_depth,1 semitones,1.0,semitones,"{""base_hz"": 440.0, ""depth_semitones"": 1.0, ""rate_hz"": 5.5}",phase_vocoder,Phase Vocoder,local phase vocoder,12,0.8342852035388799,0.6485521630945318,449.8498363244799,0.0007714993642285361,0.17354858084478472,0.3694201685055748,0.18124674957152934
vibrato_depth_01st,vibrato_depth,1 semitones,1.0,semitones,"{""base_hz"": 440.0, ""depth_semitones"": 1.0, ""rate_hz"": 5.5}",psola,PSOLA,local pitch-synchronous overlap-add,12,0.6365484297617491,0.45659152595960073,580.8716753458914,0.0004446702935798949,0.0731309800977654,0.5026531591604926,0.19207626985061263
vibrato_depth_01st,vibrato_depth,1 semitones,1.0,semitones,"{""base_hz"": 440.0, ""depth_semitones"": 1.0, ""rate_hz"": 5.5}",rubber_band,Rubber Band,local hybrid spectral/time-domain proxy,12,76.43042382316095,1.9066918276619462,616.5032827926851,0.12572051748426835,0.8317010458822613,0.5388860929785148,0.49876921878168146
vibrato_depth_01st,vibrato_depth,1 semitones,1.0,semitones,"{""base_hz"": 440.0, ""depth_semitones"": 1.0, ""rate_hz"": 5.5}",wsola,WSOLA,local waveform-similarity overlap-add,12,53.313126338434955,1.8275155638271012,595.4399238891182,0.08751111056152334,0.7902827084091495,0.5174672644769434,0.4650870278158721
vibrato_depth_02st,vibrato_depth,2 semitones,2.0,semitones,"{""base_hz"": 440.0, ""depth_semitones"": 2.0, ""rate_hz"": 5.5}",phase_vocoder,Phase Vocoder,local phase vocoder,-12,0.7425809600332743,0.6237303512701983,214.96213636278256,0.0006199260776467758,0.16056390426319195,0.1305684551752668,0.09725076183870185
vibrato_depth_02st,vibrato_depth,2 semitones,2.0,semitones,"{""base_hz"": 440.0, ""depth_semitones"": 2.0, ""rate_hz"": 5.5}",psola,PSOLA,local pitch-synchronous overlap-add,-12,0.7470947564081258,0.6531684459163273,452.3664697331233,0.0006273867024264269,0.17596343032774694,0.37197927313973317,0.18285669672330218
vibrato_depth_02st,vibrato_depth,2 semitones,2.0,semitones,"{""base_hz"": 440.0, ""depth_semitones"": 2.0, ""rate_hz"": 5.5}",rubber_band,Rubber Band,local hybrid spectral/time-domain proxy,-12,163.80088965087043,1.874250304580372,292.8744550307764,0.2701307230477198,0.8147303795985229,0.20979563823517963,0.43155224696047406
vibrato_depth_02st,vibrato_depth,2 semitones,2.0,semitones,"{""base_hz"": 440.0, ""depth_semitones"": 2.0, ""rate_hz"": 5.5}",wsola,WSOLA,local waveform-similarity overlap-add,-12,275.3369907495264,1.9892270845827091,293.39343983699644,0.4544830798173973,0.8748765249842405,0.21032338153624763,0.5132276621126285
vibrato_depth_02st,vibrato_depth,2 semitones,2.0,semitones,"{""base_hz"": 440.0, ""depth_semitones"": 2.0, ""rate_hz"": 5.5}",phase_vocoder,Phase Vocoder,local phase vocoder,3,0.76066494871368,0.5084779908099011,92.43059405631845,0.0006498161840803879,0.10027359844534534,0.005969045237340923,0.03563081995558888
vibrato_depth_02st,vibrato_depth,2 semitones,2.0,semitones,"{""base_hz"": 440.0, ""depth_semitones"": 2.0, ""rate_hz"": 5.5}",psola,PSOLA,local pitch-synchronous overlap-add,3,0.6981259217337823,0.6784696437364692,886.8404008616665,0.0005464486026402877,0.1891988811943665,0.8137854761223887,0.3345102686397985
vibrato_depth_02st,vibrato_depth,2 semitones,2.0,semitones,"{""base_hz"": 440.0, ""depth_semitones"": 2.0, ""rate_hz"": 5.5}",rubber_band,Rubber Band,local hybrid spectral/time-domain proxy,3,219.51783155199934,2.022292045483621,286.33723949687675,0.3622224265436749,0.8921733213067581,0.20314809930088867,0.4858479490504406
vibrato_depth_02st,vibrato_depth,2 semitones,2.0,semitones,"{""base_hz"": 440.0, ""depth_semitones"": 2.0, ""rate_hz"": 5.5}",wsola,WSOLA,local waveform-similarity overlap-add,3,231.46509217600908,2.0917416088018403,285.7746811558265,0.381969446847259,0.9285034701613991,0.20257604710901136,0.5043496547058899
vibrato_depth_02st,vibrato_depth,2 semitones,2.0,semitones,"{""base_hz"": 440.0, ""depth_semitones"": 2.0, ""rate_hz"": 5.5}",phase_vocoder,Phase Vocoder,local phase vocoder,7,0.7693572939348033,0.7125938606964746,236.96617952968793,0.0006641833200263749,0.2070497908685506,0.15294384312221526,0.12021927243693076
vibrato_depth_02st,vibrato_depth,2 semitones,2.0,semitones,"{""base_hz"": 440.0, ""depth_semitones"": 2.0, ""rate_hz"": 5.5}",psola,PSOLA,local pitch-synchronous overlap-add,7,0.6538948284664299,0.6734309607468499,996.9776451565275,0.00047334127500362085,0.1865630676010477,0.9257814193139479,0.37093927606333305
vibrato_depth_02st,vibrato_depth,2 semitones,2.0,semitones,"{""base_hz"": 440.0, ""depth_semitones"": 2.0, ""rate_hz"": 5.5}",rubber_band,Rubber Band,local hybrid spectral/time-domain proxy,7,78.55050415590614,1.9218805421962595,416.4418248053674,0.12922469059084762,0.8396464991519076,0.3354483564796582,0.43477318207413784
vibrato_depth_02st,vibrato_depth,2 semitones,2.0,semitones,"{""base_hz"": 440.0, ""depth_semitones"": 2.0, ""rate_hz"": 5.5}",wsola,WSOLA,local waveform-similarity overlap-add,7,217.9729937357592,2.1269810046256556,420.01778204822284,0.35966904257699955,0.9469377472778827,0.33908466231598433,0.5485638173902889
vibrato_depth_02st,vibrato_depth,2 semitones,2.0,semitones,"{""base_hz"": 440.0, ""depth_semitones"": 2.0, ""rate_hz"": 5.5}",phase_vocoder,Phase Vocoder,local phase vocoder,12,0.7978195006783554,0.7671851928812169,448.4112718177732,0.0007112270560038274,0.23560736747068523,0.3679573264869459,0.20142530700454497
vibrato_depth_02st,vibrato_depth,2 semitones,2.0,semitones,"{""base_hz"": 440.0, ""depth_semitones"": 2.0, ""rate_hz"": 5.5}",psola,PSOLA,local pitch-synchronous overlap-add,12,0.6372580746933487,0.5709875313889324,573.1982798718137,0.0004458432296456297,0.13297331325371287,0.4948502658785397,0.2094231407872994
vibrato_depth_02st,vibrato_depth,2 semitones,2.0,semitones,"{""base_hz"": 440.0, ""depth_semitones"": 2.0, ""rate_hz"": 5.5}",rubber_band,Rubber Band,local hybrid spectral/time-domain proxy,12,76.86641231688509,1.9167785106246702,613.1244029603329,0.12644114072240192,0.8369775469281534,0.5354501904718012,0.4996229593741188
vibrato_depth_02st,vibrato_depth,2 semitones,2.0,semitones,"{""base_hz"": 440.0, ""depth_semitones"": 2.0, ""rate_hz"": 5.5}",wsola,WSOLA,local waveform-similarity overlap-add,12,132.32093923419183,2.0464633548906055,615.0566527125267,0.2180991118192256,0.904817709936585,0.5374150492701496,0.5534439570086533
vibrato_depth_04st,vibrato_depth,4 semitones,4.0,semitones,"{""base_hz"": 440.0, ""depth_semitones"": 4.0, ""rate_hz"": 5.5}",phase_vocoder,Phase Vocoder,local phase vocoder,-12,0.7404086975653681,0.7406138079839893,212.89424955858178,0.0006163356553392341,0.22170746194979635,0.1284656702859898,0.11692982263037512
vibrato_depth_04st,vibrato_depth,4 semitones,4.0,semitones,"{""base_hz"": 440.0, ""depth_semitones"": 4.0, ""rate_hz"": 5.5}",psola,PSOLA,local pitch-synchronous overlap-add,-12,0.739933931869727,0.7857189245184548,475.07956656432964,0.0006155509392334827,0.24530265131469728,0.39507568088716083,0.2136646277136972
vibrato_depth_04st,vibrato_depth,4 semitones,4.0,semitones,"{""base_hz"": 440.0, ""depth_semitones"": 4.0, ""rate_hz"": 5.5}",rubber_band,Rubber Band,local hybrid spectral/time-domain proxy,-12,341.0114170697375,2.0363535126548995,302.23124000718167,0.5630330035852933,0.8995290939140882,0.21931033024860613,0.5606241425826626
vibrato_depth_04st,vibrato_depth,4 semitones,4.0,semitones,"{""base_hz"": 440.0, ""depth_semitones"": 4.0, ""rate_hz"": 5.5}",wsola,WSOLA,local waveform-similarity overlap-add,-12,333.92419473866465,2.078117476749774,299.3394862358025,0.5513188937427025,0.9213764743702391,0.21636977464294468,0.5630217142519621
vibrato_depth_04st,vibrato_depth,4 semitones,4.0,semitones,"{""base_hz"": 440.0, ""depth_semitones"": 4.0, ""rate_hz"": 5.5}",phase_vocoder,Phase Vocoder,local phase vocoder,3,0.7745640521267873,0.4837709218477911,93.47608807955355,0.0006727893061991659,0.08734894564310286,0.007032183233783563,0.03168463939436186
vibrato_depth_04st,vibrato_depth,4 semitones,4.0,semitones,"{""base_hz"": 440.0, ""depth_semitones"": 4.0, ""rate_hz"": 5.5}",psola,PSOLA,local pitch-synchronous overlap-add,3,0.701132090392587,0.7343752529370307,887.4374097997097,0.0005514173461380326,0.2184439765848074,0.8143925603066537,0.34446265141253307
vibrato_depth_04st,vibrato_depth,4 semitones,4.0,semitones,"{""base_hz"": 440.0, ""depth_semitones"": 4.0, ""rate_hz"": 5.5}",rubber_band,Rubber Band,local hybrid spectral/time-domain proxy,3,211.22639948469728,2.0337591244543485,291.07031047321834,0.3485179395879153,0.8981719290161483,0.2079610465612071,0.48488363838842363
vibrato_depth_04st,vibrato_depth,4 semitones,4.0,semitones,"{""base_hz"": 440.0, ""depth_semitones"": 4.0, ""rate_hz"": 5.5}",wsola,WSOLA,local waveform-similarity overlap-add,3,375.7898877409784,2.170377252376739,291.165049431265,0.6205165714161005,0.9696390007516555,0.20805738435348936,0.5994043188404151
vibrato_depth_04st,vibrato_depth,4 semitones,4.0,semitones,"{""base_hz"": 440.0, ""depth_semitones"": 4.0, ""rate_hz"": 5.5}",phase_vocoder,Phase Vocoder,local phase vocoder,7,0.7687236181443632,0.7903485173168275,236.5961790234943,0.0006631359494957141,0.24772446345382604,0.15256759841101142,0.13365173260477772
vibrato_depth_04st,vibrato_depth,4 semitones,4.0,semitones,"{""base_hz"": 440.0, ""depth_semitones"": 4.0, ""rate_hz"": 5.5}",psola,PSOLA,local pitch-synchronous overlap-add,7,0.6570673522386553,0.6192717857082858,247.98405076229162,0.00047858497841943477,0.15823155913669693,0.16414765422679517,0.1076192661139705
vibrato_depth_04st,vibrato_depth,4 semitones,4.0,semitones,"{""base_hz"": 440.0, ""depth_semitones"": 4.0, ""rate_hz"": 5.5}",rubber_band,Rubber Band,local hybrid spectral/time-domain proxy,7,151.57587850669827,2.0513451099874245,424.4526265814706,0.24992462301585425,0.9073714321036588,0.34359435020212103,0.500296801773878
vibrato_depth_04st,vibrato_depth,4 semitones,4.0,semitones,"{""base_hz"": 440.0, ""depth_semitones"": 4.0, ""rate_hz"": 5.5}",wsola,WSOLA,local waveform-similarity overlap-add,7,264.27705583546737,2.193174935074376,425.5262438075316,0.43620267511396804,0.9815648238436023,0.3446860860143727,0.587484528323981
vibrato_depth_04st,vibrato_depth,4 semitones,4.0,semitones,"{""base_hz"": 440.0, ""depth_semitones"": 4.0, ""rate_hz"": 5.5}",phase_vocoder,Phase Vocoder,local phase vocoder,12,0.7927150753596985,0.9495224957689381,454.0639010224813,0.0007027902106400393,0.33099085210559676,0.3737053506303371,0.23513299764885795
vibrato_depth_04st,vibrato_depth,4 semitones,4.0,semitones,"{""base_hz"": 440.0, ""depth_semitones"": 4.0, ""rate_hz"": 5.5}",psola,PSOLA,local pitch-synchronous overlap-add,12,0.6500344118601157,0.6044925823220226,656.8038675712974,0.00046696058845929446,0.1505003275303047,0.5798667987547411,0.2436113622911684
vibrato_depth_04st,vibrato_depth,4 semitones,4.0,semitones,"{""base_hz"": 440.0, ""depth_semitones"": 4.0, ""rate_hz"": 5.5}",rubber_band,Rubber Band,local hybrid spectral/time-domain proxy,12,56.203030365303334,1.9568056110897853,622.7222055058774,0.09228768615403155,0.8579163469527723,0.5452099675166746,0.49847133354115947
vibrato_depth_04st,vibrato_depth,4 semitones,4.0,semitones,"{""base_hz"": 440.0, ""depth_semitones"": 4.0, ""rate_hz"": 5.5}",wsola,WSOLA,local waveform-similarity overlap-add,12,74.21578571028212,2.053073933325459,627.7145766630974,0.1220600546253413,0.9082758065332918,0.5502865909613134,0.5268741507066488
vibrato_depth_08st,vibrato_depth,8 semitones,8.0,semitones,"{""base_hz"": 440.0, ""depth_semitones"": 8.0, ""rate_hz"": 5.5}",phase_vocoder,Phase Vocoder,local phase vocoder,-12,0.7429317210072417,0.79597080448029,221.12886729000823,0.0006205058326460699,0.250665569485209,0.1368392571280938,0.1293751108153163
vibrato_depth_08st,vibrato_depth,8 semitones,8.0,semitones,"{""base_hz"": 440.0, ""depth_semitones"": 8.0, ""rate_hz"": 5.5}",psola,PSOLA,local pitch-synchronous overlap-add,-12,0.7459486790504607,0.9232531580376208,489.87501052189896,0.0006254924093693381,0.3172489521642154,0.41012081581472093,0.24266508679610188
vibrato_depth_08st,vibrato_depth,8 semitones,8.0,semitones,"{""base_hz"": 440.0, ""depth_semitones"": 8.0, ""rate_hz"": 5.5}",rubber_band,Rubber Band,local hybrid spectral/time-domain proxy,-12,233.4462608715921,1.9863857739200184,310.0705385524549,0.3852440199638679,0.8733901910983836,0.22728192641627107,0.4953053791595075
vibrato_depth_08st,vibrato_depth,8 semitones,8.0,semitones,"{""base_hz"": 440.0, ""depth_semitones"": 8.0, ""rate_hz"": 5.5}",wsola,WSOLA,local waveform-similarity overlap-add,-12,605.3833835739554,2.1549720193607618,306.5468515994594,1.0,0.9615802832900865,0.22369877299401922,0.728426352094702
vibrato_depth_08st,vibrato_depth,8 semitones,8.0,semitones,"{""base_hz"": 440.0, ""depth_semitones"": 8.0, ""rate_hz"": 5.5}",phase_vocoder,Phase Vocoder,local phase vocoder,3,0.760374778861827,0.4993993498214471,105.16388374048472,0.0006493365770695128,0.09552441986524256,0.018917224549796188,0.03836366033070276
vibrato_depth_08st,vibrato_depth,8 semitones,8.0,semitones,"{""base_hz"": 440.0, ""depth_semitones"": 8.0, ""rate_hz"": 5.5}",psola,PSOLA,local pitch-synchronous overlap-add,3,0.6795972043726534,0.7152861432941756,785.8087305383768,0.0005158234267573508,0.20845816585119903,0.711048774450587,0.30667425457618114
vibrato_depth_08st,vibrato_depth,8 semitones,8.0,semitones,"{""base_hz"": 440.0, ""depth_semitones"": 8.0, ""rate_hz"": 5.5}",rubber_band,Rubber Band,local hybrid spectral/time-domain proxy,3,115.4358130555119,1.926346671731633,289.8225347061162,0.19019054432644875,0.8419828011107952,0.20669221307238247,0.4129551861698755
vibrato_depth_08st,vibrato_depth,8 semitones,8.0,semitones,"{""base_hz"": 440.0, ""depth_semitones"": 8.0, ""rate_hz"": 5.5}",wsola,WSOLA,local waveform-similarity overlap-add,3,415.15323504384884,2.1580687149810185,295.98908920347066,0.6855782489729372,0.9632002130270951,0.2129628356178713,0.6205804325393012
vibrato_depth_08st,vibrato_depth,8 semitones,8.0,semitones,"{""base_hz"": 440.0, ""depth_semitones"": 8.0, ""rate_hz"": 5.5}",phase_vocoder,Phase Vocoder,local phase vocoder,7,0.7615481586246172,0.7661056463995178,250.7296105510051,0.0006512759968853881,0.2350426398827532,0.16693954864992566,0.1342111548431881
vibrato_depth_08st,vibrato_depth,8 semitones,8.0,semitones,"{""base_hz"": 440.0, ""depth_semitones"": 8.0, ""rate_hz"": 5.5}",psola,PSOLA,local pitch-synchronous overlap-add,7,0.6538430547513433,0.5954750481791721,226.45718591857943,0.00047325570085945663,0.14578311489340934,0.1422574975630402,0.09617128938576967
vibrato_depth_08st,vibrato_depth,8 semitones,8.0,semitones,"{""base_hz"": 440.0, ""depth_semitones"": 8.0, ""rate_hz"": 5.5}",rubber_band,Rubber Band,local hybrid spectral/time-domain proxy,7,152.49376173632766,2.018752484245325,424.74479507936275,0.2514417455883195,0.8903217216634571,0.34389144939596583,0.49521830554924745
vibrato_depth_08st,vibrato_depth,8 semitones,8.0,semitones,"{""base_hz"": 440.0, ""depth_semitones"": 8.0, ""rate_hz"": 5.5}",wsola,WSOLA,local waveform-similarity overlap-add,7,96.02782260138427,1.9719100476974858,417.8779831062708,0.15811206260493782,0.8658177131256436,0.33690875168485734,0.4536128424718129
vibrato_depth_08st,vibrato_depth,8 semitones,8.0,semitones,"{""base_hz"": 440.0, ""depth_semitones"": 8.0, ""rate_hz"": 5.5}",phase_vocoder,Phase Vocoder,local phase vocoder,12,0.7871860547918196,1.0651441401406576,478.79230274533626,0.0006936515733533107,0.39147433609232724,0.3988510739712664,0.263673020545649
vibrato_depth_08st,vibrato_depth,8 semitones,8.0,semitones,"{""base_hz"": 440.0, ""depth_semitones"": 8.0, ""rate_hz"": 5.5}",psola,PSOLA,local pitch-synchronous overlap-add,12,0.6506182422667236,0.6912573092654324,733.0789946201411,0.0004679255720865845,0.19588830831202728,0.6574291606113819,0.2845951314984986
vibrato_depth_08st,vibrato_depth,8 semitones,8.0,semitones,"{""base_hz"": 440.0, ""depth_semitones"": 8.0, ""rate_hz"": 5.5}",rubber_band,Rubber Band,local hybrid spectral/time-domain proxy,12,83.5342650069097,2.0292919100000724,631.1594870435439,0.13746209578440277,0.8958350595192759,0.5537896383612972,0.5290289312216586
vibrato_depth_08st,vibrato_depth,8 semitones,8.0,semitones,"{""base_hz"": 440.0, ""depth_semitones"": 8.0, ""rate_hz"": 5.5}",wsola,WSOLA,local waveform-similarity overlap-add,12,119.30604083450412,2.1462761264571775,639.8042071204823,0.1965874472598012,0.9570313261978199,0.5625802485208515,0.5720663406594909
vibrato_depth_12st,vibrato_depth,12 semitones,12.0,semitones,"{""base_hz"": 440.0, ""depth_semitones"": 12.0, ""rate_hz"": 5.5}",phase_vocoder,Phase Vocoder,local phase vocoder,-12,0.7425771931087793,0.8084777539641377,224.86010451496003,0.000619919851488594,0.2572081496650683,0.14063346348358577,0.13282051100004755
vibrato_depth_12st,vibrato_depth,12 semitones,12.0,semitones,"{""base_hz"": 440.0, ""depth_semitones"": 12.0, ""rate_hz"": 5.5}",psola,PSOLA,local pitch-synchronous overlap-add,-12,0.7511987392341126,0.9734893540079761,578.1281247171139,0.0006341699672049199,0.3435282891433601,0.49986330780429633,0.2813419223049538
vibrato_depth_12st,vibrato_depth,12 semitones,12.0,semitones,"{""base_hz"": 440.0, ""depth_semitones"": 12.0, ""rate_hz"": 5.5}",rubber_band,Rubber Band,local hybrid spectral/time-domain proxy,-12,362.2557150455109,2.0396562478153046,324.464259037187,0.5981466247462746,0.9012568061454118,0.24191855830264247,0.5804406630647763
vibrato_depth_12st,vibrato_depth,12 semitones,12.0,semitones,"{""base_hz"": 440.0, ""depth_semitones"": 12.0, ""rate_hz"": 5.5}",wsola,WSOLA,local waveform-similarity overlap-add,-12,600.5576429454366,2.152948247300915,320.53528793075367,0.992023778406601,0.960521616587674,0.2379232810678196,0.7301562253540316
vibrato_depth_12st,vibrato_depth,12 semitones,12.0,semitones,"{""base_hz"": 440.0, ""depth_semitones"": 12.0, ""rate_hz"": 5.5}",phase_vocoder,Phase Vocoder,local phase vocoder,3,0.7657855966367519,0.5292465315343872,127.94740905748837,0.0006582798429630942,0.11113794574954665,0.04208524934870293,0.051293824980404225
vibrato_depth_12st,vibrato_depth,12 semitones,12.0,semitones,"{""base_hz"": 440.0, ""depth_semitones"": 12.0, ""rate_hz"": 5.5}",psola,PSOLA,local pitch-synchronous overlap-add,3,0.683945482990589,0.71872761492872,698.0177396492356,0.000523010475642972,0.21025845329417597,0.6217762046555053,0.2775192228084414
vibrato_depth_12st,vibrato_depth,12 semitones,12.0,semitones,"{""base_hz"": 440.0, ""depth_semitones"": 12.0, ""rate_hz"": 5.5}",rubber_band,Rubber Band,local hybrid spectral/time-domain proxy,3,59.441719818364184,1.7746937749484997,277.87200612731255,0.0976407514632515,0.7626508074865331,0.19454000490347656,0.35161052128442033
vibrato_depth_12st,vibrato_depth,12 semitones,12.0,semitones,"{""base_hz"": 440.0, ""depth_semitones"": 12.0, ""rate_hz"": 5.5}",wsola,WSOLA,local waveform-similarity overlap-add,3,115.59760962970647,1.9110868047888736,305.34589400346994,0.19045796966655137,0.8340001269074709,0.22247754778943887,0.4156452147878204
vibrato_depth_12st,vibrato_depth,12 semitones,12.0,semitones,"{""base_hz"": 440.0, ""depth_semitones"": 12.0, ""rate_hz"": 5.5}",phase_vocoder,Phase Vocoder,local phase vocoder,7,0.7724778611594335,0.7779869057938176,285.2572061231531,0.0006693411471034566,0.24125791182618778,0.2020498390607404,0.14799236401134389
vibrato_depth_12st,vibrato_depth,12 semitones,12.0,semitones,"{""base_hz"": 440.0, ""depth_semitones"": 12.0, ""rate_hz"": 5.5}",psola,PSOLA,local pitch-synchronous overlap-add,7,0.6637543501443466,0.7488380328950986,798.8185107843073,0.0004896375776360568,0.22600968216485512,0.7242781104366689,0.31692581005972004
vibrato_depth_12st,vibrato_depth,12 semitones,12.0,semitones,"{""base_hz"": 440.0, ""depth_semitones"": 12.0, ""rate_hz"": 5.5}",rubber_band,Rubber Band,local hybrid spectral/time-domain proxy,7,147.3891604067584,1.9981325124497866,433.9204692909292,0.24300460930503356,0.8795350930812458,0.3532219741818561,0.49192055885604513
vibrato_depth_12st,vibrato_depth,12 semitones,12.0,semitones,"{""base_hz"": 440.0, ""depth_semitones"": 12.0, ""rate_hz"": 5.5}",wsola,WSOLA,local waveform-similarity overlap-add,7,305.24459310649246,2.173544213327125,447.3022612330354,0.5039158367949808,0.9712956873778504,0.36682960001038173,0.6140137080610709
vibrato_depth_12st,vibrato_depth,12 semitones,12.0,semitones,"{""base_hz"": 440.0, ""depth_semitones"": 12.0, ""rate_hz"": 5.5}",phase_vocoder,Phase Vocoder,local phase vocoder,12,0.7967039816179758,1.0728737455196378,530.9884076459518,0.000709383271204316,0.3955178131221146,0.45192805112551293,0.2827184158396106
vibrato_depth_12st,vibrato_depth,12 semitones,12.0,semitones,"{""base_hz"": 440.0, ""depth_semitones"": 12.0, ""rate_hz"": 5.5}",psola,PSOLA,local pitch-synchronous overlap-add,12,0.648676128823227,0.7486898333570438,622.1045485763699,0.0004647155514125968,0.22593215667699781,0.5445818868811741,0.2569929197031949
vibrato_depth_12st,vibrato_depth,12 semitones,12.0,semitones,"{""base_hz"": 440.0, ""depth_semitones"": 12.0, ""rate_hz"": 5.5}",rubber_band,Rubber Band,local hybrid spectral/time-domain proxy,12,75.96861636420284,2.013522488136398,658.5885700352572,0.1249572193898026,0.8875858291960576,0.5816816202263259,0.5314082229373954
vibrato_depth_12st,vibrato_depth,12 semitones,12.0,semitones,"{""base_hz"": 440.0, ""depth_semitones"": 12.0, ""rate_hz"": 5.5}",wsola,WSOLA,local waveform-similarity overlap-add,12,66.4382231209084,2.064859742844003,675.6320965369083,0.1092049164310585,0.9144411471592538,0.599012776803591,0.5408862801313011
