case_id,sweep_family,case_label,ambiguity_amount,ambiguity_units,parameter_summary,algorithm,algorithm_label,implementation,shift_semitones,rms_error,spectral_distance,spectral_centroid_difference,rms_error_normalized,spectral_distance_normalized,spectral_centroid_difference_normalized,composite_stress
critical_beating_rate_0_1hz,critical_beating_rate,0.1 Hz,0.1,Hz beat rate,"{""beat_rate_hz"": 0.1, ""frequencies_hz"": ""440,440.1""}",phase_vocoder,Phase Vocoder,local phase vocoder,-12,0.691456193881433,0.45440514150695416,213.0599826278802,0.0005740780496474245,0.08838902384717207,0.12814682432217972,0.07236997540633307
critical_beating_rate_0_1hz,critical_beating_rate,0.1 Hz,0.1,Hz beat rate,"{""beat_rate_hz"": 0.1, ""frequencies_hz"": ""440,440.1""}",psola,PSOLA,local pitch-synchronous overlap-add,-12,0.6070273740920982,0.3864835737737797,435.86247637193037,0.00043290021140097513,0.05348616818644655,0.36393064759767996,0.13928323866517583
critical_beating_rate_0_1hz,critical_beating_rate,0.1 Hz,0.1,Hz beat rate,"{""beat_rate_hz"": 0.1, ""frequencies_hz"": ""440,440.1""}",rubber_band,Rubber Band,local hybrid spectral/time-domain proxy,-12,273.1628749539191,1.9744754930014023,307.040491365424,0.4561877651823957,0.8695075675295171,0.2276029986725908,0.5177661104615011
critical_beating_rate_0_1hz,critical_beating_rate,0.1 Hz,0.1,Hz beat rate,"{""beat_rate_hz"": 0.1, ""frequencies_hz"": ""440,440.1""}",wsola,WSOLA,local waveform-similarity overlap-add,-12,458.03971024105795,2.0869385538892162,307.4081331641368,0.765329975304587,0.9272989600478843,0.22799206069537037,0.6402069986826139
critical_beating_rate_0_1hz,critical_beating_rate,0.1 Hz,0.1,Hz beat rate,"{""beat_rate_hz"": 0.1, ""frequencies_hz"": ""440,440.1""}",phase_vocoder,Phase Vocoder,local phase vocoder,3,0.6282780592823262,0.41577393812268104,93.16434626532138,0.00046843459176893577,0.06853760756334482,0.0012656074176308908,0.023423883190914877
critical_beating_rate_0_1hz,critical_beating_rate,0.1 Hz,0.1,Hz beat rate,"{""beat_rate_hz"": 0.1, ""frequencies_hz"": ""440,440.1""}",psola,PSOLA,local pitch-synchronous overlap-add,3,0.5450406139710957,0.48659128903277715,829.3144353059512,0.00032924891299813036,0.10492851931025939,0.7803066297232208,0.2951881326488261
critical_beating_rate_0_1hz,critical_beating_rate,0.1 Hz,0.1,Hz beat rate,"{""beat_rate_hz"": 0.1, ""frequencies_hz"": ""440,440.1""}",rubber_band,Rubber Band,local hybrid spectral/time-domain proxy,3,135.72668134153324,1.977963314676602,288.5409032015411,0.2263735292445848,0.8712998544357627,0.20802555340703938,0.435232979029129
critical_beating_rate_0_1hz,critical_beating_rate,0.1 Hz,0.1,Hz beat rate,"{""beat_rate_hz"": 0.1, ""frequencies_hz"": ""440,440.1""}",wsola,WSOLA,local waveform-similarity overlap-add,3,268.187413883878,2.1268109231093364,288.06053791308113,0.4478680369201691,0.9477881742133767,0.2075172001907956,0.5343911371081138
critical_beating_rate_0_1hz,critical_beating_rate,0.1 Hz,0.1,Hz beat rate,"{""beat_rate_hz"": 0.1, ""frequencies_hz"": ""440,440.1""}",phase_vocoder,Phase Vocoder,local phase vocoder,7,0.6276327774009155,0.44361758647112753,232.8499226690953,0.0004673555822399092,0.0828456229965511,0.14908980232435123,0.07746759363438076
critical_beating_rate_0_1hz,critical_beating_rate,0.1 Hz,0.1,Hz beat rate,"{""beat_rate_hz"": 0.1, ""frequencies_hz"": ""440,440.1""}",psola,PSOLA,local pitch-synchronous overlap-add,7,0.5043662960198074,0.37216823731248944,317.1038452469729,0.000261235262033451,0.046129946312917926,0.23825268222546764,0.094881287933473
critical_beating_rate_0_1hz,critical_beating_rate,0.1 Hz,0.1,Hz beat rate,"{""beat_rate_hz"": 0.1, ""frequencies_hz"": ""440,440.1""}",rubber_band,Rubber Band,local hybrid spectral/time-domain proxy,7,108.35439536987288,1.9560574052135191,413.0290661007109,0.18060290055422878,0.860043064852953,0.3397668750936302,0.46013761350027066
critical_beating_rate_0_1hz,critical_beating_rate,0.1 Hz,0.1,Hz beat rate,"{""beat_rate_hz"": 0.1, ""frequencies_hz"": ""440,440.1""}",wsola,WSOLA,local waveform-similarity overlap-add,7,214.45457445612388,2.106453158302812,412.4236069319996,0.35801855030905616,0.9373269297172477,0.33912613954692683,0.5448238731910768
critical_beating_rate_0_1hz,critical_beating_rate,0.1 Hz,0.1,Hz beat rate,"{""beat_rate_hz"": 0.1, ""frequencies_hz"": ""440,440.1""}",phase_vocoder,Phase Vocoder,local phase vocoder,12,0.6254110367263108,0.43539351445117036,446.10665157799366,0.00046364049364376944,0.07861951915007322,0.37477168782034664,0.15128494915468788
critical_beating_rate_0_1hz,critical_beating_rate,0.1 Hz,0.1,Hz beat rate,"{""beat_rate_hz"": 0.1, ""frequencies_hz"": ""440,440.1""}",psola,PSOLA,local pitch-synchronous overlap-add,12,0.4939243469393572,0.3210141697043734,326.47846676946915,0.000243774733721723,0.01984340585497403,0.24817350522520562,0.08942022860463379
critical_beating_rate_0_1hz,critical_beating_rate,0.1 Hz,0.1,Hz beat rate,"{""beat_rate_hz"": 0.1, ""frequencies_hz"": ""440,440.1""}",rubber_band,Rubber Band,local hybrid spectral/time-domain proxy,12,55.36247037281468,1.767746793837587,596.7751723261484,0.09199233565151163,0.7632758919564574,0.5342187356171922,0.46316232107505373
critical_beating_rate_0_1hz,critical_beating_rate,0.1 Hz,0.1,Hz beat rate,"{""beat_rate_hz"": 0.1, ""frequencies_hz"": ""440,440.1""}",wsola,WSOLA,local waveform-similarity overlap-add,12,91.03651323570152,1.8529178869215317,594.5141845359632,0.1516447655381337,0.807042761120215,0.531826013989213,0.4968378468825206
critical_beating_rate_0_25hz,critical_beating_rate,0.25 Hz,0.25,Hz beat rate,"{""beat_rate_hz"": 0.25, ""frequencies_hz"": ""440,440.25""}",phase_vocoder,Phase Vocoder,local phase vocoder,-12,0.47902314811490165,0.3895943488674155,213.04206693390964,0.00021885766106138817,0.05508470216776867,0.12812786479102714,0.06114380820661907
critical_beating_rate_0_25hz,critical_beating_rate,0.25 Hz,0.25,Hz beat rate,"{""beat_rate_hz"": 0.25, ""frequencies_hz"": ""440,440.25""}",psola,PSOLA,local pitch-synchronous overlap-add,-12,0.4250822137450942,0.3564261068661761,436.41648165720727,0.00012866020803143366,0.03804053782166449,0.36451693135995905,0.13422870979655166
critical_beating_rate_0_25hz,critical_beating_rate,0.25 Hz,0.25,Hz beat rate,"{""beat_rate_hz"": 0.25, ""frequencies_hz"": ""440,440.25""}",rubber_band,Rubber Band,local hybrid spectral/time-domain proxy,-12,296.22252795120994,1.9839984761388745,307.4977164299885,0.49474701508063984,0.874401142825253,0.22808686342656545,0.5324116737774861
critical_beating_rate_0_25hz,critical_beating_rate,0.25 Hz,0.25,Hz beat rate,"{""beat_rate_hz"": 0.25, ""frequencies_hz"": ""440,440.25""}",wsola,WSOLA,local waveform-similarity overlap-add,-12,497.39667310766475,2.0959250522805997,307.8492416893166,0.8311408080429503,0.9319168519299146,0.22845886989843875,0.6638388432904345
critical_beating_rate_0_25hz,critical_beating_rate,0.25 Hz,0.25,Hz beat rate,"{""beat_rate_hz"": 0.25, ""frequencies_hz"": ""440,440.25""}",phase_vocoder,Phase Vocoder,local phase vocoder,3,0.4422123160363107,0.3603572473390483,93.56033366806322,0.00015730434656669712,0.040060632956183576,0.001684666568264384,0.01396753462367155
critical_beating_rate_0_25hz,critical_beating_rate,0.25 Hz,0.25,Hz beat rate,"{""beat_rate_hz"": 0.25, ""frequencies_hz"": ""440,440.25""}",psola,PSOLA,local pitch-synchronous overlap-add,3,0.3908898284418554,0.4246348082123449,834.2026086797797,7.148533511901252e-05,0.07309094283061844,0.7854796068634086,0.286214011676382
critical_beating_rate_0_25hz,critical_beating_rate,0.25 Hz,0.25,Hz beat rate,"{""beat_rate_hz"": 0.25, ""frequencies_hz"": ""440,440.25""}",rubber_band,Rubber Band,local hybrid spectral/time-domain proxy,3,129.1938291459979,1.9098670340148252,293.0879931943857,0.21544960595807505,0.8363072190433175,0.21283757433765926,0.4215314664463506
critical_beating_rate_0_25hz,critical_beating_rate,0.25 Hz,0.25,Hz beat rate,"{""beat_rate_hz"": 0.25, ""frequencies_hz"": ""440,440.25""}",wsola,WSOLA,local waveform-similarity overlap-add,3,254.99272793126948,2.0579584224307075,292.5723979210191,0.42580451354298493,0.912406940044772,0.2122919385021968,0.5168344640299846
critical_beating_rate_0_25hz,critical_beating_rate,0.25 Hz,0.25,Hz beat rate,"{""beat_rate_hz"": 0.25, ""frequencies_hz"": ""440,440.25""}",phase_vocoder,Phase Vocoder,local phase vocoder,7,0.43882829730501216,0.3781353523304665,235.17882940392838,0.00015164575214050128,0.04919626767642907,0.15155440011571086,0.06696743784809348
critical_beating_rate_0_25hz,critical_beating_rate,0.25 Hz,0.25,Hz beat rate,"{""beat_rate_hz"": 0.25, ""frequencies_hz"": ""440,440.25""}",psola,PSOLA,local pitch-synchronous overlap-add,7,0.35631203066771305,0.3263822091596669,306.63856471650905,1.3665993888650346e-05,0.022601880262178832,0.2271776542324772,0.08326440016284824
critical_beating_rate_0_25hz,critical_beating_rate,0.25 Hz,0.25,Hz beat rate,"{""beat_rate_hz"": 0.25, ""frequencies_hz"": ""440,440.25""}",rubber_band,Rubber Band,local hybrid spectral/time-domain proxy,7,124.66393920137988,1.9898536922293124,414.7935957950408,0.20787494044135668,0.8774099626874468,0.3416342130691656,0.47563970539932304
critical_beating_rate_0_25hz,critical_beating_rate,0.25 Hz,0.25,Hz beat rate,"{""beat_rate_hz"": 0.25, ""frequencies_hz"": ""440,440.25""}",wsola,WSOLA,local waveform-similarity overlap-add,7,247.358395909617,2.1396415623704512,414.2299441246248,0.4130387483225087,0.9543814547443088,0.34103772088627743,0.5694859746510316
critical_beating_rate_0_25hz,critical_beating_rate,0.25 Hz,0.25,Hz beat rate,"{""beat_rate_hz"": 0.25, ""frequencies_hz"": ""440,440.25""}",phase_vocoder,Phase Vocoder,local phase vocoder,12,0.44091018095135687,0.38117972705947656,446.7894699076571,0.00015512697849667863,0.0507606805027234,0.375494289770016,0.14213669908374535
critical_beating_rate_0_25hz,critical_beating_rate,0.25 Hz,0.25,Hz beat rate,"{""beat_rate_hz"": 0.25, ""frequencies_hz"": ""440,440.25""}",psola,PSOLA,local pitch-synchronous overlap-add,12,0.34813933338322245,0.28239855475478925,373.8728586254108,0.0,0.0,0.2983292764907127,0.0994430921635709
critical_beating_rate_0_25hz,critical_beating_rate,0.25 Hz,0.25,Hz beat rate,"{""beat_rate_hz"": 0.25, ""frequencies_hz"": ""440,440.25""}",rubber_band,Rubber Band,local hybrid spectral/time-domain proxy,12,54.38416248651768,1.7223025458344416,593.5211824434058,0.09035645594987082,0.7399234564694701,0.5307751557785652,0.4536850227326354
critical_beating_rate_0_25hz,critical_beating_rate,0.25 Hz,0.25,Hz beat rate,"{""beat_rate_hz"": 0.25, ""frequencies_hz"": ""440,440.25""}",wsola,WSOLA,local waveform-similarity overlap-add,12,89.56280655540384,1.780774764956958,583.4445343045344,0.1491805036444709,0.769970575408374,0.5201114033938434,0.4797541608155627
critical_beating_rate_0_5hz,critical_beating_rate,0.5 Hz,0.5,Hz beat rate,"{""beat_rate_hz"": 0.5, ""frequencies_hz"": ""440,440.5""}",phase_vocoder,Phase Vocoder,local phase vocoder,-12,0.5422648156956962,0.41432920108861077,215.76021434257802,0.0003246073557561016,0.06779520055109868,0.13100438191375946,0.06637472994020475
critical_beating_rate_0_5hz,critical_beating_rate,0.5 Hz,0.5,Hz beat rate,"{""beat_rate_hz"": 0.5, ""frequencies_hz"": ""440,440.5""}",psola,PSOLA,local pitch-synchronous overlap-add,-12,0.46784309840023025,0.33334450005529775,435.32711272870966,0.00020016291613727963,0.026179592648807055,0.36336409161116445,0.12991461572536958
critical_beating_rate_0_5hz,critical_beating_rate,0.5 Hz,0.5,Hz beat rate,"{""beat_rate_hz"": 0.5, ""frequencies_hz"": ""440,440.5""}",rubber_band,Rubber Band,local hybrid spectral/time-domain proxy,-12,350.70242074789604,2.0003821173677463,306.53637679582346,0.5858456886393343,0.882820204459031,0.227069512450817,0.5652451351830607
critical_beating_rate_0_5hz,critical_beating_rate,0.5 Hz,0.5,Hz beat rate,"{""beat_rate_hz"": 0.5, ""frequencies_hz"": ""440,440.5""}",wsola,WSOLA,local waveform-similarity overlap-add,-12,598.3798193620166,2.11427957566113,306.6956746621335,1.0,0.9413486907648002,0.22723809162301137,0.7228622607959371
critical_beating_rate_0_5hz,critical_beating_rate,0.5 Hz,0.5,Hz beat rate,"{""beat_rate_hz"": 0.5, ""frequencies_hz"": ""440,440.5""}",phase_vocoder,Phase Vocoder,local phase vocoder,3,0.5639729908406159,0.3906580399401113,93.33105682737074,0.00036090672896636424,0.05563130109380862,0.0014420311777058623,0.019144746333493615
critical_beating_rate_0_5hz,critical_beating_rate,0.5 Hz,0.5,Hz beat rate,"{""beat_rate_hz"": 0.5, ""frequencies_hz"": ""440,440.5""}",psola,PSOLA,local pitch-synchronous overlap-add,3,0.49271822966737716,0.45539821903688116,820.5950801538963,0.000241757922050605,0.08889933659235363,0.7710792514309016,0.28674011531510196
critical_beating_rate_0_5hz,critical_beating_rate,0.5 Hz,0.5,Hz beat rate,"{""beat_rate_hz"": 0.5, ""frequencies_hz"": ""440,440.5""}",rubber_band,Rubber Band,local hybrid spectral/time-domain proxy,3,120.09522519897307,1.948361845455816,290.4913799842656,0.2002353551903077,0.8560885475999538,0.21008967246294727,0.42213785841773627
critical_beating_rate_0_5hz,critical_beating_rate,0.5 Hz,0.5,Hz beat rate,"{""beat_rate_hz"": 0.5, ""frequencies_hz"": ""440,440.5""}",wsola,WSOLA,local waveform-similarity overlap-add,3,257.0947791853517,2.1304316999304937,288.4387933793591,0.4293194632091657,0.9496487827797898,0.2079174942742017,0.5289619134210524
critical_beating_rate_0_5hz,critical_beating_rate,0.5 Hz,0.5,Hz beat rate,"{""beat_rate_hz"": 0.5, ""frequencies_hz"": ""440,440.5""}",phase_vocoder,Phase Vocoder,local phase vocoder,7,0.5468507689422033,0.412561675640791,233.0126603687681,0.00033227576764740396,0.06688692225834394,0.14926202174781963,0.07216040659127033
critical_beating_rate_0_5hz,critical_beating_rate,0.5 Hz,0.5,Hz beat rate,"{""beat_rate_hz"": 0.5, ""frequencies_hz"": ""440,440.5""}",psola,PSOLA,local pitch-synchronous overlap-add,7,0.45675403533841713,0.3545192866954115,332.71400648208424,0.00018162031474652692,0.037060680150348545,0.25477235144510285,0.09733821730339931
critical_beating_rate_0_5hz,critical_beating_rate,0.5 Hz,0.5,Hz beat rate,"{""beat_rate_hz"": 0.5, ""frequencies_hz"": ""440,440.5""}",rubber_band,Rubber Band,local hybrid spectral/time-domain proxy,7,149.97928157855117,2.0137867077915437,413.99809309297376,0.25020604633855464,0.8897084212709705,0.3407923613225023,0.4935689429773425
critical_beating_rate_0_5hz,critical_beating_rate,0.5 Hz,0.5,Hz beat rate,"{""beat_rate_hz"": 0.5, ""frequencies_hz"": ""440,440.5""}",wsola,WSOLA,local waveform-similarity overlap-add,7,298.6766623975493,2.1642911027465987,413.685218388267,0.4988507014375597,0.9670481139302641,0.34046125733509947,0.6021200242343078
critical_beating_rate_0_5hz,critical_beating_rate,0.5 Hz,0.5,Hz beat rate,"{""beat_rate_hz"": 0.5, ""frequencies_hz"": ""440,440.5""}",phase_vocoder,Phase Vocoder,local phase vocoder,12,0.5643182647257127,0.4136812649990466,446.18106451875525,0.00036148407945903416,0.06746224563609622,0.37485043634501125,0.14755805535352218
critical_beating_rate_0_5hz,critical_beating_rate,0.5 Hz,0.5,Hz beat rate,"{""beat_rate_hz"": 0.5, ""frequencies_hz"": ""440,440.5""}",psola,PSOLA,local pitch-synchronous overlap-add,12,0.4497540809296719,0.3173673658112232,321.31486612325523,0.00016991532545831717,0.017969422757210158,0.2427090533612566,0.08694946381464169
critical_beating_rate_0_5hz,critical_beating_rate,0.5 Hz,0.5,Hz beat rate,"{""beat_rate_hz"": 0.5, ""frequencies_hz"": ""440,440.5""}",rubber_band,Rubber Band,local hybrid spectral/time-domain proxy,12,60.267461708941724,1.835049764058998,605.7798232141777,0.1001942277918949,0.7978608689170036,0.5437480320714757,0.48060104292679134
critical_beating_rate_0_5hz,critical_beating_rate,0.5 Hz,0.5,Hz beat rate,"{""beat_rate_hz"": 0.5, ""frequencies_hz"": ""440,440.5""}",wsola,WSOLA,local waveform-similarity overlap-add,12,101.3480695423823,1.948750803476559,605.4130711466859,0.16888725728403428,0.8562884214560668,0.5433599116190774,0.5228451967863927
critical_beating_rate_1_0hz,critical_beating_rate,1 Hz,1.0,Hz beat rate,"{""beat_rate_hz"": 1.0, ""frequencies_hz"": ""440,441""}",phase_vocoder,Phase Vocoder,local phase vocoder,-12,0.5764515392343414,0.4150214224180255,214.01537508451977,0.0003817727613363017,0.06815091232207474,0.12915788161498465,0.0658968555661319
critical_beating_rate_1_0hz,critical_beating_rate,1 Hz,1.0,Hz beat rate,"{""beat_rate_hz"": 1.0, ""frequencies_hz"": ""440,441""}",psola,PSOLA,local pitch-synchronous overlap-add,-12,0.47664875362424275,0.3567695170689599,435.301590364056,0.00021488731204819675,0.03821700602079778,0.36333708221546174,0.1339229918494359
critical_beating_rate_1_0hz,critical_beating_rate,1 Hz,1.0,Hz beat rate,"{""beat_rate_hz"": 1.0, ""frequencies_hz"": ""440,441""}",rubber_band,Rubber Band,local hybrid spectral/time-domain proxy,-12,350.7839483275015,2.000530502160078,306.66197638463416,0.5859820151623732,0.882896454951501,0.22720242995436,0.5653603000227447
critical_beating_rate_1_0hz,critical_beating_rate,1 Hz,1.0,Hz beat rate,"{""beat_rate_hz"": 1.0, ""frequencies_hz"": ""440,441""}",wsola,WSOLA,local waveform-similarity overlap-add,-12,591.7686698077307,2.1123725078022364,306.77428662592496,0.9889451516114173,0.9403687058139866,0.2273212838219247,0.7188783804157762
critical_beating_rate_1_0hz,critical_beating_rate,1 Hz,1.0,Hz beat rate,"{""beat_rate_hz"": 1.0, ""frequencies_hz"": ""440,441""}",phase_vocoder,Phase Vocoder,local phase vocoder,3,0.5512544164098783,0.3884290999992053,93.3014303050773,0.00033963933652633716,0.05448591573787152,0.0014106785003667609,0.018745411191588204
critical_beating_rate_1_0hz,critical_beating_rate,1 Hz,1.0,Hz beat rate,"{""beat_rate_hz"": 1.0, ""frequencies_hz"": ""440,441""}",psola,PSOLA,local pitch-synchronous overlap-add,3,0.48884049004154406,0.4467729255392311,824.2392578599321,0.00023527375113570055,0.08446705706720309,0.7749357529349267,0.28654602791775513
critical_beating_rate_1_0hz,critical_beating_rate,1 Hz,1.0,Hz beat rate,"{""beat_rate_hz"": 1.0, ""frequencies_hz"": ""440,441""}",rubber_band,Rubber Band,local hybrid spectral/time-domain proxy,3,112.80544210336089,1.8927798032764565,294.8411526359529,0.18804572822060744,0.8275266038719231,0.21469287958580927,0.4100884038927799
critical_beating_rate_1_0hz,critical_beating_rate,1 Hz,1.0,Hz beat rate,"{""beat_rate_hz"": 1.0, ""frequencies_hz"": ""440,441""}",wsola,WSOLA,local waveform-similarity overlap-add,3,236.5391241340735,2.0954113547654747,290.2374721569927,0.3949472790294012,0.9316528781904668,0.20982097098987146,0.5121403760699131
critical_beating_rate_1_0hz,critical_beating_rate,1 Hz,1.0,Hz beat rate,"{""beat_rate_hz"": 1.0, ""frequencies_hz"": ""440,441""}",phase_vocoder,Phase Vocoder,local phase vocoder,7,0.5553794600833093,0.4110401039062997,235.40259317468383,0.00034653703745287257,0.06610503219898875,0.15179120122369072,0.07274759015337745
critical_beating_rate_1_0hz,critical_beating_rate,1 Hz,1.0,Hz beat rate,"{""beat_rate_hz"": 1.0, ""frequencies_hz"": ""440,441""}",psola,PSOLA,local pitch-synchronous overlap-add,7,0.458576827496699,0.3604566591553832,330.0838731729843,0.00018466830069635917,0.040111717705730875,0.25198897646162427,0.09742845415601716
critical_beating_rate_1_0hz,critical_beating_rate,1 Hz,1.0,Hz beat rate,"{""beat_rate_hz"": 1.0, ""frequencies_hz"": ""440,441""}",rubber_band,Rubber Band,local hybrid spectral/time-domain proxy,7,128.4278483240642,1.9858104163564223,412.64726753860504,0.2141687694279818,0.8753322445354988,0.33936283148001684,0.4762879484811658
critical_beating_rate_1_0hz,critical_beating_rate,1 Hz,1.0,Hz beat rate,"{""beat_rate_hz"": 1.0, ""frequencies_hz"": ""440,441""}",wsola,WSOLA,local waveform-similarity overlap-add,7,255.46369318745943,2.136527168439679,412.36423350545954,0.426592039140571,0.9527810611511662,0.33906330679638025,0.5728121356960392
critical_beating_rate_1_0hz,critical_beating_rate,1 Hz,1.0,Hz beat rate,"{""beat_rate_hz"": 1.0, ""frequencies_hz"": ""440,441""}",phase_vocoder,Phase Vocoder,local phase vocoder,12,0.5592474819514334,0.4160352126607815,446.68369063347285,0.000353004958797673,0.0686718687088909,0.3753823473888004,0.14813574035216298
critical_beating_rate_1_0hz,critical_beating_rate,1 Hz,1.0,Hz beat rate,"{""beat_rate_hz"": 1.0, ""frequencies_hz"": ""440,441""}",psola,PSOLA,local pitch-synchronous overlap-add,12,0.4500394836906724,0.3167926318470494,320.73464352048745,0.00017039256231805486,0.017674084218004493,0.2420950247598146,0.08664650051337904
critical_beating_rate_1_0hz,critical_beating_rate,1 Hz,1.0,Hz beat rate,"{""beat_rate_hz"": 1.0, ""frequencies_hz"": ""440,441""}",rubber_band,Rubber Band,local hybrid spectral/time-domain proxy,12,75.61002154296615,1.8734100241236855,602.0974007908942,0.12584932324317574,0.8175730555585928,0.5398510575659988,0.4944244787892558
critical_beating_rate_1_0hz,critical_beating_rate,1 Hz,1.0,Hz beat rate,"{""beat_rate_hz"": 1.0, ""frequencies_hz"": ""440,441""}",wsola,WSOLA,local waveform-similarity overlap-add,12,112.69971861495301,1.9627770330724967,600.2095178115495,0.18786894245500582,0.8634960799861878,0.5378531792690082,0.5297394005700673
critical_beating_rate_2_0hz,critical_beating_rate,2 Hz,2.0,Hz beat rate,"{""beat_rate_hz"": 2.0, ""frequencies_hz"": ""440,442""}",phase_vocoder,Phase Vocoder,local phase vocoder,-12,0.5833414109007777,0.420896911131639,213.96356784097847,0.0003932936755228317,0.07117014967703515,0.1291030558823357,0.06688883307829789
critical_beating_rate_2_0hz,critical_beating_rate,2 Hz,2.0,Hz beat rate,"{""beat_rate_hz"": 2.0, ""frequencies_hz"": ""440,442""}",psola,PSOLA,local pitch-synchronous overlap-add,-12,0.5280762230380308,0.3574695541469699,435.5422284764196,0.00030088186907789414,0.03857673407046419,0.36359174082904117,0.1341564522561944
critical_beating_rate_2_0hz,critical_beating_rate,2 Hz,2.0,Hz beat rate,"{""beat_rate_hz"": 2.0, ""frequencies_hz"": ""440,442""}",rubber_band,Rubber Band,local hybrid spectral/time-domain proxy,-12,320.4829233472925,1.9848262533517285,306.3520010996763,0.5353140890438803,0.8748265126973528,0.22687439431804327,0.5456716653530921
critical_beating_rate_2_0hz,critical_beating_rate,2 Hz,2.0,Hz beat rate,"{""beat_rate_hz"": 2.0, ""frequencies_hz"": ""440,442""}",wsola,WSOLA,local waveform-similarity overlap-add,-12,565.8373848211806,2.1054530860505554,306.81702834959697,0.945584095913986,0.9368130225941388,0.22736651584267734,0.7032545447836007
critical_beating_rate_2_0hz,critical_beating_rate,2 Hz,2.0,Hz beat rate,"{""beat_rate_hz"": 2.0, ""frequencies_hz"": ""440,442""}",phase_vocoder,Phase Vocoder,local phase vocoder,3,0.5462949261139526,0.39069566317912746,92.54910913512897,0.0003313463138294656,0.05565063454744782,0.0006145242078331662,0.018865501689703485
critical_beating_rate_2_0hz,critical_beating_rate,2 Hz,2.0,Hz beat rate,"{""beat_rate_hz"": 2.0, ""frequencies_hz"": ""440,442""}",psola,PSOLA,local pitch-synchronous overlap-add,3,0.49317079948506426,0.4684659926301778,918.9233707407554,0.00024251468767490342,0.09561447334134097,0.8751365261100058,0.32366450471300723
critical_beating_rate_2_0hz,critical_beating_rate,2 Hz,2.0,Hz beat rate,"{""beat_rate_hz"": 2.0, ""frequencies_hz"": ""440,442""}",rubber_band,Rubber Band,local hybrid spectral/time-domain proxy,3,163.78347353630608,2.0380569394843873,287.6163611977815,0.27328875653393087,0.9021801651057928,0.20704714403305968,0.4608386885575944
critical_beating_rate_2_0hz,critical_beating_rate,2 Hz,2.0,Hz beat rate,"{""beat_rate_hz"": 2.0, ""frequencies_hz"": ""440,442""}",wsola,WSOLA,local waveform-similarity overlap-add,3,349.33992931967714,2.199779562122615,286.8443651924643,0.5835673955760744,0.9852845683667779,0.20623016857363685,0.5916940441721631
critical_beating_rate_2_0hz,critical_beating_rate,2 Hz,2.0,Hz beat rate,"{""beat_rate_hz"": 2.0, ""frequencies_hz"": ""440,442""}",phase_vocoder,Phase Vocoder,local phase vocoder,7,0.5499174682648541,0.4110560923254071,236.00621998606186,0.00033740375572071805,0.066113248167833,0.15242999765288065,0.07296021652547813
critical_beating_rate_2_0hz,critical_beating_rate,2 Hz,2.0,Hz beat rate,"{""beat_rate_hz"": 2.0, ""frequencies_hz"": ""440,442""}",psola,PSOLA,local pitch-synchronous overlap-add,7,0.45903033356997214,0.36369784087005774,325.7158087433838,0.00018542663188251212,0.041777263736733544,0.24736641181157115,0.0964430340600624
critical_beating_rate_2_0hz,critical_beating_rate,2 Hz,2.0,Hz beat rate,"{""beat_rate_hz"": 2.0, ""frequencies_hz"": ""440,442""}",rubber_band,Rubber Band,local hybrid spectral/time-domain proxy,7,106.23785997235731,1.9443827416682666,411.48494212924504,0.17706373119548474,0.854043805557169,0.33813278452540785,0.4564134404260205
critical_beating_rate_2_0hz,critical_beating_rate,2 Hz,2.0,Hz beat rate,"{""beat_rate_hz"": 2.0, ""frequencies_hz"": ""440,442""}",wsola,WSOLA,local waveform-similarity overlap-add,7,175.56076917037174,2.0209366242204165,407.6122299163045,0.2929821875466521,0.8933825487893982,0.3340344332158313,0.5067997231839606
critical_beating_rate_2_0hz,critical_beating_rate,2 Hz,2.0,Hz beat rate,"{""beat_rate_hz"": 2.0, ""frequencies_hz"": ""440,442""}",phase_vocoder,Phase Vocoder,local phase vocoder,12,0.5493325544158821,0.42064487598876193,447.49298245254846,0.00033642569073101053,0.07104063637946484,0.3762387916594217,0.14920528457653917
critical_beating_rate_2_0hz,critical_beating_rate,2 Hz,2.0,Hz beat rate,"{""beat_rate_hz"": 2.0, ""frequencies_hz"": ""440,442""}",psola,PSOLA,local pitch-synchronous overlap-add,12,0.4503883205498924,0.3192443211739,281.25780064024246,0.0001709758706458065,0.018933933799748056,0.20031810930103536,0.07314100632380974
critical_beating_rate_2_0hz,critical_beating_rate,2 Hz,2.0,Hz beat rate,"{""beat_rate_hz"": 2.0, ""frequencies_hz"": ""440,442""}",rubber_band,Rubber Band,local hybrid spectral/time-domain proxy,12,48.977100856186254,1.729640136006606,591.0511580770421,0.08131502585360478,0.743694023893395,0.5281612183001368,0.45105675601571216
critical_beating_rate_2_0hz,critical_beating_rate,2 Hz,2.0,Hz beat rate,"{""beat_rate_hz"": 2.0, ""frequencies_hz"": ""440,442""}",wsola,WSOLA,local waveform-similarity overlap-add,12,124.86092197068857,1.9899502603795056,604.8092954919904,0.20820432561590005,0.8774595861622885,0.5427209576743863,0.5427949564841916
critical_beating_rate_3_0hz,critical_beating_rate,3 Hz,3.0,Hz beat rate,"{""beat_rate_hz"": 3.0, ""frequencies_hz"": ""440,443""}",phase_vocoder,Phase Vocoder,local phase vocoder,-12,0.5574723012907445,0.41814000652534583,214.26700040143544,0.0003500365865191278,0.06975345912121864,0.12942416758987793,0.06650922109920522
critical_beating_rate_3_0hz,critical_beating_rate,3 Hz,3.0,Hz beat rate,"{""beat_rate_hz"": 3.0, ""frequencies_hz"": ""440,443""}",psola,PSOLA,local pitch-synchronous overlap-add,-12,0.527082171563682,0.36230122052999825,436.2499986417828,0.00029921966370057826,0.041059582449790556,0.3643407484042498,0.13523318350591365
critical_beating_rate_3_0hz,critical_beating_rate,3 Hz,3.0,Hz beat rate,"{""beat_rate_hz"": 3.0, ""frequencies_hz"": ""440,443""}",rubber_band,Rubber Band,local hybrid spectral/time-domain proxy,-12,264.80745250131434,1.9493506912421203,306.25211436022204,0.4422162269986582,0.8565966857790617,0.22676868779327655,0.5085272001903322
critical_beating_rate_3_0hz,critical_beating_rate,3 Hz,3.0,Hz beat rate,"{""beat_rate_hz"": 3.0, ""frequencies_hz"": ""440,443""}",wsola,WSOLA,local waveform-similarity overlap-add,-12,409.0188803925321,2.040974901870713,306.1557089827496,0.6833596859610881,0.903679618422204,0.22666666546801983,0.604568656617104
critical_beating_rate_3_0hz,critical_beating_rate,3 Hz,3.0,Hz beat rate,"{""beat_rate_hz"": 3.0, ""frequencies_hz"": ""440,443""}",phase_vocoder,Phase Vocoder,local phase vocoder,3,0.5439993770307044,0.3944583028217884,94.3196755367868,0.0003275078063391296,0.057584142161215324,0.002488250612464922,0.020133300193339792
critical_beating_rate_3_0hz,critical_beating_rate,3 Hz,3.0,Hz beat rate,"{""beat_rate_hz"": 3.0, ""frequencies_hz"": ""440,443""}",psola,PSOLA,local pitch-synchronous overlap-add,3,0.4923274476949135,0.4602352601120202,807.6408839048045,0.00024110447510872232,0.09138494686468719,0.7573702939244348,0.2829987817547436
critical_beating_rate_3_0hz,critical_beating_rate,3 Hz,3.0,Hz beat rate,"{""beat_rate_hz"": 3.0, ""frequencies_hz"": ""440,443""}",rubber_band,Rubber Band,local hybrid spectral/time-domain proxy,3,206.18019608458715,2.0752805411803035,286.84992565891486,0.34418253016520595,0.9213082571172841,0.2062360530142321,0.49057561343224076
critical_beating_rate_3_0hz,critical_beating_rate,3 Hz,3.0,Hz beat rate,"{""beat_rate_hz"": 3.0, ""frequencies_hz"": ""440,443""}",wsola,WSOLA,local waveform-similarity overlap-add,3,416.86331529162095,2.227073782264842,286.262848567397,0.6964767751740095,0.999310249130488,0.20561477055518312,0.6338005982865603
critical_beating_rate_3_0hz,critical_beating_rate,3 Hz,3.0,Hz beat rate,"{""beat_rate_hz"": 3.0, ""frequencies_hz"": ""440,443""}",phase_vocoder,Phase Vocoder,local phase vocoder,7,0.5466959587782555,0.41606050341398704,236.4003892346158,0.00033201690148843997,0.06868486486811021,0.152847132716676,0.07395467149542488
critical_beating_rate_3_0hz,critical_beating_rate,3 Hz,3.0,Hz beat rate,"{""beat_rate_hz"": 3.0, ""frequencies_hz"": ""440,443""}",psola,PSOLA,local pitch-synchronous overlap-add,7,0.45835298028950233,0.3717249525434453,321.99048504716507,0.00018429399409242487,0.045902155570935556,0.24342403644012528,0.09650349533505109
critical_beating_rate_3_0hz,critical_beating_rate,3 Hz,3.0,Hz beat rate,"{""beat_rate_hz"": 3.0, ""frequencies_hz"": ""440,443""}",rubber_band,Rubber Band,local hybrid spectral/time-domain proxy,7,126.44053636428809,1.9852191307915643,413.4795937909629,0.21084568132722942,0.8750284006253349,0.3402436522585264,0.47537257807036354
critical_beating_rate_3_0hz,critical_beating_rate,3 Hz,3.0,Hz beat rate,"{""beat_rate_hz"": 3.0, ""frequencies_hz"": ""440,443""}",wsola,WSOLA,local waveform-similarity overlap-add,7,241.46919481119872,2.1298277694248355,413.4428043398172,0.4031911076454524,0.9493384410139621,0.34020471931257246,0.5642447559906624
critical_beating_rate_3_0hz,critical_beating_rate,3 Hz,3.0,Hz beat rate,"{""beat_rate_hz"": 3.0, ""frequencies_hz"": ""440,443""}",phase_vocoder,Phase Vocoder,local phase vocoder,12,0.5392648393400137,0.42822108467135006,448.3538765461761,0.00031959093863997344,0.07493382269611039,0.37714984475142166,0.150801086128724
critical_beating_rate_3_0hz,critical_beating_rate,3 Hz,3.0,Hz beat rate,"{""beat_rate_hz"": 3.0, ""frequencies_hz"": ""440,443""}",psola,PSOLA,local pitch-synchronous overlap-add,12,0.4500138137034286,0.32516221774682846,316.2680575443087,0.00017034963819195737,0.021974963281155915,0.23736819831925426,0.08650450374620071
critical_beating_rate_3_0hz,critical_beating_rate,3 Hz,3.0,Hz beat rate,"{""beat_rate_hz"": 3.0, ""frequencies_hz"": ""440,443""}",rubber_band,Rubber Band,local hybrid spectral/time-domain proxy,12,71.54983420075088,1.872142218000731,606.2005187962908,0.11906007197471305,0.8169215680327291,0.544193238994966,0.493391626334136
critical_beating_rate_3_0hz,critical_beating_rate,3 Hz,3.0,Hz beat rate,"{""beat_rate_hz"": 3.0, ""frequencies_hz"": ""440,443""}",wsola,WSOLA,local waveform-similarity overlap-add,12,133.04148902109094,2.0020281698934204,604.8190624458981,0.22188347895107235,0.8836660614619092,0.5427312936885638,0.5494269447005151
critical_beating_rate_4_0hz,critical_beating_rate,4 Hz,4.0,Hz beat rate,"{""beat_rate_hz"": 4.0, ""frequencies_hz"": ""440,444""}",phase_vocoder,Phase Vocoder,local phase vocoder,-12,0.5418507843052107,0.4205673325915272,215.02831190201766,0.00032391503224831413,0.07100078915432775,0.13022983602425864,0.0671848467369449
critical_beating_rate_4_0hz,critical_beating_rate,4 Hz,4.0,Hz beat rate,"{""beat_rate_hz"": 4.0, ""frequencies_hz"": ""440,444""}",psola,PSOLA,local pitch-synchronous overlap-add,-12,0.5269268580950743,0.3684908767238217,436.4175668427109,0.00029895995593961117,0.04424026104618606,0.3645180797725406,0.1363524335915554
critical_beating_rate_4_0hz,critical_beating_rate,4 Hz,4.0,Hz beat rate,"{""beat_rate_hz"": 4.0, ""frequencies_hz"": ""440,444""}",rubber_band,Rubber Band,local hybrid spectral/time-domain proxy,-12,192.10112301236717,1.8111316353001305,313.4204506802773,0.3206401769046799,0.7855700602150476,0.23435467893576753,0.4468549720184984
critical_beating_rate_4_0hz,critical_beating_rate,4 Hz,4.0,Hz beat rate,"{""beat_rate_hz"": 4.0, ""frequencies_hz"": ""440,444""}",wsola,WSOLA,local waveform-similarity overlap-add,-12,322.1076004988034,1.9247508596415992,313.76852223884384,0.5380307965457858,0.8439555704413811,0.23472303048100002,0.5389031324893889
critical_beating_rate_4_0hz,critical_beating_rate,4 Hz,4.0,Hz beat rate,"{""beat_rate_hz"": 4.0, ""frequencies_hz"": ""440,444""}",phase_vocoder,Phase Vocoder,local phase vocoder,3,0.5517493962840295,0.40428591282942533,95.18219170024102,0.00034046701822060385,0.06263425606515159,0.0034010202823132984,0.02212524778856183
critical_beating_rate_4_0hz,critical_beating_rate,4 Hz,4.0,Hz beat rate,"{""beat_rate_hz"": 4.0, ""frequencies_hz"": ""440,444""}",psola,PSOLA,local pitch-synchronous overlap-add,3,0.4909365897696945,0.4634703844248499,820.6086827071399,0.00023877874894459605,0.0930473801786351,0.7710936465211727,0.2881266018162508
critical_beating_rate_4_0hz,critical_beating_rate,4 Hz,4.0,Hz beat rate,"{""beat_rate_hz"": 4.0, ""frequencies_hz"": ""440,444""}",rubber_band,Rubber Band,local hybrid spectral/time-domain proxy,3,208.4592131049117,2.0772383631845712,287.1898334677727,0.3479933935298615,0.9223143231005193,0.206595765158324,0.492301160596235
critical_beating_rate_4_0hz,critical_beating_rate,4 Hz,4.0,Hz beat rate,"{""beat_rate_hz"": 4.0, ""frequencies_hz"": ""440,444""}",wsola,WSOLA,local waveform-similarity overlap-add,3,410.61420817177225,2.2264103039745256,287.196575504971,0.6860273168450636,0.9989693075448651,0.20660290001251963,0.630533174800816
critical_beating_rate_4_0hz,critical_beating_rate,4 Hz,4.0,Hz beat rate,"{""beat_rate_hz"": 4.0, ""frequencies_hz"": ""440,444""}",phase_vocoder,Phase Vocoder,local phase vocoder,7,0.5564511828525512,0.4247127855672564,239.18312148475664,0.00034832912105819367,0.07313101305358462,0.15579199764194915,0.076423779938864
critical_beating_rate_4_0hz,critical_beating_rate,4 Hz,4.0,Hz beat rate,"{""beat_rate_hz"": 4.0, ""frequencies_hz"": ""440,444""}",psola,PSOLA,local pitch-synchronous overlap-add,7,0.4582984630599204,0.3800933914188288,316.978156919849,0.00018420283298607788,0.050202445212666764,0.23811967081337626,0.0961687729530097
critical_beating_rate_4_0hz,critical_beating_rate,4 Hz,4.0,Hz beat rate,"{""beat_rate_hz"": 4.0, ""frequencies_hz"": ""440,444""}",rubber_band,Rubber Band,local hybrid spectral/time-domain proxy,7,123.78037598355628,1.9842596359478293,414.7724700007238,0.2063974882472166,0.8745353450149336,0.34161185640488373,0.47418156322234467
critical_beating_rate_4_0hz,critical_beating_rate,4 Hz,4.0,Hz beat rate,"{""beat_rate_hz"": 4.0, ""frequencies_hz"": ""440,444""}",wsola,WSOLA,local waveform-similarity overlap-add,7,246.59509165095227,2.1369936531245597,414.6615856685271,0.4117623874136214,0.9530207736337798,0.3414945115253568,0.5687592241909193
critical_beating_rate_4_0hz,critical_beating_rate,4 Hz,4.0,Hz beat rate,"{""beat_rate_hz"": 4.0, ""frequencies_hz"": ""440,444""}",phase_vocoder,Phase Vocoder,local phase vocoder,12,0.5314327236485789,0.4378469935274327,449.01370513324684,0.00030649444901745075,0.07988028843033779,0.3778481174877436,0.15267830012236627
critical_beating_rate_4_0hz,critical_beating_rate,4 Hz,4.0,Hz beat rate,"{""beat_rate_hz"": 4.0, ""frequencies_hz"": ""440,444""}",psola,PSOLA,local pitch-synchronous overlap-add,12,0.45003286287502414,0.3325736557456228,320.6449987994626,0.00017038149130648578,0.025783478887370193,0.24200015699283176,0.08931800579050281
critical_beating_rate_4_0hz,critical_beating_rate,4 Hz,4.0,Hz beat rate,"{""beat_rate_hz"": 4.0, ""frequencies_hz"": ""440,444""}",rubber_band,Rubber Band,local hybrid spectral/time-domain proxy,12,46.92336445049763,1.7197485071222558,616.7971249520824,0.07788086596831192,0.7386110126096121,0.5554072441489094,0.45729970757561117
critical_beating_rate_4_0hz,critical_beating_rate,4 Hz,4.0,Hz beat rate,"{""beat_rate_hz"": 4.0, ""frequencies_hz"": ""440,444""}",wsola,WSOLA,local waveform-similarity overlap-add,12,126.10270357174535,1.9982523425252898,606.6927178456085,0.2102807734739756,0.8817257770717226,0.5447141154524531,0.5455735553327171
critical_beating_rate_5_0hz,critical_beating_rate,5 Hz,5.0,Hz beat rate,"{""beat_rate_hz"": 5.0, ""frequencies_hz"": ""440,445""}",phase_vocoder,Phase Vocoder,local phase vocoder,-12,0.562143427977556,0.4352489134887119,215.47437563339707,0.00035784742136752215,0.0785452130542405,0.13070188914288303,0.06986831653949702
critical_beating_rate_5_0hz,critical_beating_rate,5 Hz,5.0,Hz beat rate,"{""beat_rate_hz"": 5.0, ""frequencies_hz"": ""440,445""}",psola,PSOLA,local pitch-synchronous overlap-add,-12,0.5268967368159994,0.3745892281798881,436.5723380486036,0.0002989095885760067,0.04737402087746127,0.3646818685436854,0.13745159966990755
critical_beating_rate_5_0hz,critical_beating_rate,5 Hz,5.0,Hz beat rate,"{""beat_rate_hz"": 5.0, ""frequencies_hz"": ""440,445""}",rubber_band,Rubber Band,local hybrid spectral/time-domain proxy,-12,370.05326505499653,2.0154364509052556,308.32594488298685,0.618203245861343,0.8905561747563048,0.22896334765217669,0.5792409227566081
critical_beating_rate_5_0hz,critical_beating_rate,5 Hz,5.0,Hz beat rate,"{""beat_rate_hz"": 5.0, ""frequencies_hz"": ""440,445""}",wsola,WSOLA,local waveform-similarity overlap-add,-12,583.0964736195848,2.11862206053127,308.52022779272124,0.9744439195232933,0.9435801634426216,0.22916895023087533,0.7157310110655968
critical_beating_rate_5_0hz,critical_beating_rate,5 Hz,5.0,Hz beat rate,"{""beat_rate_hz"": 5.0, ""frequencies_hz"": ""440,445""}",phase_vocoder,Phase Vocoder,local phase vocoder,3,0.5433870038218779,0.4097117161884628,94.62645330613898,0.00032648382511994527,0.06542241360927536,0.0028129024336284738,0.022853933289341263
critical_beating_rate_5_0hz,critical_beating_rate,5 Hz,5.0,Hz beat rate,"{""beat_rate_hz"": 5.0, ""frequencies_hz"": ""440,445""}",psola,PSOLA,local pitch-synchronous overlap-add,3,0.4923521510036275,0.4755486077560431,845.8756534812148,0.00024114578280117236,0.09925401673953917,0.7978327681153214,0.29910931021255394
critical_beating_rate_5_0hz,critical_beating_rate,5 Hz,5.0,Hz beat rate,"{""beat_rate_hz"": 5.0, ""frequencies_hz"": ""440,445""}",rubber_band,Rubber Band,local hybrid spectral/time-domain proxy,3,201.52117208170327,2.075098530744206,289.0664791086637,0.336391932846581,0.9212147274154255,0.20858175138633678,0.48872947054944776
critical_beating_rate_5_0hz,critical_beating_rate,5 Hz,5.0,Hz beat rate,"{""beat_rate_hz"": 5.0, ""frequencies_hz"": ""440,445""}",wsola,WSOLA,local waveform-similarity overlap-add,3,410.60310982423096,2.2284160495239447,288.4841504058945,0.6860087587186099,1.0,0.2079654939754134,0.6313247508980078
critical_beating_rate_5_0hz,critical_beating_rate,5 Hz,5.0,Hz beat rate,"{""beat_rate_hz"": 5.0, ""frequencies_hz"": ""440,445""}",phase_vocoder,Phase Vocoder,local phase vocoder,7,0.5686917772683668,0.4356641222326704,239.53672830226608,0.0003687972581562643,0.07875857636935693,0.15616620695158298,0.07843119352636539
critical_beating_rate_5_0hz,critical_beating_rate,5 Hz,5.0,Hz beat rate,"{""beat_rate_hz"": 5.0, ""frequencies_hz"": ""440,445""}",psola,PSOLA,local pitch-synchronous overlap-add,7,0.45844142043751734,0.3871379865371049,311.95379594953056,0.0001844418794820597,0.05382245126976121,0.2328025712639484,0.09560315480439723
critical_beating_rate_5_0hz,critical_beating_rate,5 Hz,5.0,Hz beat rate,"{""beat_rate_hz"": 5.0, ""frequencies_hz"": ""440,445""}",rubber_band,Rubber Band,local hybrid spectral/time-domain proxy,7,85.90102127917056,1.850325287075549,408.4210034387512,0.14305744127416647,0.8057105018507318,0.33489032899187027,0.42788609070558953
critical_beating_rate_5_0hz,critical_beating_rate,5 Hz,5.0,Hz beat rate,"{""beat_rate_hz"": 5.0, ""frequencies_hz"": ""440,445""}",wsola,WSOLA,local waveform-similarity overlap-add,7,170.33883657866315,2.002556407377766,408.0864216520452,0.28425032138287537,0.8839375068552654,0.334536253184449,0.5009080271408632
critical_beating_rate_5_0hz,critical_beating_rate,5 Hz,5.0,Hz beat rate,"{""beat_rate_hz"": 5.0, ""frequencies_hz"": ""440,445""}",phase_vocoder,Phase Vocoder,local phase vocoder,12,0.5262552765187828,0.447581508478407,449.84095742142006,0.0002978369693174653,0.08488256357798697,0.37872356867341556,0.15463465640690666
critical_beating_rate_5_0hz,critical_beating_rate,5 Hz,5.0,Hz beat rate,"{""beat_rate_hz"": 5.0, ""frequencies_hz"": ""440,445""}",psola,PSOLA,local pitch-synchronous overlap-add,12,0.4500912207668635,0.339404839886138,332.40999737718033,0.00017047907458474378,0.029293819446423362,0.2544506296014185,0.09463830937414221
critical_beating_rate_5_0hz,critical_beating_rate,5 Hz,5.0,Hz beat rate,"{""beat_rate_hz"": 5.0, ""frequencies_hz"": ""440,445""}",rubber_band,Rubber Band,local hybrid spectral/time-domain proxy,12,52.736337396482945,1.788661698040969,599.8224491667257,0.08760104157122814,0.7740234336715761,0.5374435585174044,0.46635601125340287
critical_beating_rate_5_0hz,critical_beating_rate,5 Hz,5.0,Hz beat rate,"{""beat_rate_hz"": 5.0, ""frequencies_hz"": ""440,445""}",wsola,WSOLA,local waveform-similarity overlap-add,12,88.7302585877273,1.9057478320888852,600.1231221473115,0.1477883567139995,0.8341904847708804,0.537761749861347,0.5065801971154089
critical_two_oscillators_0_0hz,critical_two_oscillators,440 + 440,0.0,Hz separation,"{""frequencies_hz"": ""440,440"", ""separation_hz"": 0.0}",phase_vocoder,Phase Vocoder,local phase vocoder,-12,0.8884689454198389,0.4895459941204932,215.9055803906602,0.0009035133590426944,0.10644685359844447,0.131158217546455,0.07950286150131407
critical_two_oscillators_0_0hz,critical_two_oscillators,440 + 440,0.0,Hz separation,"{""frequencies_hz"": ""440,440"", ""separation_hz"": 0.0}",psola,PSOLA,local pitch-synchronous overlap-add,-12,0.7433259354738968,0.4034200224108661,434.4761162729558,0.0006608121530815107,0.06218930096023259,0.36246351283145806,0.1417712086482574
critical_two_oscillators_0_0hz,critical_two_oscillators,440 + 440,0.0,Hz separation,"{""frequencies_hz"": ""440,440"", ""separation_hz"": 0.0}",rubber_band,Rubber Band,local hybrid spectral/time-domain proxy,-12,300.5520425057518,1.8566004311396238,295.53906857182955,0.5019866224444748,0.8089351100985722,0.21543145878625097,0.508784397109766
critical_two_oscillators_0_0hz,critical_two_oscillators,440 + 440,0.0,Hz separation,"{""frequencies_hz"": ""440,440"", ""separation_hz"": 0.0}",wsola,WSOLA,local waveform-similarity overlap-add,-12,509.0391780600548,1.9773286894921045,296.5686315336193,0.8506088485183856,0.8709737395954783,0.21652100804287872,0.6460345320522476
critical_two_oscillators_0_0hz,critical_two_oscillators,440 + 440,0.0,Hz separation,"{""frequencies_hz"": ""440,440"", ""separation_hz"": 0.0}",phase_vocoder,Phase Vocoder,local phase vocoder,3,0.7233498957575032,0.43286444663028806,94.05547065761749,0.0006274091739693721,0.07731990708200066,0.0022086521416769546,0.026718656132548996
critical_two_oscillators_0_0hz,critical_two_oscillators,440 + 440,0.0,Hz separation,"{""frequencies_hz"": ""440,440"", ""separation_hz"": 0.0}",psola,PSOLA,local pitch-synchronous overlap-add,3,0.6967221361945515,0.5329712283200327,826.9114459356716,0.0005828835067644561,0.12876177847258638,0.7777636329573687,0.3023694316455732
critical_two_oscillators_0_0hz,critical_two_oscillators,440 + 440,0.0,Hz separation,"{""frequencies_hz"": ""440,440"", ""separation_hz"": 0.0}",rubber_band,Rubber Band,local hybrid spectral/time-domain proxy,3,119.18340470342108,1.8707063765188248,268.6316458195807,0.19871065252654857,0.8161837321778277,0.18695630617730563,0.40061689696056063
critical_two_oscillators_0_0hz,critical_two_oscillators,440 + 440,0.0,Hz separation,"{""frequencies_hz"": ""440,440"", ""separation_hz"": 0.0}",wsola,WSOLA,local waveform-similarity overlap-add,3,239.07135312917913,2.0288490056067334,269.9743599301537,0.39918155135922895,0.8974484841715749,0.188377251972107,0.4950024291676369
critical_two_oscillators_0_0hz,critical_two_oscillators,440 + 440,0.0,Hz separation,"{""frequencies_hz"": ""440,440"", ""separation_hz"": 0.0}",phase_vocoder,Phase Vocoder,local phase vocoder,7,0.7225993934780891,0.459804515371718,233.45103491028647,0.0006261542199184794,0.09116360006720978,0.14972593767483156,0.08050523065398661
critical_two_oscillators_0_0hz,critical_two_oscillators,440 + 440,0.0,Hz separation,"{""frequencies_hz"": ""440,440"", ""separation_hz"": 0.0}",psola,PSOLA,local pitch-synchronous overlap-add,7,0.6485139797498172,0.40950674977344137,344.2978168176038,0.000502272131055353,0.06531708751864547,0.2670310790881815,0.11095014624596078
critical_two_oscillators_0_0hz,critical_two_oscillators,440 + 440,0.0,Hz separation,"{""frequencies_hz"": ""440,440"", ""separation_hz"": 0.0}",rubber_band,Rubber Band,local hybrid spectral/time-domain proxy,7,148.7126585751952,1.8950522295855883,400.0221161126785,0.24808805987453436,0.8286943355676762,0.3260020902126557,0.4675948285516221
critical_two_oscillators_0_0hz,critical_two_oscillators,440 + 440,0.0,Hz separation,"{""frequencies_hz"": ""440,440"", ""separation_hz"": 0.0}",wsola,WSOLA,local waveform-similarity overlap-add,7,297.5359580512276,2.053620508097109,401.0900702412232,0.496943270135146,0.9101778160285394,0.32713226745295354,0.5780844512055463
critical_two_oscillators_0_0hz,critical_two_oscillators,440 + 440,0.0,Hz separation,"{""frequencies_hz"": ""440,440"", ""separation_hz"": 0.0}",phase_vocoder,Phase Vocoder,local phase vocoder,12,0.7187413507046418,0.45711762324047256,445.21010804592095,0.0006197029851389732,0.08978288682158493,0.3738229082166144,0.1547418326744461
critical_two_oscillators_0_0hz,critical_two_oscillators,440 + 440,0.0,Hz separation,"{""frequencies_hz"": ""440,440"", ""separation_hz"": 0.0}",psola,PSOLA,local pitch-synchronous overlap-add,12,0.6363470884233007,0.35903958185652296,280.60782713266497,0.0004819272367415034,0.03938352420147445,0.19963026583901172,0.0798319057590759
critical_two_oscillators_0_0hz,critical_two_oscillators,440 + 440,0.0,Hz separation,"{""frequencies_hz"": ""440,440"", ""separation_hz"": 0.0}",rubber_band,Rubber Band,local hybrid spectral/time-domain proxy,12,39.706699825524666,1.7089160157224672,585.968033167785,0.06581350421144408,0.7330445203098738,0.5227819309988537,0.4405466518400572
critical_two_oscillators_0_0hz,critical_two_oscillators,440 + 440,0.0,Hz separation,"{""frequencies_hz"": ""440,440"", ""separation_hz"": 0.0}",wsola,WSOLA,local waveform-similarity overlap-add,12,67.50560828559094,1.8276827780133573,586.4746549234969,0.1122975106418982,0.7940751958357272,0.5233180704850371,0.4765635923208875
critical_two_oscillators_0_2hz,critical_two_oscillators,440 + 440.2,0.2,Hz separation,"{""frequencies_hz"": ""440,440.2"", ""separation_hz"": 0.2}",phase_vocoder,Phase Vocoder,local phase vocoder,-12,0.6981059707323644,0.4563210946419362,214.02831054455754,0.0005851974887557557,0.08937357467476333,0.12917157074463612,0.07304344763605174
critical_two_oscillators_0_2hz,critical_two_oscillators,440 + 440.2,0.2,Hz separation,"{""frequencies_hz"": ""440,440.2"", ""separation_hz"": 0.2}",psola,PSOLA,local pitch-synchronous overlap-add,-12,0.6268726306625887,0.3905628091792155,435.84846102634344,0.00046608450118565734,0.05558236486319827,0.3639158156641972,0.13998808834286036
critical_two_oscillators_0_2hz,critical_two_oscillators,440 + 440.2,0.2,Hz separation,"{""frequencies_hz"": ""440,440.2"", ""separation_hz"": 0.2}",rubber_band,Rubber Band,local hybrid spectral/time-domain proxy,-12,117.7889640268616,1.7641735026360403,296.618592199352,0.19637893545682292,0.7614396848251487,0.21657387960899943,0.39146416663032363
critical_two_oscillators_0_2hz,critical_two_oscillators,440 + 440.2,0.2,Hz separation,"{""frequencies_hz"": ""440,440.2"", ""separation_hz"": 0.2}",wsola,WSOLA,local waveform-similarity overlap-add,-12,200.5399189675377,1.8839713654380545,297.6070246389861,0.33475112827562814,0.8230002119653352,0.2176199019211832,0.45845708072071556
critical_two_oscillators_0_2hz,critical_two_oscillators,440 + 440.2,0.2,Hz separation,"{""frequencies_hz"": ""440,440.2"", ""separation_hz"": 0.2}",phase_vocoder,Phase Vocoder,local phase vocoder,3,0.5697382079468982,0.40684059077922147,94.89408905169809,0.0003705470495360141,0.06394702841003701,0.0030961316662671675,0.022471235708613396
critical_two_oscillators_0_2hz,critical_two_oscillators,440 + 440.2,0.2,Hz separation,"{""frequencies_hz"": ""440,440.2"", ""separation_hz"": 0.2}",psola,PSOLA,local pitch-synchronous overlap-add,3,0.5510051743028039,0.4870653848648463,824.0034086536506,0.00033922256578425476,0.10517214293303949,0.7746861622475019,0.2933991759154419
critical_two_oscillators_0_2hz,critical_two_oscillators,440 + 440.2,0.2,Hz separation,"{""frequencies_hz"": ""440,440.2"", ""separation_hz"": 0.2}",rubber_band,Rubber Band,local hybrid spectral/time-domain proxy,3,38.96147210016973,1.7381501595602373,275.5897519141343,0.06456737001781865,0.7480670696530072,0.19431981827342742,0.33565141931475106
critical_two_oscillators_0_2hz,critical_two_oscillators,440 + 440.2,0.2,Hz separation,"{""frequencies_hz"": ""440,440.2"", ""separation_hz"": 0.2}",wsola,WSOLA,local waveform-similarity overlap-add,3,85.71413346036967,1.9106341780662484,276.2830205856794,0.14274493639350205,0.8367014313530655,0.19505347944205786,0.39149994906287516
critical_two_oscillators_0_2hz,critical_two_oscillators,440 + 440.2,0.2,Hz separation,"{""frequencies_hz"": ""440,440.2"", ""separation_hz"": 0.2}",phase_vocoder,Phase Vocoder,local phase vocoder,7,0.5689484349230239,0.4276554010984925,234.1933834547277,0.00036922642882268256,0.07464313488144371,0.15051153829837052,0.07517463320287897
critical_two_oscillators_0_2hz,critical_two_oscillators,440 + 440.2,0.2,Hz separation,"{""frequencies_hz"": ""440,440.2"", ""separation_hz"": 0.2}",psola,PSOLA,local pitch-synchronous overlap-add,7,0.5104801462080888,0.3692347486032125,327.9583230931917,0.0002714585501843206,0.044622514485011915,0.24973958366554197,0.09821118556691273
critical_two_oscillators_0_2hz,critical_two_oscillators,440 + 440.2,0.2,Hz separation,"{""frequencies_hz"": ""440,440.2"", ""separation_hz"": 0.2}",rubber_band,Rubber Band,local hybrid spectral/time-domain proxy,7,49.90467700209729,1.777728155700298,400.3407077169228,0.08286607436305268,0.7684050143253677,0.32633924418813365,0.392536777625518
critical_two_oscillators_0_2hz,critical_two_oscillators,440 + 440.2,0.2,Hz separation,"{""frequencies_hz"": ""440,440.2"", ""separation_hz"": 0.2}",wsola,WSOLA,local waveform-similarity overlap-add,7,93.00908889422195,1.9242668134145535,401.18426024440987,0.15494321230006106,0.8437068336091859,0.32723194532770483,0.4419606637456506
critical_two_oscillators_0_2hz,critical_two_oscillators,440 + 440.2,0.2,Hz separation,"{""frequencies_hz"": ""440,440.2"", ""separation_hz"": 0.2}",phase_vocoder,Phase Vocoder,local phase vocoder,12,0.5654029304189355,0.4236630710600023,446.9928649238718,0.00036329780560339313,0.07259159626515609,0.37570953536153695,0.1495548098107655
critical_two_oscillators_0_2hz,critical_two_oscillators,440 + 440.2,0.2,Hz separation,"{""frequencies_hz"": ""440,440.2"", ""separation_hz"": 0.2}",psola,PSOLA,local pitch-synchronous overlap-add,12,0.4996692982507028,0.3170619670246032,331.8534238694267,0.00025338116679742646,0.0178124874843049,0.25386162798215134,0.09064249887775122
critical_two_oscillators_0_2hz,critical_two_oscillators,440 + 440.2,0.2,Hz separation,"{""frequencies_hz"": ""440,440.2"", ""separation_hz"": 0.2}",rubber_band,Rubber Band,local hybrid spectral/time-domain proxy,12,28.629042213700885,1.680726937881566,591.3313681506784,0.04728997446918462,0.7185589990251615,0.5284577544895305,0.4314355759946255
critical_two_oscillators_0_2hz,critical_two_oscillators,440 + 440.2,0.2,Hz separation,"{""frequencies_hz"": ""440,440.2"", ""separation_hz"": 0.2}",wsola,WSOLA,local waveform-similarity overlap-add,12,48.93814393079732,1.798995901475436,591.7924141460416,0.08124988394442186,0.7793338707371446,0.5289456627964162,0.46317647249266086
critical_two_oscillators_0_5hz,critical_two_oscillators,440 + 440.5,0.5,Hz separation,"{""frequencies_hz"": ""440,440.5"", ""separation_hz"": 0.5}",phase_vocoder,Phase Vocoder,local phase vocoder,-12,0.5799126909987573,0.43198264001661935,217.41667194184149,0.0003875603339348806,0.07686677312198284,0.13275735109864106,0.07000389485151959
critical_two_oscillators_0_5hz,critical_two_oscillators,440 + 440.5,0.5,Hz separation,"{""frequencies_hz"": ""440,440.5"", ""separation_hz"": 0.5}",psola,PSOLA,local pitch-synchronous overlap-add,-12,0.4784172743357987,0.37184623744533724,434.9348327079643,0.00021784454787802986,0.04596448024284522,0.36294895584885023,0.1363770935465245
critical_two_oscillators_0_5hz,critical_two_oscillators,440 + 440.5,0.5,Hz separation,"{""frequencies_hz"": ""440,440.5"", ""separation_hz"": 0.5}",rubber_band,Rubber Band,local hybrid spectral/time-domain proxy,-12,317.82687514314586,1.8492150385863018,295.56337297814093,0.5308727721490639,0.8051399784652885,0.21545717926067764,0.5171566432916767
critical_two_oscillators_0_5hz,critical_two_oscillators,440 + 440.5,0.5,Hz separation,"{""frequencies_hz"": ""440,440.5"", ""separation_hz"": 0.5}",wsola,WSOLA,local waveform-similarity overlap-add,-12,503.31578718378915,1.9624421329844794,296.65380522304235,0.8410384677720152,0.8633239848796859,0.21661114427877615,0.6403245323101591
critical_two_oscillators_0_5hz,critical_two_oscillators,440 + 440.5,0.5,Hz separation,"{""frequencies_hz"": ""440,440.5"", ""separation_hz"": 0.5}",phase_vocoder,Phase Vocoder,local phase vocoder,3,0.5449294492327358,0.39385004319058753,93.82931583180876,0.0003290630286343545,0.057271575787667374,0.00196932066658743,0.019856653160963054
critical_two_oscillators_0_5hz,critical_two_oscillators,440 + 440.5,0.5,Hz separation,"{""frequencies_hz"": ""440,440.5"", ""separation_hz"": 0.5}",psola,PSOLA,local pitch-synchronous overlap-add,3,0.49805686378930714,0.46841362878064663,825.5323428536128,0.0002506849309369475,0.09558756513025246,0.7763041780297574,0.29071414269698226
critical_two_oscillators_0_5hz,critical_two_oscillators,440 + 440.5,0.5,Hz separation,"{""frequencies_hz"": ""440,440.5"", ""separation_hz"": 0.5}",rubber_band,Rubber Band,local hybrid spectral/time-domain proxy,3,65.40147149317013,1.7769862604312432,265.12881007551493,0.10877907363815943,0.7680237766072848,0.18324938176114228,0.3533507440021955
critical_two_oscillators_0_5hz,critical_two_oscillators,440 + 440.5,0.5,Hz separation,"{""frequencies_hz"": ""440,440.5"", ""separation_hz"": 0.5}",wsola,WSOLA,local waveform-similarity overlap-add,3,86.38849405869716,1.8527816726532282,260.1465694272018,0.14387256996350825,0.8069727646948645,0.1779768566255512,0.376274063761308
critical_two_oscillators_0_5hz,critical_two_oscillators,440 + 440.5,0.5,Hz separation,"{""frequencies_hz"": ""440,440.5"", ""separation_hz"": 0.5}",phase_vocoder,Phase Vocoder,local phase vocoder,7,0.5649302591902344,0.418934150635339,231.8489675780901,0.00036250742736008924,0.07016154595092486,0.1480305277430021,0.07285152704042902
critical_two_oscillators_0_5hz,critical_two_oscillators,440 + 440.5,0.5,Hz separation,"{""frequencies_hz"": ""440,440.5"", ""separation_hz"": 0.5}",psola,PSOLA,local pitch-synchronous overlap-add,7,0.45836543841680477,0.35726383451868454,319.38759408098383,0.0001843148259776217,0.03847102092613824,0.24066949104315816,0.09310827559842468
critical_two_oscillators_0_5hz,critical_two_oscillators,440 + 440.5,0.5,Hz separation,"{""frequencies_hz"": ""440,440.5"", ""separation_hz"": 0.5}",rubber_band,Rubber Band,local hybrid spectral/time-domain proxy,7,125.43467936033768,1.8636030257238685,401.44210913385695,0.20916373530740945,0.8125335333414607,0.3275048174843828,0.4497340287110843
critical_two_oscillators_0_5hz,critical_two_oscillators,440 + 440.5,0.5,Hz separation,"{""frequencies_hz"": ""440,440.5"", ""separation_hz"": 0.5}",wsola,WSOLA,local waveform-similarity overlap-add,7,251.23002591789924,2.0212840942992307,402.3091117670478,0.4195127030268763,0.8935611032370062,0.3284223350229365,0.5471653804289397
critical_two_oscillators_0_5hz,critical_two_oscillators,440 + 440.5,0.5,Hz separation,"{""frequencies_hz"": ""440,440.5"", ""separation_hz"": 0.5}",phase_vocoder,Phase Vocoder,local phase vocoder,12,0.5151433176599143,0.4098490216502698,445.39699683275177,0.000279256082668891,0.06549297076622596,0.374020685862393,0.1465976375704293
critical_two_oscillators_0_5hz,critical_two_oscillators,440 + 440.5,0.5,Hz separation,"{""frequencies_hz"": ""440,440.5"", ""separation_hz"": 0.5}",psola,PSOLA,local pitch-synchronous overlap-add,12,0.44973518104362453,0.3245903843968796,281.1501969917783,0.00016988372197194925,0.02168111528056705,0.20020423625048314,0.07401841175100739
critical_two_oscillators_0_5hz,critical_two_oscillators,440 + 440.5,0.5,Hz separation,"{""frequencies_hz"": ""440,440.5"", ""separation_hz"": 0.5}",rubber_band,Rubber Band,local hybrid spectral/time-domain proxy,12,33.92844033760811,1.665753447406225,584.1915885884115,0.05615137479442072,0.7108645715518271,0.5209019839312823,0.4293059767591767
critical_two_oscillators_0_5hz,critical_two_oscillators,440 + 440.5,0.5,Hz separation,"{""frequencies_hz"": ""440,440.5"", ""separation_hz"": 0.5}",wsola,WSOLA,local waveform-similarity overlap-add,12,70.36037603787126,1.8179239678084076,587.0784833859726,0.11707111686982184,0.7890604360860428,0.5239570803142926,0.4766962110900524
critical_two_oscillators_1_0hz,critical_two_oscillators,440 + 441,1.0,Hz separation,"{""frequencies_hz"": ""440,441"", ""separation_hz"": 1.0}",phase_vocoder,Phase Vocoder,local phase vocoder,-12,0.5936339232520407,0.4283638400633301,216.1664499509614,0.00041050432287644705,0.07500718040865088,0.13143428636987978,0.06895065703380238
critical_two_oscillators_1_0hz,critical_two_oscillators,440 + 441,1.0,Hz separation,"{""frequencies_hz"": ""440,441"", ""separation_hz"": 1.0}",psola,PSOLA,local pitch-synchronous overlap-add,-12,0.4772817924726994,0.35915081526071074,435.2504542614064,0.00021594584936251822,0.03944068371031071,0.3632829667269521,0.13431319876220846
critical_two_oscillators_1_0hz,critical_two_oscillators,440 + 441,1.0,Hz separation,"{""frequencies_hz"": ""440,441"", ""separation_hz"": 1.0}",rubber_band,Rubber Band,local hybrid spectral/time-domain proxy,-12,295.2664470473767,1.841373583523576,295.63763136561465,0.493148302277018,0.8011104899926498,0.21553576422718587,0.5032648521656179
critical_two_oscillators_1_0hz,critical_two_oscillators,440 + 441,1.0,Hz separation,"{""frequencies_hz"": ""440,441"", ""separation_hz"": 1.0}",wsola,WSOLA,local waveform-similarity overlap-add,-12,563.7179544588907,1.9746550885591652,296.4270998621474,0.9420400857334743,0.8695998562978584,0.2163712301923105,0.6760037240745477
critical_two_oscillators_1_0hz,critical_two_oscillators,440 + 441,1.0,Hz separation,"{""frequencies_hz"": ""440,441"", ""separation_hz"": 1.0}",phase_vocoder,Phase Vocoder,local phase vocoder,3,0.5626277864026913,0.4038770357337594,93.0431372881283,0.00035865734238226183,0.06242414639411061,0.0011373363396117741,0.02130671335870155
critical_two_oscillators_1_0hz,critical_two_oscillators,440 + 441,1.0,Hz separation,"{""frequencies_hz"": ""440,441"", ""separation_hz"": 1.0}",psola,PSOLA,local pitch-synchronous overlap-add,3,0.4969168614418705,0.46659624303260344,822.766745663801,0.0002487786734835263,0.09465366512527909,0.7733774465192792,0.28942663010601394
critical_two_oscillators_1_0hz,critical_two_oscillators,440 + 441,1.0,Hz separation,"{""frequencies_hz"": ""440,441"", ""separation_hz"": 1.0}",rubber_band,Rubber Band,local hybrid spectral/time-domain proxy,3,40.251388098559005,1.6833361487648495,257.489201071068,0.06672430591514021,0.7198997942082968,0.17516465977653237,0.3205962532999898
critical_two_oscillators_1_0hz,critical_two_oscillators,440 + 441,1.0,Hz separation,"{""frequencies_hz"": ""440,441"", ""separation_hz"": 1.0}",wsola,WSOLA,local waveform-similarity overlap-add,3,83.40039329256199,1.8431962100899089,258.740069787763,0.13887601064077787,0.8020470830968905,0.17648840891183995,0.37247050088316946
critical_two_oscillators_1_0hz,critical_two_oscillators,440 + 441,1.0,Hz separation,"{""frequencies_hz"": ""440,441"", ""separation_hz"": 1.0}",phase_vocoder,Phase Vocoder,local phase vocoder,7,0.5429134470009046,0.416173887311816,233.82995657459963,0.0003256919660315595,0.06874312945110275,0.15012693677153066,0.073065252729555
critical_two_oscillators_1_0hz,critical_two_oscillators,440 + 441,1.0,Hz separation,"{""frequencies_hz"": ""440,441"", ""separation_hz"": 1.0}",psola,PSOLA,local pitch-synchronous overlap-add,7,0.45875986180890643,0.3658215130555038,344.34154333676275,0.00018497436192742753,0.04286855515171539,0.26707735328239085,0.10337696093201122
critical_two_oscillators_1_0hz,critical_two_oscillators,440 + 441,1.0,Hz separation,"{""frequencies_hz"": ""440,441"", ""separation_hz"": 1.0}",rubber_band,Rubber Band,local hybrid spectral/time-domain proxy,7,162.3524079859886,1.8931874106836488,400.764288625575,0.27089579710032874,0.8277360610881549,0.32678750454837563,0.4751397875789531
critical_two_oscillators_1_0hz,critical_two_oscillators,440 + 441,1.0,Hz separation,"{""frequencies_hz"": ""440,441"", ""separation_hz"": 1.0}",wsola,WSOLA,local waveform-similarity overlap-add,7,291.7825963529804,2.038132378569712,401.56612465698066,0.48732277361233345,0.9022189309881796,0.3276360586284842,0.5723925877429991
critical_two_oscillators_1_0hz,critical_two_oscillators,440 + 441,1.0,Hz separation,"{""frequencies_hz"": ""440,441"", ""separation_hz"": 1.0}",phase_vocoder,Phase Vocoder,local phase vocoder,12,0.5209755200832984,0.4161798797052653,445.7893716714135,0.00028900841288508435,0.06874620876229366,0.37443592196707975,0.1478237130474195
critical_two_oscillators_1_0hz,critical_two_oscillators,440 + 441,1.0,Hz separation,"{""frequencies_hz"": ""440,441"", ""separation_hz"": 1.0}",psola,PSOLA,local pitch-synchronous overlap-add,12,0.45037472692454994,0.32206946402338815,281.38717409555505,0.0001709531400350438,0.020385689941243217,0.20045502055104591,0.07367055454410805
critical_two_oscillators_1_0hz,critical_two_oscillators,440 + 441,1.0,Hz separation,"{""frequencies_hz"": ""440,441"", ""separation_hz"": 1.0}",rubber_band,Rubber Band,local hybrid spectral/time-domain proxy,12,34.172253726397955,1.690888488129016,599.0575931858842,0.05655906789318461,0.7237807147984081,0.536634139087723,0.4389913072597719
critical_two_oscillators_1_0hz,critical_two_oscillators,440 + 441,1.0,Hz separation,"{""frequencies_hz"": ""440,441"", ""separation_hz"": 1.0}",wsola,WSOLA,local waveform-similarity overlap-add,12,69.25877163596013,1.8337869608280903,597.7087526194455,0.11522906662616521,0.7972119522272502,0.5352067098861927,0.4825492429132027
critical_two_oscillators_1_5hz,critical_two_oscillators,440 + 441.5,1.5,Hz separation,"{""frequencies_hz"": ""440,441.5"", ""separation_hz"": 1.5}",phase_vocoder,Phase Vocoder,local phase vocoder,-12,0.5749378361114639,0.4344762184207307,217.64872029499614,0.0003792416193024798,0.07814814824364234,0.13300291948062892,0.07051010311452459
critical_two_oscillators_1_5hz,critical_two_oscillators,440 + 441.5,1.5,Hz separation,"{""frequencies_hz"": ""440,441.5"", ""separation_hz"": 1.5}",psola,PSOLA,local pitch-synchronous overlap-add,-12,0.5252535285445602,0.36902881752433414,435.2820656589602,0.0002961618942208172,0.04451669268257084,0.36331641992601227,0.13604309150093463
critical_two_oscillators_1_5hz,critical_two_oscillators,440 + 441.5,1.5,Hz separation,"{""frequencies_hz"": ""440,441.5"", ""separation_hz"": 1.5}",rubber_band,Rubber Band,local hybrid spectral/time-domain proxy,-12,329.0164251734721,1.8528614917980208,295.4578170539351,0.5495834030470633,0.8070137813583872,0.21534547324266864,0.5239808858827064
critical_two_oscillators_1_5hz,critical_two_oscillators,440 + 441.5,1.5,Hz separation,"{""frequencies_hz"": ""440,441.5"", ""separation_hz"": 1.5}",wsola,WSOLA,local waveform-similarity overlap-add,-12,583.0697945849173,1.978402495783602,296.39689767148485,0.9743993081163087,0.8715255364289517,0.2163392683059508,0.6874213709504038
critical_two_oscillators_1_5hz,critical_two_oscillators,440 + 441.5,1.5,Hz separation,"{""frequencies_hz"": ""440,441.5"", ""separation_hz"": 1.5}",phase_vocoder,Phase Vocoder,local phase vocoder,3,0.5661682161702217,0.40011690569505914,92.72349664907695,0.0003645774798695617,0.06049192839051744,0.0007990722085274432,0.020551859359638148
critical_two_oscillators_1_5hz,critical_two_oscillators,440 + 441.5,1.5,Hz separation,"{""frequencies_hz"": ""440,441.5"", ""separation_hz"": 1.5}",psola,PSOLA,local pitch-synchronous overlap-add,3,0.4922715976710528,0.4584935688240952,829.6667417329804,0.0002410110853674664,0.09048994397154433,0.7806794628766276,0.29047013931117976
critical_two_oscillators_1_5hz,critical_two_oscillators,440 + 441.5,1.5,Hz separation,"{""frequencies_hz"": ""440,441.5"", ""separation_hz"": 1.5}",rubber_band,Rubber Band,local hybrid spectral/time-domain proxy,3,100.04427268019165,1.8493572392271032,273.9254091508653,0.16670711046952402,0.8052130511078438,0.19255850450458203,0.38815955536065
critical_two_oscillators_1_5hz,critical_two_oscillators,440 + 441.5,1.5,Hz separation,"{""frequencies_hz"": ""440,441.5"", ""separation_hz"": 1.5}",wsola,WSOLA,local waveform-similarity overlap-add,3,239.5647041885143,2.028782443609434,274.53919923832,0.40000650942718874,0.897414279958366,0.1932080563613711,0.496876281915642
critical_two_oscillators_1_5hz,critical_two_oscillators,440 + 441.5,1.5,Hz separation,"{""frequencies_hz"": ""440,441.5"", ""separation_hz"": 1.5}",phase_vocoder,Phase Vocoder,local phase vocoder,7,0.5533869752413154,0.4189989748014639,233.16352298919819,0.00034320529950564795,0.07019485714483711,0.1494216742042918,0.07331991221621152
critical_two_oscillators_1_5hz,critical_two_oscillators,440 + 441.5,1.5,Hz separation,"{""frequencies_hz"": ""440,441.5"", ""separation_hz"": 1.5}",psola,PSOLA,local pitch-synchronous overlap-add,7,0.4582434952904123,0.35987615479342866,322.55493588824277,0.00018411091850839429,0.03981341393224737,0.24402137435642912,0.09467296640239496
critical_two_oscillators_1_5hz,critical_two_oscillators,440 + 441.5,1.5,Hz separation,"{""frequencies_hz"": ""440,441.5"", ""separation_hz"": 1.5}",rubber_band,Rubber Band,local hybrid spectral/time-domain proxy,7,116.1718084043129,1.8496051181375455,398.93486357352833,0.19367480509625193,0.8053404286422742,0.3248514901621854,0.44128890796690384
critical_two_oscillators_1_5hz,critical_two_oscillators,440 + 441.5,1.5,Hz separation,"{""frequencies_hz"": ""440,441.5"", ""separation_hz"": 1.5}",wsola,WSOLA,local waveform-similarity overlap-add,7,187.9793114450397,1.9817742095935602,399.3517383674142,0.31374788055153335,0.8732581589870846,0.32529265368364274,0.5040995644074202
critical_two_oscillators_1_5hz,critical_two_oscillators,440 + 441.5,1.5,Hz separation,"{""frequencies_hz"": ""440,441.5"", ""separation_hz"": 1.5}",phase_vocoder,Phase Vocoder,local phase vocoder,12,0.5261523763179574,0.42213261642296246,446.7544438753731,0.00029766490451845596,0.0718051415487141,0.37545722298648354,0.14918667647990536
critical_two_oscillators_1_5hz,critical_two_oscillators,440 + 441.5,1.5,Hz separation,"{""frequencies_hz"": ""440,441.5"", ""separation_hz"": 1.5}",psola,PSOLA,local pitch-synchronous overlap-add,12,0.44973700038433656,0.3239852169853262,289.63506556634405,0.0001698867641865556,0.02137013790591338,0.20918346587616002,0.07690783018208665
critical_two_oscillators_1_5hz,critical_two_oscillators,440 + 441.5,1.5,Hz separation,"{""frequencies_hz"": ""440,441.5"", ""separation_hz"": 1.5}",rubber_band,Rubber Band,local hybrid spectral/time-domain proxy,12,36.73622364438242,1.6794664033738502,585.1862277098522,0.06084641587759524,0.7179112481641832,0.5219545745504075,0.4335707461973953
critical_two_oscillators_1_5hz,critical_two_oscillators,440 + 441.5,1.5,Hz separation,"{""frequencies_hz"": ""440,441.5"", ""separation_hz"": 1.5}",wsola,WSOLA,local waveform-similarity overlap-add,12,36.42083081479632,1.642231493009625,565.4931324276541,0.060319031058163934,0.6987773449673661,0.5011140838550946,0.4200701532935415
critical_two_oscillators_2_0hz,critical_two_oscillators,440 + 442,2.0,Hz separation,"{""frequencies_hz"": ""440,442"", ""separation_hz"": 2.0}",phase_vocoder,Phase Vocoder,local phase vocoder,-12,0.5335590010138065,0.4164370019477796,216.6143523152612,0.000310049908429109,0.06887833616772832,0.1319082852472445,0.06703222377446731
critical_two_oscillators_2_0hz,critical_two_oscillators,440 + 442,2.0,Hz separation,"{""frequencies_hz"": ""440,442"", ""separation_hz"": 2.0}",psola,PSOLA,local pitch-synchronous overlap-add,-12,0.5286751675337427,0.3598214956155501,434.7754115762878,0.00030188339544466315,0.03978532622079283,0.3627802462293755,0.13428915194853766
critical_two_oscillators_2_0hz,critical_two_oscillators,440 + 442,2.0,Hz separation,"{""frequencies_hz"": ""440,442"", ""separation_hz"": 2.0}",rubber_band,Rubber Band,local hybrid spectral/time-domain proxy,-12,350.00752878239956,1.859601758996103,295.4098765654372,0.5846837234981845,0.8104774024287011,0.21529473955707207,0.5368186218279859
critical_two_oscillators_2_0hz,critical_two_oscillators,440 + 442,2.0,Hz separation,"{""frequencies_hz"": ""440,442"", ""separation_hz"": 2.0}",wsola,WSOLA,local waveform-similarity overlap-add,-12,593.5550370827905,1.980623156956614,296.3846968125751,0.9919322296119912,0.8726666675744738,0.2163263565781122,0.6936417512548592
critical_two_oscillators_2_0hz,critical_two_oscillators,440 + 442,2.0,Hz separation,"{""frequencies_hz"": ""440,442"", ""separation_hz"": 2.0}",phase_vocoder,Phase Vocoder,local phase vocoder,3,0.55479037401201,0.40241768779244874,92.35691710518063,0.00034555199587234784,0.061674231275036226,0.0004111343316123114,0.020810305867506963
critical_two_oscillators_2_0hz,critical_two_oscillators,440 + 442,2.0,Hz separation,"{""frequencies_hz"": ""440,442"", ""separation_hz"": 2.0}",psola,PSOLA,local pitch-synchronous overlap-add,3,0.4956471907695775,0.46512386427096514,1036.9123530795896,0.00024665559085313414,0.09389705385863015,1.0,0.3647145698164944
critical_two_oscillators_2_0hz,critical_two_oscillators,440 + 442,2.0,Hz separation,"{""frequencies_hz"": ""440,442"", ""separation_hz"": 2.0}",rubber_band,Rubber Band,local hybrid spectral/time-domain proxy,3,98.52255918448812,1.8482376756007686,274.0495024355205,0.16416257387301683,0.8046377409529537,0.19268982794090062,0.38716338092229036
critical_two_oscillators_2_0hz,critical_two_oscillators,440 + 442,2.0,Hz separation,"{""frequencies_hz"": ""440,442"", ""separation_hz"": 2.0}",wsola,WSOLA,local waveform-similarity overlap-add,3,198.3871629620584,2.007818160288579,275.3484257555352,0.331151392546952,0.8866413637964063,0.19406443152539463,0.47061906262291764
critical_two_oscillators_2_0hz,critical_two_oscillators,440 + 442,2.0,Hz separation,"{""frequencies_hz"": ""440,442"", ""separation_hz"": 2.0}",phase_vocoder,Phase Vocoder,local phase vocoder,7,0.5535460314399876,0.4196692249344659,235.3855842502034,0.00034347126568099265,0.07053927857722588,0.15177320129390356,0.07421865037893681
critical_two_oscillators_2_0hz,critical_two_oscillators,440 + 442,2.0,Hz separation,"{""frequencies_hz"": ""440,442"", ""separation_hz"": 2.0}",psola,PSOLA,local pitch-synchronous overlap-add,7,0.45946660638618736,0.37028761904513074,422.5131633422528,0.00018615614643965788,0.045163553013570036,0.3498035522885285,0.1317177538161794
critical_two_oscillators_2_0hz,critical_two_oscillators,440 + 442,2.0,Hz separation,"{""frequencies_hz"": ""440,442"", ""separation_hz"": 2.0}",rubber_band,Rubber Band,local hybrid spectral/time-domain proxy,7,130.00581946350147,1.8645729194898755,399.4214029388491,0.21680737736821953,0.8130319326459963,0.32536637718073536,0.4517352290649837
critical_two_oscillators_2_0hz,critical_two_oscillators,440 + 442,2.0,Hz separation,"{""frequencies_hz"": ""440,442"", ""separation_hz"": 2.0}",wsola,WSOLA,local waveform-similarity overlap-add,7,188.79782875554181,1.9835274096418865,399.38386153563175,0.3151165660874951,0.8741590758868755,0.3253266484710923,0.5048674301484876
critical_two_oscillators_2_0hz,critical_two_oscillators,440 + 442,2.0,Hz separation,"{""frequencies_hz"": ""440,442"", ""separation_hz"": 2.0}",phase_vocoder,Phase Vocoder,local phase vocoder,12,0.5326709886179862,0.428103648597878,446.87815165445517,0.000308565016532115,0.07487347582164099,0.37558813845619277,0.1502567264314553
critical_two_oscillators_2_0hz,critical_two_oscillators,440 + 442,2.0,Hz separation,"{""frequencies_hz"": ""440,442"", ""separation_hz"": 2.0}",psola,PSOLA,local pitch-synchronous overlap-add,12,0.4508222219729876,0.3249958577323869,246.25729657680733,0.0001717014198726876,0.02188947586139285,0.1632783413614236,0.061779839547563054
critical_two_oscillators_2_0hz,critical_two_oscillators,440 + 442,2.0,Hz separation,"{""frequencies_hz"": ""440,442"", ""separation_hz"": 2.0}",rubber_band,Rubber Band,local hybrid spectral/time-domain proxy,12,76.68647291590466,1.7882077461184893,591.4400097012946,0.12764931379365455,0.7737901613995127,0.5285727259144029,0.4766707337025234
critical_two_oscillators_2_0hz,critical_two_oscillators,440 + 442,2.0,Hz separation,"{""frequencies_hz"": ""440,442"", ""separation_hz"": 2.0}",wsola,WSOLA,local waveform-similarity overlap-add,12,123.96726085028864,1.902336601052389,592.6248330264901,0.20670998819157307,0.8324375554957504,0.529826581599885,0.5229913750957361
critical_two_oscillators_2_5hz,critical_two_oscillators,440 + 442.5,2.5,Hz separation,"{""frequencies_hz"": ""440,442.5"", ""separation_hz"": 2.5}",phase_vocoder,Phase Vocoder,local phase vocoder,-12,0.5838683168976709,0.4405054412080887,217.48703488484776,0.0003941747425540431,0.08124638492628493,0.13283181365711672,0.0714907911086519
critical_two_oscillators_2_5hz,critical_two_oscillators,440 + 442.5,2.5,Hz separation,"{""frequencies_hz"": ""440,442.5"", ""separation_hz"": 2.5}",psola,PSOLA,local pitch-synchronous overlap-add,-12,0.5271903460018224,0.37107812922189976,435.6999424134786,0.0002994005478272105,0.04556977247402909,0.36375864378617917,0.13654260560267847
critical_two_oscillators_2_5hz,critical_two_oscillators,440 + 442.5,2.5,Hz separation,"{""frequencies_hz"": ""440,442.5"", ""separation_hz"": 2.5}",rubber_band,Rubber Band,local hybrid spectral/time-domain proxy,-12,336.92622322317624,1.854245056414798,295.1402852227484,0.5628097893972404,0.8077247537008746,0.21500944078669942,0.5285146612949382
critical_two_oscillators_2_5hz,critical_two_oscillators,440 + 442.5,2.5,Hz separation,"{""frequencies_hz"": ""440,442.5"", ""separation_hz"": 2.5}",wsola,WSOLA,local waveform-similarity overlap-add,-12,587.8338892762878,1.9793543781417697,296.229760234974,0.9823655996196992,0.8720146802114337,0.2161623928000677,0.6901808908770669
critical_two_oscillators_2_5hz,critical_two_oscillators,440 + 442.5,2.5,Hz separation,"{""frequencies_hz"": ""440,442.5"", ""separation_hz"": 2.5}",phase_vocoder,Phase Vocoder,local phase vocoder,3,0.5656547964712911,0.40310999119590635,92.86158535532712,0.0003637189639813967,0.062029985221400276,0.0009452064934885275,0.021112970226290065
critical_two_oscillators_2_5hz,critical_two_oscillators,440 + 442.5,2.5,Hz separation,"{""frequencies_hz"": ""440,442.5"", ""separation_hz"": 2.5}",psola,PSOLA,local pitch-synchronous overlap-add,3,0.493354579345016,0.46992606473728843,853.7576597238474,0.00024282199557528573,0.09636476058749126,0.8061740103327636,0.30092719763861003
critical_two_oscillators_2_5hz,critical_two_oscillators,440 + 442.5,2.5,Hz separation,"{""frequencies_hz"": ""440,442.5"", ""separation_hz"": 2.5}",rubber_band,Rubber Band,local hybrid spectral/time-domain proxy,3,75.50856038189528,1.817060871975889,275.3687428385841,0.12567966473768316,0.7886169170350381,0.194085932359782,0.3694608380441678
critical_two_oscillators_2_5hz,critical_two_oscillators,440 + 442.5,2.5,Hz separation,"{""frequencies_hz"": ""440,442.5"", ""separation_hz"": 2.5}",wsola,WSOLA,local waveform-similarity overlap-add,3,152.78075025326277,1.977150054400034,276.63860918496607,0.2548905283957217,0.8708819443816374,0.19542978599969138,0.4404007529256835
critical_two_oscillators_2_5hz,critical_two_oscillators,440 + 442.5,2.5,Hz separation,"{""frequencies_hz"": ""440,442.5"", ""separation_hz"": 2.5}",phase_vocoder,Phase Vocoder,local phase vocoder,7,0.5535295597441771,0.4197720982278788,234.91501558269883,0.0003434437224983142,0.07059214207598137,0.15127521548740114,0.07407026709529362
critical_two_oscillators_2_5hz,critical_two_oscillators,440 + 442.5,2.5,Hz separation,"{""frequencies_hz"": ""440,442.5"", ""separation_hz"": 2.5}",psola,PSOLA,local pitch-synchronous overlap-add,7,0.4589928850377701,0.367699158624184,325.2081081203209,0.00018536401223634178,0.0438334208704087,0.24682913059907882,0.09694930516057461
critical_two_oscillators_2_5hz,critical_two_oscillators,440 + 442.5,2.5,Hz separation,"{""frequencies_hz"": ""440,442.5"", ""separation_hz"": 2.5}",rubber_band,Rubber Band,local hybrid spectral/time-domain proxy,7,130.16077918883138,1.865888628872108,399.6881201918079,0.2170664936165803,0.813708036219458,0.325648634405865,0.45214105474730104
critical_two_oscillators_2_5hz,critical_two_oscillators,440 + 442.5,2.5,Hz separation,"{""frequencies_hz"": ""440,442.5"", ""separation_hz"": 2.5}",wsola,WSOLA,local waveform-similarity overlap-add,7,259.5109558170871,2.025364636980348,400.93696209394375,0.43335967832221745,0.8956579716835057,0.32697023863660807,0.551995962880777
critical_two_oscillators_2_5hz,critical_two_oscillators,440 + 442.5,2.5,Hz separation,"{""frequencies_hz"": ""440,442.5"", ""separation_hz"": 2.5}",phase_vocoder,Phase Vocoder,local phase vocoder,12,0.5386186443455502,0.4340052828848185,446.20793244760677,0.0003185104022469306,0.07790614860223209,0.374878869702653,0.151034509569044
critical_two_oscillators_2_5hz,critical_two_oscillators,440 + 442.5,2.5,Hz separation,"{""frequencies_hz"": ""440,442.5"", ""separation_hz"": 2.5}",psola,PSOLA,local pitch-synchronous overlap-add,12,0.45050288791282556,0.3274439311590985,292.3071010006351,0.00017116744471580835,0.02314746734055065,0.21201118436367616,0.07844327304964754
critical_two_oscillators_2_5hz,critical_two_oscillators,440 + 442.5,2.5,Hz separation,"{""frequencies_hz"": ""440,442.5"", ""separation_hz"": 2.5}",rubber_band,Rubber Band,local hybrid spectral/time-domain proxy,12,65.14481686553005,1.7765949549196292,595.688140242709,0.10834990803337442,0.7678226964460501,0.5330683688670296,0.46974699111548474
critical_two_oscillators_2_5hz,critical_two_oscillators,440 + 442.5,2.5,Hz separation,"{""frequencies_hz"": ""440,442.5"", ""separation_hz"": 2.5}",wsola,WSOLA,local waveform-similarity overlap-add,12,68.76088314676159,1.8373670821097703,598.9620373442821,0.11439652128479683,0.7990516691318019,0.5365330157955611,0.4833270687373867
critical_two_oscillators_3_0hz,critical_two_oscillators,440 + 443,3.0,Hz separation,"{""frequencies_hz"": ""440,443"", ""separation_hz"": 3.0}",phase_vocoder,Phase Vocoder,local phase vocoder,-12,0.5260495858542623,0.4209718909160054,217.21717338017655,0.0002974930232166323,0.07120867953844079,0.1325462289840863,0.06801746718191458
critical_two_oscillators_3_0hz,critical_two_oscillators,440 + 443,3.0,Hz separation,"{""frequencies_hz"": ""440,443"", ""separation_hz"": 3.0}",psola,PSOLA,local pitch-synchronous overlap-add,-12,0.5271533278587378,0.3646235179894261,435.78600519111757,0.0002993386478571574,0.042252941433288976,0.36384972091198875,0.1354673336643783
critical_two_oscillators_3_0hz,critical_two_oscillators,440 + 443,3.0,Hz separation,"{""frequencies_hz"": ""440,443"", ""separation_hz"": 3.0}",rubber_band,Rubber Band,local hybrid spectral/time-domain proxy,-12,279.3324493027857,1.8310131051614422,294.8044228230312,0.466504232611966,0.7957865510301365,0.21465400975283147,0.49231493113164465
critical_two_oscillators_3_0hz,critical_two_oscillators,440 + 443,3.0,Hz separation,"{""frequencies_hz"": ""440,443"", ""separation_hz"": 3.0}",wsola,WSOLA,local waveform-similarity overlap-add,-12,474.5648212358053,1.9526505983414206,295.7541310045944,0.7929624763017853,0.8582924090231592,0.21565905158284904,0.6223046456359311
critical_two_oscillators_3_0hz,critical_two_oscillators,440 + 443,3.0,Hz separation,"{""frequencies_hz"": ""440,443"", ""separation_hz"": 3.0}",phase_vocoder,Phase Vocoder,local phase vocoder,3,0.5458855243506023,0.40094137489092657,91.96841821210778,0.0003306617317629593,0.06091559837194545,0.0,0.02041542003456947
critical_two_oscillators_3_0hz,critical_two_oscillators,440 + 443,3.0,Hz separation,"{""frequencies_hz"": ""440,443"", ""separation_hz"": 3.0}",psola,PSOLA,local pitch-synchronous overlap-add,3,0.4936703361519663,0.4704614982170957,844.6689220433117,0.00024334998902027384,0.0966399037869982,0.7965557278662908,0.29781299388076976
critical_two_oscillators_3_0hz,critical_two_oscillators,440 + 443,3.0,Hz separation,"{""frequencies_hz"": ""440,443"", ""separation_hz"": 3.0}",rubber_band,Rubber Band,local hybrid spectral/time-domain proxy,3,180.64251582855462,1.9186009830658877,271.92940320009586,0.3014796414907969,0.8407953333971397,0.19044620357632713,0.4442403928214212
critical_two_oscillators_3_0hz,critical_two_oscillators,440 + 443,3.0,Hz separation,"{""frequencies_hz"": ""440,443"", ""separation_hz"": 3.0}",wsola,WSOLA,local waveform-similarity overlap-add,3,396.3527582013414,2.087855882676444,272.86303427860514,0.6621800016497414,0.9277703477870458,0.1914342315894814,0.5937948603420896
critical_two_oscillators_3_0hz,critical_two_oscillators,440 + 443,3.0,Hz separation,"{""frequencies_hz"": ""440,443"", ""separation_hz"": 3.0}",phase_vocoder,Phase Vocoder,local phase vocoder,7,0.5522720620678688,0.4226347255441503,235.02575824119626,0.0003413409949701538,0.07206316036022917,0.15139241043877458,0.0745989705979913
critical_two_oscillators_3_0hz,critical_two_oscillators,440 + 443,3.0,Hz separation,"{""frequencies_hz"": ""440,443"", ""separation_hz"": 3.0}",psola,PSOLA,local pitch-synchronous overlap-add,7,0.45838743006989974,0.37842142500648196,342.2524463172571,0.0001843515993691148,0.049343271840977636,0.2648665374419795,0.1047980536274421
critical_two_oscillators_3_0hz,critical_two_oscillators,440 + 443,3.0,Hz separation,"{""frequencies_hz"": ""440,443"", ""separation_hz"": 3.0}",rubber_band,Rubber Band,local hybrid spectral/time-domain proxy,7,161.61336282047944,1.8956344840326085,401.22637002332834,0.2696600010878603,0.8289935386573634,0.32727650858417395,0.4753100161097992
critical_two_oscillators_3_0hz,critical_two_oscillators,440 + 443,3.0,Hz separation,"{""frequencies_hz"": ""440,443"", ""separation_hz"": 3.0}",wsola,WSOLA,local waveform-similarity overlap-add,7,295.28984725497804,2.0429789160149743,401.6838619298355,0.49318743098605267,0.9047094211601794,0.3277606557273283,0.5752191692911868
critical_two_oscillators_3_0hz,critical_two_oscillators,440 + 443,3.0,Hz separation,"{""frequencies_hz"": ""440,443"", ""separation_hz"": 3.0}",phase_vocoder,Phase Vocoder,local phase vocoder,12,0.5427290405314842,0.4366905601720931,443.5542590472913,0.0003253836103447645,0.07928603202799399,0.37207058309177843,0.1505606662433724
critical_two_oscillators_3_0hz,critical_two_oscillators,440 + 443,3.0,Hz separation,"{""frequencies_hz"": ""440,443"", ""separation_hz"": 3.0}",psola,PSOLA,local pitch-synchronous overlap-add,12,0.4500242770464095,0.33082949337134226,290.11542902527253,0.00017036713449412725,0.024887206177094563,0.2096918171562768,0.07824979682262183
critical_two_oscillators_3_0hz,critical_two_oscillators,440 + 443,3.0,Hz separation,"{""frequencies_hz"": ""440,443"", ""separation_hz"": 3.0}",rubber_band,Rubber Band,local hybrid spectral/time-domain proxy,12,54.179716650585874,1.755885616403977,596.512910666797,0.09001459139192296,0.7571807887698249,0.5339411935856767,0.4603788579158081
critical_two_oscillators_3_0hz,critical_two_oscillators,440 + 443,3.0,Hz separation,"{""frequencies_hz"": ""440,443"", ""separation_hz"": 3.0}",wsola,WSOLA,local waveform-similarity overlap-add,12,38.3951243185396,1.712571106332579,602.6715965525136,0.06362035031879032,0.7349227617028401,0.5404587081793656,0.4463339400669987
critical_vibrato_depth_0_0st,critical_vibrato_depth,0 semitones,0.0,semitones,"{""base_hz"": 440.0, ""depth_semitones"": 0.0, ""rate_hz"": 5.5}",phase_vocoder,Phase Vocoder,local phase vocoder,-12,0.888502177792802,0.4926886991190539,216.4134569660476,0.0009035689286288434,0.10806179539984563,0.1316956849629305,0.08022034976380166
critical_vibrato_depth_0_0st,critical_vibrato_depth,0 semitones,0.0,semitones,"{""base_hz"": 440.0, ""depth_semitones"": 0.0, ""rate_hz"": 5.5}",psola,PSOLA,local pitch-synchronous overlap-add,-12,0.743325941589655,0.40338257086721363,434.4567337468886,0.0006608121633079894,0.06217005573568906,0.36244300100493376,0.14175795630131027
critical_vibrato_depth_0_0st,critical_vibrato_depth,0 semitones,0.0,semitones,"{""base_hz"": 440.0, ""depth_semitones"": 0.0, ""rate_hz"": 5.5}",rubber_band,Rubber Band,local hybrid spectral/time-domain proxy,-12,329.89266706577183,1.9320482947360182,299.2605207476863,0.5510486128704923,0.847705503375712,0.2193697370676801,0.5393746177712949
critical_vibrato_depth_0_0st,critical_vibrato_depth,0 semitones,0.0,semitones,"{""base_hz"": 440.0, ""depth_semitones"": 0.0, ""rate_hz"": 5.5}",wsola,WSOLA,local waveform-similarity overlap-add,-12,558.6813065639383,2.0485005862214334,299.91892068816236,0.9336180437862797,0.9075468418006932,0.22006649791896635,0.687077127835313
critical_vibrato_depth_0_0st,critical_vibrato_depth,0 semitones,0.0,semitones,"{""base_hz"": 440.0, ""depth_semitones"": 0.0, ""rate_hz"": 5.5}",phase_vocoder,Phase Vocoder,local phase vocoder,3,0.8032138511103362,0.4435624163567048,92.1236059264648,0.0007609538640249376,0.08281727273013723,0.00016422954699295468,0.027914152047051707
critical_vibrato_depth_0_0st,critical_vibrato_depth,0 semitones,0.0,semitones,"{""base_hz"": 440.0, ""depth_semitones"": 0.0, ""rate_hz"": 5.5}",psola,PSOLA,local pitch-synchronous overlap-add,3,0.6967685166187969,0.5323843561722007,828.0237156879424,0.0005829610618937149,0.12846020248500684,0.778940707819939,0.3026612904556132
critical_vibrato_depth_0_0st,critical_vibrato_depth,0 semitones,0.0,semitones,"{""base_hz"": 440.0, ""depth_semitones"": 0.0, ""rate_hz"": 5.5}",rubber_band,Rubber Band,local hybrid spectral/time-domain proxy,3,108.31424414597112,1.918946175766829,275.4689888573751,0.1805357615961391,0.8409727175685919,0.19419201909688036,0.40523349942053716
critical_vibrato_depth_0_0st,critical_vibrato_depth,0 semitones,0.0,semitones,"{""base_hz"": 440.0, ""depth_semitones"": 0.0, ""rate_hz"": 5.5}",wsola,WSOLA,local waveform-similarity overlap-add,3,217.61433831878622,2.0721026616289286,275.62132368152635,0.36330215645933744,0.9196752401686098,0.1943532295333203,0.49244354205375584
critical_vibrato_depth_0_0st,critical_vibrato_depth,0 semitones,0.0,semitones,"{""base_hz"": 440.0, ""depth_semitones"": 0.0, ""rate_hz"": 5.5}",phase_vocoder,Phase Vocoder,local phase vocoder,7,0.8023234566079276,0.4756122660163836,233.624902918079,0.0007594649888831291,0.09928672880945204,0.14990993590094526,0.08331870989976015
critical_vibrato_depth_0_0st,critical_vibrato_depth,0 semitones,0.0,semitones,"{""base_hz"": 440.0, ""depth_semitones"": 0.0, ""rate_hz"": 5.5}",psola,PSOLA,local pitch-synchronous overlap-add,7,0.648515416705382,0.4092635932548536,342.8411598434212,0.0005022745338637875,0.06519213667969291,0.26548955168064614,0.11039465429806761
critical_vibrato_depth_0_0st,critical_vibrato_depth,0 semitones,0.0,semitones,"{""base_hz"": 440.0, ""depth_semitones"": 0.0, ""rate_hz"": 5.5}",rubber_band,Rubber Band,local hybrid spectral/time-domain proxy,7,152.72029683809902,1.9577350109036697,406.9396354665658,0.2547894410834896,0.8609051360802982,0.3333226508286222,0.4830057426641367
critical_vibrato_depth_0_0st,critical_vibrato_depth,0 semitones,0.0,semitones,"{""base_hz"": 440.0, ""depth_semitones"": 0.0, ""rate_hz"": 5.5}",wsola,WSOLA,local waveform-similarity overlap-add,7,305.5646567989056,2.112532227581554,406.96631104581706,0.5103684765511232,0.9404507810161608,0.33335088062963686,0.5947233793989736
critical_vibrato_depth_0_0st,critical_vibrato_depth,0 semitones,0.0,semitones,"{""base_hz"": 440.0, ""depth_semitones"": 0.0, ""rate_hz"": 5.5}",phase_vocoder,Phase Vocoder,local phase vocoder,12,0.8055591645860013,0.46817496556497096,444.7896148763715,0.000764875585154415,0.09546492326484417,0.3733779154990217,0.15653590478300675
critical_vibrato_depth_0_0st,critical_vibrato_depth,0 semitones,0.0,semitones,"{""base_hz"": 440.0, ""depth_semitones"": 0.0, ""rate_hz"": 5.5}",psola,PSOLA,local pitch-synchronous overlap-add,12,0.6363568042113515,0.3590821529823981,284.76807939110876,0.0004819434830180391,0.039405400225708334,0.20403291038217947,0.08130675136363529
critical_vibrato_depth_0_0st,critical_vibrato_depth,0 semitones,0.0,semitones,"{""base_hz"": 440.0, ""depth_semitones"": 0.0, ""rate_hz"": 5.5}",rubber_band,Rubber Band,local hybrid spectral/time-domain proxy,12,38.61907463145688,1.7201350393160386,588.2321152752519,0.06399482933118404,0.7388096399060379,0.5251779272309312,0.44266079882271764
critical_vibrato_depth_0_0st,critical_vibrato_depth,0 semitones,0.0,semitones,"{""base_hz"": 440.0, ""depth_semitones"": 0.0, ""rate_hz"": 5.5}",wsola,WSOLA,local waveform-similarity overlap-add,12,65.59056683675281,1.837266225036063,588.3061717030962,0.1090952698362833,0.7989998417078561,0.5252562984708657,0.47778380333833503
critical_vibrato_depth_0_25st,critical_vibrato_depth,0.25 semitones,0.25,semitones,"{""base_hz"": 440.0, ""depth_semitones"": 0.25, ""rate_hz"": 5.5}",phase_vocoder,Phase Vocoder,local phase vocoder,-12,0.8518253774223122,0.5019052208125414,214.53256804945696,0.0008422397355520924,0.11279788935494177,0.12970520822966863,0.08111511244005416
critical_vibrato_depth_0_25st,critical_vibrato_depth,0.25 semitones,0.25,semitones,"{""base_hz"": 440.0, ""depth_semitones"": 0.25, ""rate_hz"": 5.5}",psola,PSOLA,local pitch-synchronous overlap-add,-12,0.7470498178491215,0.43632483403200734,435.24127681972595,0.0006670390512536049,0.07909809633827442,0.3632732545722498,0.1476794633205926
critical_vibrato_depth_0_25st,critical_vibrato_depth,0.25 semitones,0.25,semitones,"{""base_hz"": 440.0, ""depth_semitones"": 0.25, ""rate_hz"": 5.5}",rubber_band,Rubber Band,local hybrid spectral/time-domain proxy,-12,146.46804575694136,1.836471468341675,301.23863462486594,0.24433472557266867,0.7985914400894101,0.22146310346137735,0.4214630897078187
critical_vibrato_depth_0_25st,critical_vibrato_depth,0.25 semitones,0.25,semitones,"{""base_hz"": 440.0, ""depth_semitones"": 0.25, ""rate_hz"": 5.5}",wsola,WSOLA,local waveform-similarity overlap-add,-12,202.09420317381446,1.911390300587696,303.2207027744136,0.33735012805805165,0.8370899800292619,0.22356065451854734,0.4660002542019536
critical_vibrato_depth_0_25st,critical_vibrato_depth,0.25 semitones,0.25,semitones,"{""base_hz"": 440.0, ""depth_semitones"": 0.25, ""rate_hz"": 5.5}",phase_vocoder,Phase Vocoder,local phase vocoder,3,0.8191298304215867,0.4759956717316408,91.98843921373316,0.0007875678041267203,0.09948374950237375,2.1187502122216692e-05,0.03343083493620756
critical_vibrato_depth_0_25st,critical_vibrato_depth,0.25 semitones,0.25,semitones,"{""base_hz"": 440.0, ""depth_semitones"": 0.25, ""rate_hz"": 5.5}",psola,PSOLA,local pitch-synchronous overlap-add,3,0.6969279126848006,0.5547464876062881,867.8402554718153,0.0005832275963789717,0.13995143084970357,0.821077112229431,0.3205372568918379
critical_vibrato_depth_0_25st,critical_vibrato_depth,0.25 semitones,0.25,semitones,"{""base_hz"": 440.0, ""depth_semitones"": 0.25, ""rate_hz"": 5.5}",rubber_band,Rubber Band,local hybrid spectral/time-domain proxy,3,206.66676284614306,2.010891899751687,279.2897883122521,0.3449961438545888,0.88822086627846,0.1982354330116041,0.477150814381551
critical_vibrato_depth_0_25st,critical_vibrato_depth,0.25 semitones,0.25,semitones,"{""base_hz"": 440.0, ""depth_semitones"": 0.25, ""rate_hz"": 5.5}",wsola,WSOLA,local waveform-similarity overlap-add,3,403.63530201620455,2.1600781398091975,279.4906732809978,0.6743575234400828,0.9648831986873511,0.19844802231064423,0.6125629148126926
critical_vibrato_depth_0_25st,critical_vibrato_depth,0.25 semitones,0.25,semitones,"{""base_hz"": 440.0, ""depth_semitones"": 0.25, ""rate_hz"": 5.5}",phase_vocoder,Phase Vocoder,local phase vocoder,7,0.7938372230850126,0.5098912185463143,230.91262836115482,0.0007452747146780758,0.11690165396920603,0.14703963380486954,0.08822885416291788
critical_vibrato_depth_0_25st,critical_vibrato_depth,0.25 semitones,0.25,semitones,"{""base_hz"": 440.0, ""depth_semitones"": 0.25, ""rate_hz"": 5.5}",psola,PSOLA,local pitch-synchronous overlap-add,7,0.6485037107307824,0.4579806968735133,323.73561026036907,0.0005022549596924007,0.09022639446494406,0.24527083935489158,0.111999829593176
critical_vibrato_depth_0_25st,critical_vibrato_depth,0.25 semitones,0.25,semitones,"{""base_hz"": 440.0, ""depth_semitones"": 0.25, ""rate_hz"": 5.5}",rubber_band,Rubber Band,local hybrid spectral/time-domain proxy,7,44.11474660778654,1.6912337285860848,381.4196948125773,0.07318442941402001,0.7239581235103014,0.30631582035717486,0.36781945776049874
critical_vibrato_depth_0_25st,critical_vibrato_depth,0.25 semitones,0.25,semitones,"{""base_hz"": 440.0, ""depth_semitones"": 0.25, ""rate_hz"": 5.5}",wsola,WSOLA,local waveform-similarity overlap-add,7,105.1200548411323,1.9370728484670259,398.46362032118435,0.17519459086637795,0.8502874707755498,0.3243527904669383,0.44994495070295537
critical_vibrato_depth_0_25st,critical_vibrato_depth,0.25 semitones,0.25,semitones,"{""base_hz"": 440.0, ""depth_semitones"": 0.25, ""rate_hz"": 5.5}",phase_vocoder,Phase Vocoder,local phase vocoder,12,0.7903510456624456,0.5239257462657895,442.21220447053906,0.0007394452953697207,0.1241135766560265,0.3706503352577729,0.1651677857363897
critical_vibrato_depth_0_25st,critical_vibrato_depth,0.25 semitones,0.25,semitones,"{""base_hz"": 440.0, ""depth_semitones"": 0.25, ""rate_hz"": 5.5}",psola,PSOLA,local pitch-synchronous overlap-add,12,0.63601997854768,0.3870972871066411,445.5868306442403,0.00048138025923756073,0.05380153705363869,0.37422158012128376,0.14283483247805334
critical_vibrato_depth_0_25st,critical_vibrato_depth,0.25 semitones,0.25,semitones,"{""base_hz"": 440.0, ""depth_semitones"": 0.25, ""rate_hz"": 5.5}",rubber_band,Rubber Band,local hybrid spectral/time-domain proxy,12,78.49248094846236,1.850700851893771,597.4202561887284,0.1306692341304354,0.8059034933419345,0.5349014045447096,0.4904913773390265
critical_vibrato_depth_0_25st,critical_vibrato_depth,0.25 semitones,0.25,semitones,"{""base_hz"": 440.0, ""depth_semitones"": 0.25, ""rate_hz"": 5.5}",wsola,WSOLA,local waveform-similarity overlap-add,12,125.62810631389122,1.9618320415949737,598.1669603054582,0.20948717461675218,0.8630104772205072,0.5356916145129175,0.5360630887833923
critical_vibrato_depth_0_5st,critical_vibrato_depth,0.5 semitones,0.5,semitones,"{""base_hz"": 440.0, ""depth_semitones"": 0.5, ""rate_hz"": 5.5}",phase_vocoder,Phase Vocoder,local phase vocoder,-12,0.7500743867175899,0.49751326012322905,214.3819686219939,0.0006720965907945261,0.11054099253817735,0.12954583430079722,0.0802529744765897
critical_vibrato_depth_0_5st,critical_vibrato_depth,0.5 semitones,0.5,semitones,"{""base_hz"": 440.0, ""depth_semitones"": 0.5, ""rate_hz"": 5.5}",psola,PSOLA,local pitch-synchronous overlap-add,-12,0.7441714913392214,0.4735102580692125,438.8354698570472,0.0006622260511968817,0.09820656999648078,0.36707685910866633,0.155315218385448
critical_vibrato_depth_0_5st,critical_vibrato_depth,0.5 semitones,0.5,semitones,"{""base_hz"": 440.0, ""depth_semitones"": 0.5, ""rate_hz"": 5.5}",rubber_band,Rubber Band,local hybrid spectral/time-domain proxy,-12,115.45077416981574,1.8081928931028624,304.6015287720159,0.19246912610201766,0.7840599287772945,0.22502193274538304,0.4005169958748984
critical_vibrato_depth_0_5st,critical_vibrato_depth,0.5 semitones,0.5,semitones,"{""base_hz"": 440.0, ""depth_semitones"": 0.5, ""rate_hz"": 5.5}",wsola,WSOLA,local waveform-similarity overlap-add,-12,225.44449631705425,1.9527183004689492,303.8264981029634,0.3763953725208897,0.858327199115083,0.22420174581105323,0.48630810581567535
critical_vibrato_depth_0_5st,critical_vibrato_depth,0.5 semitones,0.5,semitones,"{""base_hz"": 440.0, ""depth_semitones"": 0.5, ""rate_hz"": 5.5}",phase_vocoder,Phase Vocoder,local phase vocoder,3,0.763515598756839,0.4739501793420231,94.78359539379385,0.0006945723433142014,0.09843263233867099,0.0029792002232183917,0.034035468301734526
critical_vibrato_depth_0_5st,critical_vibrato_depth,0.5 semitones,0.5,semitones,"{""base_hz"": 440.0, ""depth_semitones"": 0.5, ""rate_hz"": 5.5}",psola,PSOLA,local pitch-synchronous overlap-add,3,0.6967279910379784,0.5791067177723198,885.4959111229566,0.0005828932969538767,0.1524694221994789,0.8397614542307555,0.3309379232423961
critical_vibrato_depth_0_5st,critical_vibrato_depth,0.5 semitones,0.5,semitones,"{""base_hz"": 440.0, ""depth_semitones"": 0.5, ""rate_hz"": 5.5}",rubber_band,Rubber Band,local hybrid spectral/time-domain proxy,3,181.98089959680027,2.0099736493111706,279.46643595950013,0.30371762287696963,0.887749004929328,0.19842237282965036,0.46329633354531596
critical_vibrato_depth_0_5st,critical_vibrato_depth,0.5 semitones,0.5,semitones,"{""base_hz"": 440.0, ""depth_semitones"": 0.5, ""rate_hz"": 5.5}",wsola,WSOLA,local waveform-similarity overlap-add,3,394.7999588528117,2.1723290912461186,279.94838520981625,0.6595834847754927,0.9711785950390547,0.19893240229545536,0.6098981607033341
critical_vibrato_depth_0_5st,critical_vibrato_depth,0.5 semitones,0.5,semitones,"{""base_hz"": 440.0, ""depth_semitones"": 0.5, ""rate_hz"": 5.5}",phase_vocoder,Phase Vocoder,local phase vocoder,7,0.7660082614585141,0.5327764789316612,234.385784159148,0.0006987404547787239,0.12866170260538837,0.15071514900723998,0.09335853068913569
critical_vibrato_depth_0_5st,critical_vibrato_depth,0.5 semitones,0.5,semitones,"{""base_hz"": 440.0, ""depth_semitones"": 0.5, ""rate_hz"": 5.5}",psola,PSOLA,local pitch-synchronous overlap-add,7,0.6485128445457953,0.4870268246377648,294.16101212492197,0.0005022702328214303,0.10515232798934801,0.21397311147477707,0.10654256989898218
critical_vibrato_depth_0_5st,critical_vibrato_depth,0.5 semitones,0.5,semitones,"{""base_hz"": 440.0, ""depth_semitones"": 0.5, ""rate_hz"": 5.5}",rubber_band,Rubber Band,local hybrid spectral/time-domain proxy,7,83.85871223950991,1.9101328558729134,412.64931849301905,0.1396423896843195,0.8364438169201622,0.33936500193091695,0.4384837361784662
critical_vibrato_depth_0_5st,critical_vibrato_depth,0.5 semitones,0.5,semitones,"{""base_hz"": 440.0, ""depth_semitones"": 0.5, ""rate_hz"": 5.5}",wsola,WSOLA,local waveform-similarity overlap-add,7,93.13065412263948,1.928205261400644,421.41433243592184,0.15514648786635166,0.8457306838554846,0.34864069927070884,0.4498392903308484
critical_vibrato_depth_0_5st,critical_vibrato_depth,0.5 semitones,0.5,semitones,"{""base_hz"": 440.0, ""depth_semitones"": 0.5, ""rate_hz"": 5.5}",phase_vocoder,Phase Vocoder,local phase vocoder,12,0.7929975086360245,0.5628656258299852,447.6508627123394,0.0007438705842999863,0.14412361236683854,0.3764058706298932,0.1737577845270106
critical_vibrato_depth_0_5st,critical_vibrato_depth,0.5 semitones,0.5,semitones,"{""base_hz"": 440.0, ""depth_semitones"": 0.5, ""rate_hz"": 5.5}",psola,PSOLA,local pitch-synchronous overlap-add,12,0.6359685055885552,0.40443094594977974,513.0295534212593,0.0004812941886148099,0.06270878423396008,0.44559377511450005,0.16959461784569163
critical_vibrato_depth_0_5st,critical_vibrato_depth,0.5 semitones,0.5,semitones,"{""base_hz"": 440.0, ""depth_semitones"": 0.5, ""rate_hz"": 5.5}",rubber_band,Rubber Band,local hybrid spectral/time-domain proxy,12,78.50456565116075,1.8668092464793353,598.6855569108585,0.13068944159285248,0.8141811139845356,0.5362404265495522,0.49370366070898014
critical_vibrato_depth_0_5st,critical_vibrato_depth,0.5 semitones,0.5,semitones,"{""base_hz"": 440.0, ""depth_semitones"": 0.5, ""rate_hz"": 5.5}",wsola,WSOLA,local waveform-similarity overlap-add,12,126.87824260290964,1.9787882054297694,598.8857347794745,0.21157759278483076,0.8717237410428382,0.5364522675500917,0.5399178671259203
critical_vibrato_depth_0_75st,critical_vibrato_depth,0.75 semitones,0.75,semitones,"{""base_hz"": 440.0, ""depth_semitones"": 0.75, ""rate_hz"": 5.5}",phase_vocoder,Phase Vocoder,local phase vocoder,-12,0.7399760709308256,0.5213308810722288,214.91274026760618,0.0006552106696569022,0.12278015329239508,0.13010753074227627,0.08451429823477608
critical_vibrato_depth_0_75st,critical_vibrato_depth,0.75 semitones,0.75,semitones,"{""base_hz"": 440.0, ""depth_semitones"": 0.75, ""rate_hz"": 5.5}",psola,PSOLA,local pitch-synchronous overlap-add,-12,0.7428341460580207,0.5116479422780053,440.1441191216143,0.0006599898063191241,0.11780438158414938,0.36846175530861985,0.16230870889969612
critical_vibrato_depth_0_75st,critical_vibrato_depth,0.75 semitones,0.75,semitones,"{""base_hz"": 440.0, ""depth_semitones"": 0.75, ""rate_hz"": 5.5}",rubber_band,Rubber Band,local hybrid spectral/time-domain proxy,-12,172.0328691414186,1.855918136804681,295.04594794892506,0.2870830016895011,0.8085844995121945,0.21490960706075826,0.43685903608748466
critical_vibrato_depth_0_75st,critical_vibrato_depth,0.75 semitones,0.75,semitones,"{""base_hz"": 440.0, ""depth_semitones"": 0.75, ""rate_hz"": 5.5}",wsola,WSOLA,local waveform-similarity overlap-add,-12,288.6308709852227,1.969898219326572,295.25490717917467,0.4820526090491337,0.8671554439298405,0.21513074105880747,0.5214462646792605
critical_vibrato_depth_0_75st,critical_vibrato_depth,0.75 semitones,0.75,semitones,"{""base_hz"": 440.0, ""depth_semitones"": 0.75, ""rate_hz"": 5.5}",phase_vocoder,Phase Vocoder,local phase vocoder,3,0.7705562483158438,0.4968392462769716,94.60288542087287,0.0007063453810881662,0.11019463704647743,0.002787961392793683,0.03789631460678643
critical_vibrato_depth_0_75st,critical_vibrato_depth,0.75 semitones,0.75,semitones,"{""base_hz"": 440.0, ""depth_semitones"": 0.75, ""rate_hz"": 5.5}",psola,PSOLA,local pitch-synchronous overlap-add,3,0.6969987479402778,0.6123863534400696,875.7046985107814,0.0005833460437085075,0.16957082840841825,0.8293997679434645,0.3331846474651971
critical_vibrato_depth_0_75st,critical_vibrato_depth,0.75 semitones,0.75,semitones,"{""base_hz"": 440.0, ""depth_semitones"": 0.75, ""rate_hz"": 5.5}",rubber_band,Rubber Band,local hybrid spectral/time-domain proxy,3,126.11818608152937,1.9518794457726891,277.5284183012572,0.21030666258704614,0.8578961368566426,0.1963714388146977,0.42152474608612883
critical_vibrato_depth_0_75st,critical_vibrato_depth,0.75 semitones,0.75,semitones,"{""base_hz"": 440.0, ""depth_semitones"": 0.75, ""rate_hz"": 5.5}",wsola,WSOLA,local waveform-similarity overlap-add,3,239.2298449132102,2.0967992674478686,277.91331759745145,0.39944657374737985,0.9323660848734101,0.19677876382308376,0.5095304741479579
critical_vibrato_depth_0_75st,critical_vibrato_depth,0.75 semitones,0.75,semitones,"{""base_hz"": 440.0, ""depth_semitones"": 0.75, ""rate_hz"": 5.5}",phase_vocoder,Phase Vocoder,local phase vocoder,7,0.767210127764565,0.561557018106395,239.16790644730415,0.0007007501581877362,0.14345115812266668,0.15577589611794218,0.09997593479959888
critical_vibrato_depth_0_75st,critical_vibrato_depth,0.75 semitones,0.75,semitones,"{""base_hz"": 440.0, ""depth_semitones"": 0.75, ""rate_hz"": 5.5}",psola,PSOLA,local pitch-synchronous overlap-add,7,0.6486591442329636,0.5255464848905823,305.4180503512678,0.0005025148681677739,0.12494642560478947,0.22588602800979302,0.11711165616091675
critical_vibrato_depth_0_75st,critical_vibrato_depth,0.75 semitones,0.75,semitones,"{""base_hz"": 440.0, ""depth_semitones"": 0.75, ""rate_hz"": 5.5}",rubber_band,Rubber Band,local hybrid spectral/time-domain proxy,7,167.71521562267995,1.988143736621327,409.9937135874242,0.2798632277829885,0.8765312678079907,0.33655467127784255,0.49764972228960724
critical_vibrato_depth_0_75st,critical_vibrato_depth,0.75 semitones,0.75,semitones,"{""base_hz"": 440.0, ""depth_semitones"": 0.75, ""rate_hz"": 5.5}",wsola,WSOLA,local waveform-similarity overlap-add,7,123.58751031638205,2.014916700562394,416.1464867673174,0.20607498749413777,0.890289090650299,0.3430659286687438,0.47981000227106024
critical_vibrato_depth_0_75st,critical_vibrato_depth,0.75 semitones,0.75,semitones,"{""base_hz"": 440.0, ""depth_semitones"": 0.75, ""rate_hz"": 5.5}",phase_vocoder,Phase Vocoder,local phase vocoder,12,0.8203625842910169,0.6032936743611841,447.2369252344895,0.0007896291562433359,0.16489837345704889,0.37596781556379244,0.18055193939236155
critical_vibrato_depth_0_75st,critical_vibrato_depth,0.75 semitones,0.75,semitones,"{""base_hz"": 440.0, ""depth_semitones"": 0.75, ""rate_hz"": 5.5}",psola,PSOLA,local pitch-synchronous overlap-add,12,0.6363676761016627,0.438247577832061,513.7240630934205,0.00048196166247353316,0.080086136684891,0.4463287495892117,0.1756322826455254
critical_vibrato_depth_0_75st,critical_vibrato_depth,0.75 semitones,0.75,semitones,"{""base_hz"": 440.0, ""depth_semitones"": 0.75, ""rate_hz"": 5.5}",rubber_band,Rubber Band,local hybrid spectral/time-domain proxy,12,77.1959069262081,1.869763009799493,604.2858544867984,0.1285011650037427,0.8156989643266304,0.5421670189846105,0.49545571610499445
critical_vibrato_depth_0_75st,critical_vibrato_depth,0.75 semitones,0.75,semitones,"{""base_hz"": 440.0, ""depth_semitones"": 0.75, ""rate_hz"": 5.5}",wsola,WSOLA,local waveform-similarity overlap-add,12,120.11135248693387,1.9799511429372387,606.0728512998993,0.2002623224706364,0.8723213397338034,0.5440581330995993,0.5388805984346797
critical_vibrato_depth_1_0st,critical_vibrato_depth,1 semitones,1.0,semitones,"{""base_hz"": 440.0, ""depth_semitones"": 1.0, ""rate_hz"": 5.5}",phase_vocoder,Phase Vocoder,local phase vocoder,-12,0.7438571464812324,0.537638349732823,209.70794534458625,0.0006617004187454804,0.13116007212890515,0.12459948446464199,0.08547375233743087
critical_vibrato_depth_1_0st,critical_vibrato_depth,1 semitones,1.0,semitones,"{""base_hz"": 440.0, ""depth_semitones"": 1.0, ""rate_hz"": 5.5}",psola,PSOLA,local pitch-synchronous overlap-add,-12,0.7543359418911844,0.5475877297180836,445.4199682275301,0.000679222559728798,0.13627275997061483,0.3740449956589118,0.17033232606308513
critical_vibrato_depth_1_0st,critical_vibrato_depth,1 semitones,1.0,semitones,"{""base_hz"": 440.0, ""depth_semitones"": 1.0, ""rate_hz"": 5.5}",rubber_band,Rubber Band,local hybrid spectral/time-domain proxy,-12,361.953469532709,1.9923476113923204,297.9550942290479,0.6046591548160329,0.8786915129148787,0.21798825138321834,0.5671129730380433
critical_vibrato_depth_1_0st,critical_vibrato_depth,1 semitones,1.0,semitones,"{""base_hz"": 440.0, ""depth_semitones"": 1.0, ""rate_hz"": 5.5}",wsola,WSOLA,local waveform-similarity overlap-add,-12,592.2813533332463,2.104232291912549,298.1823692604101,0.9898024365055739,0.9361856931167379,0.2182287683313419,0.7147389659845512
critical_vibrato_depth_1_0st,critical_vibrato_depth,1 semitones,1.0,semitones,"{""base_hz"": 440.0, ""depth_semitones"": 1.0, ""rate_hz"": 5.5}",phase_vocoder,Phase Vocoder,local phase vocoder,3,0.7586089508762012,0.506148372137497,96.28400166737445,0.0006863676811792406,0.11497831750441168,0.004567025932466448,0.04007723703935246
critical_vibrato_depth_1_0st,critical_vibrato_depth,1 semitones,1.0,semitones,"{""base_hz"": 440.0, ""depth_semitones"": 1.0, ""rate_hz"": 5.5}",psola,PSOLA,local pitch-synchronous overlap-add,3,0.6964298528778218,0.6201103552578907,873.7670086059813,0.000582394764568197,0.17353996118270368,0.8273491807781298,0.3338238455751339
critical_vibrato_depth_1_0st,critical_vibrato_depth,1 semitones,1.0,semitones,"{""base_hz"": 440.0, ""depth_semitones"": 1.0, ""rate_hz"": 5.5}",rubber_band,Rubber Band,local hybrid spectral/time-domain proxy,3,213.9613214567811,2.048683091871345,287.85868788176094,0.35719375621233007,0.9076406259780719,0.20730358960092657,0.49071265726377616
critical_vibrato_depth_1_0st,critical_vibrato_depth,1 semitones,1.0,semitones,"{""base_hz"": 440.0, ""depth_semitones"": 1.0, ""rate_hz"": 5.5}",wsola,WSOLA,local waveform-similarity overlap-add,3,137.08112692503119,2.0364034681209606,296.59484901482074,0.22863836843075147,0.901330495784797,0.21654875305529062,0.4488392057569463
critical_vibrato_depth_1_0st,critical_vibrato_depth,1 semitones,1.0,semitones,"{""base_hz"": 440.0, ""depth_semitones"": 1.0, ""rate_hz"": 5.5}",phase_vocoder,Phase Vocoder,local phase vocoder,7,0.7699257074128781,0.5993736698437705,239.19657353483854,0.0007052910207189371,0.16288400075590387,0.15580623346016598,0.1064651750789296
critical_vibrato_depth_1_0st,critical_vibrato_depth,1 semitones,1.0,semitones,"{""base_hz"": 440.0, ""depth_semitones"": 1.0, ""rate_hz"": 5.5}",psola,PSOLA,local pitch-synchronous overlap-add,7,0.648782655029169,0.5365042600826831,302.39618459149114,0.0005027213970195557,0.13057729748623711,0.22268809673760545,0.11792270520695404
critical_vibrato_depth_1_0st,critical_vibrato_depth,1 semitones,1.0,semitones,"{""base_hz"": 440.0, ""depth_semitones"": 1.0, ""rate_hz"": 5.5}",rubber_band,Rubber Band,local hybrid spectral/time-domain proxy,7,69.85262580075967,1.8999849269033282,415.0005177308627,0.1162220811848105,0.8312291007129017,0.34185319107218426,0.42976812432329875
critical_vibrato_depth_1_0st,critical_vibrato_depth,1 semitones,1.0,semitones,"{""base_hz"": 440.0, ""depth_semitones"": 1.0, ""rate_hz"": 5.5}",wsola,WSOLA,local waveform-similarity overlap-add,7,152.66569881681914,2.075595184065774,417.8790931664044,0.25469814488112574,0.9214699426552181,0.34489948337517196,0.5070225236371719
critical_vibrato_depth_1_0st,critical_vibrato_depth,1 semitones,1.0,semitones,"{""base_hz"": 440.0, ""depth_semitones"": 1.0, ""rate_hz"": 5.5}",phase_vocoder,Phase Vocoder,local phase vocoder,12,0.8342852035388799,0.6485521630945318,449.8498363244799,0.0008129098948944997,0.18815535282902335,0.3787329648954899,0.1892337425398026
critical_vibrato_depth_1_0st,critical_vibrato_depth,1 semitones,1.0,semitones,"{""base_hz"": 440.0, ""depth_semitones"": 1.0, ""rate_hz"": 5.5}",psola,PSOLA,local pitch-synchronous overlap-add,12,0.6365484297617491,0.45659152595960073,580.8716753458914,0.0004822639101070996,0.08951254121457679,0.5173886397845889,0.20246114830309092
critical_vibrato_depth_1_0st,critical_vibrato_depth,1 semitones,1.0,semitones,"{""base_hz"": 440.0, ""depth_semitones"": 1.0, ""rate_hz"": 5.5}",rubber_band,Rubber Band,local hybrid spectral/time-domain proxy,12,76.43042382316095,1.9066918276619462,616.5032827926851,0.1272211607353894,0.8346755757711405,0.5550962816160492,0.505664339374193
critical_vibrato_depth_1_0st,critical_vibrato_depth,1 semitones,1.0,semitones,"{""base_hz"": 440.0, ""depth_semitones"": 1.0, ""rate_hz"": 5.5}",wsola,WSOLA,local waveform-similarity overlap-add,12,53.313126338434955,1.8275155638271012,595.4399238891182,0.08856552047964382,0.7939892694826982,0.5328056904747653,0.4717868268123691
critical_vibrato_depth_1_25st,critical_vibrato_depth,1.25 semitones,1.25,semitones,"{""base_hz"": 440.0, ""depth_semitones"": 1.25, ""rate_hz"": 5.5}",phase_vocoder,Phase Vocoder,local phase vocoder,-12,0.7310020826427457,0.5607945782705591,213.51892722827566,0.0006402047952395966,0.14305936316815815,0.12863250879875113,0.0907773589207163
critical_vibrato_depth_1_25st,critical_vibrato_depth,1.25 semitones,1.25,semitones,"{""base_hz"": 440.0, ""depth_semitones"": 1.25, ""rate_hz"": 5.5}",psola,PSOLA,local pitch-synchronous overlap-add,-12,0.7380495229382965,0.577528131164721,445.4176675200403,0.0006519891881587366,0.15165823390757402,0.3740425609033619,0.17545092799969822
critical_vibrato_depth_1_25st,critical_vibrato_depth,1.25 semitones,1.25,semitones,"{""base_hz"": 440.0, ""depth_semitones"": 1.25, ""rate_hz"": 5.5}",rubber_band,Rubber Band,local hybrid spectral/time-domain proxy,-12,333.3433521071143,1.9626348612373359,295.55418882106596,0.5568186835148724,0.8634230221459871,0.2154474599993161,0.5452297218867251
critical_vibrato_depth_1_25st,critical_vibrato_depth,1.25 semitones,1.25,semitones,"{""base_hz"": 440.0, ""depth_semitones"": 1.25, ""rate_hz"": 5.5}",wsola,WSOLA,local waveform-similarity overlap-add,-12,547.415393798505,2.07506788455859,295.7949793784584,0.9147797227714232,0.9211989792601811,0.21570227993995755,0.6838936606571874
critical_vibrato_depth_1_25st,critical_vibrato_depth,1.25 semitones,1.25,semitones,"{""base_hz"": 440.0, ""depth_semitones"": 1.25, ""rate_hz"": 5.5}",phase_vocoder,Phase Vocoder,local phase vocoder,3,0.7615462960371114,0.5111605926168733,96.07799359747976,0.0006912793694041347,0.11755394721629712,0.0043490150407159405,0.040864747208805736
critical_vibrato_depth_1_25st,critical_vibrato_depth,1.25 semitones,1.25,semitones,"{""base_hz"": 440.0, ""depth_semitones"": 1.25, ""rate_hz"": 5.5}",psola,PSOLA,local pitch-synchronous overlap-add,3,0.6943861753794299,0.6410905035086905,891.0195443461331,0.0005789774247070479,0.18432102985613227,0.8456069155532319,0.3435023076113571
critical_vibrato_depth_1_25st,critical_vibrato_depth,1.25 semitones,1.25,semitones,"{""base_hz"": 440.0, ""depth_semitones"": 1.25, ""rate_hz"": 5.5}",rubber_band,Rubber Band,local hybrid spectral/time-domain proxy,3,61.56801845445365,1.8404007205433512,299.5490664806901,0.10236895663811531,0.8006105648980195,0.21967509458399057,0.37421820537337513
critical_vibrato_depth_1_25st,critical_vibrato_depth,1.25 semitones,1.25,semitones,"{""base_hz"": 440.0, ""depth_semitones"": 1.25, ""rate_hz"": 5.5}",wsola,WSOLA,local waveform-similarity overlap-add,3,350.24698059521796,2.1603847722652856,288.6607196018694,0.5850841233780153,0.9650407679059796,0.20815235077131383,0.5860924140184363
critical_vibrato_depth_1_25st,critical_vibrato_depth,1.25 semitones,1.25,semitones,"{""base_hz"": 440.0, ""depth_semitones"": 1.25, ""rate_hz"": 5.5}",phase_vocoder,Phase Vocoder,local phase vocoder,7,0.7698105201068665,0.6293429695687854,238.68514098476464,0.0007050984100097417,0.17828432465102384,0.1552650028842529,0.11141814198176216
critical_vibrato_depth_1_25st,critical_vibrato_depth,1.25 semitones,1.25,semitones,"{""base_hz"": 440.0, ""depth_semitones"": 1.25, ""rate_hz"": 5.5}",psola,PSOLA,local pitch-synchronous overlap-add,7,0.6486822837651665,0.5549851111846166,297.6621720198438,0.000502553560987863,0.14007405234666848,0.217678262400385,0.11941828943601378
critical_vibrato_depth_1_25st,critical_vibrato_depth,1.25 semitones,1.25,semitones,"{""base_hz"": 440.0, ""depth_semitones"": 1.25, ""rate_hz"": 5.5}",rubber_band,Rubber Band,local hybrid spectral/time-domain proxy,7,68.18647097963127,1.9066795935996639,421.28174925567623,0.11343601670567015,0.8346692890536186,0.3485003912848555,0.43220189901471473
critical_vibrato_depth_1_25st,critical_vibrato_depth,1.25 semitones,1.25,semitones,"{""base_hz"": 440.0, ""depth_semitones"": 1.25, ""rate_hz"": 5.5}",wsola,WSOLA,local waveform-similarity overlap-add,7,247.4077030282358,2.138734741716169,416.3998777562057,0.4131211973302543,0.9539154668193699,0.3433340831904444,0.5701235824466896
critical_vibrato_depth_1_25st,critical_vibrato_depth,1.25 semitones,1.25,semitones,"{""base_hz"": 440.0, ""depth_semitones"": 1.25, ""rate_hz"": 5.5}",phase_vocoder,Phase Vocoder,local phase vocoder,12,0.8214335243540883,0.6738379232411834,449.226993408663,0.0007914199310447981,0.2011489462651662,0.3780738327577677,0.19333806631799288
critical_vibrato_depth_1_25st,critical_vibrato_depth,1.25 semitones,1.25,semitones,"{""base_hz"": 440.0, ""depth_semitones"": 1.25, ""rate_hz"": 5.5}",psola,PSOLA,local pitch-synchronous overlap-add,12,0.6364097733042718,0.49087565936097455,598.2463734588786,0.000482032055404234,0.10713012866871256,0.5357756545818465,0.21446260510198778
critical_vibrato_depth_1_25st,critical_vibrato_depth,1.25 semitones,1.25,semitones,"{""base_hz"": 440.0, ""depth_semitones"": 1.25, ""rate_hz"": 5.5}",rubber_band,Rubber Band,local hybrid spectral/time-domain proxy,12,78.28116106036354,1.9035026574894716,611.0581594719325,0.13031587511091208,0.8330367569110598,0.5493339044846312,0.504228845502201
critical_vibrato_depth_1_25st,critical_vibrato_depth,1.25 semitones,1.25,semitones,"{""base_hz"": 440.0, ""depth_semitones"": 1.25, ""rate_hz"": 5.5}",wsola,WSOLA,local waveform-similarity overlap-add,12,92.198878857136,1.9825215209987344,614.9451399386418,0.15358841778976495,0.873642179895007,0.5534473553712749,0.5268926510186823
critical_vibrato_depth_1_5st,critical_vibrato_depth,1.5 semitones,1.5,semitones,"{""base_hz"": 440.0, ""depth_semitones"": 1.5, ""rate_hz"": 5.5}",phase_vocoder,Phase Vocoder,local phase vocoder,-12,0.7462306478004794,0.5853930847753223,213.86461673636637,0.0006656692742401148,0.1556997975788884,0.1289983395060927,0.09512126878640707
critical_vibrato_depth_1_5st,critical_vibrato_depth,1.5 semitones,1.5,semitones,"{""base_hz"": 440.0, ""depth_semitones"": 1.5, ""rate_hz"": 5.5}",psola,PSOLA,local pitch-synchronous overlap-add,-12,0.7114378713403827,0.6068686862513214,448.0189928859779,0.000607490455923281,0.1667354647985948,0.3767954494821985,0.1813794682455722
critical_vibrato_depth_1_5st,critical_vibrato_depth,1.5 semitones,1.5,semitones,"{""base_hz"": 440.0, ""depth_semitones"": 1.5, ""rate_hz"": 5.5}",rubber_band,Rubber Band,local hybrid spectral/time-domain proxy,-12,176.14843073805886,1.898683414246566,298.1685188473886,0.2939648471403027,0.8305602924106842,0.21821411094002963,0.44757975016367224
critical_vibrato_depth_1_5st,critical_vibrato_depth,1.5 semitones,1.5,semitones,"{""base_hz"": 440.0, ""depth_semitones"": 1.5, ""rate_hz"": 5.5}",wsola,WSOLA,local waveform-similarity overlap-add,-12,406.626172494335,2.0528345428936894,297.78750996757304,0.6793587141428684,0.9097739320935121,0.21781090301863162,0.6023145164183374
critical_vibrato_depth_1_5st,critical_vibrato_depth,1.5 semitones,1.5,semitones,"{""base_hz"": 440.0, ""depth_semitones"": 1.5, ""rate_hz"": 5.5}",phase_vocoder,Phase Vocoder,local phase vocoder,3,0.7655064406769965,0.5139910424470517,93.83274798098941,0.0006979013340460337,0.11900843045593223,0.001972952785969343,0.04055976152531587
critical_vibrato_depth_1_5st,critical_vibrato_depth,1.5 semitones,1.5,semitones,"{""base_hz"": 440.0, ""depth_semitones"": 1.5, ""rate_hz"": 5.5}",psola,PSOLA,local pitch-synchronous overlap-add,3,0.6965629754090188,0.6528307078197373,906.5010267809059,0.0005826173657039607,0.19035396858489714,0.861990408651099,0.35097566486723336
critical_vibrato_depth_1_5st,critical_vibrato_depth,1.5 semitones,1.5,semitones,"{""base_hz"": 440.0, ""depth_semitones"": 1.5, ""rate_hz"": 5.5}",rubber_band,Rubber Band,local hybrid spectral/time-domain proxy,3,108.61195749251686,1.9403918009962537,283.78276011027873,0.18103358362879712,0.8519929808946257,0.2029901826133958,0.4120055823789395
critical_vibrato_depth_1_5st,critical_vibrato_depth,1.5 semitones,1.5,semitones,"{""base_hz"": 440.0, ""depth_semitones"": 1.5, ""rate_hz"": 5.5}",wsola,WSOLA,local waveform-similarity overlap-add,3,403.8287273486806,2.1769455670188522,286.1602816884247,0.6746809600387373,0.9735508634205788,0.20550622773567004,0.6179126837316621
critical_vibrato_depth_1_5st,critical_vibrato_depth,1.5 semitones,1.5,semitones,"{""base_hz"": 440.0, ""depth_semitones"": 1.5, ""rate_hz"": 5.5}",phase_vocoder,Phase Vocoder,local phase vocoder,7,0.7741178928943842,0.6623561846319407,238.99186815469864,0.0007123009929687438,0.1952488253052543,0.1555896011578817,0.11718357581870158
critical_vibrato_depth_1_5st,critical_vibrato_depth,1.5 semitones,1.5,semitones,"{""base_hz"": 440.0, ""depth_semitones"": 1.5, ""rate_hz"": 5.5}",psola,PSOLA,local pitch-synchronous overlap-add,7,0.6479421185288157,0.5661354465923986,284.6783934586167,0.0005013158920464528,0.14580387514515503,0.203937999002591,0.11674773001326415
critical_vibrato_depth_1_5st,critical_vibrato_depth,1.5 semitones,1.5,semitones,"{""base_hz"": 440.0, ""depth_semitones"": 1.5, ""rate_hz"": 5.5}",rubber_band,Rubber Band,local hybrid spectral/time-domain proxy,7,154.72105777177225,2.012306209066693,412.65583795343065,0.25813501791576954,0.8889476373988675,0.3393719012401469,0.49548485218492794
critical_vibrato_depth_1_5st,critical_vibrato_depth,1.5 semitones,1.5,semitones,"{""base_hz"": 440.0, ""depth_semitones"": 1.5, ""rate_hz"": 5.5}",wsola,WSOLA,local waveform-similarity overlap-add,7,89.4926708971802,1.9001210342687571,389.3985145798925,0.14906322614803416,0.8312990422040727,0.31475951682730896,0.4317072617264719
critical_vibrato_depth_1_5st,critical_vibrato_depth,1.5 semitones,1.5,semitones,"{""base_hz"": 440.0, ""depth_semitones"": 1.5, ""rate_hz"": 5.5}",phase_vocoder,Phase Vocoder,local phase vocoder,12,0.8229882964678666,0.7095958563161442,449.4230475547257,0.0007940197466828324,0.21952387514996666,0.37828130977183005,0.19953306822282654
critical_vibrato_depth_1_5st,critical_vibrato_depth,1.5 semitones,1.5,semitones,"{""base_hz"": 440.0, ""depth_semitones"": 1.5, ""rate_hz"": 5.5}",psola,PSOLA,local pitch-synchronous overlap-add,12,0.6364334097160413,0.5192861166989174,618.2891060084912,0.0004820715790825923,0.12172941023442792,0.5569861537554546,0.2263992118563217
critical_vibrato_depth_1_5st,critical_vibrato_depth,1.5 semitones,1.5,semitones,"{""base_hz"": 440.0, ""depth_semitones"": 1.5, ""rate_hz"": 5.5}",rubber_band,Rubber Band,local hybrid spectral/time-domain proxy,12,45.7979816252906,1.8447705930454834,610.6493936649613,0.07599905458140824,0.8028561112581514,0.5489013224108296,0.47591882941679636
critical_vibrato_depth_1_5st,critical_vibrato_depth,1.5 semitones,1.5,semitones,"{""base_hz"": 440.0, ""depth_semitones"": 1.5, ""rate_hz"": 5.5}",wsola,WSOLA,local waveform-similarity overlap-add,12,126.41643818946007,2.027994771338962,608.1140416565536,0.21080538551074882,0.8970095188128011,0.5462182510508728,0.5513443851248075
critical_vibrato_depth_2_0st,critical_vibrato_depth,2 semitones,2.0,semitones,"{""base_hz"": 440.0, ""depth_semitones"": 2.0, ""rate_hz"": 5.5}",phase_vocoder,Phase Vocoder,local phase vocoder,-12,0.7425809600332743,0.6237303512701983,214.96213636278256,0.0006595664407463602,0.17540016851487722,0.13015980484379036,0.10207317993313798
critical_vibrato_depth_2_0st,critical_vibrato_depth,2 semitones,2.0,semitones,"{""base_hz"": 440.0, ""depth_semitones"": 2.0, ""rate_hz"": 5.5}",psola,PSOLA,local pitch-synchronous overlap-add,-12,0.7470947564081258,0.6531684459163273,452.3664697331233,0.0006671141953647032,0.19052752205884987,0.3813962270381231,0.1908636210974459
critical_vibrato_depth_2_0st,critical_vibrato_depth,2 semitones,2.0,semitones,"{""base_hz"": 440.0, ""depth_semitones"": 2.0, ""rate_hz"": 5.5}",rubber_band,Rubber Band,local hybrid spectral/time-domain proxy,-12,163.80088965087043,1.874250304580372,292.8744550307764,0.27331787892852294,0.8180048504725363,0.21261159461999563,0.43464477467368495
critical_vibrato_depth_2_0st,critical_vibrato_depth,2 semitones,2.0,semitones,"{""base_hz"": 440.0, ""depth_semitones"": 2.0, ""rate_hz"": 5.5}",wsola,WSOLA,local waveform-similarity overlap-add,-12,275.3369907495264,1.9892270845827091,293.39343983699644,0.45982321773150353,0.8770879678193186,0.2131608174755218,0.516690667675448
critical_vibrato_depth_2_0st,critical_vibrato_depth,2 semitones,2.0,semitones,"{""base_hz"": 440.0, ""depth_semitones"": 2.0, ""rate_hz"": 5.5}",phase_vocoder,Phase Vocoder,local phase vocoder,3,0.76066494871368,0.5084779908099011,92.43059405631845,0.0006898056225227165,0.11617543863958443,0.000489103985069222,0.03911811608239212
critical_vibrato_depth_2_0st,critical_vibrato_depth,2 semitones,2.0,semitones,"{""base_hz"": 440.0, ""depth_semitones"": 2.0, ""rate_hz"": 5.5}",psola,PSOLA,local pitch-synchronous overlap-add,3,0.6981259217337823,0.6784696437364692,886.8404008616665,0.0005852308498670215,0.20352904845218958,0.8411842791086128,0.3484328528035565
critical_vibrato_depth_2_0st,critical_vibrato_depth,2 semitones,2.0,semitones,"{""base_hz"": 440.0, ""depth_semitones"": 2.0, ""rate_hz"": 5.5}",rubber_band,Rubber Band,local hybrid spectral/time-domain proxy,3,219.51783155199934,2.022292045483621,286.33723949687675,0.3664850868905848,0.8940790591069301,0.20569349578610405,0.48875254726120637
critical_vibrato_depth_2_0st,critical_vibrato_depth,2 semitones,2.0,semitones,"{""base_hz"": 440.0, ""depth_semitones"": 2.0, ""rate_hz"": 5.5}",wsola,WSOLA,local waveform-similarity overlap-add,3,231.46509217600908,2.0917416088018403,285.7746811558265,0.38646272523816816,0.9297671058510616,0.20509816063415226,0.5071093305744606
critical_vibrato_depth_2_0st,critical_vibrato_depth,2 semitones,2.0,semitones,"{""base_hz"": 440.0, ""depth_semitones"": 2.0, ""rate_hz"": 5.5}",phase_vocoder,Phase Vocoder,local phase vocoder,7,0.7693572939348033,0.7125938606964746,236.96617952968793,0.0007043405468610178,0.22106445964542415,0.1534458881287116,0.1250715627736656
critical_vibrato_depth_2_0st,critical_vibrato_depth,2 semitones,2.0,semitones,"{""base_hz"": 440.0, ""depth_semitones"": 2.0, ""rate_hz"": 5.5}",psola,PSOLA,local pitch-synchronous overlap-add,7,0.6538948284664299,0.6734309607468499,996.9776451565275,0.0005112697291698126,0.20093982045030206,0.957738542521401,0.3863965442336243
critical_vibrato_depth_2_0st,critical_vibrato_depth,2 semitones,2.0,semitones,"{""base_hz"": 440.0, ""depth_semitones"": 2.0, ""rate_hz"": 5.5}",rubber_band,Rubber Band,local hybrid spectral/time-domain proxy,7,78.55050415590614,1.9218805421962595,416.4418248053674,0.13076625776543918,0.8424806004305488,0.3433784742358958,0.4388751108106279
critical_vibrato_depth_2_0st,critical_vibrato_depth,2 semitones,2.0,semitones,"{""base_hz"": 440.0, ""depth_semitones"": 2.0, ""rate_hz"": 5.5}",wsola,WSOLA,local waveform-similarity overlap-add,7,217.9729937357592,2.1269810046256556,420.01778204822284,0.36390188291021003,0.9478755740012904,0.34716278049037946,0.55298007913396
critical_vibrato_depth_2_0st,critical_vibrato_depth,2 semitones,2.0,semitones,"{""base_hz"": 440.0, ""depth_semitones"": 2.0, ""rate_hz"": 5.5}",phase_vocoder,Phase Vocoder,local phase vocoder,12,0.7978195006783554,0.7671851928812169,448.4112718177732,0.0007519336889871829,0.2491173072336305,0.37721058409211616,0.2090266083382446
critical_vibrato_depth_2_0st,critical_vibrato_depth,2 semitones,2.0,semitones,"{""base_hz"": 440.0, ""depth_semitones"": 2.0, ""rate_hz"": 5.5}",psola,PSOLA,local pitch-synchronous overlap-add,12,0.6372580746933487,0.5709875313889324,573.1982798718137,0.00048345054445323604,0.14829721593452416,0.5092681628007837,0.21934960975992035
critical_vibrato_depth_2_0st,critical_vibrato_depth,2 semitones,2.0,semitones,"{""base_hz"": 440.0, ""depth_semitones"": 2.0, ""rate_hz"": 5.5}",rubber_band,Rubber Band,local hybrid spectral/time-domain proxy,12,76.86641231688509,1.9167785106246702,613.1244029603329,0.12795019986205114,0.8398588194931711,0.5515205352593873,0.5064431848715365
critical_vibrato_depth_2_0st,critical_vibrato_depth,2 semitones,2.0,semitones,"{""base_hz"": 440.0, ""depth_semitones"": 2.0, ""rate_hz"": 5.5}",wsola,WSOLA,local waveform-similarity overlap-add,12,132.32093923419183,2.0464633548906055,615.0566527125267,0.22067861002696348,0.9064999697472282,0.5535653653079179,0.5602479816940366
