case_id,sweep_family,case_label,ambiguity_amount,ambiguity_units,parameter_summary,algorithm,algorithm_label,implementation,shift_semitones,frame_index,time_seconds,observed_output_f0_hz,inferred_input_f0_hz,pitch_confidence
critical_beating_rate_0_5hz,critical_beating_rate,0.5 Hz,0.5,Hz beat rate,"{""beat_rate_hz"": 0.5, ""frequencies_hz"": ""440,440.5""}",input,Input,source signal,0,0,0.0,438.10788087060865,438.10788087060865,0.9480555486851605
critical_beating_rate_0_5hz,critical_beating_rate,0.5 Hz,0.5,Hz beat rate,"{""beat_rate_hz"": 0.5, ""frequencies_hz"": ""440,440.5""}",input,Input,source signal,0,1,0.023219954648526078,438.69326479914434,438.69326479914434,0.9612559879815398
critical_beating_rate_0_5hz,critical_beating_rate,0.5 Hz,0.5,Hz beat rate,"{""beat_rate_hz"": 0.5, ""frequencies_hz"": ""440,440.5""}",input,Input,source signal,0,2,0.046439909297052155,439.7231974801089,439.7231974801089,0.9854859617244421
critical_beating_rate_0_5hz,critical_beating_rate,0.5 Hz,0.5,Hz beat rate,"{""beat_rate_hz"": 0.5, ""frequencies_hz"": ""440,440.5""}",input,Input,source signal,0,3,0.06965986394557823,440.2238022248103,440.2238022248103,0.997742805172888
critical_beating_rate_0_5hz,critical_beating_rate,0.5 Hz,0.5,Hz beat rate,"{""beat_rate_hz"": 0.5, ""frequencies_hz"": ""440,440.5""}",input,Input,source signal,0,4,0.09287981859410431,440.27287384595775,440.27287384595775,0.9989577443256275
critical_beating_rate_0_5hz,critical_beating_rate,0.5 Hz,0.5,Hz beat rate,"{""beat_rate_hz"": 0.5, ""frequencies_hz"": ""440,440.5""}",input,Input,source signal,0,5,0.11609977324263039,440.27288342620653,440.27288342620653,0.9989573217469871
critical_beating_rate_0_5hz,critical_beating_rate,0.5 Hz,0.5,Hz beat rate,"{""beat_rate_hz"": 0.5, ""frequencies_hz"": ""440,440.5""}",input,Input,source signal,0,6,0.13931972789115646,440.27289414658026,440.27289414658026,0.998956836483988
critical_beating_rate_0_5hz,critical_beating_rate,0.5 Hz,0.5,Hz beat rate,"{""beat_rate_hz"": 0.5, ""frequencies_hz"": ""440,440.5""}",input,Input,source signal,0,7,0.16253968253968254,440.27290653036226,440.27290653036226,0.9989562788896387
critical_beating_rate_0_5hz,critical_beating_rate,0.5 Hz,0.5,Hz beat rate,"{""beat_rate_hz"": 0.5, ""frequencies_hz"": ""440,440.5""}",input,Input,source signal,0,8,0.18575963718820862,440.2729209960573,440.2729209960573,0.998955634844166
critical_beating_rate_0_5hz,critical_beating_rate,0.5 Hz,0.5,Hz beat rate,"{""beat_rate_hz"": 0.5, ""frequencies_hz"": ""440,440.5""}",input,Input,source signal,0,9,0.2089795918367347,440.27293745677923,440.27293745677923,0.9989548854085708
critical_beating_rate_0_5hz,critical_beating_rate,0.5 Hz,0.5,Hz beat rate,"{""beat_rate_hz"": 0.5, ""frequencies_hz"": ""440,440.5""}",input,Input,source signal,0,10,0.23219954648526078,440.2729572024471,440.2729572024471,0.9989540107899286
critical_beating_rate_0_5hz,critical_beating_rate,0.5 Hz,0.5,Hz beat rate,"{""beat_rate_hz"": 0.5, ""frequencies_hz"": ""440,440.5""}",input,Input,source signal,0,11,0.25541950113378686,440.27297987862903,440.27297987862903,0.998952978428806
critical_beating_rate_0_5hz,critical_beating_rate,0.5 Hz,0.5,Hz beat rate,"{""beat_rate_hz"": 0.5, ""frequencies_hz"": ""440,440.5""}",input,Input,source signal,0,12,0.2786394557823129,440.2730073953855,440.2730073953855,0.9989517547519291
critical_beating_rate_0_5hz,critical_beating_rate,0.5 Hz,0.5,Hz beat rate,"{""beat_rate_hz"": 0.5, ""frequencies_hz"": ""440,440.5""}",input,Input,source signal,0,13,0.301859410430839,440.2730398763239,440.2730398763239,0.9989502855213317
critical_beating_rate_0_5hz,critical_beating_rate,0.5 Hz,0.5,Hz beat rate,"{""beat_rate_hz"": 0.5, ""frequencies_hz"": ""440,440.5""}",input,Input,source signal,0,14,0.3250793650793651,440.27307958867254,440.27307958867254,0.9989485068860329
critical_beating_rate_0_5hz,critical_beating_rate,0.5 Hz,0.5,Hz beat rate,"{""beat_rate_hz"": 0.5, ""frequencies_hz"": ""440,440.5""}",input,Input,source signal,0,15,0.34829931972789113,440.273128173259,440.273128173259,0.9989463237335223
critical_beating_rate_0_5hz,critical_beating_rate,0.5 Hz,0.5,Hz beat rate,"{""beat_rate_hz"": 0.5, ""frequencies_hz"": ""440,440.5""}",input,Input,source signal,0,16,0.37151927437641724,440.27318852102485,440.27318852102485,0.9989436070892657
critical_beating_rate_0_5hz,critical_beating_rate,0.5 Hz,0.5,Hz beat rate,"{""beat_rate_hz"": 0.5, ""frequencies_hz"": ""440,440.5""}",input,Input,source signal,0,17,0.3947392290249433,440.2732652301599,440.2732652301599,0.9989401710750436
critical_beating_rate_0_5hz,critical_beating_rate,0.5 Hz,0.5,Hz beat rate,"{""beat_rate_hz"": 0.5, ""frequencies_hz"": ""440,440.5""}",input,Input,source signal,0,18,0.4179591836734694,440.2733636080827,440.2733636080827,0.9989357369958265
critical_beating_rate_0_5hz,critical_beating_rate,0.5 Hz,0.5,Hz beat rate,"{""beat_rate_hz"": 0.5, ""frequencies_hz"": ""440,440.5""}",input,Input,source signal,0,19,0.44117913832199546,440.2734941586049,440.2734941586049,0.9989298875132566
critical_beating_rate_0_5hz,critical_beating_rate,0.5 Hz,0.5,Hz beat rate,"{""beat_rate_hz"": 0.5, ""frequencies_hz"": ""440,440.5""}",input,Input,source signal,0,20,0.46439909297052157,440.2736705548278,440.2736705548278,0.998921947782306
critical_beating_rate_0_5hz,critical_beating_rate,0.5 Hz,0.5,Hz beat rate,"{""beat_rate_hz"": 0.5, ""frequencies_hz"": ""440,440.5""}",input,Input,source signal,0,21,0.4876190476190476,440.2739187089304,440.2739187089304,0.998910809962487
critical_beating_rate_0_5hz,critical_beating_rate,0.5 Hz,0.5,Hz beat rate,"{""beat_rate_hz"": 0.5, ""frequencies_hz"": ""440,440.5""}",input,Input,source signal,0,22,0.5108390022675737,440.27428146881596,440.27428146881596,0.9988945095298185
critical_beating_rate_0_5hz,critical_beating_rate,0.5 Hz,0.5,Hz beat rate,"{""beat_rate_hz"": 0.5, ""frequencies_hz"": ""440,440.5""}",input,Input,source signal,0,23,0.5340589569160997,440.2748414018671,440.2748414018671,0.9988693493108077
critical_beating_rate_0_5hz,critical_beating_rate,0.5 Hz,0.5,Hz beat rate,"{""beat_rate_hz"": 0.5, ""frequencies_hz"": ""440,440.5""}",input,Input,source signal,0,24,0.5572789115646258,440.2757690028003,440.2757690028003,0.9988277006165267
critical_beating_rate_0_5hz,critical_beating_rate,0.5 Hz,0.5,Hz beat rate,"{""beat_rate_hz"": 0.5, ""frequencies_hz"": ""440,440.5""}",input,Input,source signal,0,25,0.5804988662131519,440.27745582306966,440.27745582306966,0.9987519063545618
critical_beating_rate_0_5hz,critical_beating_rate,0.5 Hz,0.5,Hz beat rate,"{""beat_rate_hz"": 0.5, ""frequencies_hz"": ""440,440.5""}",input,Input,source signal,0,26,0.603718820861678,440.2809565494189,440.2809565494189,0.9985947554357635
critical_beating_rate_0_5hz,critical_beating_rate,0.5 Hz,0.5,Hz beat rate,"{""beat_rate_hz"": 0.5, ""frequencies_hz"": ""440,440.5""}",input,Input,source signal,0,27,0.626938775510204,440.28957827756506,440.28957827756506,0.9982077946379816
critical_beating_rate_0_5hz,critical_beating_rate,0.5 Hz,0.5,Hz beat rate,"{""beat_rate_hz"": 0.5, ""frequencies_hz"": ""440,440.5""}",input,Input,source signal,0,28,0.6501587301587302,440.31242209385374,440.31242209385374,0.997183997715196
critical_beating_rate_0_5hz,critical_beating_rate,0.5 Hz,0.5,Hz beat rate,"{""beat_rate_hz"": 0.5, ""frequencies_hz"": ""440,440.5""}",input,Input,source signal,0,29,0.6733786848072563,440.3247753518064,440.3247753518064,0.9966318007115567
critical_beating_rate_0_5hz,critical_beating_rate,0.5 Hz,0.5,Hz beat rate,"{""beat_rate_hz"": 0.5, ""frequencies_hz"": ""440,440.5""}",input,Input,source signal,0,30,0.6965986394557823,440.2968602547907,440.2968602547907,0.9978811512090283
critical_beating_rate_0_5hz,critical_beating_rate,0.5 Hz,0.5,Hz beat rate,"{""beat_rate_hz"": 0.5, ""frequencies_hz"": ""440,440.5""}",input,Input,source signal,0,31,0.7198185941043084,440.28362529548986,440.28362529548986,0.9984749443548364
critical_beating_rate_0_5hz,critical_beating_rate,0.5 Hz,0.5,Hz beat rate,"{""beat_rate_hz"": 0.5, ""frequencies_hz"": ""440,440.5""}",input,Input,source signal,0,32,0.7430385487528345,440.27861052389824,440.27861052389824,0.9987000775905908
critical_beating_rate_0_5hz,critical_beating_rate,0.5 Hz,0.5,Hz beat rate,"{""beat_rate_hz"": 0.5, ""frequencies_hz"": ""440,440.5""}",input,Input,source signal,0,33,0.7662585034013606,440.2763535161961,440.2763535161961,0.9988014207636939
critical_beating_rate_0_5hz,critical_beating_rate,0.5 Hz,0.5,Hz beat rate,"{""beat_rate_hz"": 0.5, ""frequencies_hz"": ""440,440.5""}",input,Input,source signal,0,34,0.7894784580498866,440.2751747607948,440.2751747607948,0.9988543933574018
critical_beating_rate_0_5hz,critical_beating_rate,0.5 Hz,0.5,Hz beat rate,"{""beat_rate_hz"": 0.5, ""frequencies_hz"": ""440,440.5""}",input,Input,source signal,0,35,0.8126984126984127,440.27448755846495,440.27448755846495,0.9988852408732118
critical_beating_rate_0_5hz,critical_beating_rate,0.5 Hz,0.5,Hz beat rate,"{""beat_rate_hz"": 0.5, ""frequencies_hz"": ""440,440.5""}",input,Input,source signal,0,36,0.8359183673469388,440.27405495244295,440.27405495244295,0.9989046913201935
critical_beating_rate_0_5hz,critical_beating_rate,0.5 Hz,0.5,Hz beat rate,"{""beat_rate_hz"": 0.5, ""frequencies_hz"": ""440,440.5""}",input,Input,source signal,0,37,0.8591383219954648,440.2737650804488,440.2737650804488,0.9989177059929929
critical_beating_rate_0_5hz,critical_beating_rate,0.5 Hz,0.5,Hz beat rate,"{""beat_rate_hz"": 0.5, ""frequencies_hz"": ""440,440.5""}",input,Input,source signal,0,38,0.8823582766439909,440.27356203298734,440.27356203298734,0.9989268281478365
critical_beating_rate_0_5hz,critical_beating_rate,0.5 Hz,0.5,Hz beat rate,"{""beat_rate_hz"": 0.5, ""frequencies_hz"": ""440,440.5""}",input,Input,source signal,0,39,0.905578231292517,440.2734145037843,440.2734145037843,0.9989334631252043
critical_beating_rate_0_5hz,critical_beating_rate,0.5 Hz,0.5,Hz beat rate,"{""beat_rate_hz"": 0.5, ""frequencies_hz"": ""440,440.5""}",input,Input,source signal,0,40,0.9287981859410431,440.2733036204908,440.2733036204908,0.9989384330601433
critical_beating_rate_0_5hz,critical_beating_rate,0.5 Hz,0.5,Hz beat rate,"{""beat_rate_hz"": 0.5, ""frequencies_hz"": ""440,440.5""}",input,Input,source signal,0,41,0.9520181405895691,440.2732189214688,440.2732189214688,0.9989422528086969
critical_beating_rate_0_5hz,critical_beating_rate,0.5 Hz,0.5,Hz beat rate,"{""beat_rate_hz"": 0.5, ""frequencies_hz"": ""440,440.5""}",input,Input,source signal,0,42,0.9752380952380952,440.27315197039024,440.27315197039024,0.9989452462988473
critical_beating_rate_0_5hz,critical_beating_rate,0.5 Hz,0.5,Hz beat rate,"{""beat_rate_hz"": 0.5, ""frequencies_hz"": ""440,440.5""}",input,Input,source signal,0,43,0.9984580498866213,440.27309902286265,440.27309902286265,0.9989476376304887
critical_beating_rate_0_5hz,critical_beating_rate,0.5 Hz,0.5,Hz beat rate,"{""beat_rate_hz"": 0.5, ""frequencies_hz"": ""440,440.5""}",input,Input,source signal,0,44,1.0216780045351475,440.27305572442367,440.27305572442367,0.9989495743165294
critical_beating_rate_0_5hz,critical_beating_rate,0.5 Hz,0.5,Hz beat rate,"{""beat_rate_hz"": 0.5, ""frequencies_hz"": ""440,440.5""}",input,Input,source signal,0,45,1.0448979591836736,440.2730204031114,440.2730204031114,0.9989511650454986
critical_beating_rate_0_5hz,critical_beating_rate,0.5 Hz,0.5,Hz beat rate,"{""beat_rate_hz"": 0.5, ""frequencies_hz"": ""440,440.5""}",input,Input,source signal,0,46,1.0681179138321995,440.2729910275855,440.2729910275855,0.9989524863529623
critical_beating_rate_0_5hz,critical_beating_rate,0.5 Hz,0.5,Hz beat rate,"{""beat_rate_hz"": 0.5, ""frequencies_hz"": ""440,440.5""}",input,Input,source signal,0,47,1.0913378684807256,440.27296623837213,440.27296623837213,0.9989535937366584
critical_beating_rate_0_5hz,critical_beating_rate,0.5 Hz,0.5,Hz beat rate,"{""beat_rate_hz"": 0.5, ""frequencies_hz"": ""440,440.5""}",input,Input,source signal,0,48,1.1145578231292517,440.272945578407,440.272945578407,0.9989545322412349
critical_beating_rate_0_5hz,critical_beating_rate,0.5 Hz,0.5,Hz beat rate,"{""beat_rate_hz"": 0.5, ""frequencies_hz"": ""440,440.5""}",input,Input,source signal,0,49,1.1377777777777778,440.27292752739083,440.27292752739083,0.9989553306124282
critical_beating_rate_0_5hz,critical_beating_rate,0.5 Hz,0.5,Hz beat rate,"{""beat_rate_hz"": 0.5, ""frequencies_hz"": ""440,440.5""}",input,Input,source signal,0,50,1.1609977324263039,440.2729125263758,440.2729125263758,0.998956017880706
critical_beating_rate_0_5hz,critical_beating_rate,0.5 Hz,0.5,Hz beat rate,"{""beat_rate_hz"": 0.5, ""frequencies_hz"": ""440,440.5""}",input,Input,source signal,0,51,1.18421768707483,440.2728990896647,440.2728990896647,0.9989566094824311
critical_beating_rate_0_5hz,critical_beating_rate,0.5 Hz,0.5,Hz beat rate,"{""beat_rate_hz"": 0.5, ""frequencies_hz"": ""440,440.5""}",input,Input,source signal,0,52,1.207437641723356,440.2728878386238,440.2728878386238,0.9989571243205216
critical_beating_rate_0_5hz,critical_beating_rate,0.5 Hz,0.5,Hz beat rate,"{""beat_rate_hz"": 0.5, ""frequencies_hz"": ""440,440.5""}",input,Input,source signal,0,53,1.230657596371882,440.2728777515956,440.2728777515956,0.9989575721737634
critical_beating_rate_0_5hz,critical_beating_rate,0.5 Hz,0.5,Hz beat rate,"{""beat_rate_hz"": 0.5, ""frequencies_hz"": ""440,440.5""}",input,Input,source signal,0,54,1.253877551020408,440.2728690429675,440.2728690429675,0.9989579641660103
critical_beating_rate_0_5hz,critical_beating_rate,0.5 Hz,0.5,Hz beat rate,"{""beat_rate_hz"": 0.5, ""frequencies_hz"": ""440,440.5""}",input,Input,source signal,0,55,1.2770975056689342,440.272861466637,440.272861466637,0.998958308542595
critical_beating_rate_0_5hz,critical_beating_rate,0.5 Hz,0.5,Hz beat rate,"{""beat_rate_hz"": 0.5, ""frequencies_hz"": ""440,440.5""}",input,Input,source signal,0,56,1.3003174603174603,440.27285457028626,440.27285457028626,0.9989586102920148
critical_beating_rate_0_5hz,critical_beating_rate,0.5 Hz,0.5,Hz beat rate,"{""beat_rate_hz"": 0.5, ""frequencies_hz"": ""440,440.5""}",input,Input,source signal,0,57,1.3235374149659864,440.2728488692401,440.2728488692401,0.9989588775876097
critical_beating_rate_0_5hz,critical_beating_rate,0.5 Hz,0.5,Hz beat rate,"{""beat_rate_hz"": 0.5, ""frequencies_hz"": ""440,440.5""}",input,Input,source signal,0,58,1.3467573696145125,440.27284338329855,440.27284338329855,0.9989591113408198
critical_beating_rate_0_5hz,critical_beating_rate,0.5 Hz,0.5,Hz beat rate,"{""beat_rate_hz"": 0.5, ""frequencies_hz"": ""440,440.5""}",input,Input,source signal,0,59,1.3699773242630386,440.2728390384493,440.2728390384493,0.9989593192143679
critical_beating_rate_0_5hz,critical_beating_rate,0.5 Hz,0.5,Hz beat rate,"{""beat_rate_hz"": 0.5, ""frequencies_hz"": ""440,440.5""}",input,Input,source signal,0,60,1.3931972789115645,440.2728347591791,440.2728347591791,0.9989595005202512
critical_beating_rate_0_5hz,critical_beating_rate,0.5 Hz,0.5,Hz beat rate,"{""beat_rate_hz"": 0.5, ""frequencies_hz"": ""440,440.5""}",input,Input,source signal,0,61,1.4164172335600906,440.27283136096537,440.27283136096537,0.9989596610671846
critical_beating_rate_0_5hz,critical_beating_rate,0.5 Hz,0.5,Hz beat rate,"{""beat_rate_hz"": 0.5, ""frequencies_hz"": ""440,440.5""}",input,Input,source signal,0,62,1.4396371882086167,440.27282816610233,440.27282816610233,0.9989598008374347
critical_beating_rate_0_5hz,critical_beating_rate,0.5 Hz,0.5,Hz beat rate,"{""beat_rate_hz"": 0.5, ""frequencies_hz"": ""440,440.5""}",input,Input,source signal,0,63,1.4628571428571429,440.27282543842864,440.27282543842864,0.9989599226090491
critical_beating_rate_0_5hz,critical_beating_rate,0.5 Hz,0.5,Hz beat rate,"{""beat_rate_hz"": 0.5, ""frequencies_hz"": ""440,440.5""}",input,Input,source signal,0,64,1.486077097505669,440.27282320127426,440.27282320127426,0.99896002835101
critical_beating_rate_0_5hz,critical_beating_rate,0.5 Hz,0.5,Hz beat rate,"{""beat_rate_hz"": 0.5, ""frequencies_hz"": ""440,440.5""}",input,Input,source signal,0,65,1.509297052154195,440.2728210147159,440.2728210147159,0.9989601175999513
critical_beating_rate_0_5hz,critical_beating_rate,0.5 Hz,0.5,Hz beat rate,"{""beat_rate_hz"": 0.5, ""frequencies_hz"": ""440,440.5""}",input,Input,source signal,0,66,1.5325170068027212,440.2728195668318,440.2728195668318,0.9989601942616214
critical_beating_rate_0_5hz,critical_beating_rate,0.5 Hz,0.5,Hz beat rate,"{""beat_rate_hz"": 0.5, ""frequencies_hz"": ""440,440.5""}",input,Input,source signal,0,67,1.555736961451247,440.2728179174709,440.2728179174709,0.9989602556230104
critical_beating_rate_0_5hz,critical_beating_rate,0.5 Hz,0.5,Hz beat rate,"{""beat_rate_hz"": 0.5, ""frequencies_hz"": ""440,440.5""}",input,Input,source signal,0,68,1.5789569160997732,440.2728170631723,440.2728170631723,0.9989603062692799
critical_beating_rate_0_5hz,critical_beating_rate,0.5 Hz,0.5,Hz beat rate,"{""beat_rate_hz"": 0.5, ""frequencies_hz"": ""440,440.5""}",input,Input,source signal,0,69,1.6021768707482993,440.2728160170533,440.2728160170533,0.9989603430442136
critical_beating_rate_0_5hz,critical_beating_rate,0.5 Hz,0.5,Hz beat rate,"{""beat_rate_hz"": 0.5, ""frequencies_hz"": ""440,440.5""}",input,Input,source signal,0,70,1.6253968253968254,440.27281558341156,440.27281558341156,0.9989603694262273
critical_beating_rate_0_5hz,critical_beating_rate,0.5 Hz,0.5,Hz beat rate,"{""beat_rate_hz"": 0.5, ""frequencies_hz"": ""440,440.5""}",input,Input,source signal,0,71,1.6486167800453515,440.272815207123,440.272815207123,0.9989603836344976
critical_beating_rate_0_5hz,critical_beating_rate,0.5 Hz,0.5,Hz beat rate,"{""beat_rate_hz"": 0.5, ""frequencies_hz"": ""440,440.5""}",input,Input,source signal,0,72,1.6718367346938776,440.27281509972664,440.27281509972664,0.9989603866181171
critical_beating_rate_0_5hz,critical_beating_rate,0.5 Hz,0.5,Hz beat rate,"{""beat_rate_hz"": 0.5, ""frequencies_hz"": ""440,440.5""}",input,Input,source signal,0,73,1.6950566893424037,440.2728154066597,440.2728154066597,0.9989603789758823
critical_beating_rate_0_5hz,critical_beating_rate,0.5 Hz,0.5,Hz beat rate,"{""beat_rate_hz"": 0.5, ""frequencies_hz"": ""440,440.5""}",input,Input,source signal,0,74,1.7182766439909296,440.27281564110996,440.27281564110996,0.9989603587647377
critical_beating_rate_0_5hz,critical_beating_rate,0.5 Hz,0.5,Hz beat rate,"{""beat_rate_hz"": 0.5, ""frequencies_hz"": ""440,440.5""}",input,Input,source signal,0,75,1.7414965986394557,440.27281657702946,440.27281657702946,0.9989603286960623
critical_beating_rate_0_5hz,critical_beating_rate,0.5 Hz,0.5,Hz beat rate,"{""beat_rate_hz"": 0.5, ""frequencies_hz"": ""440,440.5""}",input,Input,source signal,0,76,1.7647165532879818,440.2728172695468,440.2728172695468,0.9989602848107721
critical_beating_rate_0_5hz,critical_beating_rate,0.5 Hz,0.5,Hz beat rate,"{""beat_rate_hz"": 0.5, ""frequencies_hz"": ""440,440.5""}",input,Input,source signal,0,77,1.787936507936508,440.27281874355435,440.27281874355435,0.9989602305233776
critical_beating_rate_0_5hz,critical_beating_rate,0.5 Hz,0.5,Hz beat rate,"{""beat_rate_hz"": 0.5, ""frequencies_hz"": ""440,440.5""}",input,Input,source signal,0,78,1.811156462585034,440.27282006508995,440.27282006508995,0.9989601615544774
critical_beating_rate_0_5hz,critical_beating_rate,0.5 Hz,0.5,Hz beat rate,"{""beat_rate_hz"": 0.5, ""frequencies_hz"": ""440,440.5""}",input,Input,source signal,0,79,1.8343764172335602,440.2728220114879,440.2728220114879,0.9989600801241092
critical_beating_rate_0_5hz,critical_beating_rate,0.5 Hz,0.5,Hz beat rate,"{""beat_rate_hz"": 0.5, ""frequencies_hz"": ""440,440.5""}",input,Input,source signal,0,80,1.8575963718820863,440.27282412860274,440.27282412860274,0.9989599833254993
critical_beating_rate_0_5hz,critical_beating_rate,0.5 Hz,0.5,Hz beat rate,"{""beat_rate_hz"": 0.5, ""frequencies_hz"": ""440,440.5""}",input,Input,source signal,0,81,1.8808163265306121,440.27282657158713,440.27282657158713,0.9989598706694527
critical_beating_rate_0_5hz,critical_beating_rate,0.5 Hz,0.5,Hz beat rate,"{""beat_rate_hz"": 0.5, ""frequencies_hz"": ""440,440.5""}",input,Input,source signal,0,82,1.9040362811791383,440.2728296053456,440.2728296053456,0.9989597414683925
critical_beating_rate_0_5hz,critical_beating_rate,0.5 Hz,0.5,Hz beat rate,"{""beat_rate_hz"": 0.5, ""frequencies_hz"": ""440,440.5""}",input,Input,source signal,0,83,1.9272562358276644,440.29094427149056,440.29094427149056,0.9983457892281061
critical_beating_rate_0_5hz,critical_beating_rate,0.5 Hz,0.5,Hz beat rate,"{""beat_rate_hz"": 0.5, ""frequencies_hz"": ""440,440.5""}",input,Input,source signal,0,84,1.9504761904761905,440.5785804436221,440.5785804436221,0.9887305465720444
critical_beating_rate_0_5hz,critical_beating_rate,0.5 Hz,0.5,Hz beat rate,"{""beat_rate_hz"": 0.5, ""frequencies_hz"": ""440,440.5""}",input,Input,source signal,0,85,1.9736961451247166,441.34176519749326,441.34176519749326,0.9640447004987235
critical_beating_rate_0_5hz,critical_beating_rate,0.5 Hz,0.5,Hz beat rate,"{""beat_rate_hz"": 0.5, ""frequencies_hz"": ""440,440.5""}",input,Input,source signal,0,86,1.9969160997732427,441.9282583258934,441.9282583258934,0.9458383094607085
critical_beating_rate_0_5hz,critical_beating_rate,0.5 Hz,0.5,Hz beat rate,"{""beat_rate_hz"": 0.5, ""frequencies_hz"": ""440,440.5""}",psola,PSOLA,local pitch-synchronous overlap-add,-12,0,0.0,440.84268956594553,881.6853791318911,0.964759535526456
critical_beating_rate_0_5hz,critical_beating_rate,0.5 Hz,0.5,Hz beat rate,"{""beat_rate_hz"": 0.5, ""frequencies_hz"": ""440,440.5""}",psola,PSOLA,local pitch-synchronous overlap-add,-12,1,0.023219954648526078,440.8426111241365,881.685222248273,0.9740729937381923
critical_beating_rate_0_5hz,critical_beating_rate,0.5 Hz,0.5,Hz beat rate,"{""beat_rate_hz"": 0.5, ""frequencies_hz"": ""440,440.5""}",psola,PSOLA,local pitch-synchronous overlap-add,-12,2,0.046439909297052155,440.842510028015,881.68502005603,0.990397129738905
critical_beating_rate_0_5hz,critical_beating_rate,0.5 Hz,0.5,Hz beat rate,"{""beat_rate_hz"": 0.5, ""frequencies_hz"": ""440,440.5""}",psola,PSOLA,local pitch-synchronous overlap-add,-12,3,0.06965986394557823,440.84252676111606,881.6850535222321,0.9982308645346636
critical_beating_rate_0_5hz,critical_beating_rate,0.5 Hz,0.5,Hz beat rate,"{""beat_rate_hz"": 0.5, ""frequencies_hz"": ""440,440.5""}",psola,PSOLA,local pitch-synchronous overlap-add,-12,4,0.09287981859410431,440.8425670333242,881.6851340666484,0.9989907509732495
critical_beating_rate_0_5hz,critical_beating_rate,0.5 Hz,0.5,Hz beat rate,"{""beat_rate_hz"": 0.5, ""frequencies_hz"": ""440,440.5""}",psola,PSOLA,local pitch-synchronous overlap-add,-12,5,0.11609977324263039,440.8425641787089,881.6851283574179,0.9989906523986499
critical_beating_rate_0_5hz,critical_beating_rate,0.5 Hz,0.5,Hz beat rate,"{""beat_rate_hz"": 0.5, ""frequencies_hz"": ""440,440.5""}",psola,PSOLA,local pitch-synchronous overlap-add,-12,6,0.13931972789115646,440.84256190937106,881.6851238187421,0.9989905445333318
critical_beating_rate_0_5hz,critical_beating_rate,0.5 Hz,0.5,Hz beat rate,"{""beat_rate_hz"": 0.5, ""frequencies_hz"": ""440,440.5""}",psola,PSOLA,local pitch-synchronous overlap-add,-12,7,0.16253968253968254,440.84255960359263,881.6851192071853,0.9989904330004963
critical_beating_rate_0_5hz,critical_beating_rate,0.5 Hz,0.5,Hz beat rate,"{""beat_rate_hz"": 0.5, ""frequencies_hz"": ""440,440.5""}",psola,PSOLA,local pitch-synchronous overlap-add,-12,8,0.18575963718820862,440.84255775216104,881.6851155043221,0.9989903152000235
critical_beating_rate_0_5hz,critical_beating_rate,0.5 Hz,0.5,Hz beat rate,"{""beat_rate_hz"": 0.5, ""frequencies_hz"": ""440,440.5""}",psola,PSOLA,local pitch-synchronous overlap-add,-12,9,0.2089795918367347,440.84255609748857,881.6851121949771,0.9989901868475765
critical_beating_rate_0_5hz,critical_beating_rate,0.5 Hz,0.5,Hz beat rate,"{""beat_rate_hz"": 0.5, ""frequencies_hz"": ""440,440.5""}",psola,PSOLA,local pitch-synchronous overlap-add,-12,10,0.23219954648526078,440.84255460608347,881.6851092121669,0.9989900463207582
critical_beating_rate_0_5hz,critical_beating_rate,0.5 Hz,0.5,Hz beat rate,"{""beat_rate_hz"": 0.5, ""frequencies_hz"": ""440,440.5""}",psola,PSOLA,local pitch-synchronous overlap-add,-12,11,0.25541950113378686,440.8425536104661,881.6851072209322,0.9989898995236439
critical_beating_rate_0_5hz,critical_beating_rate,0.5 Hz,0.5,Hz beat rate,"{""beat_rate_hz"": 0.5, ""frequencies_hz"": ""440,440.5""}",psola,PSOLA,local pitch-synchronous overlap-add,-12,12,0.2786394557823129,440.8425526062246,881.6851052124492,0.998989744359676
critical_beating_rate_0_5hz,critical_beating_rate,0.5 Hz,0.5,Hz beat rate,"{""beat_rate_hz"": 0.5, ""frequencies_hz"": ""440,440.5""}",psola,PSOLA,local pitch-synchronous overlap-add,-12,13,0.301859410430839,440.8425522142178,881.6851044284356,0.998989575384837
critical_beating_rate_0_5hz,critical_beating_rate,0.5 Hz,0.5,Hz beat rate,"{""beat_rate_hz"": 0.5, ""frequencies_hz"": ""440,440.5""}",psola,PSOLA,local pitch-synchronous overlap-add,-12,14,0.3250793650793651,440.8425517473156,881.6851034946312,0.9989893910739004
critical_beating_rate_0_5hz,critical_beating_rate,0.5 Hz,0.5,Hz beat rate,"{""beat_rate_hz"": 0.5, ""frequencies_hz"": ""440,440.5""}",psola,PSOLA,local pitch-synchronous overlap-add,-12,15,0.34829931972789113,440.84255189833533,881.6851037966707,0.9989891946286827
critical_beating_rate_0_5hz,critical_beating_rate,0.5 Hz,0.5,Hz beat rate,"{""beat_rate_hz"": 0.5, ""frequencies_hz"": ""440,440.5""}",psola,PSOLA,local pitch-synchronous overlap-add,-12,16,0.37151927437641724,440.84255213650766,881.6851042730153,0.9989889870171501
critical_beating_rate_0_5hz,critical_beating_rate,0.5 Hz,0.5,Hz beat rate,"{""beat_rate_hz"": 0.5, ""frequencies_hz"": ""440,440.5""}",psola,PSOLA,local pitch-synchronous overlap-add,-12,17,0.3947392290249433,440.8425527678704,881.6851055357408,0.9989887602618276
critical_beating_rate_0_5hz,critical_beating_rate,0.5 Hz,0.5,Hz beat rate,"{""beat_rate_hz"": 0.5, ""frequencies_hz"": ""440,440.5""}",psola,PSOLA,local pitch-synchronous overlap-add,-12,18,0.4179591836734694,440.8425537871123,881.6851075742246,0.9989885132386924
critical_beating_rate_0_5hz,critical_beating_rate,0.5 Hz,0.5,Hz beat rate,"{""beat_rate_hz"": 0.5, ""frequencies_hz"": ""440,440.5""}",psola,PSOLA,local pitch-synchronous overlap-add,-12,19,0.44117913832199546,440.84255495898105,881.6851099179621,0.9989882462507836
critical_beating_rate_0_5hz,critical_beating_rate,0.5 Hz,0.5,Hz beat rate,"{""beat_rate_hz"": 0.5, ""frequencies_hz"": ""440,440.5""}",psola,PSOLA,local pitch-synchronous overlap-add,-12,20,0.46439909297052157,440.8425567422359,881.6851134844718,0.9989879611001183
critical_beating_rate_0_5hz,critical_beating_rate,0.5 Hz,0.5,Hz beat rate,"{""beat_rate_hz"": 0.5, ""frequencies_hz"": ""440,440.5""}",psola,PSOLA,local pitch-synchronous overlap-add,-12,21,0.4876190476190476,440.84255854908116,881.6851170981623,0.9989876503171777
critical_beating_rate_0_5hz,critical_beating_rate,0.5 Hz,0.5,Hz beat rate,"{""beat_rate_hz"": 0.5, ""frequencies_hz"": ""440,440.5""}",psola,PSOLA,local pitch-synchronous overlap-add,-12,22,0.5108390022675737,440.8425611133137,881.6851222266274,0.9989873085389076
critical_beating_rate_0_5hz,critical_beating_rate,0.5 Hz,0.5,Hz beat rate,"{""beat_rate_hz"": 0.5, ""frequencies_hz"": ""440,440.5""}",psola,PSOLA,local pitch-synchronous overlap-add,-12,23,0.5340589569160997,440.84256373442975,881.6851274688595,0.9989869368414634
critical_beating_rate_0_5hz,critical_beating_rate,0.5 Hz,0.5,Hz beat rate,"{""beat_rate_hz"": 0.5, ""frequencies_hz"": ""440,440.5""}",psola,PSOLA,local pitch-synchronous overlap-add,-12,24,0.5572789115646258,440.842567016067,881.685134032134,0.9989865331196656
critical_beating_rate_0_5hz,critical_beating_rate,0.5 Hz,0.5,Hz beat rate,"{""beat_rate_hz"": 0.5, ""frequencies_hz"": ""440,440.5""}",psola,PSOLA,local pitch-synchronous overlap-add,-12,25,0.5804988662131519,440.84257064174113,881.6851412834823,0.9989860927127628
critical_beating_rate_0_5hz,critical_beating_rate,0.5 Hz,0.5,Hz beat rate,"{""beat_rate_hz"": 0.5, ""frequencies_hz"": ""440,440.5""}",psola,PSOLA,local pitch-synchronous overlap-add,-12,26,0.603718820861678,440.84257470734894,881.6851494146979,0.9989856031967838
critical_beating_rate_0_5hz,critical_beating_rate,0.5 Hz,0.5,Hz beat rate,"{""beat_rate_hz"": 0.5, ""frequencies_hz"": ""440,440.5""}",psola,PSOLA,local pitch-synchronous overlap-add,-12,27,0.626938775510204,440.8425794346514,881.6851588693028,0.9989850651546422
critical_beating_rate_0_5hz,critical_beating_rate,0.5 Hz,0.5,Hz beat rate,"{""beat_rate_hz"": 0.5, ""frequencies_hz"": ""440,440.5""}",psola,PSOLA,local pitch-synchronous overlap-add,-12,28,0.6501587301587302,440.8425844708062,881.6851689416123,0.9989844728948715
critical_beating_rate_0_5hz,critical_beating_rate,0.5 Hz,0.5,Hz beat rate,"{""beat_rate_hz"": 0.5, ""frequencies_hz"": ""440,440.5""}",psola,PSOLA,local pitch-synchronous overlap-add,-12,29,0.6733786848072563,440.84259048068077,881.6851809613615,0.998983818792691
critical_beating_rate_0_5hz,critical_beating_rate,0.5 Hz,0.5,Hz beat rate,"{""beat_rate_hz"": 0.5, ""frequencies_hz"": ""440,440.5""}",psola,PSOLA,local pitch-synchronous overlap-add,-12,30,0.6965986394557823,440.84259674209517,881.6851934841903,0.998983086627286
critical_beating_rate_0_5hz,critical_beating_rate,0.5 Hz,0.5,Hz beat rate,"{""beat_rate_hz"": 0.5, ""frequencies_hz"": ""440,440.5""}",psola,PSOLA,local pitch-synchronous overlap-add,-12,31,0.7198185941043084,440.84260412488794,881.6852082497759,0.9989822674312285
critical_beating_rate_0_5hz,critical_beating_rate,0.5 Hz,0.5,Hz beat rate,"{""beat_rate_hz"": 0.5, ""frequencies_hz"": ""440,440.5""}",psola,PSOLA,local pitch-synchronous overlap-add,-12,32,0.7430385487528345,440.84261206291467,881.6852241258293,0.998981353532821
critical_beating_rate_0_5hz,critical_beating_rate,0.5 Hz,0.5,Hz beat rate,"{""beat_rate_hz"": 0.5, ""frequencies_hz"": ""440,440.5""}",psola,PSOLA,local pitch-synchronous overlap-add,-12,33,0.7662585034013606,440.8426211227839,881.6852422455678,0.9989803247561594
critical_beating_rate_0_5hz,critical_beating_rate,0.5 Hz,0.5,Hz beat rate,"{""beat_rate_hz"": 0.5, ""frequencies_hz"": ""440,440.5""}",psola,PSOLA,local pitch-synchronous overlap-add,-12,34,0.7894784580498866,440.84263121159563,881.6852624231913,0.9989791593019804
critical_beating_rate_0_5hz,critical_beating_rate,0.5 Hz,0.5,Hz beat rate,"{""beat_rate_hz"": 0.5, ""frequencies_hz"": ""440,440.5""}",psola,PSOLA,local pitch-synchronous overlap-add,-12,35,0.8126984126984127,440.8426424685281,881.6852849370562,0.9989778293968168
critical_beating_rate_0_5hz,critical_beating_rate,0.5 Hz,0.5,Hz beat rate,"{""beat_rate_hz"": 0.5, ""frequencies_hz"": ""440,440.5""}",psola,PSOLA,local pitch-synchronous overlap-add,-12,36,0.8359183673469388,440.8426553809468,881.6853107618936,0.9989763129640035
critical_beating_rate_0_5hz,critical_beating_rate,0.5 Hz,0.5,Hz beat rate,"{""beat_rate_hz"": 0.5, ""frequencies_hz"": ""440,440.5""}",psola,PSOLA,local pitch-synchronous overlap-add,-12,37,0.8591383219954648,440.84266966470864,881.6853393294173,0.9989745687275158
critical_beating_rate_0_5hz,critical_beating_rate,0.5 Hz,0.5,Hz beat rate,"{""beat_rate_hz"": 0.5, ""frequencies_hz"": ""440,440.5""}",psola,PSOLA,local pitch-synchronous overlap-add,-12,38,0.8823582766439909,440.8426863735985,881.685372747197,0.9989725457444922
critical_beating_rate_0_5hz,critical_beating_rate,0.5 Hz,0.5,Hz beat rate,"{""beat_rate_hz"": 0.5, ""frequencies_hz"": ""440,440.5""}",psola,PSOLA,local pitch-synchronous overlap-add,-12,39,0.905578231292517,440.84270515069454,881.6854103013891,0.9989701808050689
critical_beating_rate_0_5hz,critical_beating_rate,0.5 Hz,0.5,Hz beat rate,"{""beat_rate_hz"": 0.5, ""frequencies_hz"": ""440,440.5""}",psola,PSOLA,local pitch-synchronous overlap-add,-12,40,0.9287981859410431,440.8427272188117,881.6854544376234,0.9989673944105766
critical_beating_rate_0_5hz,critical_beating_rate,0.5 Hz,0.5,Hz beat rate,"{""beat_rate_hz"": 0.5, ""frequencies_hz"": ""440,440.5""}",psola,PSOLA,local pitch-synchronous overlap-add,-12,41,0.9520181405895691,440.8427528580438,881.6855057160876,0.9989640565996252
critical_beating_rate_0_5hz,critical_beating_rate,0.5 Hz,0.5,Hz beat rate,"{""beat_rate_hz"": 0.5, ""frequencies_hz"": ""440,440.5""}",psola,PSOLA,local pitch-synchronous overlap-add,-12,42,0.9752380952380952,440.84278290832475,881.6855658166495,0.9989599858993223
critical_beating_rate_0_5hz,critical_beating_rate,0.5 Hz,0.5,Hz beat rate,"{""beat_rate_hz"": 0.5, ""frequencies_hz"": ""440,440.5""}",psola,PSOLA,local pitch-synchronous overlap-add,-12,43,0.9984580498866213,440.84281695197365,881.6856339039473,0.9989550569641926
critical_beating_rate_0_5hz,critical_beating_rate,0.5 Hz,0.5,Hz beat rate,"{""beat_rate_hz"": 0.5, ""frequencies_hz"": ""440,440.5""}",psola,PSOLA,local pitch-synchronous overlap-add,-12,44,1.0216780045351475,440.8428550962408,881.6857101924816,0.9989491087923889
critical_beating_rate_0_5hz,critical_beating_rate,0.5 Hz,0.5,Hz beat rate,"{""beat_rate_hz"": 0.5, ""frequencies_hz"": ""440,440.5""}",psola,PSOLA,local pitch-synchronous overlap-add,-12,45,1.0448979591836736,440.84290093439535,881.6858018687907,0.9989417641326378
critical_beating_rate_0_5hz,critical_beating_rate,0.5 Hz,0.5,Hz beat rate,"{""beat_rate_hz"": 0.5, ""frequencies_hz"": ""440,440.5""}",psola,PSOLA,local pitch-synchronous overlap-add,-12,46,1.0681179138321995,440.8429592946877,881.6859185893754,0.998932363143062
critical_beating_rate_0_5hz,critical_beating_rate,0.5 Hz,0.5,Hz beat rate,"{""beat_rate_hz"": 0.5, ""frequencies_hz"": ""440,440.5""}",psola,PSOLA,local pitch-synchronous overlap-add,-12,47,1.0913378684807256,440.8430372037677,881.6860744075354,0.9989200633325478
critical_beating_rate_0_5hz,critical_beating_rate,0.5 Hz,0.5,Hz beat rate,"{""beat_rate_hz"": 0.5, ""frequencies_hz"": ""440,440.5""}",psola,PSOLA,local pitch-synchronous overlap-add,-12,48,1.1145578231292517,440.8431420957973,881.6862841915946,0.9989036661183353
critical_beating_rate_0_5hz,critical_beating_rate,0.5 Hz,0.5,Hz beat rate,"{""beat_rate_hz"": 0.5, ""frequencies_hz"": ""440,440.5""}",psola,PSOLA,local pitch-synchronous overlap-add,-12,49,1.1377777777777778,440.8432879320319,881.6865758640638,0.9988811549109944
critical_beating_rate_0_5hz,critical_beating_rate,0.5 Hz,0.5,Hz beat rate,"{""beat_rate_hz"": 0.5, ""frequencies_hz"": ""440,440.5""}",psola,PSOLA,local pitch-synchronous overlap-add,-12,50,1.1609977324263039,440.84349702937607,881.6869940587521,0.9988491025754629
critical_beating_rate_0_5hz,critical_beating_rate,0.5 Hz,0.5,Hz beat rate,"{""beat_rate_hz"": 0.5, ""frequencies_hz"": ""440,440.5""}",psola,PSOLA,local pitch-synchronous overlap-add,-12,51,1.18421768707483,440.84381063067656,881.6876212613531,0.9988012927853647
critical_beating_rate_0_5hz,critical_beating_rate,0.5 Hz,0.5,Hz beat rate,"{""beat_rate_hz"": 0.5, ""frequencies_hz"": ""440,440.5""}",psola,PSOLA,local pitch-synchronous overlap-add,-12,52,1.207437641723356,440.84430895076565,881.6886179015313,0.9987256654145145
critical_beating_rate_0_5hz,critical_beating_rate,0.5 Hz,0.5,Hz beat rate,"{""beat_rate_hz"": 0.5, ""frequencies_hz"": ""440,440.5""}",psola,PSOLA,local pitch-synchronous overlap-add,-12,53,1.230657596371882,440.84516336675796,881.6903267335159,0.9985962678198903
critical_beating_rate_0_5hz,critical_beating_rate,0.5 Hz,0.5,Hz beat rate,"{""beat_rate_hz"": 0.5, ""frequencies_hz"": ""440,440.5""}",psola,PSOLA,local pitch-synchronous overlap-add,-12,54,1.253877551020408,440.84679437294403,881.6935887458881,0.9983499071223345
critical_beating_rate_0_5hz,critical_beating_rate,0.5 Hz,0.5,Hz beat rate,"{""beat_rate_hz"": 0.5, ""frequencies_hz"": ""440,440.5""}",psola,PSOLA,local pitch-synchronous overlap-add,-12,55,1.2770975056689342,440.8503980549806,881.7007961099612,0.997806266934895
critical_beating_rate_0_5hz,critical_beating_rate,0.5 Hz,0.5,Hz beat rate,"{""beat_rate_hz"": 0.5, ""frequencies_hz"": ""440,440.5""}",psola,PSOLA,local pitch-synchronous overlap-add,-12,56,1.3003174603174603,440.8598672743016,881.7197345486032,0.9963812871905647
critical_beating_rate_0_5hz,critical_beating_rate,0.5 Hz,0.5,Hz beat rate,"{""beat_rate_hz"": 0.5, ""frequencies_hz"": ""440,440.5""}",psola,PSOLA,local pitch-synchronous overlap-add,-12,57,1.3235374149659864,440.88051475106414,881.7610295021283,0.9932871359299165
critical_beating_rate_0_5hz,critical_beating_rate,0.5 Hz,0.5,Hz beat rate,"{""beat_rate_hz"": 0.5, ""frequencies_hz"": ""440,440.5""}",psola,PSOLA,local pitch-synchronous overlap-add,-12,58,1.3467573696145125,440.87281598356236,881.7456319671247,0.994438121765329
critical_beating_rate_0_5hz,critical_beating_rate,0.5 Hz,0.5,Hz beat rate,"{""beat_rate_hz"": 0.5, ""frequencies_hz"": ""440,440.5""}",psola,PSOLA,local pitch-synchronous overlap-add,-12,59,1.3699773242630386,440.85538646274125,881.7107729254825,0.9970540342937112
critical_beating_rate_0_5hz,critical_beating_rate,0.5 Hz,0.5,Hz beat rate,"{""beat_rate_hz"": 0.5, ""frequencies_hz"": ""440,440.5""}",psola,PSOLA,local pitch-synchronous overlap-add,-12,60,1.3931972789115645,440.84875136989524,881.6975027397905,0.9980533805740268
critical_beating_rate_0_5hz,critical_beating_rate,0.5 Hz,0.5,Hz beat rate,"{""beat_rate_hz"": 0.5, ""frequencies_hz"": ""440,440.5""}",psola,PSOLA,local pitch-synchronous overlap-add,-12,61,1.4164172335600906,440.8460746859571,881.6921493719142,0.9984570062559782
critical_beating_rate_0_5hz,critical_beating_rate,0.5 Hz,0.5,Hz beat rate,"{""beat_rate_hz"": 0.5, ""frequencies_hz"": ""440,440.5""}",psola,PSOLA,local pitch-synchronous overlap-add,-12,62,1.4396371882086167,440.84479042712735,881.6895808542547,0.9986506490648182
critical_beating_rate_0_5hz,critical_beating_rate,0.5 Hz,0.5,Hz beat rate,"{""beat_rate_hz"": 0.5, ""frequencies_hz"": ""440,440.5""}",psola,PSOLA,local pitch-synchronous overlap-add,-12,63,1.4628571428571429,440.84408783638094,881.6881756727619,0.9987566624165428
critical_beating_rate_0_5hz,critical_beating_rate,0.5 Hz,0.5,Hz beat rate,"{""beat_rate_hz"": 0.5, ""frequencies_hz"": ""440,440.5""}",psola,PSOLA,local pitch-synchronous overlap-add,-12,64,1.486077097505669,440.84366419771237,881.6873283954247,0.9988205177826851
critical_beating_rate_0_5hz,critical_beating_rate,0.5 Hz,0.5,Hz beat rate,"{""beat_rate_hz"": 0.5, ""frequencies_hz"": ""440,440.5""}",psola,PSOLA,local pitch-synchronous overlap-add,-12,65,1.509297052154195,440.84339075877887,881.6867815175577,0.9988618116658798
critical_beating_rate_0_5hz,critical_beating_rate,0.5 Hz,0.5,Hz beat rate,"{""beat_rate_hz"": 0.5, ""frequencies_hz"": ""440,440.5""}",psola,PSOLA,local pitch-synchronous overlap-add,-12,66,1.5325170068027212,440.8432041331149,881.6864082662298,0.9988899884265793
critical_beating_rate_0_5hz,critical_beating_rate,0.5 Hz,0.5,Hz beat rate,"{""beat_rate_hz"": 0.5, ""frequencies_hz"": ""440,440.5""}",psola,PSOLA,local pitch-synchronous overlap-add,-12,67,1.555736961451247,440.8430716292789,881.6861432585578,0.9989100500981556
critical_beating_rate_0_5hz,critical_beating_rate,0.5 Hz,0.5,Hz beat rate,"{""beat_rate_hz"": 0.5, ""frequencies_hz"": ""440,440.5""}",psola,PSOLA,local pitch-synchronous overlap-add,-12,68,1.5789569160997732,440.84297431252526,881.6859486250505,0.9989248180242407
critical_beating_rate_0_5hz,critical_beating_rate,0.5 Hz,0.5,Hz beat rate,"{""beat_rate_hz"": 0.5, ""frequencies_hz"": ""440,440.5""}",psola,PSOLA,local pitch-synchronous overlap-add,-12,69,1.6021768707482993,440.84290081636084,881.6858016327217,0.998936010341144
critical_beating_rate_0_5hz,critical_beating_rate,0.5 Hz,0.5,Hz beat rate,"{""beat_rate_hz"": 0.5, ""frequencies_hz"": ""440,440.5""}",psola,PSOLA,local pitch-synchronous overlap-add,-12,70,1.6253968253968254,440.84284449180257,881.6856889836051,0.9989446879639178
critical_beating_rate_0_5hz,critical_beating_rate,0.5 Hz,0.5,Hz beat rate,"{""beat_rate_hz"": 0.5, ""frequencies_hz"": ""440,440.5""}",psola,PSOLA,local pitch-synchronous overlap-add,-12,71,1.6486167800453515,440.8428000236724,881.6856000473448,0.9989515484230581
critical_beating_rate_0_5hz,critical_beating_rate,0.5 Hz,0.5,Hz beat rate,"{""beat_rate_hz"": 0.5, ""frequencies_hz"": ""440,440.5""}",psola,PSOLA,local pitch-synchronous overlap-add,-12,72,1.6718367346938776,440.84276505186585,881.6855301037317,0.9989570625252567
critical_beating_rate_0_5hz,critical_beating_rate,0.5 Hz,0.5,Hz beat rate,"{""beat_rate_hz"": 0.5, ""frequencies_hz"": ""440,440.5""}",psola,PSOLA,local pitch-synchronous overlap-add,-12,73,1.6950566893424037,440.8427366835458,881.6854733670916,0.9989615621378948
critical_beating_rate_0_5hz,critical_beating_rate,0.5 Hz,0.5,Hz beat rate,"{""beat_rate_hz"": 0.5, ""frequencies_hz"": ""440,440.5""}",psola,PSOLA,local pitch-synchronous overlap-add,-12,74,1.7182766439909296,440.84271394668957,881.6854278933791,0.9989652867052817
critical_beating_rate_0_5hz,critical_beating_rate,0.5 Hz,0.5,Hz beat rate,"{""beat_rate_hz"": 0.5, ""frequencies_hz"": ""440,440.5""}",psola,PSOLA,local pitch-synchronous overlap-add,-12,75,1.7414965986394557,440.8426953089865,881.685390617973,0.9989683965441777
critical_beating_rate_0_5hz,critical_beating_rate,0.5 Hz,0.5,Hz beat rate,"{""beat_rate_hz"": 0.5, ""frequencies_hz"": ""440,440.5""}",psola,PSOLA,local pitch-synchronous overlap-add,-12,76,1.7647165532879818,440.84268011947296,881.6853602389459,0.9989710215824541
critical_beating_rate_0_5hz,critical_beating_rate,0.5 Hz,0.5,Hz beat rate,"{""beat_rate_hz"": 0.5, ""frequencies_hz"": ""440,440.5""}",psola,PSOLA,local pitch-synchronous overlap-add,-12,77,1.787936507936508,440.8426678407018,881.6853356814036,0.9989732558943617
critical_beating_rate_0_5hz,critical_beating_rate,0.5 Hz,0.5,Hz beat rate,"{""beat_rate_hz"": 0.5, ""frequencies_hz"": ""440,440.5""}",psola,PSOLA,local pitch-synchronous overlap-add,-12,78,1.811156462585034,440.84265759139254,881.6853151827851,0.9989751795915477
critical_beating_rate_0_5hz,critical_beating_rate,0.5 Hz,0.5,Hz beat rate,"{""beat_rate_hz"": 0.5, ""frequencies_hz"": ""440,440.5""}",psola,PSOLA,local pitch-synchronous overlap-add,-12,79,1.8343764172335602,440.8426496130143,881.6852992260286,0.9989768431697766
critical_beating_rate_0_5hz,critical_beating_rate,0.5 Hz,0.5,Hz beat rate,"{""beat_rate_hz"": 0.5, ""frequencies_hz"": ""440,440.5""}",psola,PSOLA,local pitch-synchronous overlap-add,-12,80,1.8575963718820863,440.8426428756232,881.6852857512464,0.9989782879460303
critical_beating_rate_0_5hz,critical_beating_rate,0.5 Hz,0.5,Hz beat rate,"{""beat_rate_hz"": 0.5, ""frequencies_hz"": ""440,440.5""}",psola,PSOLA,local pitch-synchronous overlap-add,-12,81,1.8808163265306121,440.8426378698877,881.6852757397754,0.9989795538422114
critical_beating_rate_0_5hz,critical_beating_rate,0.5 Hz,0.5,Hz beat rate,"{""beat_rate_hz"": 0.5, ""frequencies_hz"": ""440,440.5""}",psola,PSOLA,local pitch-synchronous overlap-add,-12,82,1.9040362811791383,440.842633780183,881.685267560366,0.9989806706525078
critical_beating_rate_0_5hz,critical_beating_rate,0.5 Hz,0.5,Hz beat rate,"{""beat_rate_hz"": 0.5, ""frequencies_hz"": ""440,440.5""}",psola,PSOLA,local pitch-synchronous overlap-add,-12,83,1.9272562358276644,440.8425908549594,881.6851817099188,0.9984719696448393
critical_beating_rate_0_5hz,critical_beating_rate,0.5 Hz,0.5,Hz beat rate,"{""beat_rate_hz"": 0.5, ""frequencies_hz"": ""440,440.5""}",psola,PSOLA,local pitch-synchronous overlap-add,-12,84,1.9504761904761905,440.84255037850585,881.6851007570117,0.9914201898641973
critical_beating_rate_0_5hz,critical_beating_rate,0.5 Hz,0.5,Hz beat rate,"{""beat_rate_hz"": 0.5, ""frequencies_hz"": ""440,440.5""}",psola,PSOLA,local pitch-synchronous overlap-add,-12,85,1.9736961451247166,440.8426317870518,881.6852635741036,0.975024300822662
critical_beating_rate_0_5hz,critical_beating_rate,0.5 Hz,0.5,Hz beat rate,"{""beat_rate_hz"": 0.5, ""frequencies_hz"": ""440,440.5""}",psola,PSOLA,local pitch-synchronous overlap-add,-12,86,1.9969160997732427,440.8427192689814,881.6854385379628,0.9636628889283156
critical_beating_rate_0_5hz,critical_beating_rate,0.5 Hz,0.5,Hz beat rate,"{""beat_rate_hz"": 0.5, ""frequencies_hz"": ""440,440.5""}",phase_vocoder,Phase Vocoder,local phase vocoder,-12,0,0.0,221.46217036807613,442.92434073615226,0.9782329599013291
critical_beating_rate_0_5hz,critical_beating_rate,0.5 Hz,0.5,Hz beat rate,"{""beat_rate_hz"": 0.5, ""frequencies_hz"": ""440,440.5""}",phase_vocoder,Phase Vocoder,local phase vocoder,-12,1,0.023219954648526078,221.04817772136784,442.09635544273567,0.9833845551299908
critical_beating_rate_0_5hz,critical_beating_rate,0.5 Hz,0.5,Hz beat rate,"{""beat_rate_hz"": 0.5, ""frequencies_hz"": ""440,440.5""}",phase_vocoder,Phase Vocoder,local phase vocoder,-12,2,0.046439909297052155,220.35822401400802,440.71644802801603,0.9918399324416296
critical_beating_rate_0_5hz,critical_beating_rate,0.5 Hz,0.5,Hz beat rate,"{""beat_rate_hz"": 0.5, ""frequencies_hz"": ""440,440.5""}",phase_vocoder,Phase Vocoder,local phase vocoder,-12,3,0.06965986394557823,220.03302718343105,440.0660543668621,0.9952974551951196
critical_beating_rate_0_5hz,critical_beating_rate,0.5 Hz,0.5,Hz beat rate,"{""beat_rate_hz"": 0.5, ""frequencies_hz"": ""440,440.5""}",phase_vocoder,Phase Vocoder,local phase vocoder,-12,4,0.09287981859410431,219.9324606436042,439.8649212872084,0.9956182112208313
critical_beating_rate_0_5hz,critical_beating_rate,0.5 Hz,0.5,Hz beat rate,"{""beat_rate_hz"": 0.5, ""frequencies_hz"": ""440,440.5""}",phase_vocoder,Phase Vocoder,local phase vocoder,-12,5,0.11609977324263039,219.85907928938892,439.71815857877783,0.9957680566430597
critical_beating_rate_0_5hz,critical_beating_rate,0.5 Hz,0.5,Hz beat rate,"{""beat_rate_hz"": 0.5, ""frequencies_hz"": ""440,440.5""}",phase_vocoder,Phase Vocoder,local phase vocoder,-12,6,0.13931972789115646,219.82916960077017,439.65833920154034,0.995842047203386
critical_beating_rate_0_5hz,critical_beating_rate,0.5 Hz,0.5,Hz beat rate,"{""beat_rate_hz"": 0.5, ""frequencies_hz"": ""440,440.5""}",phase_vocoder,Phase Vocoder,local phase vocoder,-12,7,0.16253968253968254,219.82500232693198,439.65000465386396,0.9958492666661176
critical_beating_rate_0_5hz,critical_beating_rate,0.5 Hz,0.5,Hz beat rate,"{""beat_rate_hz"": 0.5, ""frequencies_hz"": ""440,440.5""}",phase_vocoder,Phase Vocoder,local phase vocoder,-12,8,0.18575963718820862,219.82488371583142,439.64976743166284,0.9958468461412491
critical_beating_rate_0_5hz,critical_beating_rate,0.5 Hz,0.5,Hz beat rate,"{""beat_rate_hz"": 0.5, ""frequencies_hz"": ""440,440.5""}",phase_vocoder,Phase Vocoder,local phase vocoder,-12,9,0.2089795918367347,219.82494037995144,439.6498807599029,0.9958440354255886
critical_beating_rate_0_5hz,critical_beating_rate,0.5 Hz,0.5,Hz beat rate,"{""beat_rate_hz"": 0.5, ""frequencies_hz"": ""440,440.5""}",phase_vocoder,Phase Vocoder,local phase vocoder,-12,10,0.23219954648526078,219.82489619795845,439.6497923959169,0.9958406183633044
critical_beating_rate_0_5hz,critical_beating_rate,0.5 Hz,0.5,Hz beat rate,"{""beat_rate_hz"": 0.5, ""frequencies_hz"": ""440,440.5""}",phase_vocoder,Phase Vocoder,local phase vocoder,-12,11,0.25541950113378686,219.8249618621791,439.6499237243582,0.9958367011417529
critical_beating_rate_0_5hz,critical_beating_rate,0.5 Hz,0.5,Hz beat rate,"{""beat_rate_hz"": 0.5, ""frequencies_hz"": ""440,440.5""}",phase_vocoder,Phase Vocoder,local phase vocoder,-12,12,0.2786394557823129,219.82490454075696,439.6498090815139,0.9958319598782674
critical_beating_rate_0_5hz,critical_beating_rate,0.5 Hz,0.5,Hz beat rate,"{""beat_rate_hz"": 0.5, ""frequencies_hz"": ""440,440.5""}",phase_vocoder,Phase Vocoder,local phase vocoder,-12,13,0.301859410430839,219.82498245193244,439.6499649038649,0.9958264295911884
critical_beating_rate_0_5hz,critical_beating_rate,0.5 Hz,0.5,Hz beat rate,"{""beat_rate_hz"": 0.5, ""frequencies_hz"": ""440,440.5""}",phase_vocoder,Phase Vocoder,local phase vocoder,-12,14,0.3250793650793651,219.8249194373066,439.6498388746132,0.9958196335069563
critical_beating_rate_0_5hz,critical_beating_rate,0.5 Hz,0.5,Hz beat rate,"{""beat_rate_hz"": 0.5, ""frequencies_hz"": ""440,440.5""}",phase_vocoder,Phase Vocoder,local phase vocoder,-12,15,0.34829931972789113,219.82501341340273,439.65002682680546,0.9958113968219974
critical_beating_rate_0_5hz,critical_beating_rate,0.5 Hz,0.5,Hz beat rate,"{""beat_rate_hz"": 0.5, ""frequencies_hz"": ""440,440.5""}",phase_vocoder,Phase Vocoder,local phase vocoder,-12,16,0.37151927437641724,219.82492537791342,439.64985075582683,0.9958011274699365
critical_beating_rate_0_5hz,critical_beating_rate,0.5 Hz,0.5,Hz beat rate,"{""beat_rate_hz"": 0.5, ""frequencies_hz"": ""440,440.5""}",phase_vocoder,Phase Vocoder,local phase vocoder,-12,17,0.3947392290249433,219.82502675940592,439.65005351881183,0.9957883081702734
critical_beating_rate_0_5hz,critical_beating_rate,0.5 Hz,0.5,Hz beat rate,"{""beat_rate_hz"": 0.5, ""frequencies_hz"": ""440,440.5""}",phase_vocoder,Phase Vocoder,local phase vocoder,-12,18,0.4179591836734694,219.82490442792712,439.64980885585425,0.9957718949918509
critical_beating_rate_0_5hz,critical_beating_rate,0.5 Hz,0.5,Hz beat rate,"{""beat_rate_hz"": 0.5, ""frequencies_hz"": ""440,440.5""}",phase_vocoder,Phase Vocoder,local phase vocoder,-12,19,0.44117913832199546,219.82500133977555,439.6500026795511,0.9957505218324358
critical_beating_rate_0_5hz,critical_beating_rate,0.5 Hz,0.5,Hz beat rate,"{""beat_rate_hz"": 0.5, ""frequencies_hz"": ""440,440.5""}",phase_vocoder,Phase Vocoder,local phase vocoder,-12,20,0.46439909297052157,219.82477250053049,439.64954500106097,0.995722128672454
critical_beating_rate_0_5hz,critical_beating_rate,0.5 Hz,0.5,Hz beat rate,"{""beat_rate_hz"": 0.5, ""frequencies_hz"": ""440,440.5""}",phase_vocoder,Phase Vocoder,local phase vocoder,-12,21,0.4876190476190476,219.8247453161903,439.6494906323806,0.9956834685611222
critical_beating_rate_0_5hz,critical_beating_rate,0.5 Hz,0.5,Hz beat rate,"{""beat_rate_hz"": 0.5, ""frequencies_hz"": ""440,440.5""}",phase_vocoder,Phase Vocoder,local phase vocoder,-12,22,0.5108390022675737,219.8243843654354,439.6487687308708,0.995626582867248
critical_beating_rate_0_5hz,critical_beating_rate,0.5 Hz,0.5,Hz beat rate,"{""beat_rate_hz"": 0.5, ""frequencies_hz"": ""440,440.5""}",phase_vocoder,Phase Vocoder,local phase vocoder,-12,23,0.5340589569160997,219.82622284116295,439.6524456823259,0.9955234330618585
critical_beating_rate_0_5hz,critical_beating_rate,0.5 Hz,0.5,Hz beat rate,"{""beat_rate_hz"": 0.5, ""frequencies_hz"": ""440,440.5""}",phase_vocoder,Phase Vocoder,local phase vocoder,-12,24,0.5572789115646258,219.83345263092696,439.6669052618539,0.9953088151410645
critical_beating_rate_0_5hz,critical_beating_rate,0.5 Hz,0.5,Hz beat rate,"{""beat_rate_hz"": 0.5, ""frequencies_hz"": ""440,440.5""}",phase_vocoder,Phase Vocoder,local phase vocoder,-12,25,0.5804988662131519,219.85427006905104,439.7085401381021,0.9948641757074904
critical_beating_rate_0_5hz,critical_beating_rate,0.5 Hz,0.5,Hz beat rate,"{""beat_rate_hz"": 0.5, ""frequencies_hz"": ""440,440.5""}",phase_vocoder,Phase Vocoder,local phase vocoder,-12,26,0.603718820861678,219.90037754901672,439.80075509803345,0.9940139805798214
critical_beating_rate_0_5hz,critical_beating_rate,0.5 Hz,0.5,Hz beat rate,"{""beat_rate_hz"": 0.5, ""frequencies_hz"": ""440,440.5""}",phase_vocoder,Phase Vocoder,local phase vocoder,-12,27,0.626938775510204,220.00783005617723,440.01566011235445,0.9924223143407038
critical_beating_rate_0_5hz,critical_beating_rate,0.5 Hz,0.5,Hz beat rate,"{""beat_rate_hz"": 0.5, ""frequencies_hz"": ""440,440.5""}",phase_vocoder,Phase Vocoder,local phase vocoder,-12,28,0.6501587301587302,220.2670506864378,440.5341013728756,0.9892977383539215
critical_beating_rate_0_5hz,critical_beating_rate,0.5 Hz,0.5,Hz beat rate,"{""beat_rate_hz"": 0.5, ""frequencies_hz"": ""440,440.5""}",phase_vocoder,Phase Vocoder,local phase vocoder,-12,29,0.6733786848072563,220.73563767124404,441.47127534248807,0.9852454881721964
critical_beating_rate_0_5hz,critical_beating_rate,0.5 Hz,0.5,Hz beat rate,"{""beat_rate_hz"": 0.5, ""frequencies_hz"": ""440,440.5""}",phase_vocoder,Phase Vocoder,local phase vocoder,-12,30,0.6965986394557823,220.41767753911242,440.83535507822484,0.9909519166692945
critical_beating_rate_0_5hz,critical_beating_rate,0.5 Hz,0.5,Hz beat rate,"{""beat_rate_hz"": 0.5, ""frequencies_hz"": ""440,440.5""}",phase_vocoder,Phase Vocoder,local phase vocoder,-12,31,0.7198185941043084,220.12456980437804,440.2491396087561,0.9942271948242621
critical_beating_rate_0_5hz,critical_beating_rate,0.5 Hz,0.5,Hz beat rate,"{""beat_rate_hz"": 0.5, ""frequencies_hz"": ""440,440.5""}",phase_vocoder,Phase Vocoder,local phase vocoder,-12,32,0.7430385487528345,220.04187516485015,440.0837503297003,0.9946811610355447
critical_beating_rate_0_5hz,critical_beating_rate,0.5 Hz,0.5,Hz beat rate,"{""beat_rate_hz"": 0.5, ""frequencies_hz"": ""440,440.5""}",phase_vocoder,Phase Vocoder,local phase vocoder,-12,33,0.7662585034013606,219.97973295988956,439.9594659197791,0.994944330126366
critical_beating_rate_0_5hz,critical_beating_rate,0.5 Hz,0.5,Hz beat rate,"{""beat_rate_hz"": 0.5, ""frequencies_hz"": ""440,440.5""}",phase_vocoder,Phase Vocoder,local phase vocoder,-12,34,0.7894784580498866,219.930243354007,439.860486708014,0.9952091227236858
critical_beating_rate_0_5hz,critical_beating_rate,0.5 Hz,0.5,Hz beat rate,"{""beat_rate_hz"": 0.5, ""frequencies_hz"": ""440,440.5""}",phase_vocoder,Phase Vocoder,local phase vocoder,-12,35,0.8126984126984127,219.89732242437492,439.79464484874984,0.9954156628294117
critical_beating_rate_0_5hz,critical_beating_rate,0.5 Hz,0.5,Hz beat rate,"{""beat_rate_hz"": 0.5, ""frequencies_hz"": ""440,440.5""}",phase_vocoder,Phase Vocoder,local phase vocoder,-12,36,0.8359183673469388,219.87689242221953,439.75378484443905,0.9955444674217127
critical_beating_rate_0_5hz,critical_beating_rate,0.5 Hz,0.5,Hz beat rate,"{""beat_rate_hz"": 0.5, ""frequencies_hz"": ""440,440.5""}",phase_vocoder,Phase Vocoder,local phase vocoder,-12,37,0.8591383219954648,219.86399738580505,439.7279947716101,0.9956283759827149
critical_beating_rate_0_5hz,critical_beating_rate,0.5 Hz,0.5,Hz beat rate,"{""beat_rate_hz"": 0.5, ""frequencies_hz"": ""440,440.5""}",phase_vocoder,Phase Vocoder,local phase vocoder,-12,38,0.8823582766439909,219.85522985050073,439.71045970100147,0.9956831269237033
critical_beating_rate_0_5hz,critical_beating_rate,0.5 Hz,0.5,Hz beat rate,"{""beat_rate_hz"": 0.5, ""frequencies_hz"": ""440,440.5""}",phase_vocoder,Phase Vocoder,local phase vocoder,-12,39,0.905578231292517,219.84924974895742,439.69849949791484,0.9957224173914015
critical_beating_rate_0_5hz,critical_beating_rate,0.5 Hz,0.5,Hz beat rate,"{""beat_rate_hz"": 0.5, ""frequencies_hz"": ""440,440.5""}",phase_vocoder,Phase Vocoder,local phase vocoder,-12,40,0.9287981859410431,219.8447660264043,439.6895320528086,0.9957500397905727
critical_beating_rate_0_5hz,critical_beating_rate,0.5 Hz,0.5,Hz beat rate,"{""beat_rate_hz"": 0.5, ""frequencies_hz"": ""440,440.5""}",phase_vocoder,Phase Vocoder,local phase vocoder,-12,41,0.9520181405895691,219.84156094427527,439.68312188855055,0.9957712555091094
critical_beating_rate_0_5hz,critical_beating_rate,0.5 Hz,0.5,Hz beat rate,"{""beat_rate_hz"": 0.5, ""frequencies_hz"": ""440,440.5""}",phase_vocoder,Phase Vocoder,local phase vocoder,-12,42,0.9752380952380952,219.83896901824704,439.6779380364941,0.9957870777779506
critical_beating_rate_0_5hz,critical_beating_rate,0.5 Hz,0.5,Hz beat rate,"{""beat_rate_hz"": 0.5, ""frequencies_hz"": ""440,440.5""}",phase_vocoder,Phase Vocoder,local phase vocoder,-12,43,0.9984580498866213,219.83708730059604,439.6741746011921,0.9957997709155687
critical_beating_rate_0_5hz,critical_beating_rate,0.5 Hz,0.5,Hz beat rate,"{""beat_rate_hz"": 0.5, ""frequencies_hz"": ""440,440.5""}",phase_vocoder,Phase Vocoder,local phase vocoder,-12,44,1.0216780045351475,219.83544985421423,439.67089970842846,0.9958095494244855
critical_beating_rate_0_5hz,critical_beating_rate,0.5 Hz,0.5,Hz beat rate,"{""beat_rate_hz"": 0.5, ""frequencies_hz"": ""440,440.5""}",phase_vocoder,Phase Vocoder,local phase vocoder,-12,45,1.0448979591836736,219.83426491415187,439.66852982830375,0.9958177132856041
critical_beating_rate_0_5hz,critical_beating_rate,0.5 Hz,0.5,Hz beat rate,"{""beat_rate_hz"": 0.5, ""frequencies_hz"": ""440,440.5""}",phase_vocoder,Phase Vocoder,local phase vocoder,-12,46,1.0681179138321995,219.83316335009005,439.6663267001801,0.9958242601077527
critical_beating_rate_0_5hz,critical_beating_rate,0.5 Hz,0.5,Hz beat rate,"{""beat_rate_hz"": 0.5, ""frequencies_hz"": ""440,440.5""}",phase_vocoder,Phase Vocoder,local phase vocoder,-12,47,1.0913378684807256,219.83237647929357,439.66475295858714,0.9958297785711294
critical_beating_rate_0_5hz,critical_beating_rate,0.5 Hz,0.5,Hz beat rate,"{""beat_rate_hz"": 0.5, ""frequencies_hz"": ""440,440.5""}",phase_vocoder,Phase Vocoder,local phase vocoder,-12,48,1.1145578231292517,219.8315953417818,439.6631906835636,0.9958343133849068
critical_beating_rate_0_5hz,critical_beating_rate,0.5 Hz,0.5,Hz beat rate,"{""beat_rate_hz"": 0.5, ""frequencies_hz"": ""440,440.5""}",phase_vocoder,Phase Vocoder,local phase vocoder,-12,49,1.1377777777777778,219.8310622183623,439.6621244367246,0.9958382282351687
critical_beating_rate_0_5hz,critical_beating_rate,0.5 Hz,0.5,Hz beat rate,"{""beat_rate_hz"": 0.5, ""frequencies_hz"": ""440,440.5""}",phase_vocoder,Phase Vocoder,local phase vocoder,-12,50,1.1609977324263039,219.83048800139684,439.6609760027937,0.9958415066206499
critical_beating_rate_0_5hz,critical_beating_rate,0.5 Hz,0.5,Hz beat rate,"{""beat_rate_hz"": 0.5, ""frequencies_hz"": ""440,440.5""}",phase_vocoder,Phase Vocoder,local phase vocoder,-12,51,1.18421768707483,219.83010864362674,439.6602172872535,0.9958443307423308
critical_beating_rate_0_5hz,critical_beating_rate,0.5 Hz,0.5,Hz beat rate,"{""beat_rate_hz"": 0.5, ""frequencies_hz"": ""440,440.5""}",phase_vocoder,Phase Vocoder,local phase vocoder,-12,52,1.207437641723356,219.82967601868978,439.65935203737956,0.995846806303437
critical_beating_rate_0_5hz,critical_beating_rate,0.5 Hz,0.5,Hz beat rate,"{""beat_rate_hz"": 0.5, ""frequencies_hz"": ""440,440.5""}",phase_vocoder,Phase Vocoder,local phase vocoder,-12,53,1.230657596371882,219.82940948929644,439.6588189785929,0.9958489325186933
critical_beating_rate_0_5hz,critical_beating_rate,0.5 Hz,0.5,Hz beat rate,"{""beat_rate_hz"": 0.5, ""frequencies_hz"": ""440,440.5""}",phase_vocoder,Phase Vocoder,local phase vocoder,-12,54,1.253877551020408,219.82907032601292,439.65814065202585,0.9958507840330764
critical_beating_rate_0_5hz,critical_beating_rate,0.5 Hz,0.5,Hz beat rate,"{""beat_rate_hz"": 0.5, ""frequencies_hz"": ""440,440.5""}",phase_vocoder,Phase Vocoder,local phase vocoder,-12,55,1.2770975056689342,219.8288777423271,439.6577554846542,0.9958523768328829
critical_beating_rate_0_5hz,critical_beating_rate,0.5 Hz,0.5,Hz beat rate,"{""beat_rate_hz"": 0.5, ""frequencies_hz"": ""440,440.5""}",phase_vocoder,Phase Vocoder,local phase vocoder,-12,56,1.3003174603174603,219.82861621237427,439.65723242474854,0.9958538524100149
critical_beating_rate_0_5hz,critical_beating_rate,0.5 Hz,0.5,Hz beat rate,"{""beat_rate_hz"": 0.5, ""frequencies_hz"": ""440,440.5""}",phase_vocoder,Phase Vocoder,local phase vocoder,-12,57,1.3235374149659864,219.82847644442487,439.65695288884973,0.9958550804977236
critical_beating_rate_0_5hz,critical_beating_rate,0.5 Hz,0.5,Hz beat rate,"{""beat_rate_hz"": 0.5, ""frequencies_hz"": ""440,440.5""}",phase_vocoder,Phase Vocoder,local phase vocoder,-12,58,1.3467573696145125,219.8282626409071,439.6565252818142,0.9958562254233905
critical_beating_rate_0_5hz,critical_beating_rate,0.5 Hz,0.5,Hz beat rate,"{""beat_rate_hz"": 0.5, ""frequencies_hz"": ""440,440.5""}",phase_vocoder,Phase Vocoder,local phase vocoder,-12,59,1.3699773242630386,219.82816383482168,439.65632766964336,0.9958571774219186
critical_beating_rate_0_5hz,critical_beating_rate,0.5 Hz,0.5,Hz beat rate,"{""beat_rate_hz"": 0.5, ""frequencies_hz"": ""440,440.5""}",phase_vocoder,Phase Vocoder,local phase vocoder,-12,60,1.3931972789115645,219.82799394213004,439.65598788426007,0.995858087878187
critical_beating_rate_0_5hz,critical_beating_rate,0.5 Hz,0.5,Hz beat rate,"{""beat_rate_hz"": 0.5, ""frequencies_hz"": ""440,440.5""}",phase_vocoder,Phase Vocoder,local phase vocoder,-12,61,1.4164172335600906,219.82792277129954,439.6558455425991,0.9958588002792363
critical_beating_rate_0_5hz,critical_beating_rate,0.5 Hz,0.5,Hz beat rate,"{""beat_rate_hz"": 0.5, ""frequencies_hz"": ""440,440.5""}",phase_vocoder,Phase Vocoder,local phase vocoder,-12,62,1.4396371882086167,219.82778903150944,439.6555780630189,0.9958595390129071
critical_beating_rate_0_5hz,critical_beating_rate,0.5 Hz,0.5,Hz beat rate,"{""beat_rate_hz"": 0.5, ""frequencies_hz"": ""440,440.5""}",phase_vocoder,Phase Vocoder,local phase vocoder,-12,63,1.4628571428571429,219.8277416597732,439.6554833195464,0.995860103421438
critical_beating_rate_0_5hz,critical_beating_rate,0.5 Hz,0.5,Hz beat rate,"{""beat_rate_hz"": 0.5, ""frequencies_hz"": ""440,440.5""}",phase_vocoder,Phase Vocoder,local phase vocoder,-12,64,1.486077097505669,219.82762904300338,439.65525808600677,0.9958606692298381
critical_beating_rate_0_5hz,critical_beating_rate,0.5 Hz,0.5,Hz beat rate,"{""beat_rate_hz"": 0.5, ""frequencies_hz"": ""440,440.5""}",phase_vocoder,Phase Vocoder,local phase vocoder,-12,65,1.509297052154195,219.8275997673494,439.6551995346988,0.9958610699902677
critical_beating_rate_0_5hz,critical_beating_rate,0.5 Hz,0.5,Hz beat rate,"{""beat_rate_hz"": 0.5, ""frequencies_hz"": ""440,440.5""}",phase_vocoder,Phase Vocoder,local phase vocoder,-12,66,1.5325170068027212,219.82752175066958,439.65504350133915,0.9958615401942866
critical_beating_rate_0_5hz,critical_beating_rate,0.5 Hz,0.5,Hz beat rate,"{""beat_rate_hz"": 0.5, ""frequencies_hz"": ""440,440.5""}",phase_vocoder,Phase Vocoder,local phase vocoder,-12,67,1.555736961451247,219.82750777699806,439.6550155539961,0.9958618375082665
critical_beating_rate_0_5hz,critical_beating_rate,0.5 Hz,0.5,Hz beat rate,"{""beat_rate_hz"": 0.5, ""frequencies_hz"": ""440,440.5""}",phase_vocoder,Phase Vocoder,local phase vocoder,-12,68,1.5789569160997732,219.82744242615053,439.65488485230105,0.9958621802720066
critical_beating_rate_0_5hz,critical_beating_rate,0.5 Hz,0.5,Hz beat rate,"{""beat_rate_hz"": 0.5, ""frequencies_hz"": ""440,440.5""}",phase_vocoder,Phase Vocoder,local phase vocoder,-12,69,1.6021768707482993,219.8274399981383,439.6548799962766,0.9958623759235327
critical_beating_rate_0_5hz,critical_beating_rate,0.5 Hz,0.5,Hz beat rate,"{""beat_rate_hz"": 0.5, ""frequencies_hz"": ""440,440.5""}",phase_vocoder,Phase Vocoder,local phase vocoder,-12,70,1.6253968253968254,219.82740022905344,439.6548004581069,0.9958626359630629
critical_beating_rate_0_5hz,critical_beating_rate,0.5 Hz,0.5,Hz beat rate,"{""beat_rate_hz"": 0.5, ""frequencies_hz"": ""440,440.5""}",phase_vocoder,Phase Vocoder,local phase vocoder,-12,71,1.6486167800453515,219.82741210340996,439.6548242068199,0.9958627214290008
critical_beating_rate_0_5hz,critical_beating_rate,0.5 Hz,0.5,Hz beat rate,"{""beat_rate_hz"": 0.5, ""frequencies_hz"": ""440,440.5""}",phase_vocoder,Phase Vocoder,local phase vocoder,-12,72,1.6718367346938776,219.82739362608635,439.6547872521727,0.9958628876466414
critical_beating_rate_0_5hz,critical_beating_rate,0.5 Hz,0.5,Hz beat rate,"{""beat_rate_hz"": 0.5, ""frequencies_hz"": ""440,440.5""}",phase_vocoder,Phase Vocoder,local phase vocoder,-12,73,1.6950566893424037,219.82741277924404,439.6548255584881,0.9958629086408229
critical_beating_rate_0_5hz,critical_beating_rate,0.5 Hz,0.5,Hz beat rate,"{""beat_rate_hz"": 0.5, ""frequencies_hz"": ""440,440.5""}",phase_vocoder,Phase Vocoder,local phase vocoder,-12,74,1.7182766439909296,219.8274054968097,439.6548109936194,0.9958629840650277
critical_beating_rate_0_5hz,critical_beating_rate,0.5 Hz,0.5,Hz beat rate,"{""beat_rate_hz"": 0.5, ""frequencies_hz"": ""440,440.5""}",phase_vocoder,Phase Vocoder,local phase vocoder,-12,75,1.7414965986394557,219.82743732660285,439.6548746532057,0.995862902506306
critical_beating_rate_0_5hz,critical_beating_rate,0.5 Hz,0.5,Hz beat rate,"{""beat_rate_hz"": 0.5, ""frequencies_hz"": ""440,440.5""}",phase_vocoder,Phase Vocoder,local phase vocoder,-12,76,1.7647165532879818,219.8274611299187,439.6549222598374,0.9958629108326528
critical_beating_rate_0_5hz,critical_beating_rate,0.5 Hz,0.5,Hz beat rate,"{""beat_rate_hz"": 0.5, ""frequencies_hz"": ""440,440.5""}",phase_vocoder,Phase Vocoder,local phase vocoder,-12,77,1.787936507936508,219.8275144481641,439.6550288963282,0.9958626982560121
critical_beating_rate_0_5hz,critical_beating_rate,0.5 Hz,0.5,Hz beat rate,"{""beat_rate_hz"": 0.5, ""frequencies_hz"": ""440,440.5""}",phase_vocoder,Phase Vocoder,local phase vocoder,-12,78,1.811156462585034,219.8287241191995,439.657448238399,0.995862362778247
critical_beating_rate_0_5hz,critical_beating_rate,0.5 Hz,0.5,Hz beat rate,"{""beat_rate_hz"": 0.5, ""frequencies_hz"": ""440,440.5""}",phase_vocoder,Phase Vocoder,local phase vocoder,-12,79,1.8343764172335602,219.84093448228535,439.6818689645707,0.9958711318691531
critical_beating_rate_0_5hz,critical_beating_rate,0.5 Hz,0.5,Hz beat rate,"{""beat_rate_hz"": 0.5, ""frequencies_hz"": ""440,440.5""}",phase_vocoder,Phase Vocoder,local phase vocoder,-12,80,1.8575963718820863,219.8766556896375,439.753311379275,0.9958875385999414
critical_beating_rate_0_5hz,critical_beating_rate,0.5 Hz,0.5,Hz beat rate,"{""beat_rate_hz"": 0.5, ""frequencies_hz"": ""440,440.5""}",phase_vocoder,Phase Vocoder,local phase vocoder,-12,81,1.8808163265306121,219.94737243607722,439.89474487215443,0.9959203360576978
critical_beating_rate_0_5hz,critical_beating_rate,0.5 Hz,0.5,Hz beat rate,"{""beat_rate_hz"": 0.5, ""frequencies_hz"": ""440,440.5""}",phase_vocoder,Phase Vocoder,local phase vocoder,-12,82,1.9040362811791383,220.1496807365752,440.2993614731504,0.9959331093543498
critical_beating_rate_0_5hz,critical_beating_rate,0.5 Hz,0.5,Hz beat rate,"{""beat_rate_hz"": 0.5, ""frequencies_hz"": ""440,440.5""}",phase_vocoder,Phase Vocoder,local phase vocoder,-12,83,1.9272562358276644,220.45235296753066,440.9047059350613,0.9953484253162496
critical_beating_rate_0_5hz,critical_beating_rate,0.5 Hz,0.5,Hz beat rate,"{""beat_rate_hz"": 0.5, ""frequencies_hz"": ""440,440.5""}",phase_vocoder,Phase Vocoder,local phase vocoder,-12,84,1.9504761904761905,220.33395865697952,440.66791731395904,0.9924007307638442
critical_beating_rate_0_5hz,critical_beating_rate,0.5 Hz,0.5,Hz beat rate,"{""beat_rate_hz"": 0.5, ""frequencies_hz"": ""440,440.5""}",phase_vocoder,Phase Vocoder,local phase vocoder,-12,85,1.9736961451247166,219.37726875082316,438.7545375016463,0.9859893490976399
critical_beating_rate_0_5hz,critical_beating_rate,0.5 Hz,0.5,Hz beat rate,"{""beat_rate_hz"": 0.5, ""frequencies_hz"": ""440,440.5""}",phase_vocoder,Phase Vocoder,local phase vocoder,-12,86,1.9969160997732427,218.42381268524753,436.84762537049505,0.9823062705835794
critical_beating_rate_0_5hz,critical_beating_rate,0.5 Hz,0.5,Hz beat rate,"{""beat_rate_hz"": 0.5, ""frequencies_hz"": ""440,440.5""}",rubber_band,Rubber Band,local hybrid spectral/time-domain proxy,-12,0,0.0,,,0.02988925142215547
critical_beating_rate_0_5hz,critical_beating_rate,0.5 Hz,0.5,Hz beat rate,"{""beat_rate_hz"": 0.5, ""frequencies_hz"": ""440,440.5""}",rubber_band,Rubber Band,local hybrid spectral/time-domain proxy,-12,1,0.023219954648526078,,,0.030312811877110043
critical_beating_rate_0_5hz,critical_beating_rate,0.5 Hz,0.5,Hz beat rate,"{""beat_rate_hz"": 0.5, ""frequencies_hz"": ""440,440.5""}",rubber_band,Rubber Band,local hybrid spectral/time-domain proxy,-12,2,0.046439909297052155,,,0.0332910307874926
critical_beating_rate_0_5hz,critical_beating_rate,0.5 Hz,0.5,Hz beat rate,"{""beat_rate_hz"": 0.5, ""frequencies_hz"": ""440,440.5""}",rubber_band,Rubber Band,local hybrid spectral/time-domain proxy,-12,3,0.06965986394557823,,,0.07914227072651034
critical_beating_rate_0_5hz,critical_beating_rate,0.5 Hz,0.5,Hz beat rate,"{""beat_rate_hz"": 0.5, ""frequencies_hz"": ""440,440.5""}",rubber_band,Rubber Band,local hybrid spectral/time-domain proxy,-12,4,0.09287981859410431,,,0.999574212009548
critical_beating_rate_0_5hz,critical_beating_rate,0.5 Hz,0.5,Hz beat rate,"{""beat_rate_hz"": 0.5, ""frequencies_hz"": ""440,440.5""}",rubber_band,Rubber Band,local hybrid spectral/time-domain proxy,-12,5,0.11609977324263039,223.23148172984514,446.4629634596903,0.9953360765388685
critical_beating_rate_0_5hz,critical_beating_rate,0.5 Hz,0.5,Hz beat rate,"{""beat_rate_hz"": 0.5, ""frequencies_hz"": ""440,440.5""}",rubber_band,Rubber Band,local hybrid spectral/time-domain proxy,-12,6,0.13931972789115646,223.61044728053184,447.2208945610637,0.9952710288059164
critical_beating_rate_0_5hz,critical_beating_rate,0.5 Hz,0.5,Hz beat rate,"{""beat_rate_hz"": 0.5, ""frequencies_hz"": ""440,440.5""}",rubber_band,Rubber Band,local hybrid spectral/time-domain proxy,-12,7,0.16253968253968254,223.55666422521392,447.11332845042784,0.9956170841742625
critical_beating_rate_0_5hz,critical_beating_rate,0.5 Hz,0.5,Hz beat rate,"{""beat_rate_hz"": 0.5, ""frequencies_hz"": ""440,440.5""}",rubber_band,Rubber Band,local hybrid spectral/time-domain proxy,-12,8,0.18575963718820862,223.3749407675167,446.7498815350334,0.9959477157068042
critical_beating_rate_0_5hz,critical_beating_rate,0.5 Hz,0.5,Hz beat rate,"{""beat_rate_hz"": 0.5, ""frequencies_hz"": ""440,440.5""}",rubber_band,Rubber Band,local hybrid spectral/time-domain proxy,-12,9,0.2089795918367347,223.37257591245827,446.74515182491655,0.9959388580449257
critical_beating_rate_0_5hz,critical_beating_rate,0.5 Hz,0.5,Hz beat rate,"{""beat_rate_hz"": 0.5, ""frequencies_hz"": ""440,440.5""}",rubber_band,Rubber Band,local hybrid spectral/time-domain proxy,-12,10,0.23219954648526078,223.37942178270882,446.75884356541764,0.9958949828684474
critical_beating_rate_0_5hz,critical_beating_rate,0.5 Hz,0.5,Hz beat rate,"{""beat_rate_hz"": 0.5, ""frequencies_hz"": ""440,440.5""}",rubber_band,Rubber Band,local hybrid spectral/time-domain proxy,-12,11,0.25541950113378686,223.29384812711427,446.58769625422855,0.995943370918219
critical_beating_rate_0_5hz,critical_beating_rate,0.5 Hz,0.5,Hz beat rate,"{""beat_rate_hz"": 0.5, ""frequencies_hz"": ""440,440.5""}",rubber_band,Rubber Band,local hybrid spectral/time-domain proxy,-12,12,0.2786394557823129,223.23413427275537,446.46826854551074,0.9959442684214999
critical_beating_rate_0_5hz,critical_beating_rate,0.5 Hz,0.5,Hz beat rate,"{""beat_rate_hz"": 0.5, ""frequencies_hz"": ""440,440.5""}",rubber_band,Rubber Band,local hybrid spectral/time-domain proxy,-12,13,0.301859410430839,223.22605161777685,446.4521032355537,0.9959161734255605
critical_beating_rate_0_5hz,critical_beating_rate,0.5 Hz,0.5,Hz beat rate,"{""beat_rate_hz"": 0.5, ""frequencies_hz"": ""440,440.5""}",rubber_band,Rubber Band,local hybrid spectral/time-domain proxy,-12,14,0.3250793650793651,223.21494936195725,446.4298987239145,0.995931344050722
critical_beating_rate_0_5hz,critical_beating_rate,0.5 Hz,0.5,Hz beat rate,"{""beat_rate_hz"": 0.5, ""frequencies_hz"": ""440,440.5""}",rubber_band,Rubber Band,local hybrid spectral/time-domain proxy,-12,15,0.34829931972789113,223.22651668435964,446.4530333687193,0.9959279195686389
critical_beating_rate_0_5hz,critical_beating_rate,0.5 Hz,0.5,Hz beat rate,"{""beat_rate_hz"": 0.5, ""frequencies_hz"": ""440,440.5""}",rubber_band,Rubber Band,local hybrid spectral/time-domain proxy,-12,16,0.37151927437641724,223.3078181533926,446.6156363067852,0.9958485998683088
critical_beating_rate_0_5hz,critical_beating_rate,0.5 Hz,0.5,Hz beat rate,"{""beat_rate_hz"": 0.5, ""frequencies_hz"": ""440,440.5""}",rubber_band,Rubber Band,local hybrid spectral/time-domain proxy,-12,17,0.3947392290249433,223.42102429001682,446.84204858003363,0.9957749053319236
critical_beating_rate_0_5hz,critical_beating_rate,0.5 Hz,0.5,Hz beat rate,"{""beat_rate_hz"": 0.5, ""frequencies_hz"": ""440,440.5""}",rubber_band,Rubber Band,local hybrid spectral/time-domain proxy,-12,18,0.4179591836734694,223.50554840822426,447.0110968164485,0.9957806025583728
critical_beating_rate_0_5hz,critical_beating_rate,0.5 Hz,0.5,Hz beat rate,"{""beat_rate_hz"": 0.5, ""frequencies_hz"": ""440,440.5""}",rubber_band,Rubber Band,local hybrid spectral/time-domain proxy,-12,19,0.44117913832199546,223.54134415563684,447.08268831127367,0.9958297150698023
critical_beating_rate_0_5hz,critical_beating_rate,0.5 Hz,0.5,Hz beat rate,"{""beat_rate_hz"": 0.5, ""frequencies_hz"": ""440,440.5""}",rubber_band,Rubber Band,local hybrid spectral/time-domain proxy,-12,20,0.46439909297052157,223.52778257810442,447.05556515620884,0.9958611915304679
critical_beating_rate_0_5hz,critical_beating_rate,0.5 Hz,0.5,Hz beat rate,"{""beat_rate_hz"": 0.5, ""frequencies_hz"": ""440,440.5""}",rubber_band,Rubber Band,local hybrid spectral/time-domain proxy,-12,21,0.4876190476190476,223.49793474390347,446.99586948780694,0.9958239845611473
critical_beating_rate_0_5hz,critical_beating_rate,0.5 Hz,0.5,Hz beat rate,"{""beat_rate_hz"": 0.5, ""frequencies_hz"": ""440,440.5""}",rubber_band,Rubber Band,local hybrid spectral/time-domain proxy,-12,22,0.5108390022675737,223.5014132070111,447.0028264140222,0.9956834194550791
critical_beating_rate_0_5hz,critical_beating_rate,0.5 Hz,0.5,Hz beat rate,"{""beat_rate_hz"": 0.5, ""frequencies_hz"": ""440,440.5""}",rubber_band,Rubber Band,local hybrid spectral/time-domain proxy,-12,23,0.5340589569160997,223.51914168628971,447.03828337257943,0.9955020986812653
critical_beating_rate_0_5hz,critical_beating_rate,0.5 Hz,0.5,Hz beat rate,"{""beat_rate_hz"": 0.5, ""frequencies_hz"": ""440,440.5""}",rubber_band,Rubber Band,local hybrid spectral/time-domain proxy,-12,24,0.5572789115646258,223.5131657579127,447.0263315158254,0.9953258184094991
critical_beating_rate_0_5hz,critical_beating_rate,0.5 Hz,0.5,Hz beat rate,"{""beat_rate_hz"": 0.5, ""frequencies_hz"": ""440,440.5""}",rubber_band,Rubber Band,local hybrid spectral/time-domain proxy,-12,25,0.5804988662131519,223.5225939763881,447.0451879527762,0.9950375338789007
critical_beating_rate_0_5hz,critical_beating_rate,0.5 Hz,0.5,Hz beat rate,"{""beat_rate_hz"": 0.5, ""frequencies_hz"": ""440,440.5""}",rubber_band,Rubber Band,local hybrid spectral/time-domain proxy,-12,26,0.603718820861678,223.61372325790418,447.22744651580837,0.9944607636157714
critical_beating_rate_0_5hz,critical_beating_rate,0.5 Hz,0.5,Hz beat rate,"{""beat_rate_hz"": 0.5, ""frequencies_hz"": ""440,440.5""}",rubber_band,Rubber Band,local hybrid spectral/time-domain proxy,-12,27,0.626938775510204,223.79848636330075,447.5969727266015,0.9933709951701749
critical_beating_rate_0_5hz,critical_beating_rate,0.5 Hz,0.5,Hz beat rate,"{""beat_rate_hz"": 0.5, ""frequencies_hz"": ""440,440.5""}",rubber_band,Rubber Band,local hybrid spectral/time-domain proxy,-12,28,0.6501587301587302,224.18767630047253,448.37535260094506,0.9911267593346159
critical_beating_rate_0_5hz,critical_beating_rate,0.5 Hz,0.5,Hz beat rate,"{""beat_rate_hz"": 0.5, ""frequencies_hz"": ""440,440.5""}",rubber_band,Rubber Band,local hybrid spectral/time-domain proxy,-12,29,0.6733786848072563,224.74058659918245,449.4811731983649,0.988001849805168
critical_beating_rate_0_5hz,critical_beating_rate,0.5 Hz,0.5,Hz beat rate,"{""beat_rate_hz"": 0.5, ""frequencies_hz"": ""440,440.5""}",rubber_band,Rubber Band,local hybrid spectral/time-domain proxy,-12,30,0.6965986394557823,223.7970575855096,447.5941151710192,0.9894652602799309
critical_beating_rate_0_5hz,critical_beating_rate,0.5 Hz,0.5,Hz beat rate,"{""beat_rate_hz"": 0.5, ""frequencies_hz"": ""440,440.5""}",rubber_band,Rubber Band,local hybrid spectral/time-domain proxy,-12,31,0.7198185941043084,222.7514384621311,445.5028769242622,0.9927961629683197
critical_beating_rate_0_5hz,critical_beating_rate,0.5 Hz,0.5,Hz beat rate,"{""beat_rate_hz"": 0.5, ""frequencies_hz"": ""440,440.5""}",rubber_band,Rubber Band,local hybrid spectral/time-domain proxy,-12,32,0.7430385487528345,222.53178354200926,445.06356708401853,0.9943725280706464
critical_beating_rate_0_5hz,critical_beating_rate,0.5 Hz,0.5,Hz beat rate,"{""beat_rate_hz"": 0.5, ""frequencies_hz"": ""440,440.5""}",rubber_band,Rubber Band,local hybrid spectral/time-domain proxy,-12,33,0.7662585034013606,222.84674722338778,445.69349444677556,0.9949502900843084
critical_beating_rate_0_5hz,critical_beating_rate,0.5 Hz,0.5,Hz beat rate,"{""beat_rate_hz"": 0.5, ""frequencies_hz"": ""440,440.5""}",rubber_band,Rubber Band,local hybrid spectral/time-domain proxy,-12,34,0.7894784580498866,223.04548857834033,446.09097715668065,0.9953640631507846
critical_beating_rate_0_5hz,critical_beating_rate,0.5 Hz,0.5,Hz beat rate,"{""beat_rate_hz"": 0.5, ""frequencies_hz"": ""440,440.5""}",rubber_band,Rubber Band,local hybrid spectral/time-domain proxy,-12,35,0.8126984126984127,223.03819703061856,446.0763940612371,0.9956836808759446
critical_beating_rate_0_5hz,critical_beating_rate,0.5 Hz,0.5,Hz beat rate,"{""beat_rate_hz"": 0.5, ""frequencies_hz"": ""440,440.5""}",rubber_band,Rubber Band,local hybrid spectral/time-domain proxy,-12,36,0.8359183673469388,223.04697800991866,446.0939560198373,0.9957643189221188
critical_beating_rate_0_5hz,critical_beating_rate,0.5 Hz,0.5,Hz beat rate,"{""beat_rate_hz"": 0.5, ""frequencies_hz"": ""440,440.5""}",rubber_band,Rubber Band,local hybrid spectral/time-domain proxy,-12,37,0.8591383219954648,223.08813960919747,446.17627921839494,0.9957981556201876
critical_beating_rate_0_5hz,critical_beating_rate,0.5 Hz,0.5,Hz beat rate,"{""beat_rate_hz"": 0.5, ""frequencies_hz"": ""440,440.5""}",rubber_band,Rubber Band,local hybrid spectral/time-domain proxy,-12,38,0.8823582766439909,223.08716878788468,446.17433757576936,0.9959187343537236
critical_beating_rate_0_5hz,critical_beating_rate,0.5 Hz,0.5,Hz beat rate,"{""beat_rate_hz"": 0.5, ""frequencies_hz"": ""440,440.5""}",rubber_band,Rubber Band,local hybrid spectral/time-domain proxy,-12,39,0.905578231292517,223.09903363280293,446.19806726560586,0.9959729926362922
critical_beating_rate_0_5hz,critical_beating_rate,0.5 Hz,0.5,Hz beat rate,"{""beat_rate_hz"": 0.5, ""frequencies_hz"": ""440,440.5""}",rubber_band,Rubber Band,local hybrid spectral/time-domain proxy,-12,40,0.9287981859410431,223.1394819755222,446.2789639510444,0.9959129014223295
critical_beating_rate_0_5hz,critical_beating_rate,0.5 Hz,0.5,Hz beat rate,"{""beat_rate_hz"": 0.5, ""frequencies_hz"": ""440,440.5""}",rubber_band,Rubber Band,local hybrid spectral/time-domain proxy,-12,41,0.9520181405895691,223.11852565640612,446.23705131281224,0.995903132199783
critical_beating_rate_0_5hz,critical_beating_rate,0.5 Hz,0.5,Hz beat rate,"{""beat_rate_hz"": 0.5, ""frequencies_hz"": ""440,440.5""}",rubber_band,Rubber Band,local hybrid spectral/time-domain proxy,-12,42,0.9752380952380952,223.04973714021472,446.09947428042943,0.9959781380148798
critical_beating_rate_0_5hz,critical_beating_rate,0.5 Hz,0.5,Hz beat rate,"{""beat_rate_hz"": 0.5, ""frequencies_hz"": ""440,440.5""}",rubber_band,Rubber Band,local hybrid spectral/time-domain proxy,-12,43,0.9984580498866213,223.04411011815344,446.0882202363069,0.9960081746856125
critical_beating_rate_0_5hz,critical_beating_rate,0.5 Hz,0.5,Hz beat rate,"{""beat_rate_hz"": 0.5, ""frequencies_hz"": ""440,440.5""}",rubber_band,Rubber Band,local hybrid spectral/time-domain proxy,-12,44,1.0216780045351475,223.1025073883443,446.2050147766886,0.9959748610388255
critical_beating_rate_0_5hz,critical_beating_rate,0.5 Hz,0.5,Hz beat rate,"{""beat_rate_hz"": 0.5, ""frequencies_hz"": ""440,440.5""}",rubber_band,Rubber Band,local hybrid spectral/time-domain proxy,-12,45,1.0448979591836736,223.13602021635464,446.2720404327093,0.9959663782261625
critical_beating_rate_0_5hz,critical_beating_rate,0.5 Hz,0.5,Hz beat rate,"{""beat_rate_hz"": 0.5, ""frequencies_hz"": ""440,440.5""}",rubber_band,Rubber Band,local hybrid spectral/time-domain proxy,-12,46,1.0681179138321995,223.13073195604187,446.26146391208374,0.9960018580245118
critical_beating_rate_0_5hz,critical_beating_rate,0.5 Hz,0.5,Hz beat rate,"{""beat_rate_hz"": 0.5, ""frequencies_hz"": ""440,440.5""}",rubber_band,Rubber Band,local hybrid spectral/time-domain proxy,-12,47,1.0913378684807256,223.14603210141678,446.29206420283356,0.9960304959929379
critical_beating_rate_0_5hz,critical_beating_rate,0.5 Hz,0.5,Hz beat rate,"{""beat_rate_hz"": 0.5, ""frequencies_hz"": ""440,440.5""}",rubber_band,Rubber Band,local hybrid spectral/time-domain proxy,-12,48,1.1145578231292517,223.20873575423101,446.41747150846203,0.9960138719483781
critical_beating_rate_0_5hz,critical_beating_rate,0.5 Hz,0.5,Hz beat rate,"{""beat_rate_hz"": 0.5, ""frequencies_hz"": ""440,440.5""}",rubber_band,Rubber Band,local hybrid spectral/time-domain proxy,-12,49,1.1377777777777778,223.26851223665147,446.53702447330295,0.9959863689107585
critical_beating_rate_0_5hz,critical_beating_rate,0.5 Hz,0.5,Hz beat rate,"{""beat_rate_hz"": 0.5, ""frequencies_hz"": ""440,440.5""}",rubber_band,Rubber Band,local hybrid spectral/time-domain proxy,-12,50,1.1609977324263039,223.27438872101206,446.5487774420241,0.9959913812471761
critical_beating_rate_0_5hz,critical_beating_rate,0.5 Hz,0.5,Hz beat rate,"{""beat_rate_hz"": 0.5, ""frequencies_hz"": ""440,440.5""}",rubber_band,Rubber Band,local hybrid spectral/time-domain proxy,-12,51,1.18421768707483,223.24065017833613,446.48130035667225,0.9960227434073238
critical_beating_rate_0_5hz,critical_beating_rate,0.5 Hz,0.5,Hz beat rate,"{""beat_rate_hz"": 0.5, ""frequencies_hz"": ""440,440.5""}",rubber_band,Rubber Band,local hybrid spectral/time-domain proxy,-12,52,1.207437641723356,223.2200337600438,446.4400675200876,0.9960347253458723
critical_beating_rate_0_5hz,critical_beating_rate,0.5 Hz,0.5,Hz beat rate,"{""beat_rate_hz"": 0.5, ""frequencies_hz"": ""440,440.5""}",rubber_band,Rubber Band,local hybrid spectral/time-domain proxy,-12,53,1.230657596371882,223.22571727222808,446.45143454445616,0.9960080594488592
critical_beating_rate_0_5hz,critical_beating_rate,0.5 Hz,0.5,Hz beat rate,"{""beat_rate_hz"": 0.5, ""frequencies_hz"": ""440,440.5""}",rubber_band,Rubber Band,local hybrid spectral/time-domain proxy,-12,54,1.253877551020408,223.21529037231406,446.4305807446281,0.9959912771895759
critical_beating_rate_0_5hz,critical_beating_rate,0.5 Hz,0.5,Hz beat rate,"{""beat_rate_hz"": 0.5, ""frequencies_hz"": ""440,440.5""}",rubber_band,Rubber Band,local hybrid spectral/time-domain proxy,-12,55,1.2770975056689342,223.18006321187067,446.36012642374135,0.9960035372005591
critical_beating_rate_0_5hz,critical_beating_rate,0.5 Hz,0.5,Hz beat rate,"{""beat_rate_hz"": 0.5, ""frequencies_hz"": ""440,440.5""}",rubber_band,Rubber Band,local hybrid spectral/time-domain proxy,-12,56,1.3003174603174603,223.16177581438566,446.3235516287713,0.996004275302657
critical_beating_rate_0_5hz,critical_beating_rate,0.5 Hz,0.5,Hz beat rate,"{""beat_rate_hz"": 0.5, ""frequencies_hz"": ""440,440.5""}",rubber_band,Rubber Band,local hybrid spectral/time-domain proxy,-12,57,1.3235374149659864,223.16838484338277,446.33676968676554,0.9959872828209387
critical_beating_rate_0_5hz,critical_beating_rate,0.5 Hz,0.5,Hz beat rate,"{""beat_rate_hz"": 0.5, ""frequencies_hz"": ""440,440.5""}",rubber_band,Rubber Band,local hybrid spectral/time-domain proxy,-12,58,1.3467573696145125,223.16444701499267,446.32889402998535,0.9959964514180567
critical_beating_rate_0_5hz,critical_beating_rate,0.5 Hz,0.5,Hz beat rate,"{""beat_rate_hz"": 0.5, ""frequencies_hz"": ""440,440.5""}",rubber_band,Rubber Band,local hybrid spectral/time-domain proxy,-12,59,1.3699773242630386,223.155437964689,446.310875929378,0.9960326232696722
critical_beating_rate_0_5hz,critical_beating_rate,0.5 Hz,0.5,Hz beat rate,"{""beat_rate_hz"": 0.5, ""frequencies_hz"": ""440,440.5""}",rubber_band,Rubber Band,local hybrid spectral/time-domain proxy,-12,60,1.3931972789115645,223.19118045619638,446.38236091239276,0.9960338842482745
critical_beating_rate_0_5hz,critical_beating_rate,0.5 Hz,0.5,Hz beat rate,"{""beat_rate_hz"": 0.5, ""frequencies_hz"": ""440,440.5""}",rubber_band,Rubber Band,local hybrid spectral/time-domain proxy,-12,61,1.4164172335600906,223.25791138473917,446.51582276947835,0.9960048143445283
critical_beating_rate_0_5hz,critical_beating_rate,0.5 Hz,0.5,Hz beat rate,"{""beat_rate_hz"": 0.5, ""frequencies_hz"": ""440,440.5""}",rubber_band,Rubber Band,local hybrid spectral/time-domain proxy,-12,62,1.4396371882086167,223.29230838772588,446.58461677545176,0.9960069505204393
critical_beating_rate_0_5hz,critical_beating_rate,0.5 Hz,0.5,Hz beat rate,"{""beat_rate_hz"": 0.5, ""frequencies_hz"": ""440,440.5""}",rubber_band,Rubber Band,local hybrid spectral/time-domain proxy,-12,63,1.4628571428571429,223.29615046453893,446.59230092907785,0.9960223364329305
critical_beating_rate_0_5hz,critical_beating_rate,0.5 Hz,0.5,Hz beat rate,"{""beat_rate_hz"": 0.5, ""frequencies_hz"": ""440,440.5""}",rubber_band,Rubber Band,local hybrid spectral/time-domain proxy,-12,64,1.486077097505669,223.30272661723177,446.60545323446354,0.99600628118214
critical_beating_rate_0_5hz,critical_beating_rate,0.5 Hz,0.5,Hz beat rate,"{""beat_rate_hz"": 0.5, ""frequencies_hz"": ""440,440.5""}",rubber_band,Rubber Band,local hybrid spectral/time-domain proxy,-12,65,1.509297052154195,223.2918881263965,446.583776252793,0.9959930792403332
critical_beating_rate_0_5hz,critical_beating_rate,0.5 Hz,0.5,Hz beat rate,"{""beat_rate_hz"": 0.5, ""frequencies_hz"": ""440,440.5""}",rubber_band,Rubber Band,local hybrid spectral/time-domain proxy,-12,66,1.5325170068027212,223.24987513419836,446.4997502683967,0.9960079736387909
critical_beating_rate_0_5hz,critical_beating_rate,0.5 Hz,0.5,Hz beat rate,"{""beat_rate_hz"": 0.5, ""frequencies_hz"": ""440,440.5""}",rubber_band,Rubber Band,local hybrid spectral/time-domain proxy,-12,67,1.555736961451247,223.21273196446938,446.42546392893877,0.9960103990985232
critical_beating_rate_0_5hz,critical_beating_rate,0.5 Hz,0.5,Hz beat rate,"{""beat_rate_hz"": 0.5, ""frequencies_hz"": ""440,440.5""}",rubber_band,Rubber Band,local hybrid spectral/time-domain proxy,-12,68,1.5789569160997732,223.19403244506125,446.3880648901225,0.9959997687676083
critical_beating_rate_0_5hz,critical_beating_rate,0.5 Hz,0.5,Hz beat rate,"{""beat_rate_hz"": 0.5, ""frequencies_hz"": ""440,440.5""}",rubber_band,Rubber Band,local hybrid spectral/time-domain proxy,-12,69,1.6021768707482993,223.18195974926425,446.3639194985285,0.9959998916590758
critical_beating_rate_0_5hz,critical_beating_rate,0.5 Hz,0.5,Hz beat rate,"{""beat_rate_hz"": 0.5, ""frequencies_hz"": ""440,440.5""}",rubber_band,Rubber Band,local hybrid spectral/time-domain proxy,-12,70,1.6253968253968254,223.1804004095397,446.3608008190794,0.9960017323317134
critical_beating_rate_0_5hz,critical_beating_rate,0.5 Hz,0.5,Hz beat rate,"{""beat_rate_hz"": 0.5, ""frequencies_hz"": ""440,440.5""}",rubber_band,Rubber Band,local hybrid spectral/time-domain proxy,-12,71,1.6486167800453515,223.1931150867029,446.3862301734058,0.9960040057261663
critical_beating_rate_0_5hz,critical_beating_rate,0.5 Hz,0.5,Hz beat rate,"{""beat_rate_hz"": 0.5, ""frequencies_hz"": ""440,440.5""}",rubber_band,Rubber Band,local hybrid spectral/time-domain proxy,-12,72,1.6718367346938776,223.22177888365775,446.4435577673155,0.996007082456026
critical_beating_rate_0_5hz,critical_beating_rate,0.5 Hz,0.5,Hz beat rate,"{""beat_rate_hz"": 0.5, ""frequencies_hz"": ""440,440.5""}",rubber_band,Rubber Band,local hybrid spectral/time-domain proxy,-12,73,1.6950566893424037,223.2672844400721,446.5345688801442,0.9959983782358285
critical_beating_rate_0_5hz,critical_beating_rate,0.5 Hz,0.5,Hz beat rate,"{""beat_rate_hz"": 0.5, ""frequencies_hz"": ""440,440.5""}",rubber_band,Rubber Band,local hybrid spectral/time-domain proxy,-12,74,1.7182766439909296,223.307437078687,446.614874157374,0.9959936085932969
critical_beating_rate_0_5hz,critical_beating_rate,0.5 Hz,0.5,Hz beat rate,"{""beat_rate_hz"": 0.5, ""frequencies_hz"": ""440,440.5""}",rubber_band,Rubber Band,local hybrid spectral/time-domain proxy,-12,75,1.7414965986394557,223.32375725563628,446.64751451127256,0.9960034020321565
critical_beating_rate_0_5hz,critical_beating_rate,0.5 Hz,0.5,Hz beat rate,"{""beat_rate_hz"": 0.5, ""frequencies_hz"": ""440,440.5""}",rubber_band,Rubber Band,local hybrid spectral/time-domain proxy,-12,76,1.7647165532879818,223.32376233002282,446.64752466004563,0.9960084703180903
critical_beating_rate_0_5hz,critical_beating_rate,0.5 Hz,0.5,Hz beat rate,"{""beat_rate_hz"": 0.5, ""frequencies_hz"": ""440,440.5""}",rubber_band,Rubber Band,local hybrid spectral/time-domain proxy,-12,77,1.787936507936508,223.31179344290322,446.62358688580645,0.99600859645448
critical_beating_rate_0_5hz,critical_beating_rate,0.5 Hz,0.5,Hz beat rate,"{""beat_rate_hz"": 0.5, ""frequencies_hz"": ""440,440.5""}",rubber_band,Rubber Band,local hybrid spectral/time-domain proxy,-12,78,1.811156462585034,223.2903765160896,446.5807530321792,0.9960049096354958
critical_beating_rate_0_5hz,critical_beating_rate,0.5 Hz,0.5,Hz beat rate,"{""beat_rate_hz"": 0.5, ""frequencies_hz"": ""440,440.5""}",rubber_band,Rubber Band,local hybrid spectral/time-domain proxy,-12,79,1.8343764172335602,223.2637647637866,446.5275295275732,0.995995410705509
critical_beating_rate_0_5hz,critical_beating_rate,0.5 Hz,0.5,Hz beat rate,"{""beat_rate_hz"": 0.5, ""frequencies_hz"": ""440,440.5""}",rubber_band,Rubber Band,local hybrid spectral/time-domain proxy,-12,80,1.8575963718820863,223.2323604967376,446.4647209934752,0.9959971418405922
critical_beating_rate_0_5hz,critical_beating_rate,0.5 Hz,0.5,Hz beat rate,"{""beat_rate_hz"": 0.5, ""frequencies_hz"": ""440,440.5""}",rubber_band,Rubber Band,local hybrid spectral/time-domain proxy,-12,81,1.8808163265306121,223.23747347190928,446.47494694381857,0.9959714686969035
critical_beating_rate_0_5hz,critical_beating_rate,0.5 Hz,0.5,Hz beat rate,"{""beat_rate_hz"": 0.5, ""frequencies_hz"": ""440,440.5""}",rubber_band,Rubber Band,local hybrid spectral/time-domain proxy,-12,82,1.9040362811791383,223.4548996497518,446.9097992995036,0.995816133615474
critical_beating_rate_0_5hz,critical_beating_rate,0.5 Hz,0.5,Hz beat rate,"{""beat_rate_hz"": 0.5, ""frequencies_hz"": ""440,440.5""}",rubber_band,Rubber Band,local hybrid spectral/time-domain proxy,-12,83,1.9272562358276644,,,0.06760860817172656
critical_beating_rate_0_5hz,critical_beating_rate,0.5 Hz,0.5,Hz beat rate,"{""beat_rate_hz"": 0.5, ""frequencies_hz"": ""440,440.5""}",rubber_band,Rubber Band,local hybrid spectral/time-domain proxy,-12,84,1.9504761904761905,,,0.004255993159527261
critical_beating_rate_0_5hz,critical_beating_rate,0.5 Hz,0.5,Hz beat rate,"{""beat_rate_hz"": 0.5, ""frequencies_hz"": ""440,440.5""}",rubber_band,Rubber Band,local hybrid spectral/time-domain proxy,-12,85,1.9736961451247166,,,0.001125599589608747
critical_beating_rate_0_5hz,critical_beating_rate,0.5 Hz,0.5,Hz beat rate,"{""beat_rate_hz"": 0.5, ""frequencies_hz"": ""440,440.5""}",rubber_band,Rubber Band,local hybrid spectral/time-domain proxy,-12,86,1.9969160997732427,,,0.0006734939804721841
critical_beating_rate_0_5hz,critical_beating_rate,0.5 Hz,0.5,Hz beat rate,"{""beat_rate_hz"": 0.5, ""frequencies_hz"": ""440,440.5""}",wsola,WSOLA,local waveform-similarity overlap-add,-12,0,0.0,,,0.03249303702032306
critical_beating_rate_0_5hz,critical_beating_rate,0.5 Hz,0.5,Hz beat rate,"{""beat_rate_hz"": 0.5, ""frequencies_hz"": ""440,440.5""}",wsola,WSOLA,local waveform-similarity overlap-add,-12,1,0.023219954648526078,,,0.03292412073562714
critical_beating_rate_0_5hz,critical_beating_rate,0.5 Hz,0.5,Hz beat rate,"{""beat_rate_hz"": 0.5, ""frequencies_hz"": ""440,440.5""}",wsola,WSOLA,local waveform-similarity overlap-add,-12,2,0.046439909297052155,,,0.03595480476889947
critical_beating_rate_0_5hz,critical_beating_rate,0.5 Hz,0.5,Hz beat rate,"{""beat_rate_hz"": 0.5, ""frequencies_hz"": ""440,440.5""}",wsola,WSOLA,local waveform-similarity overlap-add,-12,3,0.06965986394557823,,,0.08256147644116124
critical_beating_rate_0_5hz,critical_beating_rate,0.5 Hz,0.5,Hz beat rate,"{""beat_rate_hz"": 0.5, ""frequencies_hz"": ""440,440.5""}",wsola,WSOLA,local waveform-similarity overlap-add,-12,4,0.09287981859410431,,,0.9995749433276588
critical_beating_rate_0_5hz,critical_beating_rate,0.5 Hz,0.5,Hz beat rate,"{""beat_rate_hz"": 0.5, ""frequencies_hz"": ""440,440.5""}",wsola,WSOLA,local waveform-similarity overlap-add,-12,5,0.11609977324263039,223.2007351550278,446.4014703100556,0.9953834632936144
critical_beating_rate_0_5hz,critical_beating_rate,0.5 Hz,0.5,Hz beat rate,"{""beat_rate_hz"": 0.5, ""frequencies_hz"": ""440,440.5""}",wsola,WSOLA,local waveform-similarity overlap-add,-12,6,0.13931972789115646,223.51514406410965,447.0302881282193,0.9953300417103964
critical_beating_rate_0_5hz,critical_beating_rate,0.5 Hz,0.5,Hz beat rate,"{""beat_rate_hz"": 0.5, ""frequencies_hz"": ""440,440.5""}",wsola,WSOLA,local waveform-similarity overlap-add,-12,7,0.16253968253968254,223.42672515126557,446.85345030253114,0.9956491624309536
critical_beating_rate_0_5hz,critical_beating_rate,0.5 Hz,0.5,Hz beat rate,"{""beat_rate_hz"": 0.5, ""frequencies_hz"": ""440,440.5""}",wsola,WSOLA,local waveform-similarity overlap-add,-12,8,0.18575963718820862,223.252231074903,446.504462149806,0.9959456527708352
critical_beating_rate_0_5hz,critical_beating_rate,0.5 Hz,0.5,Hz beat rate,"{""beat_rate_hz"": 0.5, ""frequencies_hz"": ""440,440.5""}",wsola,WSOLA,local waveform-similarity overlap-add,-12,9,0.2089795918367347,223.28355800900036,446.5671160180007,0.9959344951109527
critical_beating_rate_0_5hz,critical_beating_rate,0.5 Hz,0.5,Hz beat rate,"{""beat_rate_hz"": 0.5, ""frequencies_hz"": ""440,440.5""}",wsola,WSOLA,local waveform-similarity overlap-add,-12,10,0.23219954648526078,223.34822367471864,446.6964473494373,0.9958919895154794
critical_beating_rate_0_5hz,critical_beating_rate,0.5 Hz,0.5,Hz beat rate,"{""beat_rate_hz"": 0.5, ""frequencies_hz"": ""440,440.5""}",wsola,WSOLA,local waveform-similarity overlap-add,-12,11,0.25541950113378686,223.32315158789424,446.6463031757885,0.9959403476376851
critical_beating_rate_0_5hz,critical_beating_rate,0.5 Hz,0.5,Hz beat rate,"{""beat_rate_hz"": 0.5, ""frequencies_hz"": ""440,440.5""}",wsola,WSOLA,local waveform-similarity overlap-add,-12,12,0.2786394557823129,223.30947430831893,446.61894861663785,0.995947163467647
critical_beating_rate_0_5hz,critical_beating_rate,0.5 Hz,0.5,Hz beat rate,"{""beat_rate_hz"": 0.5, ""frequencies_hz"": ""440,440.5""}",wsola,WSOLA,local waveform-similarity overlap-add,-12,13,0.301859410430839,223.33393190734262,446.66786381468523,0.9959251764260626
critical_beating_rate_0_5hz,critical_beating_rate,0.5 Hz,0.5,Hz beat rate,"{""beat_rate_hz"": 0.5, ""frequencies_hz"": ""440,440.5""}",wsola,WSOLA,local waveform-similarity overlap-add,-12,14,0.3250793650793651,223.33707417004427,446.67414834008855,0.995943252799575
critical_beating_rate_0_5hz,critical_beating_rate,0.5 Hz,0.5,Hz beat rate,"{""beat_rate_hz"": 0.5, ""frequencies_hz"": ""440,440.5""}",wsola,WSOLA,local waveform-similarity overlap-add,-12,15,0.34829931972789113,223.33509863999677,446.67019727999354,0.9959386398789077
critical_beating_rate_0_5hz,critical_beating_rate,0.5 Hz,0.5,Hz beat rate,"{""beat_rate_hz"": 0.5, ""frequencies_hz"": ""440,440.5""}",wsola,WSOLA,local waveform-similarity overlap-add,-12,16,0.37151927437641724,223.37185889119377,446.74371778238753,0.9958631994530756
critical_beating_rate_0_5hz,critical_beating_rate,0.5 Hz,0.5,Hz beat rate,"{""beat_rate_hz"": 0.5, ""frequencies_hz"": ""440,440.5""}",wsola,WSOLA,local waveform-similarity overlap-add,-12,17,0.3947392290249433,223.42010899756903,446.84021799513806,0.9958015837489306
critical_beating_rate_0_5hz,critical_beating_rate,0.5 Hz,0.5,Hz beat rate,"{""beat_rate_hz"": 0.5, ""frequencies_hz"": ""440,440.5""}",wsola,WSOLA,local waveform-similarity overlap-add,-12,18,0.4179591836734694,223.4388913293317,446.8777826586634,0.9958132414840929
critical_beating_rate_0_5hz,critical_beating_rate,0.5 Hz,0.5,Hz beat rate,"{""beat_rate_hz"": 0.5, ""frequencies_hz"": ""440,440.5""}",wsola,WSOLA,local waveform-similarity overlap-add,-12,19,0.44117913832199546,223.42637852287845,446.8527570457569,0.9958555540604289
critical_beating_rate_0_5hz,critical_beating_rate,0.5 Hz,0.5,Hz beat rate,"{""beat_rate_hz"": 0.5, ""frequencies_hz"": ""440,440.5""}",wsola,WSOLA,local waveform-similarity overlap-add,-12,20,0.46439909297052157,223.39885532143788,446.79771064287576,0.9958717951227611
critical_beating_rate_0_5hz,critical_beating_rate,0.5 Hz,0.5,Hz beat rate,"{""beat_rate_hz"": 0.5, ""frequencies_hz"": ""440,440.5""}",wsola,WSOLA,local waveform-similarity overlap-add,-12,21,0.4876190476190476,223.39318913789066,446.7863782757813,0.9958186179028073
critical_beating_rate_0_5hz,critical_beating_rate,0.5 Hz,0.5,Hz beat rate,"{""beat_rate_hz"": 0.5, ""frequencies_hz"": ""440,440.5""}",wsola,WSOLA,local waveform-similarity overlap-add,-12,22,0.5108390022675737,223.44689496063327,446.89378992126655,0.9956609052446684
critical_beating_rate_0_5hz,critical_beating_rate,0.5 Hz,0.5,Hz beat rate,"{""beat_rate_hz"": 0.5, ""frequencies_hz"": ""440,440.5""}",wsola,WSOLA,local waveform-similarity overlap-add,-12,23,0.5340589569160997,223.52535467181954,447.0507093436391,0.995458125669346
critical_beating_rate_0_5hz,critical_beating_rate,0.5 Hz,0.5,Hz beat rate,"{""beat_rate_hz"": 0.5, ""frequencies_hz"": ""440,440.5""}",wsola,WSOLA,local waveform-similarity overlap-add,-12,24,0.5572789115646258,223.57314191091672,447.14628382183344,0.9952770169024268
critical_beating_rate_0_5hz,critical_beating_rate,0.5 Hz,0.5,Hz beat rate,"{""beat_rate_hz"": 0.5, ""frequencies_hz"": ""440,440.5""}",wsola,WSOLA,local waveform-similarity overlap-add,-12,25,0.5804988662131519,223.6196606360546,447.2393212721092,0.9950159559581587
critical_beating_rate_0_5hz,critical_beating_rate,0.5 Hz,0.5,Hz beat rate,"{""beat_rate_hz"": 0.5, ""frequencies_hz"": ""440,440.5""}",wsola,WSOLA,local waveform-similarity overlap-add,-12,26,0.603718820861678,223.7351885693715,447.470377138743,0.9944649934034883
critical_beating_rate_0_5hz,critical_beating_rate,0.5 Hz,0.5,Hz beat rate,"{""beat_rate_hz"": 0.5, ""frequencies_hz"": ""440,440.5""}",wsola,WSOLA,local waveform-similarity overlap-add,-12,27,0.626938775510204,223.93214939681206,447.86429879362413,0.993468838673875
critical_beating_rate_0_5hz,critical_beating_rate,0.5 Hz,0.5,Hz beat rate,"{""beat_rate_hz"": 0.5, ""frequencies_hz"": ""440,440.5""}",wsola,WSOLA,local waveform-similarity overlap-add,-12,28,0.6501587301587302,224.30625356026403,448.61250712052805,0.9911058727312236
critical_beating_rate_0_5hz,critical_beating_rate,0.5 Hz,0.5,Hz beat rate,"{""beat_rate_hz"": 0.5, ""frequencies_hz"": ""440,440.5""}",wsola,WSOLA,local waveform-similarity overlap-add,-12,29,0.6733786848072563,224.80155192548798,449.60310385097597,0.9876395826055606
critical_beating_rate_0_5hz,critical_beating_rate,0.5 Hz,0.5,Hz beat rate,"{""beat_rate_hz"": 0.5, ""frequencies_hz"": ""440,440.5""}",wsola,WSOLA,local waveform-similarity overlap-add,-12,30,0.6965986394557823,223.82176472692385,447.6435294538477,0.9892033746139821
critical_beating_rate_0_5hz,critical_beating_rate,0.5 Hz,0.5,Hz beat rate,"{""beat_rate_hz"": 0.5, ""frequencies_hz"": ""440,440.5""}",wsola,WSOLA,local waveform-similarity overlap-add,-12,31,0.7198185941043084,222.77036751410702,445.54073502821404,0.9927054578092107
critical_beating_rate_0_5hz,critical_beating_rate,0.5 Hz,0.5,Hz beat rate,"{""beat_rate_hz"": 0.5, ""frequencies_hz"": ""440,440.5""}",wsola,WSOLA,local waveform-similarity overlap-add,-12,32,0.7430385487528345,222.55001335080138,445.10002670160276,0.9943559430404879
critical_beating_rate_0_5hz,critical_beating_rate,0.5 Hz,0.5,Hz beat rate,"{""beat_rate_hz"": 0.5, ""frequencies_hz"": ""440,440.5""}",wsola,WSOLA,local waveform-similarity overlap-add,-12,33,0.7662585034013606,222.8534104477278,445.7068208954556,0.9949499656954359
critical_beating_rate_0_5hz,critical_beating_rate,0.5 Hz,0.5,Hz beat rate,"{""beat_rate_hz"": 0.5, ""frequencies_hz"": ""440,440.5""}",wsola,WSOLA,local waveform-similarity overlap-add,-12,34,0.7894784580498866,223.03019044722578,446.06038089445155,0.9953570627478254
critical_beating_rate_0_5hz,critical_beating_rate,0.5 Hz,0.5,Hz beat rate,"{""beat_rate_hz"": 0.5, ""frequencies_hz"": ""440,440.5""}",wsola,WSOLA,local waveform-similarity overlap-add,-12,35,0.8126984126984127,223.0025920820303,446.0051841640606,0.995668554329752
critical_beating_rate_0_5hz,critical_beating_rate,0.5 Hz,0.5,Hz beat rate,"{""beat_rate_hz"": 0.5, ""frequencies_hz"": ""440,440.5""}",wsola,WSOLA,local waveform-similarity overlap-add,-12,36,0.8359183673469388,222.99712383123958,445.99424766247915,0.9957511648282171
critical_beating_rate_0_5hz,critical_beating_rate,0.5 Hz,0.5,Hz beat rate,"{""beat_rate_hz"": 0.5, ""frequencies_hz"": ""440,440.5""}",wsola,WSOLA,local waveform-similarity overlap-add,-12,37,0.8591383219954648,223.0318006815369,446.0636013630738,0.9957908732730484
critical_beating_rate_0_5hz,critical_beating_rate,0.5 Hz,0.5,Hz beat rate,"{""beat_rate_hz"": 0.5, ""frequencies_hz"": ""440,440.5""}",wsola,WSOLA,local waveform-similarity overlap-add,-12,38,0.8823582766439909,223.0359046686576,446.0718093373152,0.9959140765062898
critical_beating_rate_0_5hz,critical_beating_rate,0.5 Hz,0.5,Hz beat rate,"{""beat_rate_hz"": 0.5, ""frequencies_hz"": ""440,440.5""}",wsola,WSOLA,local waveform-similarity overlap-add,-12,39,0.905578231292517,223.0619280698522,446.1238561397044,0.9959748816887928
critical_beating_rate_0_5hz,critical_beating_rate,0.5 Hz,0.5,Hz beat rate,"{""beat_rate_hz"": 0.5, ""frequencies_hz"": ""440,440.5""}",wsola,WSOLA,local waveform-similarity overlap-add,-12,40,0.9287981859410431,223.12160560411357,446.24321120822714,0.9959266116637384
critical_beating_rate_0_5hz,critical_beating_rate,0.5 Hz,0.5,Hz beat rate,"{""beat_rate_hz"": 0.5, ""frequencies_hz"": ""440,440.5""}",wsola,WSOLA,local waveform-similarity overlap-add,-12,41,0.9520181405895691,223.12659904894153,446.25319809788306,0.9959207692628148
critical_beating_rate_0_5hz,critical_beating_rate,0.5 Hz,0.5,Hz beat rate,"{""beat_rate_hz"": 0.5, ""frequencies_hz"": ""440,440.5""}",wsola,WSOLA,local waveform-similarity overlap-add,-12,42,0.9752380952380952,223.08856203403607,446.17712406807215,0.9959894136166412
critical_beating_rate_0_5hz,critical_beating_rate,0.5 Hz,0.5,Hz beat rate,"{""beat_rate_hz"": 0.5, ""frequencies_hz"": ""440,440.5""}",wsola,WSOLA,local waveform-similarity overlap-add,-12,43,0.9984580498866213,223.10579905579826,446.2115981115965,0.9960137807329679
critical_beating_rate_0_5hz,critical_beating_rate,0.5 Hz,0.5,Hz beat rate,"{""beat_rate_hz"": 0.5, ""frequencies_hz"": ""440,440.5""}",wsola,WSOLA,local waveform-similarity overlap-add,-12,44,1.0216780045351475,223.1653959637472,446.3307919274944,0.9959833954917214
critical_beating_rate_0_5hz,critical_beating_rate,0.5 Hz,0.5,Hz beat rate,"{""beat_rate_hz"": 0.5, ""frequencies_hz"": ""440,440.5""}",wsola,WSOLA,local waveform-similarity overlap-add,-12,45,1.0448979591836736,223.183939959017,446.367879918034,0.9959759817507107
critical_beating_rate_0_5hz,critical_beating_rate,0.5 Hz,0.5,Hz beat rate,"{""beat_rate_hz"": 0.5, ""frequencies_hz"": ""440,440.5""}",wsola,WSOLA,local waveform-similarity overlap-add,-12,46,1.0681179138321995,223.16227037715507,446.32454075431014,0.9960012142578483
critical_beating_rate_0_5hz,critical_beating_rate,0.5 Hz,0.5,Hz beat rate,"{""beat_rate_hz"": 0.5, ""frequencies_hz"": ""440,440.5""}",wsola,WSOLA,local waveform-similarity overlap-add,-12,47,1.0913378684807256,223.15840567079542,446.31681134159084,0.9960207194963633
critical_beating_rate_0_5hz,critical_beating_rate,0.5 Hz,0.5,Hz beat rate,"{""beat_rate_hz"": 0.5, ""frequencies_hz"": ""440,440.5""}",wsola,WSOLA,local waveform-similarity overlap-add,-12,48,1.1145578231292517,223.19183949297607,446.38367898595214,0.9960062060255175
critical_beating_rate_0_5hz,critical_beating_rate,0.5 Hz,0.5,Hz beat rate,"{""beat_rate_hz"": 0.5, ""frequencies_hz"": ""440,440.5""}",wsola,WSOLA,local waveform-similarity overlap-add,-12,49,1.1377777777777778,223.22077067747816,446.4415413549563,0.9959842582110344
critical_beating_rate_0_5hz,critical_beating_rate,0.5 Hz,0.5,Hz beat rate,"{""beat_rate_hz"": 0.5, ""frequencies_hz"": ""440,440.5""}",wsola,WSOLA,local waveform-similarity overlap-add,-12,50,1.1609977324263039,223.20993879658303,446.41987759316606,0.995989675870981
critical_beating_rate_0_5hz,critical_beating_rate,0.5 Hz,0.5,Hz beat rate,"{""beat_rate_hz"": 0.5, ""frequencies_hz"": ""440,440.5""}",wsola,WSOLA,local waveform-similarity overlap-add,-12,51,1.18421768707483,223.17855101053686,446.35710202107373,0.9960196385122295
critical_beating_rate_0_5hz,critical_beating_rate,0.5 Hz,0.5,Hz beat rate,"{""beat_rate_hz"": 0.5, ""frequencies_hz"": ""440,440.5""}",wsola,WSOLA,local waveform-similarity overlap-add,-12,52,1.207437641723356,223.17543154875003,446.35086309750005,0.996033503926997
critical_beating_rate_0_5hz,critical_beating_rate,0.5 Hz,0.5,Hz beat rate,"{""beat_rate_hz"": 0.5, ""frequencies_hz"": ""440,440.5""}",wsola,WSOLA,local waveform-similarity overlap-add,-12,53,1.230657596371882,223.20925530256955,446.4185106051391,0.9960105132377383
critical_beating_rate_0_5hz,critical_beating_rate,0.5 Hz,0.5,Hz beat rate,"{""beat_rate_hz"": 0.5, ""frequencies_hz"": ""440,440.5""}",wsola,WSOLA,local waveform-similarity overlap-add,-12,54,1.253877551020408,223.23141641972268,446.46283283944535,0.99599637146887
critical_beating_rate_0_5hz,critical_beating_rate,0.5 Hz,0.5,Hz beat rate,"{""beat_rate_hz"": 0.5, ""frequencies_hz"": ""440,440.5""}",wsola,WSOLA,local waveform-similarity overlap-add,-12,55,1.2770975056689342,223.22440359148626,446.44880718297253,0.9960101326231807
critical_beating_rate_0_5hz,critical_beating_rate,0.5 Hz,0.5,Hz beat rate,"{""beat_rate_hz"": 0.5, ""frequencies_hz"": ""440,440.5""}",wsola,WSOLA,local waveform-similarity overlap-add,-12,56,1.3003174603174603,223.2237882192197,446.4475764384394,0.996010500438286
critical_beating_rate_0_5hz,critical_beating_rate,0.5 Hz,0.5,Hz beat rate,"{""beat_rate_hz"": 0.5, ""frequencies_hz"": ""440,440.5""}",wsola,WSOLA,local waveform-similarity overlap-add,-12,57,1.3235374149659864,223.23451571921194,446.4690314384239,0.9959914020822334
critical_beating_rate_0_5hz,critical_beating_rate,0.5 Hz,0.5,Hz beat rate,"{""beat_rate_hz"": 0.5, ""frequencies_hz"": ""440,440.5""}",wsola,WSOLA,local waveform-similarity overlap-add,-12,58,1.3467573696145125,223.21962226830317,446.43924453660634,0.9959994461142153
critical_beating_rate_0_5hz,critical_beating_rate,0.5 Hz,0.5,Hz beat rate,"{""beat_rate_hz"": 0.5, ""frequencies_hz"": ""440,440.5""}",wsola,WSOLA,local waveform-similarity overlap-add,-12,59,1.3699773242630386,223.187230851704,446.374461703408,0.9960352814218082
critical_beating_rate_0_5hz,critical_beating_rate,0.5 Hz,0.5,Hz beat rate,"{""beat_rate_hz"": 0.5, ""frequencies_hz"": ""440,440.5""}",wsola,WSOLA,local waveform-similarity overlap-add,-12,60,1.3931972789115645,223.19238226798348,446.38476453596695,0.9960348565651163
critical_beating_rate_0_5hz,critical_beating_rate,0.5 Hz,0.5,Hz beat rate,"{""beat_rate_hz"": 0.5, ""frequencies_hz"": ""440,440.5""}",wsola,WSOLA,local waveform-similarity overlap-add,-12,61,1.4164172335600906,223.22649019948125,446.4529803989625,0.9960042989060153
critical_beating_rate_0_5hz,critical_beating_rate,0.5 Hz,0.5,Hz beat rate,"{""beat_rate_hz"": 0.5, ""frequencies_hz"": ""440,440.5""}",wsola,WSOLA,local waveform-similarity overlap-add,-12,62,1.4396371882086167,223.23474339133134,446.46948678266267,0.9960049686222685
critical_beating_rate_0_5hz,critical_beating_rate,0.5 Hz,0.5,Hz beat rate,"{""beat_rate_hz"": 0.5, ""frequencies_hz"": ""440,440.5""}",wsola,WSOLA,local waveform-similarity overlap-add,-12,63,1.4628571428571429,223.22704056567878,446.45408113135755,0.9960193232781982
critical_beating_rate_0_5hz,critical_beating_rate,0.5 Hz,0.5,Hz beat rate,"{""beat_rate_hz"": 0.5, ""frequencies_hz"": ""440,440.5""}",wsola,WSOLA,local waveform-similarity overlap-add,-12,64,1.486077097505669,223.23931860755462,446.47863721510925,0.9960051613325966
critical_beating_rate_0_5hz,critical_beating_rate,0.5 Hz,0.5,Hz beat rate,"{""beat_rate_hz"": 0.5, ""frequencies_hz"": ""440,440.5""}",wsola,WSOLA,local waveform-similarity overlap-add,-12,65,1.509297052154195,223.25049696202402,446.50099392404803,0.995994235415055
critical_beating_rate_0_5hz,critical_beating_rate,0.5 Hz,0.5,Hz beat rate,"{""beat_rate_hz"": 0.5, ""frequencies_hz"": ""440,440.5""}",wsola,WSOLA,local waveform-similarity overlap-add,-12,66,1.5325170068027212,223.24063599236248,446.48127198472497,0.9960103382448818
critical_beating_rate_0_5hz,critical_beating_rate,0.5 Hz,0.5,Hz beat rate,"{""beat_rate_hz"": 0.5, ""frequencies_hz"": ""440,440.5""}",wsola,WSOLA,local waveform-similarity overlap-add,-12,67,1.555736961451247,223.2369336361593,446.4738672723186,0.9960137841381472
critical_beating_rate_0_5hz,critical_beating_rate,0.5 Hz,0.5,Hz beat rate,"{""beat_rate_hz"": 0.5, ""frequencies_hz"": ""440,440.5""}",wsola,WSOLA,local waveform-similarity overlap-add,-12,68,1.5789569160997732,223.24583951089284,446.49167902178567,0.9960037349481067
critical_beating_rate_0_5hz,critical_beating_rate,0.5 Hz,0.5,Hz beat rate,"{""beat_rate_hz"": 0.5, ""frequencies_hz"": ""440,440.5""}",wsola,WSOLA,local waveform-similarity overlap-add,-12,69,1.6021768707482993,223.24935166127628,446.49870332255256,0.9960045431622065
critical_beating_rate_0_5hz,critical_beating_rate,0.5 Hz,0.5,Hz beat rate,"{""beat_rate_hz"": 0.5, ""frequencies_hz"": ""440,440.5""}",wsola,WSOLA,local waveform-similarity overlap-add,-12,70,1.6253968253968254,223.24807865000963,446.49615730001926,0.9960064269615057
critical_beating_rate_0_5hz,critical_beating_rate,0.5 Hz,0.5,Hz beat rate,"{""beat_rate_hz"": 0.5, ""frequencies_hz"": ""440,440.5""}",wsola,WSOLA,local waveform-similarity overlap-add,-12,71,1.6486167800453515,223.24565976069715,446.4913195213943,0.9960082993789364
critical_beating_rate_0_5hz,critical_beating_rate,0.5 Hz,0.5,Hz beat rate,"{""beat_rate_hz"": 0.5, ""frequencies_hz"": ""440,440.5""}",wsola,WSOLA,local waveform-similarity overlap-add,-12,72,1.6718367346938776,223.24678596241426,446.49357192482853,0.9960107617128415
critical_beating_rate_0_5hz,critical_beating_rate,0.5 Hz,0.5,Hz beat rate,"{""beat_rate_hz"": 0.5, ""frequencies_hz"": ""440,440.5""}",wsola,WSOLA,local waveform-similarity overlap-add,-12,73,1.6950566893424037,223.25787725227747,446.51575450455493,0.9960010562570938
critical_beating_rate_0_5hz,critical_beating_rate,0.5 Hz,0.5,Hz beat rate,"{""beat_rate_hz"": 0.5, ""frequencies_hz"": ""440,440.5""}",wsola,WSOLA,local waveform-similarity overlap-add,-12,74,1.7182766439909296,223.26443087737823,446.52886175475646,0.9959950426014238
critical_beating_rate_0_5hz,critical_beating_rate,0.5 Hz,0.5,Hz beat rate,"{""beat_rate_hz"": 0.5, ""frequencies_hz"": ""440,440.5""}",wsola,WSOLA,local waveform-similarity overlap-add,-12,75,1.7414965986394557,223.25746776887664,446.5149355377533,0.9960030508083066
critical_beating_rate_0_5hz,critical_beating_rate,0.5 Hz,0.5,Hz beat rate,"{""beat_rate_hz"": 0.5, ""frequencies_hz"": ""440,440.5""}",wsola,WSOLA,local waveform-similarity overlap-add,-12,76,1.7647165532879818,223.25107858393702,446.50215716787403,0.996007106413968
critical_beating_rate_0_5hz,critical_beating_rate,0.5 Hz,0.5,Hz beat rate,"{""beat_rate_hz"": 0.5, ""frequencies_hz"": ""440,440.5""}",wsola,WSOLA,local waveform-similarity overlap-add,-12,77,1.787936507936508,223.2514088516718,446.5028177033436,0.9960069782800289
critical_beating_rate_0_5hz,critical_beating_rate,0.5 Hz,0.5,Hz beat rate,"{""beat_rate_hz"": 0.5, ""frequencies_hz"": ""440,440.5""}",wsola,WSOLA,local waveform-similarity overlap-add,-12,78,1.811156462585034,223.2574946643438,446.5149893286876,0.9960037377198224
critical_beating_rate_0_5hz,critical_beating_rate,0.5 Hz,0.5,Hz beat rate,"{""beat_rate_hz"": 0.5, ""frequencies_hz"": ""440,440.5""}",wsola,WSOLA,local waveform-similarity overlap-add,-12,79,1.8343764172335602,223.26607655331514,446.5321531066303,0.9959954727506177
critical_beating_rate_0_5hz,critical_beating_rate,0.5 Hz,0.5,Hz beat rate,"{""beat_rate_hz"": 0.5, ""frequencies_hz"": ""440,440.5""}",wsola,WSOLA,local waveform-similarity overlap-add,-12,80,1.8575963718820863,223.26807493364058,446.53614986728115,0.9959985905104065
critical_beating_rate_0_5hz,critical_beating_rate,0.5 Hz,0.5,Hz beat rate,"{""beat_rate_hz"": 0.5, ""frequencies_hz"": ""440,440.5""}",wsola,WSOLA,local waveform-similarity overlap-add,-12,81,1.8808163265306121,223.29666729757824,446.5933345951565,0.9959718090688231
critical_beating_rate_0_5hz,critical_beating_rate,0.5 Hz,0.5,Hz beat rate,"{""beat_rate_hz"": 0.5, ""frequencies_hz"": ""440,440.5""}",wsola,WSOLA,local waveform-similarity overlap-add,-12,82,1.9040362811791383,223.5247174876987,447.0494349753974,0.9958084357539753
critical_beating_rate_0_5hz,critical_beating_rate,0.5 Hz,0.5,Hz beat rate,"{""beat_rate_hz"": 0.5, ""frequencies_hz"": ""440,440.5""}",wsola,WSOLA,local waveform-similarity overlap-add,-12,83,1.9272562358276644,,,0.07168180425033382
critical_beating_rate_0_5hz,critical_beating_rate,0.5 Hz,0.5,Hz beat rate,"{""beat_rate_hz"": 0.5, ""frequencies_hz"": ""440,440.5""}",wsola,WSOLA,local waveform-similarity overlap-add,-12,84,1.9504761904761905,,,0.006950919723468958
critical_beating_rate_0_5hz,critical_beating_rate,0.5 Hz,0.5,Hz beat rate,"{""beat_rate_hz"": 0.5, ""frequencies_hz"": ""440,440.5""}",wsola,WSOLA,local waveform-similarity overlap-add,-12,85,1.9736961451247166,,,0.003746382991376066
critical_beating_rate_0_5hz,critical_beating_rate,0.5 Hz,0.5,Hz beat rate,"{""beat_rate_hz"": 0.5, ""frequencies_hz"": ""440,440.5""}",wsola,WSOLA,local waveform-similarity overlap-add,-12,86,1.9969160997732427,,,0.003283485771124924
critical_two_oscillators_2_0hz,critical_two_oscillators,440 + 442,2.0,Hz separation,"{""frequencies_hz"": ""440,442"", ""separation_hz"": 2.0}",input,Input,source signal,0,0,0.0,441.02292880576744,441.02292880576744,0.9321494922949445
critical_two_oscillators_2_0hz,critical_two_oscillators,440 + 442,2.0,Hz separation,"{""frequencies_hz"": ""440,442"", ""separation_hz"": 2.0}",input,Input,source signal,0,1,0.023219954648526078,441.02271619598605,441.02271619598605,0.9492445299010427
critical_two_oscillators_2_0hz,critical_two_oscillators,440 + 442,2.0,Hz separation,"{""frequencies_hz"": ""440,442"", ""separation_hz"": 2.0}",input,Input,source signal,0,2,0.046439909297052155,441.02249587891777,441.02249587891777,0.9807971299363497
critical_two_oscillators_2_0hz,critical_two_oscillators,440 + 442,2.0,Hz separation,"{""frequencies_hz"": ""440,442"", ""separation_hz"": 2.0}",input,Input,source signal,0,3,0.06965986394557823,441.02273595817417,441.02273595817417,0.9972321637110054
critical_two_oscillators_2_0hz,critical_two_oscillators,440 + 442,2.0,Hz separation,"{""frequencies_hz"": ""440,442"", ""separation_hz"": 2.0}",input,Input,source signal,0,4,0.09287981859410431,441.02320996678134,441.02320996678134,0.9989548035548024
critical_two_oscillators_2_0hz,critical_two_oscillators,440 + 442,2.0,Hz separation,"{""frequencies_hz"": ""440,442"", ""separation_hz"": 2.0}",input,Input,source signal,0,5,0.11609977324263039,441.02373651489785,441.02373651489785,0.9989310947662684
critical_two_oscillators_2_0hz,critical_two_oscillators,440 + 442,2.0,Hz separation,"{""frequencies_hz"": ""440,442"", ""separation_hz"": 2.0}",input,Input,source signal,0,6,0.13931972789115646,441.0246359695933,441.0246359695933,0.9988906233468461
critical_two_oscillators_2_0hz,critical_two_oscillators,440 + 442,2.0,Hz separation,"{""frequencies_hz"": ""440,442"", ""separation_hz"": 2.0}",input,Input,source signal,0,7,0.16253968253968254,441.02628978514485,441.02628978514485,0.9988161747380385
critical_two_oscillators_2_0hz,critical_two_oscillators,440 + 442,2.0,Hz separation,"{""frequencies_hz"": ""440,442"", ""separation_hz"": 2.0}",input,Input,source signal,0,8,0.18575963718820862,441.0297144236598,441.0297144236598,0.9986621237162134
critical_two_oscillators_2_0hz,critical_two_oscillators,440 + 442,2.0,Hz separation,"{""frequencies_hz"": ""440,442"", ""separation_hz"": 2.0}",input,Input,source signal,0,9,0.2089795918367347,441.03805615274524,441.03805615274524,0.9982869543239838
critical_two_oscillators_2_0hz,critical_two_oscillators,440 + 442,2.0,Hz separation,"{""frequencies_hz"": ""440,442"", ""separation_hz"": 2.0}",input,Input,source signal,0,10,0.23219954648526078,441.0601534715079,441.0601534715079,0.9972948646947055
critical_two_oscillators_2_0hz,critical_two_oscillators,440 + 442,2.0,Hz separation,"{""frequencies_hz"": ""440,442"", ""separation_hz"": 2.0}",input,Input,source signal,0,11,0.25541950113378686,441.0753604922123,441.0753604922123,0.9966131567492356
critical_two_oscillators_2_0hz,critical_two_oscillators,440 + 442,2.0,Hz separation,"{""frequencies_hz"": ""440,442"", ""separation_hz"": 2.0}",input,Input,source signal,0,12,0.2786394557823129,441.0474406974952,441.0474406974952,0.9978653199807961
critical_two_oscillators_2_0hz,critical_two_oscillators,440 + 442,2.0,Hz separation,"{""frequencies_hz"": ""440,442"", ""separation_hz"": 2.0}",input,Input,source signal,0,13,0.301859410430839,441.0331793391402,441.0331793391402,0.9985062789511091
critical_two_oscillators_2_0hz,critical_two_oscillators,440 + 442,2.0,Hz separation,"{""frequencies_hz"": ""440,442"", ""separation_hz"": 2.0}",input,Input,source signal,0,14,0.3250793650793651,441.02778457255596,441.02778457255596,0.9987489122385437
critical_two_oscillators_2_0hz,critical_two_oscillators,440 + 442,2.0,Hz separation,"{""frequencies_hz"": ""440,442"", ""separation_hz"": 2.0}",input,Input,source signal,0,15,0.34829931972789113,441.0253863621255,441.0253863621255,0.99885685258243
critical_two_oscillators_2_0hz,critical_two_oscillators,440 + 442,2.0,Hz separation,"{""frequencies_hz"": ""440,442"", ""separation_hz"": 2.0}",input,Input,source signal,0,16,0.37151927437641724,441.0241547174863,441.0241547174863,0.998912269984362
critical_two_oscillators_2_0hz,critical_two_oscillators,440 + 442,2.0,Hz separation,"{""frequencies_hz"": ""440,442"", ""separation_hz"": 2.0}",input,Input,source signal,0,17,0.3947392290249433,441.02345849811405,441.02345849811405,0.9989436174891451
critical_two_oscillators_2_0hz,critical_two_oscillators,440 + 442,2.0,Hz separation,"{""frequencies_hz"": ""440,442"", ""separation_hz"": 2.0}",input,Input,source signal,0,18,0.4179591836734694,441.0230415730338,441.0230415730338,0.9989623787119345
critical_two_oscillators_2_0hz,critical_two_oscillators,440 + 442,2.0,Hz separation,"{""frequencies_hz"": ""440,442"", ""separation_hz"": 2.0}",input,Input,source signal,0,19,0.44117913832199546,441.0227883444777,441.0227883444777,0.9989737810002287
critical_two_oscillators_2_0hz,critical_two_oscillators,440 + 442,2.0,Hz separation,"{""frequencies_hz"": ""440,442"", ""separation_hz"": 2.0}",input,Input,source signal,0,20,0.46439909297052157,441.0226415545666,441.0226415545666,0.998980387725882
critical_two_oscillators_2_0hz,critical_two_oscillators,440 + 442,2.0,Hz separation,"{""frequencies_hz"": ""440,442"", ""separation_hz"": 2.0}",input,Input,source signal,0,21,0.4876190476190476,441.0225730697665,441.0225730697665,0.9989834704214365
critical_two_oscillators_2_0hz,critical_two_oscillators,440 + 442,2.0,Hz separation,"{""frequencies_hz"": ""440,442"", ""separation_hz"": 2.0}",input,Input,source signal,0,22,0.5108390022675737,441.02257088834745,441.02257088834745,0.998983569594841
critical_two_oscillators_2_0hz,critical_two_oscillators,440 + 442,2.0,Hz separation,"{""frequencies_hz"": ""440,442"", ""separation_hz"": 2.0}",input,Input,source signal,0,23,0.5340589569160997,441.0226345868408,441.0226345868408,0.9989807010822708
critical_two_oscillators_2_0hz,critical_two_oscillators,440 + 442,2.0,Hz separation,"{""frequencies_hz"": ""440,442"", ""separation_hz"": 2.0}",input,Input,source signal,0,24,0.5572789115646258,441.0227753291414,441.0227753291414,0.9989743658045196
critical_two_oscillators_2_0hz,critical_two_oscillators,440 + 442,2.0,Hz separation,"{""frequencies_hz"": ""440,442"", ""separation_hz"": 2.0}",input,Input,source signal,0,25,0.5804988662131519,441.02301999525775,441.02301999525775,0.9989633533549213
critical_two_oscillators_2_0hz,critical_two_oscillators,440 + 442,2.0,Hz separation,"{""frequencies_hz"": ""440,442"", ""separation_hz"": 2.0}",input,Input,source signal,0,26,0.603718820861678,441.0234227677536,441.0234227677536,0.9989452191290977
critical_two_oscillators_2_0hz,critical_two_oscillators,440 + 442,2.0,Hz separation,"{""frequencies_hz"": ""440,442"", ""separation_hz"": 2.0}",input,Input,source signal,0,27,0.626938775510204,441.0240944334177,441.0240944334177,0.9989149950233063
critical_two_oscillators_2_0hz,critical_two_oscillators,440 + 442,2.0,Hz separation,"{""frequencies_hz"": ""440,442"", ""separation_hz"": 2.0}",input,Input,source signal,0,28,0.6501587301587302,441.0252753425528,441.0252753425528,0.9988618294883186
critical_two_oscillators_2_0hz,critical_two_oscillators,440 + 442,2.0,Hz separation,"{""frequencies_hz"": ""440,442"", ""separation_hz"": 2.0}",input,Input,source signal,0,29,0.6733786848072563,441.02755845654366,441.02755845654366,0.998759119377831
critical_two_oscillators_2_0hz,critical_two_oscillators,440 + 442,2.0,Hz separation,"{""frequencies_hz"": ""440,442"", ""separation_hz"": 2.0}",input,Input,source signal,0,30,0.6965986394557823,441.03263297483727,441.03263297483727,0.9985307875527059
critical_two_oscillators_2_0hz,critical_two_oscillators,440 + 442,2.0,Hz separation,"{""frequencies_hz"": ""440,442"", ""separation_hz"": 2.0}",input,Input,source signal,0,31,0.7198185941043084,441.0459460220217,441.0459460220217,0.9979325914349343
critical_two_oscillators_2_0hz,critical_two_oscillators,440 + 442,2.0,Hz separation,"{""frequencies_hz"": ""440,442"", ""separation_hz"": 2.0}",input,Input,source signal,0,32,0.7430385487528345,441.0739525747925,441.0739525747925,0.9966759529927118
critical_two_oscillators_2_0hz,critical_two_oscillators,440 + 442,2.0,Hz separation,"{""frequencies_hz"": ""440,442"", ""separation_hz"": 2.0}",input,Input,source signal,0,33,0.7662585034013606,441.0623121336186,441.0623121336186,0.9971980815046828
critical_two_oscillators_2_0hz,critical_two_oscillators,440 + 442,2.0,Hz separation,"{""frequencies_hz"": ""440,442"", ""separation_hz"": 2.0}",input,Input,source signal,0,34,0.7894784580498866,441.03898942328897,441.03898942328897,0.9982450374005256
critical_two_oscillators_2_0hz,critical_two_oscillators,440 + 442,2.0,Hz separation,"{""frequencies_hz"": ""440,442"", ""separation_hz"": 2.0}",input,Input,source signal,0,35,0.8126984126984127,441.030068000843,441.030068000843,0.9986461921046308
critical_two_oscillators_2_0hz,critical_two_oscillators,440 + 442,2.0,Hz separation,"{""frequencies_hz"": ""440,442"", ""separation_hz"": 2.0}",input,Input,source signal,0,36,0.8359183673469388,441.02644956206296,441.02644956206296,0.9988090034854777
critical_two_oscillators_2_0hz,critical_two_oscillators,440 + 442,2.0,Hz separation,"{""frequencies_hz"": ""440,442"", ""separation_hz"": 2.0}",input,Input,source signal,0,37,0.8591383219954648,441.02471824352165,441.02471824352165,0.9988869072172386
critical_two_oscillators_2_0hz,critical_two_oscillators,440 + 442,2.0,Hz separation,"{""frequencies_hz"": ""440,442"", ""separation_hz"": 2.0}",input,Input,source signal,0,38,0.8823582766439909,441.02378362025365,441.02378362025365,0.9989289834994985
critical_two_oscillators_2_0hz,critical_two_oscillators,440 + 442,2.0,Hz separation,"{""frequencies_hz"": ""440,442"", ""separation_hz"": 2.0}",input,Input,source signal,0,39,0.905578231292517,441.02323801573164,441.02323801573164,0.9989535352177384
critical_two_oscillators_2_0hz,critical_two_oscillators,440 + 442,2.0,Hz separation,"{""frequencies_hz"": ""440,442"", ""separation_hz"": 2.0}",input,Input,source signal,0,40,0.9287981859410431,441.022907441902,441.022907441902,0.9989684207237433
critical_two_oscillators_2_0hz,critical_two_oscillators,440 + 442,2.0,Hz separation,"{""frequencies_hz"": ""440,442"", ""separation_hz"": 2.0}",input,Input,source signal,0,41,0.9520181405895691,441.0227087273551,441.0227087273551,0.9989773630509988
critical_two_oscillators_2_0hz,critical_two_oscillators,440 + 442,2.0,Hz separation,"{""frequencies_hz"": ""440,442"", ""separation_hz"": 2.0}",input,Input,source signal,0,42,0.9752380952380952,441.0226008852931,441.0226008852931,0.9989822188384458
critical_two_oscillators_2_0hz,critical_two_oscillators,440 + 442,2.0,Hz separation,"{""frequencies_hz"": ""440,442"", ""separation_hz"": 2.0}",input,Input,source signal,0,43,0.9984580498866213,441.02256408024596,441.02256408024596,0.9989838758645009
critical_two_oscillators_2_0hz,critical_two_oscillators,440 + 442,2.0,Hz separation,"{""frequencies_hz"": ""440,442"", ""separation_hz"": 2.0}",input,Input,source signal,0,44,1.0216780045351475,441.02259202098406,441.02259202098406,0.9989826169884561
critical_two_oscillators_2_0hz,critical_two_oscillators,440 + 442,2.0,Hz separation,"{""frequencies_hz"": ""440,442"", ""separation_hz"": 2.0}",input,Input,source signal,0,45,1.0448979591836736,441.0226895363148,441.0226895363148,0.9989782286263592
critical_two_oscillators_2_0hz,critical_two_oscillators,440 + 442,2.0,Hz separation,"{""frequencies_hz"": ""440,442"", ""separation_hz"": 2.0}",input,Input,source signal,0,46,1.0681179138321995,441.0228741396042,441.0228741396042,0.9989699176078312
critical_two_oscillators_2_0hz,critical_two_oscillators,440 + 442,2.0,Hz separation,"{""frequencies_hz"": ""440,442"", ""separation_hz"": 2.0}",input,Input,source signal,0,47,1.0913378684807256,441.02318342279716,441.02318342279716,0.9989559949829097
critical_two_oscillators_2_0hz,critical_two_oscillators,440 + 442,2.0,Hz separation,"{""frequencies_hz"": ""440,442"", ""separation_hz"": 2.0}",input,Input,source signal,0,48,1.1145578231292517,441.02369268789784,441.02369268789784,0.9989330748477846
critical_two_oscillators_2_0hz,critical_two_oscillators,440 + 442,2.0,Hz separation,"{""frequencies_hz"": ""440,442"", ""separation_hz"": 2.0}",input,Input,source signal,0,49,1.1377777777777778,441.02455870067837,441.02455870067837,0.9988940872086792
critical_two_oscillators_2_0hz,critical_two_oscillators,440 + 442,2.0,Hz separation,"{""frequencies_hz"": ""440,442"", ""separation_hz"": 2.0}",input,Input,source signal,0,50,1.1609977324263039,441.02614267299583,441.02614267299583,0.9988228202172523
critical_two_oscillators_2_0hz,critical_two_oscillators,440 + 442,2.0,Hz separation,"{""frequencies_hz"": ""440,442"", ""separation_hz"": 2.0}",input,Input,source signal,0,51,1.18421768707483,441.02938944872784,441.02938944872784,0.9986766938782698
critical_two_oscillators_2_0hz,critical_two_oscillators,440 + 442,2.0,Hz separation,"{""frequencies_hz"": ""440,442"", ""separation_hz"": 2.0}",input,Input,source signal,0,52,1.207437641723356,441.03721231111933,441.03721231111933,0.9983250004416359
critical_two_oscillators_2_0hz,critical_two_oscillators,440 + 442,2.0,Hz separation,"{""frequencies_hz"": ""440,442"", ""separation_hz"": 2.0}",input,Input,source signal,0,53,1.230657596371882,441.05809771452067,441.05809771452067,0.9973867457262727
critical_two_oscillators_2_0hz,critical_two_oscillators,440 + 442,2.0,Hz separation,"{""frequencies_hz"": ""440,442"", ""separation_hz"": 2.0}",input,Input,source signal,0,54,1.253877551020408,441.07643236158196,441.07643236158196,0.9965656070517107
critical_two_oscillators_2_0hz,critical_two_oscillators,440 + 442,2.0,Hz separation,"{""frequencies_hz"": ""440,442"", ""separation_hz"": 2.0}",input,Input,source signal,0,55,1.2770975056689342,441.0489878353907,441.0489878353907,0.9977957684940487
critical_two_oscillators_2_0hz,critical_two_oscillators,440 + 442,2.0,Hz separation,"{""frequencies_hz"": ""440,442"", ""separation_hz"": 2.0}",input,Input,source signal,0,56,1.3003174603174603,441.0337450969361,441.0337450969361,0.9984808366399639
critical_two_oscillators_2_0hz,critical_two_oscillators,440 + 442,2.0,Hz separation,"{""frequencies_hz"": ""440,442"", ""separation_hz"": 2.0}",input,Input,source signal,0,57,1.3235374149659864,441.02801711127404,441.02801711127404,0.9987384599339573
critical_two_oscillators_2_0hz,critical_two_oscillators,440 + 442,2.0,Hz separation,"{""frequencies_hz"": ""440,442"", ""separation_hz"": 2.0}",input,Input,source signal,0,58,1.3467573696145125,441.02549850568477,441.02549850568477,0.9988517951941227
critical_two_oscillators_2_0hz,critical_two_oscillators,440 + 442,2.0,Hz separation,"{""frequencies_hz"": ""440,442"", ""separation_hz"": 2.0}",input,Input,source signal,0,59,1.3699773242630386,441.02421595696325,441.02421595696325,0.9989095222829384
critical_two_oscillators_2_0hz,critical_two_oscillators,440 + 442,2.0,Hz separation,"{""frequencies_hz"": ""440,442"", ""separation_hz"": 2.0}",input,Input,source signal,0,60,1.3931972789115645,441.0234941408925,441.0234941408925,0.9989420066066292
critical_two_oscillators_2_0hz,critical_two_oscillators,440 + 442,2.0,Hz separation,"{""frequencies_hz"": ""440,442"", ""separation_hz"": 2.0}",input,Input,source signal,0,61,1.4164172335600906,441.02306341140525,441.02306341140525,0.9989614001082537
critical_two_oscillators_2_0hz,critical_two_oscillators,440 + 442,2.0,Hz separation,"{""frequencies_hz"": ""440,442"", ""separation_hz"": 2.0}",input,Input,source signal,0,62,1.4396371882086167,441.0228013719744,441.0228013719744,0.9989731919823134
critical_two_oscillators_2_0hz,critical_two_oscillators,440 + 442,2.0,Hz separation,"{""frequencies_hz"": ""440,442"", ""separation_hz"": 2.0}",input,Input,source signal,0,63,1.4628571428571429,441.0226486893028,441.0226486893028,0.9989800675541382
critical_two_oscillators_2_0hz,critical_two_oscillators,440 + 442,2.0,Hz separation,"{""frequencies_hz"": ""440,442"", ""separation_hz"": 2.0}",input,Input,source signal,0,64,1.486077097505669,441.02257549915765,441.02257549915765,0.998983361277748
critical_two_oscillators_2_0hz,critical_two_oscillators,440 + 442,2.0,Hz separation,"{""frequencies_hz"": ""440,442"", ""separation_hz"": 2.0}",input,Input,source signal,0,65,1.509297052154195,441.02256902557525,441.02256902557525,0.9989836524209027
critical_two_oscillators_2_0hz,critical_two_oscillators,440 + 442,2.0,Hz separation,"{""frequencies_hz"": ""440,442"", ""separation_hz"": 2.0}",input,Input,source signal,0,66,1.5325170068027212,441.02262818390534,441.02262818390534,0.9989809906501896
critical_two_oscillators_2_0hz,critical_two_oscillators,440 + 442,2.0,Hz separation,"{""frequencies_hz"": ""440,442"", ""separation_hz"": 2.0}",input,Input,source signal,0,67,1.555736961451247,441.0227631512929,441.0227631512929,0.9989749130103663
critical_two_oscillators_2_0hz,critical_two_oscillators,440 + 442,2.0,Hz separation,"{""frequencies_hz"": ""440,442"", ""separation_hz"": 2.0}",input,Input,source signal,0,68,1.5789569160997732,441.02299964143407,441.02299964143407,0.9989642693407144
critical_two_oscillators_2_0hz,critical_two_oscillators,440 + 442,2.0,Hz separation,"{""frequencies_hz"": ""440,442"", ""separation_hz"": 2.0}",input,Input,source signal,0,69,1.6021768707482993,441.02338941782847,441.02338941782847,0.9989467230452864
critical_two_oscillators_2_0hz,critical_two_oscillators,440 + 442,2.0,Hz separation,"{""frequencies_hz"": ""440,442"", ""separation_hz"": 2.0}",input,Input,source signal,0,70,1.6253968253968254,441.024037657149,441.024037657149,0.998917543161643
critical_two_oscillators_2_0hz,critical_two_oscillators,440 + 442,2.0,Hz separation,"{""frequencies_hz"": ""440,442"", ""separation_hz"": 2.0}",input,Input,source signal,0,71,1.6486167800453515,441.0251727753743,441.0251727753743,0.9988664615204392
critical_two_oscillators_2_0hz,critical_two_oscillators,440 + 442,2.0,Hz separation,"{""frequencies_hz"": ""440,442"", ""separation_hz"": 2.0}",input,Input,source signal,0,72,1.6718367346938776,441.0273489657991,441.0273489657991,0.9987685116171569
critical_two_oscillators_2_0hz,critical_two_oscillators,440 + 442,2.0,Hz separation,"{""frequencies_hz"": ""440,442"", ""separation_hz"": 2.0}",input,Input,source signal,0,73,1.6950566893424037,441.0321376128649,441.0321376128649,0.99855314546735
critical_two_oscillators_2_0hz,critical_two_oscillators,440 + 442,2.0,Hz separation,"{""frequencies_hz"": ""440,442"", ""separation_hz"": 2.0}",input,Input,source signal,0,74,1.7182766439909296,441.04458163156653,441.04458163156653,0.9979936381616803
critical_two_oscillators_2_0hz,critical_two_oscillators,440 + 442,2.0,Hz separation,"{""frequencies_hz"": ""440,442"", ""separation_hz"": 2.0}",input,Input,source signal,0,75,1.7414965986394557,441.0723426961818,441.0723426961818,0.9967488378928777
critical_two_oscillators_2_0hz,critical_two_oscillators,440 + 442,2.0,Hz separation,"{""frequencies_hz"": ""440,442"", ""separation_hz"": 2.0}",input,Input,source signal,0,76,1.7647165532879818,441.06442348355466,441.06442348355466,0.9971029499205155
critical_two_oscillators_2_0hz,critical_two_oscillators,440 + 442,2.0,Hz separation,"{""frequencies_hz"": ""440,442"", ""separation_hz"": 2.0}",input,Input,source signal,0,77,1.787936507936508,441.039962076082,441.039962076082,0.9982014116033028
critical_two_oscillators_2_0hz,critical_two_oscillators,440 + 442,2.0,Hz separation,"{""frequencies_hz"": ""440,442"", ""separation_hz"": 2.0}",input,Input,source signal,0,78,1.811156462585034,441.0304328370911,441.0304328370911,0.9986297628992178
critical_two_oscillators_2_0hz,critical_two_oscillators,440 + 442,2.0,Hz separation,"{""frequencies_hz"": ""440,442"", ""separation_hz"": 2.0}",input,Input,source signal,0,79,1.8343764172335602,441.0266122067616,441.0266122067616,0.9988016854624011
critical_two_oscillators_2_0hz,critical_two_oscillators,440 + 442,2.0,Hz separation,"{""frequencies_hz"": ""440,442"", ""separation_hz"": 2.0}",input,Input,source signal,0,80,1.8575963718820863,441.024801842441,441.024801842441,0.9988831485339147
critical_two_oscillators_2_0hz,critical_two_oscillators,440 + 442,2.0,Hz separation,"{""frequencies_hz"": ""440,442"", ""separation_hz"": 2.0}",input,Input,source signal,0,81,1.8808163265306121,441.0238307709514,441.0238307709514,0.9989268563232865
critical_two_oscillators_2_0hz,critical_two_oscillators,440 + 442,2.0,Hz separation,"{""frequencies_hz"": ""440,442"", ""separation_hz"": 2.0}",input,Input,source signal,0,82,1.9040362811791383,441.023266402602,441.023266402602,0.9989522618859737
critical_two_oscillators_2_0hz,critical_two_oscillators,440 + 442,2.0,Hz separation,"{""frequencies_hz"": ""440,442"", ""separation_hz"": 2.0}",input,Input,source signal,0,83,1.9272562358276644,441.0138311701489,441.0138311701489,0.9979577304900852
critical_two_oscillators_2_0hz,critical_two_oscillators,440 + 442,2.0,Hz separation,"{""frequencies_hz"": ""440,442"", ""separation_hz"": 2.0}",input,Input,source signal,0,84,1.9504761904761905,440.89176248098016,440.89176248098016,0.9844470595176058
critical_two_oscillators_2_0hz,critical_two_oscillators,440 + 442,2.0,Hz separation,"{""frequencies_hz"": ""440,442"", ""separation_hz"": 2.0}",input,Input,source signal,0,85,1.9736961451247166,440.6061538658143,440.6061538658143,0.9541367428324949
critical_two_oscillators_2_0hz,critical_two_oscillators,440 + 442,2.0,Hz separation,"{""frequencies_hz"": ""440,442"", ""separation_hz"": 2.0}",input,Input,source signal,0,86,1.9969160997732427,440.40204524768984,440.40204524768984,0.9335987499766619
critical_two_oscillators_2_0hz,critical_two_oscillators,440 + 442,2.0,Hz separation,"{""frequencies_hz"": ""440,442"", ""separation_hz"": 2.0}",psola,PSOLA,local pitch-synchronous overlap-add,-12,0,0.0,441.0151384831103,882.0302769662206,0.9651466052104329
critical_two_oscillators_2_0hz,critical_two_oscillators,440 + 442,2.0,Hz separation,"{""frequencies_hz"": ""440,442"", ""separation_hz"": 2.0}",psola,PSOLA,local pitch-synchronous overlap-add,-12,1,0.023219954648526078,441.01508567151023,882.0301713430205,0.9743948236772986
critical_two_oscillators_2_0hz,critical_two_oscillators,440 + 442,2.0,Hz separation,"{""frequencies_hz"": ""440,442"", ""separation_hz"": 2.0}",psola,PSOLA,local pitch-synchronous overlap-add,-12,2,0.046439909297052155,441.0150220519153,882.0300441038306,0.9905293050951848
critical_two_oscillators_2_0hz,critical_two_oscillators,440 + 442,2.0,Hz separation,"{""frequencies_hz"": ""440,442"", ""separation_hz"": 2.0}",psola,PSOLA,local pitch-synchronous overlap-add,-12,3,0.06965986394557823,441.01504626098733,882.0300925219747,0.9982547645728534
critical_two_oscillators_2_0hz,critical_two_oscillators,440 + 442,2.0,Hz separation,"{""frequencies_hz"": ""440,442"", ""separation_hz"": 2.0}",psola,PSOLA,local pitch-synchronous overlap-add,-12,4,0.09287981859410431,441.01509231269165,882.0301846253833,0.9990067521967909
critical_two_oscillators_2_0hz,critical_two_oscillators,440 + 442,2.0,Hz separation,"{""frequencies_hz"": ""440,442"", ""separation_hz"": 2.0}",psola,PSOLA,local pitch-synchronous overlap-add,-12,5,0.11609977324263039,441.01511228352274,882.0302245670455,0.9990043408122895
critical_two_oscillators_2_0hz,critical_two_oscillators,440 + 442,2.0,Hz separation,"{""frequencies_hz"": ""440,442"", ""separation_hz"": 2.0}",psola,PSOLA,local pitch-synchronous overlap-add,-12,6,0.13931972789115646,441.0151368930626,882.0302737861252,0.9990011722177463
critical_two_oscillators_2_0hz,critical_two_oscillators,440 + 442,2.0,Hz separation,"{""frequencies_hz"": ""440,442"", ""separation_hz"": 2.0}",psola,PSOLA,local pitch-synchronous overlap-add,-12,7,0.16253968253968254,441.01516725912836,882.0303345182567,0.9989970809409139
critical_two_oscillators_2_0hz,critical_two_oscillators,440 + 442,2.0,Hz separation,"{""frequencies_hz"": ""440,442"", ""separation_hz"": 2.0}",psola,PSOLA,local pitch-synchronous overlap-add,-12,8,0.18575963718820862,441.0152049822198,882.0304099644396,0.9989918190767798
critical_two_oscillators_2_0hz,critical_two_oscillators,440 + 442,2.0,Hz separation,"{""frequencies_hz"": ""440,442"", ""separation_hz"": 2.0}",psola,PSOLA,local pitch-synchronous overlap-add,-12,9,0.2089795918367347,441.0152523203468,882.0305046406936,0.9989850340555316
critical_two_oscillators_2_0hz,critical_two_oscillators,440 + 442,2.0,Hz separation,"{""frequencies_hz"": ""440,442"", ""separation_hz"": 2.0}",psola,PSOLA,local pitch-synchronous overlap-add,-12,10,0.23219954648526078,441.01531262300347,882.0306252460069,0.998976206529722
critical_two_oscillators_2_0hz,critical_two_oscillators,440 + 442,2.0,Hz separation,"{""frequencies_hz"": ""440,442"", ""separation_hz"": 2.0}",psola,PSOLA,local pitch-synchronous overlap-add,-12,11,0.25541950113378686,441.0153908912163,882.0307817824327,0.9989645744492525
critical_two_oscillators_2_0hz,critical_two_oscillators,440 + 442,2.0,Hz separation,"{""frequencies_hz"": ""440,442"", ""separation_hz"": 2.0}",psola,PSOLA,local pitch-synchronous overlap-add,-12,12,0.2786394557823129,441.0154948800823,882.0309897601646,0.9989489394303511
critical_two_oscillators_2_0hz,critical_two_oscillators,440 + 442,2.0,Hz separation,"{""frequencies_hz"": ""440,442"", ""separation_hz"": 2.0}",psola,PSOLA,local pitch-synchronous overlap-add,-12,13,0.301859410430839,441.0156370495855,882.031274099171,0.9989273749296841
critical_two_oscillators_2_0hz,critical_two_oscillators,440 + 442,2.0,Hz separation,"{""frequencies_hz"": ""440,442"", ""separation_hz"": 2.0}",psola,PSOLA,local pitch-synchronous overlap-add,-12,14,0.3250793650793651,441.01583852580495,882.0316770516099,0.9988966287007716
critical_two_oscillators_2_0hz,critical_two_oscillators,440 + 442,2.0,Hz separation,"{""frequencies_hz"": ""440,442"", ""separation_hz"": 2.0}",psola,PSOLA,local pitch-synchronous overlap-add,-12,15,0.34829931972789113,441.01613705287565,882.0322741057513,0.9988508759548411
critical_two_oscillators_2_0hz,critical_two_oscillators,440 + 442,2.0,Hz separation,"{""frequencies_hz"": ""440,442"", ""separation_hz"": 2.0}",psola,PSOLA,local pitch-synchronous overlap-add,-12,16,0.37151927437641724,441.0166056264183,882.0332112528366,0.9987788828763503
critical_two_oscillators_2_0hz,critical_two_oscillators,440 + 442,2.0,Hz separation,"{""frequencies_hz"": ""440,442"", ""separation_hz"": 2.0}",psola,PSOLA,local pitch-synchronous overlap-add,-12,17,0.3947392290249433,441.0173991540855,882.034798308171,0.9986567706083764
critical_two_oscillators_2_0hz,critical_two_oscillators,440 + 442,2.0,Hz separation,"{""frequencies_hz"": ""440,442"", ""separation_hz"": 2.0}",psola,PSOLA,local pitch-synchronous overlap-add,-12,18,0.4179591836734694,441.018889273895,882.03777854779,0.9984273345268103
critical_two_oscillators_2_0hz,critical_two_oscillators,440 + 442,2.0,Hz separation,"{""frequencies_hz"": ""440,442"", ""separation_hz"": 2.0}",psola,PSOLA,local pitch-synchronous overlap-add,-12,19,0.44117913832199546,441.0221163132272,882.0442326264543,0.9979305394911324
critical_two_oscillators_2_0hz,critical_two_oscillators,440 + 442,2.0,Hz separation,"{""frequencies_hz"": ""440,442"", ""separation_hz"": 2.0}",psola,PSOLA,local pitch-synchronous overlap-add,-12,20,0.46439909297052157,441.03043722708304,882.0608744541661,0.9966515072588085
critical_two_oscillators_2_0hz,critical_two_oscillators,440 + 442,2.0,Hz separation,"{""frequencies_hz"": ""440,442"", ""separation_hz"": 2.0}",psola,PSOLA,local pitch-synchronous overlap-add,-12,21,0.4876190476190476,441.05011940803007,882.1002388160601,0.9936393596376392
critical_two_oscillators_2_0hz,critical_two_oscillators,440 + 442,2.0,Hz separation,"{""frequencies_hz"": ""440,442"", ""separation_hz"": 2.0}",psola,PSOLA,local pitch-synchronous overlap-add,-12,22,0.5108390022675737,441.04731120075735,882.0946224015147,0.9940671978972984
critical_two_oscillators_2_0hz,critical_two_oscillators,440 + 442,2.0,Hz separation,"{""frequencies_hz"": ""440,442"", ""separation_hz"": 2.0}",psola,PSOLA,local pitch-synchronous overlap-add,-12,23,0.5340589569160997,441.0288417656803,882.0576835313606,0.9968965200672825
critical_two_oscillators_2_0hz,critical_two_oscillators,440 + 442,2.0,Hz separation,"{""frequencies_hz"": ""440,442"", ""separation_hz"": 2.0}",psola,PSOLA,local pitch-synchronous overlap-add,-12,24,0.5572789115646258,441.02153095749895,882.0430619149979,0.9980206703325156
critical_two_oscillators_2_0hz,critical_two_oscillators,440 + 442,2.0,Hz separation,"{""frequencies_hz"": ""440,442"", ""separation_hz"": 2.0}",psola,PSOLA,local pitch-synchronous overlap-add,-12,25,0.5804988662131519,441.01863546735444,882.0372709347089,0.9984664607005634
critical_two_oscillators_2_0hz,critical_two_oscillators,440 + 442,2.0,Hz separation,"{""frequencies_hz"": ""440,442"", ""separation_hz"": 2.0}",psola,PSOLA,local pitch-synchronous overlap-add,-12,26,0.603718820861678,441.0172703546182,882.0345407092364,0.9986766332134668
critical_two_oscillators_2_0hz,critical_two_oscillators,440 + 442,2.0,Hz separation,"{""frequencies_hz"": ""440,442"", ""separation_hz"": 2.0}",psola,PSOLA,local pitch-synchronous overlap-add,-12,27,0.626938775510204,441.0165323538985,882.033064707797,0.9987901878628535
critical_two_oscillators_2_0hz,critical_two_oscillators,440 + 442,2.0,Hz separation,"{""frequencies_hz"": ""440,442"", ""separation_hz"": 2.0}",psola,PSOLA,local pitch-synchronous overlap-add,-12,28,0.6501587301587302,441.01609175628414,882.0321835125683,0.998857882574064
critical_two_oscillators_2_0hz,critical_two_oscillators,440 + 442,2.0,Hz separation,"{""frequencies_hz"": ""440,442"", ""separation_hz"": 2.0}",psola,PSOLA,local pitch-synchronous overlap-add,-12,29,0.6733786848072563,441.01580871879565,882.0316174375913,0.9989012426442213
critical_two_oscillators_2_0hz,critical_two_oscillators,440 + 442,2.0,Hz separation,"{""frequencies_hz"": ""440,442"", ""separation_hz"": 2.0}",psola,PSOLA,local pitch-synchronous overlap-add,-12,30,0.6965986394557823,441.01561652947004,882.0312330589401,0.9989305573773914
critical_two_oscillators_2_0hz,critical_two_oscillators,440 + 442,2.0,Hz separation,"{""frequencies_hz"": ""440,442"", ""separation_hz"": 2.0}",psola,PSOLA,local pitch-synchronous overlap-add,-12,31,0.7198185941043084,441.01548024589243,882.0309604917849,0.9989512187048073
critical_two_oscillators_2_0hz,critical_two_oscillators,440 + 442,2.0,Hz separation,"{""frequencies_hz"": ""440,442"", ""separation_hz"": 2.0}",psola,PSOLA,local pitch-synchronous overlap-add,-12,32,0.7430385487528345,441.0153801688533,882.0307603377066,0.9989662557026399
critical_two_oscillators_2_0hz,critical_two_oscillators,440 + 442,2.0,Hz separation,"{""frequencies_hz"": ""440,442"", ""separation_hz"": 2.0}",psola,PSOLA,local pitch-synchronous overlap-add,-12,33,0.7662585034013606,441.0153046000183,882.0306092000366,0.9989774772489955
critical_two_oscillators_2_0hz,critical_two_oscillators,440 + 442,2.0,Hz separation,"{""frequencies_hz"": ""440,442"", ""separation_hz"": 2.0}",psola,PSOLA,local pitch-synchronous overlap-add,-12,34,0.7894784580498866,441.01524624387685,882.0304924877537,0.998986001218835
critical_two_oscillators_2_0hz,critical_two_oscillators,440 + 442,2.0,Hz separation,"{""frequencies_hz"": ""440,442"", ""separation_hz"": 2.0}",psola,PSOLA,local pitch-synchronous overlap-add,-12,35,0.8126984126984127,441.015200350794,882.030400701588,0.9989925668582162
critical_two_oscillators_2_0hz,critical_two_oscillators,440 + 442,2.0,Hz separation,"{""frequencies_hz"": ""440,442"", ""separation_hz"": 2.0}",psola,PSOLA,local pitch-synchronous overlap-add,-12,36,0.8359183673469388,441.01516373405565,882.0303274681113,0.998997663492815
critical_two_oscillators_2_0hz,critical_two_oscillators,440 + 442,2.0,Hz separation,"{""frequencies_hz"": ""440,442"", ""separation_hz"": 2.0}",psola,PSOLA,local pitch-synchronous overlap-add,-12,37,0.8591383219954648,441.0151342290062,882.0302684580124,0.9990016281593173
critical_two_oscillators_2_0hz,critical_two_oscillators,440 + 442,2.0,Hz separation,"{""frequencies_hz"": ""440,442"", ""separation_hz"": 2.0}",psola,PSOLA,local pitch-synchronous overlap-add,-12,38,0.8823582766439909,441.0151103257116,882.0302206514232,0.9990046889189795
critical_two_oscillators_2_0hz,critical_two_oscillators,440 + 442,2.0,Hz separation,"{""frequencies_hz"": ""440,442"", ""separation_hz"": 2.0}",psola,PSOLA,local pitch-synchronous overlap-add,-12,39,0.905578231292517,441.0150909471103,882.0301818942206,0.9990070111067738
critical_two_oscillators_2_0hz,critical_two_oscillators,440 + 442,2.0,Hz separation,"{""frequencies_hz"": ""440,442"", ""separation_hz"": 2.0}",psola,PSOLA,local pitch-synchronous overlap-add,-12,40,0.9287981859410431,441.0150753798934,882.0301507597868,0.9990087120240794
critical_two_oscillators_2_0hz,critical_two_oscillators,440 + 442,2.0,Hz separation,"{""frequencies_hz"": ""440,442"", ""separation_hz"": 2.0}",psola,PSOLA,local pitch-synchronous overlap-add,-12,41,0.9520181405895691,441.01506340681067,882.0301268136213,0.9990098326010832
critical_two_oscillators_2_0hz,critical_two_oscillators,440 + 442,2.0,Hz separation,"{""frequencies_hz"": ""440,442"", ""separation_hz"": 2.0}",psola,PSOLA,local pitch-synchronous overlap-add,-12,42,0.9752380952380952,441.01505555764066,882.0301111152813,0.9990104072855371
critical_two_oscillators_2_0hz,critical_two_oscillators,440 + 442,2.0,Hz separation,"{""frequencies_hz"": ""440,442"", ""separation_hz"": 2.0}",psola,PSOLA,local pitch-synchronous overlap-add,-12,43,0.9984580498866213,441.0150527218522,882.0301054437044,0.999010553959141
critical_two_oscillators_2_0hz,critical_two_oscillators,440 + 442,2.0,Hz separation,"{""frequencies_hz"": ""440,442"", ""separation_hz"": 2.0}",psola,PSOLA,local pitch-synchronous overlap-add,-12,44,1.0216780045351475,441.01505540412967,882.0301108082593,0.9990103621680253
critical_two_oscillators_2_0hz,critical_two_oscillators,440 + 442,2.0,Hz separation,"{""frequencies_hz"": ""440,442"", ""separation_hz"": 2.0}",psola,PSOLA,local pitch-synchronous overlap-add,-12,45,1.0448979591836736,441.0150632216993,882.0301264433986,0.9990097628442532
critical_two_oscillators_2_0hz,critical_two_oscillators,440 + 442,2.0,Hz separation,"{""frequencies_hz"": ""440,442"", ""separation_hz"": 2.0}",psola,PSOLA,local pitch-synchronous overlap-add,-12,46,1.0681179138321995,441.0150753281934,882.0301506563868,0.9990086223678082
critical_two_oscillators_2_0hz,critical_two_oscillators,440 + 442,2.0,Hz separation,"{""frequencies_hz"": ""440,442"", ""separation_hz"": 2.0}",psola,PSOLA,local pitch-synchronous overlap-add,-12,47,1.0913378684807256,441.0150911617713,882.0301823235426,0.9990068859354871
critical_two_oscillators_2_0hz,critical_two_oscillators,440 + 442,2.0,Hz separation,"{""frequencies_hz"": ""440,442"", ""separation_hz"": 2.0}",psola,PSOLA,local pitch-synchronous overlap-add,-12,48,1.1145578231292517,441.0151108506691,882.0302217013382,0.9990045177240806
critical_two_oscillators_2_0hz,critical_two_oscillators,440 + 442,2.0,Hz separation,"{""frequencies_hz"": ""440,442"", ""separation_hz"": 2.0}",psola,PSOLA,local pitch-synchronous overlap-add,-12,49,1.1377777777777778,441.0151351093613,882.0302702187226,0.9990014066555537
critical_two_oscillators_2_0hz,critical_two_oscillators,440 + 442,2.0,Hz separation,"{""frequencies_hz"": ""440,442"", ""separation_hz"": 2.0}",psola,PSOLA,local pitch-synchronous overlap-add,-12,50,1.1609977324263039,441.01516505556384,882.0303301111277,0.9989973842729919
critical_two_oscillators_2_0hz,critical_two_oscillators,440 + 442,2.0,Hz separation,"{""frequencies_hz"": ""440,442"", ""separation_hz"": 2.0}",psola,PSOLA,local pitch-synchronous overlap-add,-12,51,1.18421768707483,441.01520223868715,882.0304044773743,0.9989922045056886
critical_two_oscillators_2_0hz,critical_two_oscillators,440 + 442,2.0,Hz separation,"{""frequencies_hz"": ""440,442"", ""separation_hz"": 2.0}",psola,PSOLA,local pitch-synchronous overlap-add,-12,52,1.207437641723356,441.0152488709728,882.0304977419456,0.9989855303656066
critical_two_oscillators_2_0hz,critical_two_oscillators,440 + 442,2.0,Hz separation,"{""frequencies_hz"": ""440,442"", ""separation_hz"": 2.0}",psola,PSOLA,local pitch-synchronous overlap-add,-12,53,1.230657596371882,441.0153081864096,882.0306163728192,0.998976860169436
critical_two_oscillators_2_0hz,critical_two_oscillators,440 + 442,2.0,Hz separation,"{""frequencies_hz"": ""440,442"", ""separation_hz"": 2.0}",psola,PSOLA,local pitch-synchronous overlap-add,-12,54,1.253877551020408,441.01538509296176,882.0307701859235,0.9989654451452006
critical_two_oscillators_2_0hz,critical_two_oscillators,440 + 442,2.0,Hz separation,"{""frequencies_hz"": ""440,442"", ""separation_hz"": 2.0}",psola,PSOLA,local pitch-synchronous overlap-add,-12,55,1.2770975056689342,441.01548707778437,882.0309741555687,0.9989501184192093
critical_two_oscillators_2_0hz,critical_two_oscillators,440 + 442,2.0,Hz separation,"{""frequencies_hz"": ""440,442"", ""separation_hz"": 2.0}",psola,PSOLA,local pitch-synchronous overlap-add,-12,56,1.3003174603174603,441.01562623671606,882.0312524734321,0.998929017232925
critical_two_oscillators_2_0hz,critical_two_oscillators,440 + 442,2.0,Hz separation,"{""frequencies_hz"": ""440,442"", ""separation_hz"": 2.0}",psola,PSOLA,local pitch-synchronous overlap-add,-12,57,1.3235374149659864,441.01582290974306,882.0316458194861,0.9988990156414477
critical_two_oscillators_2_0hz,critical_two_oscillators,440 + 442,2.0,Hz separation,"{""frequencies_hz"": ""440,442"", ""separation_hz"": 2.0}",psola,PSOLA,local pitch-synchronous overlap-add,-12,58,1.3467573696145125,441.01611342601467,882.0322268520293,0.9988545119829529
critical_two_oscillators_2_0hz,critical_two_oscillators,440 + 442,2.0,Hz separation,"{""frequencies_hz"": ""440,442"", ""separation_hz"": 2.0}",psola,PSOLA,local pitch-synchronous overlap-add,-12,59,1.3699773242630386,441.0165674228339,882.0331348456677,0.9987847639579998
critical_two_oscillators_2_0hz,critical_two_oscillators,440 + 442,2.0,Hz separation,"{""frequencies_hz"": ""440,442"", ""separation_hz"": 2.0}",psola,PSOLA,local pitch-synchronous overlap-add,-12,60,1.3931972789115645,441.01733192270353,882.0346638454071,0.9986671194752617
critical_two_oscillators_2_0hz,critical_two_oscillators,440 + 442,2.0,Hz separation,"{""frequencies_hz"": ""440,442"", ""separation_hz"": 2.0}",psola,PSOLA,local pitch-synchronous overlap-add,-12,61,1.4164172335600906,441.0187562913321,882.0375125826642,0.9984478048771077
critical_two_oscillators_2_0hz,critical_two_oscillators,440 + 442,2.0,Hz separation,"{""frequencies_hz"": ""440,442"", ""separation_hz"": 2.0}",psola,PSOLA,local pitch-synchronous overlap-add,-12,62,1.4396371882086167,441.0218081959278,882.0436163918556,0.9979779848589427
critical_two_oscillators_2_0hz,critical_two_oscillators,440 + 442,2.0,Hz separation,"{""frequencies_hz"": ""440,442"", ""separation_hz"": 2.0}",psola,PSOLA,local pitch-synchronous overlap-add,-12,63,1.4628571428571429,441.02959484983506,882.0591896996701,0.9967808494752907
critical_two_oscillators_2_0hz,critical_two_oscillators,440 + 442,2.0,Hz separation,"{""frequencies_hz"": ""440,442"", ""separation_hz"": 2.0}",psola,PSOLA,local pitch-synchronous overlap-add,-12,64,1.486077097505669,441.0487140748849,882.0974281497698,0.9938527656035857
critical_two_oscillators_2_0hz,critical_two_oscillators,440 + 442,2.0,Hz separation,"{""frequencies_hz"": ""440,442"", ""separation_hz"": 2.0}",psola,PSOLA,local pitch-synchronous overlap-add,-12,65,1.509297052154195,441.04877876144116,882.0975575228823,0.9938428593878227
critical_two_oscillators_2_0hz,critical_two_oscillators,440 + 442,2.0,Hz separation,"{""frequencies_hz"": ""440,442"", ""separation_hz"": 2.0}",psola,PSOLA,local pitch-synchronous overlap-add,-12,66,1.5325170068027212,441.0296315518977,882.0592631037954,0.9967752211026399
critical_two_oscillators_2_0hz,critical_two_oscillators,440 + 442,2.0,Hz separation,"{""frequencies_hz"": ""440,442"", ""separation_hz"": 2.0}",psola,PSOLA,local pitch-synchronous overlap-add,-12,67,1.555736961451247,441.02182182168394,882.0436436433679,0.9979759397618346
critical_two_oscillators_2_0hz,critical_two_oscillators,440 + 442,2.0,Hz separation,"{""frequencies_hz"": ""440,442"", ""separation_hz"": 2.0}",psola,PSOLA,local pitch-synchronous overlap-add,-12,68,1.5789569160997732,441.018762272301,882.037524544602,0.998446904835108
critical_two_oscillators_2_0hz,critical_two_oscillators,440 + 442,2.0,Hz separation,"{""frequencies_hz"": ""440,442"", ""separation_hz"": 2.0}",psola,PSOLA,local pitch-synchronous overlap-add,-12,69,1.6021768707482993,441.0173351015197,882.0346702030394,0.998666667573103
critical_two_oscillators_2_0hz,critical_two_oscillators,440 + 442,2.0,Hz separation,"{""frequencies_hz"": ""440,442"", ""separation_hz"": 2.0}",psola,PSOLA,local pitch-synchronous overlap-add,-12,70,1.6253968253968254,441.0165693740901,882.0331387481802,0.9987845024258499
critical_two_oscillators_2_0hz,critical_two_oscillators,440 + 442,2.0,Hz separation,"{""frequencies_hz"": ""440,442"", ""separation_hz"": 2.0}",psola,PSOLA,local pitch-synchronous overlap-add,-12,71,1.6486167800453515,441.01611479911685,882.0322295982337,0.9988543537907232
critical_two_oscillators_2_0hz,critical_two_oscillators,440 + 442,2.0,Hz separation,"{""frequencies_hz"": ""440,442"", ""separation_hz"": 2.0}",psola,PSOLA,local pitch-synchronous overlap-add,-12,72,1.6718367346938776,441.01582396555256,882.0316479311051,0.9988989102041387
critical_two_oscillators_2_0hz,critical_two_oscillators,440 + 442,2.0,Hz separation,"{""frequencies_hz"": ""440,442"", ""separation_hz"": 2.0}",psola,PSOLA,local pitch-synchronous overlap-add,-12,73,1.6950566893424037,441.01562713813433,882.0312542762687,0.9989289442545719
critical_two_oscillators_2_0hz,critical_two_oscillators,440 + 442,2.0,Hz separation,"{""frequencies_hz"": ""440,442"", ""separation_hz"": 2.0}",psola,PSOLA,local pitch-synchronous overlap-add,-12,74,1.7182766439909296,441.0154878962701,882.0309757925402,0.9989500667625291
critical_two_oscillators_2_0hz,critical_two_oscillators,440 + 442,2.0,Hz separation,"{""frequencies_hz"": ""440,442"", ""separation_hz"": 2.0}",psola,PSOLA,local pitch-synchronous overlap-add,-12,75,1.7414965986394557,441.01538586245823,882.0307717249165,0.9989654060306532
critical_two_oscillators_2_0hz,critical_two_oscillators,440 + 442,2.0,Hz separation,"{""frequencies_hz"": ""440,442"", ""separation_hz"": 2.0}",psola,PSOLA,local pitch-synchronous overlap-add,-12,76,1.7647165532879818,441.0153089562031,882.0306179124062,0.9989768328576306
critical_two_oscillators_2_0hz,critical_two_oscillators,440 + 442,2.0,Hz separation,"{""frequencies_hz"": ""440,442"", ""separation_hz"": 2.0}",psola,PSOLA,local pitch-synchronous overlap-add,-12,77,1.787936507936508,441.01524964770135,882.0304992954027,0.9989855073299805
critical_two_oscillators_2_0hz,critical_two_oscillators,440 + 442,2.0,Hz separation,"{""frequencies_hz"": ""440,442"", ""separation_hz"": 2.0}",psola,PSOLA,local pitch-synchronous overlap-add,-12,78,1.811156462585034,441.01520303900446,882.0304060780089,0.9989921879835075
critical_two_oscillators_2_0hz,critical_two_oscillators,440 + 442,2.0,Hz separation,"{""frequencies_hz"": ""440,442"", ""separation_hz"": 2.0}",psola,PSOLA,local pitch-synchronous overlap-add,-12,79,1.8343764172335602,441.01516587592647,882.0303317518529,0.9989973706592801
critical_two_oscillators_2_0hz,critical_two_oscillators,440 + 442,2.0,Hz separation,"{""frequencies_hz"": ""440,442"", ""separation_hz"": 2.0}",psola,PSOLA,local pitch-synchronous overlap-add,-12,80,1.8575963718820863,441.015135964407,882.030271928814,0.9990013970227754
critical_two_oscillators_2_0hz,critical_two_oscillators,440 + 442,2.0,Hz separation,"{""frequencies_hz"": ""440,442"", ""separation_hz"": 2.0}",psola,PSOLA,local pitch-synchronous overlap-add,-12,81,1.8808163265306121,441.0151117402952,882.0302234805904,0.9990045099066559
critical_two_oscillators_2_0hz,critical_two_oscillators,440 + 442,2.0,Hz separation,"{""frequencies_hz"": ""440,442"", ""separation_hz"": 2.0}",psola,PSOLA,local pitch-synchronous overlap-add,-12,82,1.9040362811791383,441.01509209096656,882.0301841819331,0.9990068796352981
critical_two_oscillators_2_0hz,critical_two_oscillators,440 + 442,2.0,Hz separation,"{""frequencies_hz"": ""440,442"", ""separation_hz"": 2.0}",psola,PSOLA,local pitch-synchronous overlap-add,-12,83,1.9272562358276644,441.0150522734155,882.030104546831,0.9985693260095007
critical_two_oscillators_2_0hz,critical_two_oscillators,440 + 442,2.0,Hz separation,"{""frequencies_hz"": ""440,442"", ""separation_hz"": 2.0}",psola,PSOLA,local pitch-synchronous overlap-add,-12,84,1.9504761904761905,441.0150195161388,882.0300390322776,0.9922179583547532
critical_two_oscillators_2_0hz,critical_two_oscillators,440 + 442,2.0,Hz separation,"{""frequencies_hz"": ""440,442"", ""separation_hz"": 2.0}",psola,PSOLA,local pitch-synchronous overlap-add,-12,85,1.9736961451247166,441.0150754688133,882.0301509376266,0.9766438714045806
critical_two_oscillators_2_0hz,critical_two_oscillators,440 + 442,2.0,Hz separation,"{""frequencies_hz"": ""440,442"", ""separation_hz"": 2.0}",psola,PSOLA,local pitch-synchronous overlap-add,-12,86,1.9969160997732427,441.01513966417093,882.0302793283419,0.9653908267386662
critical_two_oscillators_2_0hz,critical_two_oscillators,440 + 442,2.0,Hz separation,"{""frequencies_hz"": ""440,442"", ""separation_hz"": 2.0}",phase_vocoder,Phase Vocoder,local phase vocoder,-12,0,0.0,219.79715800093422,439.59431600186844,0.994816296408857
critical_two_oscillators_2_0hz,critical_two_oscillators,440 + 442,2.0,Hz separation,"{""frequencies_hz"": ""440,442"", ""separation_hz"": 2.0}",phase_vocoder,Phase Vocoder,local phase vocoder,-12,1,0.023219954648526078,219.94251363369185,439.8850272673837,0.9950850599401955
critical_two_oscillators_2_0hz,critical_two_oscillators,440 + 442,2.0,Hz separation,"{""frequencies_hz"": ""440,442"", ""separation_hz"": 2.0}",phase_vocoder,Phase Vocoder,local phase vocoder,-12,2,0.046439909297052155,220.16104477823956,440.3220895564791,0.9953504819467848
critical_two_oscillators_2_0hz,critical_two_oscillators,440 + 442,2.0,Hz separation,"{""frequencies_hz"": ""440,442"", ""separation_hz"": 2.0}",phase_vocoder,Phase Vocoder,local phase vocoder,-12,3,0.06965986394557823,220.23038860531815,440.4607772106363,0.9952879824080124
critical_two_oscillators_2_0hz,critical_two_oscillators,440 + 442,2.0,Hz separation,"{""frequencies_hz"": ""440,442"", ""separation_hz"": 2.0}",phase_vocoder,Phase Vocoder,local phase vocoder,-12,4,0.09287981859410431,220.21655544808837,440.43311089617674,0.9953249002514134
critical_two_oscillators_2_0hz,critical_two_oscillators,440 + 442,2.0,Hz separation,"{""frequencies_hz"": ""440,442"", ""separation_hz"": 2.0}",phase_vocoder,Phase Vocoder,local phase vocoder,-12,5,0.11609977324263039,220.20690090980202,440.41380181960403,0.9954924792661048
critical_two_oscillators_2_0hz,critical_two_oscillators,440 + 442,2.0,Hz separation,"{""frequencies_hz"": ""440,442"", ""separation_hz"": 2.0}",phase_vocoder,Phase Vocoder,local phase vocoder,-12,6,0.13931972789115646,220.21456403825042,440.42912807650083,0.9954354722350897
critical_two_oscillators_2_0hz,critical_two_oscillators,440 + 442,2.0,Hz separation,"{""frequencies_hz"": ""440,442"", ""separation_hz"": 2.0}",phase_vocoder,Phase Vocoder,local phase vocoder,-12,7,0.16253968253968254,220.23534571466533,440.47069142933066,0.9950089854788113
critical_two_oscillators_2_0hz,critical_two_oscillators,440 + 442,2.0,Hz separation,"{""frequencies_hz"": ""440,442"", ""separation_hz"": 2.0}",phase_vocoder,Phase Vocoder,local phase vocoder,-12,8,0.18575963718820862,220.2751795185482,440.5503590370964,0.9941314787660666
critical_two_oscillators_2_0hz,critical_two_oscillators,440 + 442,2.0,Hz separation,"{""frequencies_hz"": ""440,442"", ""separation_hz"": 2.0}",phase_vocoder,Phase Vocoder,local phase vocoder,-12,9,0.2089795918367347,220.35953457949185,440.7190691589837,0.9924717329856163
critical_two_oscillators_2_0hz,critical_two_oscillators,440 + 442,2.0,Hz separation,"{""frequencies_hz"": ""440,442"", ""separation_hz"": 2.0}",phase_vocoder,Phase Vocoder,local phase vocoder,-12,10,0.23219954648526078,220.55637442338528,441.11274884677056,0.9891628032084698
critical_two_oscillators_2_0hz,critical_two_oscillators,440 + 442,2.0,Hz separation,"{""frequencies_hz"": ""440,442"", ""separation_hz"": 2.0}",phase_vocoder,Phase Vocoder,local phase vocoder,-12,11,0.25541950113378686,220.89734228407548,441.79468456815096,0.9848454179778167
critical_two_oscillators_2_0hz,critical_two_oscillators,440 + 442,2.0,Hz separation,"{""frequencies_hz"": ""440,442"", ""separation_hz"": 2.0}",phase_vocoder,Phase Vocoder,local phase vocoder,-12,12,0.2786394557823129,220.64578654063885,441.2915730812777,0.9908502402950232
critical_two_oscillators_2_0hz,critical_two_oscillators,440 + 442,2.0,Hz separation,"{""frequencies_hz"": ""440,442"", ""separation_hz"": 2.0}",phase_vocoder,Phase Vocoder,local phase vocoder,-12,13,0.301859410430839,220.44668540153555,440.8933708030711,0.9943809622078268
critical_two_oscillators_2_0hz,critical_two_oscillators,440 + 442,2.0,Hz separation,"{""frequencies_hz"": ""440,442"", ""separation_hz"": 2.0}",phase_vocoder,Phase Vocoder,local phase vocoder,-12,14,0.3250793650793651,220.39415112851898,440.78830225703797,0.9948566158972998
critical_two_oscillators_2_0hz,critical_two_oscillators,440 + 442,2.0,Hz separation,"{""frequencies_hz"": ""440,442"", ""separation_hz"": 2.0}",phase_vocoder,Phase Vocoder,local phase vocoder,-12,15,0.34829931972789113,220.34680478867418,440.69360957734835,0.9951080239079149
critical_two_oscillators_2_0hz,critical_two_oscillators,440 + 442,2.0,Hz separation,"{""frequencies_hz"": ""440,442"", ""separation_hz"": 2.0}",phase_vocoder,Phase Vocoder,local phase vocoder,-12,16,0.37151927437641724,220.3051562402363,440.6103124804726,0.9953750893656143
critical_two_oscillators_2_0hz,critical_two_oscillators,440 + 442,2.0,Hz separation,"{""frequencies_hz"": ""440,442"", ""separation_hz"": 2.0}",phase_vocoder,Phase Vocoder,local phase vocoder,-12,17,0.3947392290249433,220.27681925208208,440.55363850416416,0.995588286494844
critical_two_oscillators_2_0hz,critical_two_oscillators,440 + 442,2.0,Hz separation,"{""frequencies_hz"": ""440,442"", ""separation_hz"": 2.0}",phase_vocoder,Phase Vocoder,local phase vocoder,-12,18,0.4179591836734694,220.26000568730572,440.52001137461144,0.9957208457258292
critical_two_oscillators_2_0hz,critical_two_oscillators,440 + 442,2.0,Hz separation,"{""frequencies_hz"": ""440,442"", ""separation_hz"": 2.0}",phase_vocoder,Phase Vocoder,local phase vocoder,-12,19,0.44117913832199546,220.24971352719513,440.49942705439025,0.995802315437628
critical_two_oscillators_2_0hz,critical_two_oscillators,440 + 442,2.0,Hz separation,"{""frequencies_hz"": ""440,442"", ""separation_hz"": 2.0}",phase_vocoder,Phase Vocoder,local phase vocoder,-12,20,0.46439909297052157,220.2430356592604,440.4860713185208,0.9958546905379309
critical_two_oscillators_2_0hz,critical_two_oscillators,440 + 442,2.0,Hz separation,"{""frequencies_hz"": ""440,442"", ""separation_hz"": 2.0}",phase_vocoder,Phase Vocoder,local phase vocoder,-12,21,0.4876190476190476,220.2398431749572,440.4796863499144,0.9958843354697483
critical_two_oscillators_2_0hz,critical_two_oscillators,440 + 442,2.0,Hz separation,"{""frequencies_hz"": ""440,442"", ""separation_hz"": 2.0}",phase_vocoder,Phase Vocoder,local phase vocoder,-12,22,0.5108390022675737,220.23881179683525,440.4776235936705,0.9959014327595613
critical_two_oscillators_2_0hz,critical_two_oscillators,440 + 442,2.0,Hz separation,"{""frequencies_hz"": ""440,442"", ""separation_hz"": 2.0}",phase_vocoder,Phase Vocoder,local phase vocoder,-12,23,0.5340589569160997,220.23927721143843,440.47855442287687,0.9959046344488149
critical_two_oscillators_2_0hz,critical_two_oscillators,440 + 442,2.0,Hz separation,"{""frequencies_hz"": ""440,442"", ""separation_hz"": 2.0}",phase_vocoder,Phase Vocoder,local phase vocoder,-12,24,0.5572789115646258,220.24072427260577,440.48144854521155,0.9959001434860221
critical_two_oscillators_2_0hz,critical_two_oscillators,440 + 442,2.0,Hz separation,"{""frequencies_hz"": ""440,442"", ""separation_hz"": 2.0}",phase_vocoder,Phase Vocoder,local phase vocoder,-12,25,0.5804988662131519,220.2448957384396,440.4897914768792,0.9958814788621695
critical_two_oscillators_2_0hz,critical_two_oscillators,440 + 442,2.0,Hz separation,"{""frequencies_hz"": ""440,442"", ""separation_hz"": 2.0}",phase_vocoder,Phase Vocoder,local phase vocoder,-12,26,0.603718820861678,220.25255128603456,440.5051025720691,0.9958545466551765
critical_two_oscillators_2_0hz,critical_two_oscillators,440 + 442,2.0,Hz separation,"{""frequencies_hz"": ""440,442"", ""separation_hz"": 2.0}",phase_vocoder,Phase Vocoder,local phase vocoder,-12,27,0.626938775510204,220.2671357341646,440.5342714683292,0.9958018506689772
critical_two_oscillators_2_0hz,critical_two_oscillators,440 + 442,2.0,Hz separation,"{""frequencies_hz"": ""440,442"", ""separation_hz"": 2.0}",phase_vocoder,Phase Vocoder,local phase vocoder,-12,28,0.6501587301587302,220.29370413334598,440.58740826669197,0.9956833431697448
critical_two_oscillators_2_0hz,critical_two_oscillators,440 + 442,2.0,Hz separation,"{""frequencies_hz"": ""440,442"", ""separation_hz"": 2.0}",phase_vocoder,Phase Vocoder,local phase vocoder,-12,29,0.6733786848072563,220.34135771869313,440.68271543738626,0.9953803484827546
critical_two_oscillators_2_0hz,critical_two_oscillators,440 + 442,2.0,Hz separation,"{""frequencies_hz"": ""440,442"", ""separation_hz"": 2.0}",phase_vocoder,Phase Vocoder,local phase vocoder,-12,30,0.6965986394557823,220.43638211547693,440.87276423095386,0.9946774866421499
critical_two_oscillators_2_0hz,critical_two_oscillators,440 + 442,2.0,Hz separation,"{""frequencies_hz"": ""440,442"", ""separation_hz"": 2.0}",phase_vocoder,Phase Vocoder,local phase vocoder,-12,31,0.7198185941043084,220.65111622561932,441.30223245123864,0.9932054063886824
critical_two_oscillators_2_0hz,critical_two_oscillators,440 + 442,2.0,Hz separation,"{""frequencies_hz"": ""440,442"", ""separation_hz"": 2.0}",phase_vocoder,Phase Vocoder,local phase vocoder,-12,32,0.7430385487528345,221.16702395043512,442.33404790087025,0.9901008592677588
critical_two_oscillators_2_0hz,critical_two_oscillators,440 + 442,2.0,Hz separation,"{""frequencies_hz"": ""440,442"", ""separation_hz"": 2.0}",phase_vocoder,Phase Vocoder,local phase vocoder,-12,33,0.7662585034013606,221.81598056232215,443.6319611246443,0.98683144945576
critical_two_oscillators_2_0hz,critical_two_oscillators,440 + 442,2.0,Hz separation,"{""frequencies_hz"": ""440,442"", ""separation_hz"": 2.0}",phase_vocoder,Phase Vocoder,local phase vocoder,-12,34,0.7894784580498866,221.07292533504975,442.1458506700995,0.9904284189141984
critical_two_oscillators_2_0hz,critical_two_oscillators,440 + 442,2.0,Hz separation,"{""frequencies_hz"": ""440,442"", ""separation_hz"": 2.0}",phase_vocoder,Phase Vocoder,local phase vocoder,-12,35,0.8126984126984127,220.42547922236668,440.85095844473335,0.9940996018848716
critical_two_oscillators_2_0hz,critical_two_oscillators,440 + 442,2.0,Hz separation,"{""frequencies_hz"": ""440,442"", ""separation_hz"": 2.0}",phase_vocoder,Phase Vocoder,local phase vocoder,-12,36,0.8359183673469388,220.27490401953636,440.54980803907273,0.9951686878219811
critical_two_oscillators_2_0hz,critical_two_oscillators,440 + 442,2.0,Hz separation,"{""frequencies_hz"": ""440,442"", ""separation_hz"": 2.0}",phase_vocoder,Phase Vocoder,local phase vocoder,-12,37,0.8591383219954648,220.25154035759624,440.5030807151925,0.9954880203801332
critical_two_oscillators_2_0hz,critical_two_oscillators,440 + 442,2.0,Hz separation,"{""frequencies_hz"": ""440,442"", ""separation_hz"": 2.0}",phase_vocoder,Phase Vocoder,local phase vocoder,-12,38,0.8823582766439909,220.2431758247663,440.4863516495326,0.9956451864339765
critical_two_oscillators_2_0hz,critical_two_oscillators,440 + 442,2.0,Hz separation,"{""frequencies_hz"": ""440,442"", ""separation_hz"": 2.0}",phase_vocoder,Phase Vocoder,local phase vocoder,-12,39,0.905578231292517,220.23410485868422,440.46820971736844,0.9957497792121982
critical_two_oscillators_2_0hz,critical_two_oscillators,440 + 442,2.0,Hz separation,"{""frequencies_hz"": ""440,442"", ""separation_hz"": 2.0}",phase_vocoder,Phase Vocoder,local phase vocoder,-12,40,0.9287981859410431,220.22760934756627,440.45521869513254,0.9958209232977112
critical_two_oscillators_2_0hz,critical_two_oscillators,440 + 442,2.0,Hz separation,"{""frequencies_hz"": ""440,442"", ""separation_hz"": 2.0}",phase_vocoder,Phase Vocoder,local phase vocoder,-12,41,0.9520181405895691,220.2223646529551,440.4447293059102,0.9958595748323514
critical_two_oscillators_2_0hz,critical_two_oscillators,440 + 442,2.0,Hz separation,"{""frequencies_hz"": ""440,442"", ""separation_hz"": 2.0}",phase_vocoder,Phase Vocoder,local phase vocoder,-12,42,0.9752380952380952,220.21846188022153,440.43692376044305,0.995883893245764
critical_two_oscillators_2_0hz,critical_two_oscillators,440 + 442,2.0,Hz separation,"{""frequencies_hz"": ""440,442"", ""separation_hz"": 2.0}",phase_vocoder,Phase Vocoder,local phase vocoder,-12,43,0.9984580498866213,220.21742301122612,440.43484602245223,0.9958834247293729
critical_two_oscillators_2_0hz,critical_two_oscillators,440 + 442,2.0,Hz separation,"{""frequencies_hz"": ""440,442"", ""separation_hz"": 2.0}",phase_vocoder,Phase Vocoder,local phase vocoder,-12,44,1.0216780045351475,220.21644233912153,440.43288467824306,0.9958749778936095
critical_two_oscillators_2_0hz,critical_two_oscillators,440 + 442,2.0,Hz separation,"{""frequencies_hz"": ""440,442"", ""separation_hz"": 2.0}",phase_vocoder,Phase Vocoder,local phase vocoder,-12,45,1.0448979591836736,220.2165004887618,440.4330009775236,0.9958425238867994
critical_two_oscillators_2_0hz,critical_two_oscillators,440 + 442,2.0,Hz separation,"{""frequencies_hz"": ""440,442"", ""separation_hz"": 2.0}",phase_vocoder,Phase Vocoder,local phase vocoder,-12,46,1.0681179138321995,220.21596620547086,440.4319324109417,0.9957894975194
critical_two_oscillators_2_0hz,critical_two_oscillators,440 + 442,2.0,Hz separation,"{""frequencies_hz"": ""440,442"", ""separation_hz"": 2.0}",phase_vocoder,Phase Vocoder,local phase vocoder,-12,47,1.0913378684807256,220.21572556625122,440.43145113250245,0.9956835312839778
critical_two_oscillators_2_0hz,critical_two_oscillators,440 + 442,2.0,Hz separation,"{""frequencies_hz"": ""440,442"", ""separation_hz"": 2.0}",phase_vocoder,Phase Vocoder,local phase vocoder,-12,48,1.1145578231292517,220.21103981171177,440.42207962342354,0.9955137669587135
critical_two_oscillators_2_0hz,critical_two_oscillators,440 + 442,2.0,Hz separation,"{""frequencies_hz"": ""440,442"", ""separation_hz"": 2.0}",phase_vocoder,Phase Vocoder,local phase vocoder,-12,49,1.1377777777777778,220.2166924985822,440.4333849971644,0.9953015995482509
critical_two_oscillators_2_0hz,critical_two_oscillators,440 + 442,2.0,Hz separation,"{""frequencies_hz"": ""440,442"", ""separation_hz"": 2.0}",phase_vocoder,Phase Vocoder,local phase vocoder,-12,50,1.1609977324263039,220.27263037915623,440.54526075831245,0.9951084440611628
critical_two_oscillators_2_0hz,critical_two_oscillators,440 + 442,2.0,Hz separation,"{""frequencies_hz"": ""440,442"", ""separation_hz"": 2.0}",phase_vocoder,Phase Vocoder,local phase vocoder,-12,51,1.18421768707483,220.44486178431234,440.8897235686247,0.9950533323960564
critical_two_oscillators_2_0hz,critical_two_oscillators,440 + 442,2.0,Hz separation,"{""frequencies_hz"": ""440,442"", ""separation_hz"": 2.0}",phase_vocoder,Phase Vocoder,local phase vocoder,-12,52,1.207437641723356,220.74041744152504,441.4808348830501,0.9952140747718564
critical_two_oscillators_2_0hz,critical_two_oscillators,440 + 442,2.0,Hz separation,"{""frequencies_hz"": ""440,442"", ""separation_hz"": 2.0}",phase_vocoder,Phase Vocoder,local phase vocoder,-12,53,1.230657596371882,220.92986718043167,441.85973436086334,0.9958175436497968
critical_two_oscillators_2_0hz,critical_two_oscillators,440 + 442,2.0,Hz separation,"{""frequencies_hz"": ""440,442"", ""separation_hz"": 2.0}",phase_vocoder,Phase Vocoder,local phase vocoder,-12,54,1.253877551020408,220.74618501665543,441.49237003331086,0.9962180996201617
critical_two_oscillators_2_0hz,critical_two_oscillators,440 + 442,2.0,Hz separation,"{""frequencies_hz"": ""440,442"", ""separation_hz"": 2.0}",phase_vocoder,Phase Vocoder,local phase vocoder,-12,55,1.2770975056689342,220.47748237158865,440.9549647431773,0.9950158981292422
critical_two_oscillators_2_0hz,critical_two_oscillators,440 + 442,2.0,Hz separation,"{""frequencies_hz"": ""440,442"", ""separation_hz"": 2.0}",phase_vocoder,Phase Vocoder,local phase vocoder,-12,56,1.3003174603174603,220.38141010424243,440.76282020848487,0.9942039358384984
critical_two_oscillators_2_0hz,critical_two_oscillators,440 + 442,2.0,Hz separation,"{""frequencies_hz"": ""440,442"", ""separation_hz"": 2.0}",phase_vocoder,Phase Vocoder,local phase vocoder,-12,57,1.3235374149659864,220.32458799299127,440.64917598598254,0.9944503452821987
critical_two_oscillators_2_0hz,critical_two_oscillators,440 + 442,2.0,Hz separation,"{""frequencies_hz"": ""440,442"", ""separation_hz"": 2.0}",phase_vocoder,Phase Vocoder,local phase vocoder,-12,58,1.3467573696145125,220.2833092965705,440.566618593141,0.9949328473167584
critical_two_oscillators_2_0hz,critical_two_oscillators,440 + 442,2.0,Hz separation,"{""frequencies_hz"": ""440,442"", ""separation_hz"": 2.0}",phase_vocoder,Phase Vocoder,local phase vocoder,-12,59,1.3699773242630386,220.2567547797138,440.5135095594276,0.9953197104224383
critical_two_oscillators_2_0hz,critical_two_oscillators,440 + 442,2.0,Hz separation,"{""frequencies_hz"": ""440,442"", ""separation_hz"": 2.0}",phase_vocoder,Phase Vocoder,local phase vocoder,-12,60,1.3931972789115645,220.2406701434853,440.4813402869706,0.9955560792809611
critical_two_oscillators_2_0hz,critical_two_oscillators,440 + 442,2.0,Hz separation,"{""frequencies_hz"": ""440,442"", ""separation_hz"": 2.0}",phase_vocoder,Phase Vocoder,local phase vocoder,-12,61,1.4164172335600906,220.23082530612575,440.4616506122515,0.9957005225285186
critical_two_oscillators_2_0hz,critical_two_oscillators,440 + 442,2.0,Hz separation,"{""frequencies_hz"": ""440,442"", ""separation_hz"": 2.0}",phase_vocoder,Phase Vocoder,local phase vocoder,-12,62,1.4396371882086167,220.22502767886678,440.45005535773356,0.9957893598534447
critical_two_oscillators_2_0hz,critical_two_oscillators,440 + 442,2.0,Hz separation,"{""frequencies_hz"": ""440,442"", ""separation_hz"": 2.0}",phase_vocoder,Phase Vocoder,local phase vocoder,-12,63,1.4628571428571429,220.22235597823135,440.4447119564627,0.9958424971475176
critical_two_oscillators_2_0hz,critical_two_oscillators,440 + 442,2.0,Hz separation,"{""frequencies_hz"": ""440,442"", ""separation_hz"": 2.0}",phase_vocoder,Phase Vocoder,local phase vocoder,-12,64,1.486077097505669,220.2205835777452,440.4411671554904,0.9958770261407136
critical_two_oscillators_2_0hz,critical_two_oscillators,440 + 442,2.0,Hz separation,"{""frequencies_hz"": ""440,442"", ""separation_hz"": 2.0}",phase_vocoder,Phase Vocoder,local phase vocoder,-12,65,1.509297052154195,220.21980415054853,440.43960830109705,0.9958943297280614
critical_two_oscillators_2_0hz,critical_two_oscillators,440 + 442,2.0,Hz separation,"{""frequencies_hz"": ""440,442"", ""separation_hz"": 2.0}",phase_vocoder,Phase Vocoder,local phase vocoder,-12,66,1.5325170068027212,220.2198339287699,440.4396678575398,0.9959016692915174
critical_two_oscillators_2_0hz,critical_two_oscillators,440 + 442,2.0,Hz separation,"{""frequencies_hz"": ""440,442"", ""separation_hz"": 2.0}",phase_vocoder,Phase Vocoder,local phase vocoder,-12,67,1.555736961451247,220.22118593515262,440.44237187030524,0.995894836826056
critical_two_oscillators_2_0hz,critical_two_oscillators,440 + 442,2.0,Hz separation,"{""frequencies_hz"": ""440,442"", ""separation_hz"": 2.0}",phase_vocoder,Phase Vocoder,local phase vocoder,-12,68,1.5789569160997732,220.22317577917084,440.4463515583417,0.9958805194333119
critical_two_oscillators_2_0hz,critical_two_oscillators,440 + 442,2.0,Hz separation,"{""frequencies_hz"": ""440,442"", ""separation_hz"": 2.0}",phase_vocoder,Phase Vocoder,local phase vocoder,-12,69,1.6021768707482993,220.22788470274133,440.45576940548267,0.9958554766024903
critical_two_oscillators_2_0hz,critical_two_oscillators,440 + 442,2.0,Hz separation,"{""frequencies_hz"": ""440,442"", ""separation_hz"": 2.0}",phase_vocoder,Phase Vocoder,local phase vocoder,-12,70,1.6253968253968254,220.23710967972437,440.47421935944874,0.9958332126156528
critical_two_oscillators_2_0hz,critical_two_oscillators,440 + 442,2.0,Hz separation,"{""frequencies_hz"": ""440,442"", ""separation_hz"": 2.0}",phase_vocoder,Phase Vocoder,local phase vocoder,-12,71,1.6486167800453515,220.24899628027393,440.49799256054786,0.9958054806749873
critical_two_oscillators_2_0hz,critical_two_oscillators,440 + 442,2.0,Hz separation,"{""frequencies_hz"": ""440,442"", ""separation_hz"": 2.0}",phase_vocoder,Phase Vocoder,local phase vocoder,-12,72,1.6718367346938776,220.25782875655923,440.51565751311847,0.9957257683564058
critical_two_oscillators_2_0hz,critical_two_oscillators,440 + 442,2.0,Hz separation,"{""frequencies_hz"": ""440,442"", ""separation_hz"": 2.0}",phase_vocoder,Phase Vocoder,local phase vocoder,-12,73,1.6950566893424037,220.25730559902357,440.51461119804713,0.9955911367434855
critical_two_oscillators_2_0hz,critical_two_oscillators,440 + 442,2.0,Hz separation,"{""frequencies_hz"": ""440,442"", ""separation_hz"": 2.0}",phase_vocoder,Phase Vocoder,local phase vocoder,-12,74,1.7182766439909296,220.24935727106066,440.4987145421213,0.9955798020691538
critical_two_oscillators_2_0hz,critical_two_oscillators,440 + 442,2.0,Hz separation,"{""frequencies_hz"": ""440,442"", ""separation_hz"": 2.0}",phase_vocoder,Phase Vocoder,local phase vocoder,-12,75,1.7414965986394557,220.233156556467,440.466313112934,0.9959850918514405
critical_two_oscillators_2_0hz,critical_two_oscillators,440 + 442,2.0,Hz separation,"{""frequencies_hz"": ""440,442"", ""separation_hz"": 2.0}",phase_vocoder,Phase Vocoder,local phase vocoder,-12,76,1.7647165532879818,220.2131032365677,440.4262064731354,0.9962629908304464
critical_two_oscillators_2_0hz,critical_two_oscillators,440 + 442,2.0,Hz separation,"{""frequencies_hz"": ""440,442"", ""separation_hz"": 2.0}",phase_vocoder,Phase Vocoder,local phase vocoder,-12,77,1.787936507936508,220.20576590485993,440.41153180971986,0.9956310668417507
critical_two_oscillators_2_0hz,critical_two_oscillators,440 + 442,2.0,Hz separation,"{""frequencies_hz"": ""440,442"", ""separation_hz"": 2.0}",phase_vocoder,Phase Vocoder,local phase vocoder,-12,78,1.811156462585034,220.20626264644554,440.4125252928911,0.9952071880777986
critical_two_oscillators_2_0hz,critical_two_oscillators,440 + 442,2.0,Hz separation,"{""frequencies_hz"": ""440,442"", ""separation_hz"": 2.0}",phase_vocoder,Phase Vocoder,local phase vocoder,-12,79,1.8343764172335602,220.20148823127442,440.40297646254885,0.9952779082733376
critical_two_oscillators_2_0hz,critical_two_oscillators,440 + 442,2.0,Hz separation,"{""frequencies_hz"": ""440,442"", ""separation_hz"": 2.0}",phase_vocoder,Phase Vocoder,local phase vocoder,-12,80,1.8575963718820863,220.20722244231277,440.41444488462554,0.9954392531642169
critical_two_oscillators_2_0hz,critical_two_oscillators,440 + 442,2.0,Hz separation,"{""frequencies_hz"": ""440,442"", ""separation_hz"": 2.0}",phase_vocoder,Phase Vocoder,local phase vocoder,-12,81,1.8808163265306121,220.24830510903894,440.4966102180779,0.9954967059633207
critical_two_oscillators_2_0hz,critical_two_oscillators,440 + 442,2.0,Hz separation,"{""frequencies_hz"": ""440,442"", ""separation_hz"": 2.0}",phase_vocoder,Phase Vocoder,local phase vocoder,-12,82,1.9040362811791383,220.2130723128322,440.4261446256644,0.9954174485597154
critical_two_oscillators_2_0hz,critical_two_oscillators,440 + 442,2.0,Hz separation,"{""frequencies_hz"": ""440,442"", ""separation_hz"": 2.0}",phase_vocoder,Phase Vocoder,local phase vocoder,-12,83,1.9272562358276644,219.82306961118812,439.64613922237623,0.9942899572436024
critical_two_oscillators_2_0hz,critical_two_oscillators,440 + 442,2.0,Hz separation,"{""frequencies_hz"": ""440,442"", ""separation_hz"": 2.0}",phase_vocoder,Phase Vocoder,local phase vocoder,-12,84,1.9504761904761905,218.65688603963702,437.31377207927403,0.9848389183214832
critical_two_oscillators_2_0hz,critical_two_oscillators,440 + 442,2.0,Hz separation,"{""frequencies_hz"": ""440,442"", ""separation_hz"": 2.0}",phase_vocoder,Phase Vocoder,local phase vocoder,-12,85,1.9736961451247166,216.54580619058046,433.0916123811609,0.9610703003470166
critical_two_oscillators_2_0hz,critical_two_oscillators,440 + 442,2.0,Hz separation,"{""frequencies_hz"": ""440,442"", ""separation_hz"": 2.0}",phase_vocoder,Phase Vocoder,local phase vocoder,-12,86,1.9969160997732427,214.9317573395096,429.8635146790192,0.9430119578508263
critical_two_oscillators_2_0hz,critical_two_oscillators,440 + 442,2.0,Hz separation,"{""frequencies_hz"": ""440,442"", ""separation_hz"": 2.0}",rubber_band,Rubber Band,local hybrid spectral/time-domain proxy,-12,0,0.0,515.9791249610579,1031.9582499221158,0.20610683614904104
critical_two_oscillators_2_0hz,critical_two_oscillators,440 + 442,2.0,Hz separation,"{""frequencies_hz"": ""440,442"", ""separation_hz"": 2.0}",rubber_band,Rubber Band,local hybrid spectral/time-domain proxy,-12,1,0.023219954648526078,515.9597724637866,1031.9195449275733,0.20686947211125736
critical_two_oscillators_2_0hz,critical_two_oscillators,440 + 442,2.0,Hz separation,"{""frequencies_hz"": ""440,442"", ""separation_hz"": 2.0}",rubber_band,Rubber Band,local hybrid spectral/time-domain proxy,-12,2,0.046439909297052155,515.8642653642892,1031.7285307285783,0.21220565832523106
critical_two_oscillators_2_0hz,critical_two_oscillators,440 + 442,2.0,Hz separation,"{""frequencies_hz"": ""440,442"", ""separation_hz"": 2.0}",rubber_band,Rubber Band,local hybrid spectral/time-domain proxy,-12,3,0.06965986394557823,515.2434521165758,1030.4869042331516,0.2895572296121062
critical_two_oscillators_2_0hz,critical_two_oscillators,440 + 442,2.0,Hz separation,"{""frequencies_hz"": ""440,442"", ""separation_hz"": 2.0}",rubber_band,Rubber Band,local hybrid spectral/time-domain proxy,-12,4,0.09287981859410431,,,0.9982524542918669
critical_two_oscillators_2_0hz,critical_two_oscillators,440 + 442,2.0,Hz separation,"{""frequencies_hz"": ""440,442"", ""separation_hz"": 2.0}",rubber_band,Rubber Band,local hybrid spectral/time-domain proxy,-12,5,0.11609977324263039,223.3335073110407,446.6670146220814,0.9947824375451689
critical_two_oscillators_2_0hz,critical_two_oscillators,440 + 442,2.0,Hz separation,"{""frequencies_hz"": ""440,442"", ""separation_hz"": 2.0}",rubber_band,Rubber Band,local hybrid spectral/time-domain proxy,-12,6,0.13931972789115646,223.90855783804184,447.8171156760837,0.9944378708228937
critical_two_oscillators_2_0hz,critical_two_oscillators,440 + 442,2.0,Hz separation,"{""frequencies_hz"": ""440,442"", ""separation_hz"": 2.0}",rubber_band,Rubber Band,local hybrid spectral/time-domain proxy,-12,7,0.16253968253968254,223.99920532590323,447.99841065180647,0.9946934677173341
critical_two_oscillators_2_0hz,critical_two_oscillators,440 + 442,2.0,Hz separation,"{""frequencies_hz"": ""440,442"", ""separation_hz"": 2.0}",rubber_band,Rubber Band,local hybrid spectral/time-domain proxy,-12,8,0.18575963718820862,223.75091837002935,447.5018367400587,0.9947103622045133
critical_two_oscillators_2_0hz,critical_two_oscillators,440 + 442,2.0,Hz separation,"{""frequencies_hz"": ""440,442"", ""separation_hz"": 2.0}",rubber_band,Rubber Band,local hybrid spectral/time-domain proxy,-12,9,0.2089795918367347,223.74068898331825,447.4813779666365,0.9941471863514579
critical_two_oscillators_2_0hz,critical_two_oscillators,440 + 442,2.0,Hz separation,"{""frequencies_hz"": ""440,442"", ""separation_hz"": 2.0}",rubber_band,Rubber Band,local hybrid spectral/time-domain proxy,-12,10,0.23219954648526078,224.1329685837841,448.2659371675682,0.9926691494306539
critical_two_oscillators_2_0hz,critical_two_oscillators,440 + 442,2.0,Hz separation,"{""frequencies_hz"": ""440,442"", ""separation_hz"": 2.0}",rubber_band,Rubber Band,local hybrid spectral/time-domain proxy,-12,11,0.25541950113378686,224.86182217375236,449.7236443475047,0.9891775283277165
critical_two_oscillators_2_0hz,critical_two_oscillators,440 + 442,2.0,Hz separation,"{""frequencies_hz"": ""440,442"", ""separation_hz"": 2.0}",rubber_band,Rubber Band,local hybrid spectral/time-domain proxy,-12,12,0.2786394557823129,224.84069575261165,449.6813915052233,0.9874203701009745
critical_two_oscillators_2_0hz,critical_two_oscillators,440 + 442,2.0,Hz separation,"{""frequencies_hz"": ""440,442"", ""separation_hz"": 2.0}",rubber_band,Rubber Band,local hybrid spectral/time-domain proxy,-12,13,0.301859410430839,223.52079442590164,447.0415888518033,0.9901342177146831
critical_two_oscillators_2_0hz,critical_two_oscillators,440 + 442,2.0,Hz separation,"{""frequencies_hz"": ""440,442"", ""separation_hz"": 2.0}",rubber_band,Rubber Band,local hybrid spectral/time-domain proxy,-12,14,0.3250793650793651,222.7328230025286,445.4656460050572,0.9930919463230344
critical_two_oscillators_2_0hz,critical_two_oscillators,440 + 442,2.0,Hz separation,"{""frequencies_hz"": ""440,442"", ""separation_hz"": 2.0}",rubber_band,Rubber Band,local hybrid spectral/time-domain proxy,-12,15,0.34829931972789113,222.81653417609252,445.63306835218503,0.9941974743939622
critical_two_oscillators_2_0hz,critical_two_oscillators,440 + 442,2.0,Hz separation,"{""frequencies_hz"": ""440,442"", ""separation_hz"": 2.0}",rubber_band,Rubber Band,local hybrid spectral/time-domain proxy,-12,16,0.37151927437641724,223.06183243400514,446.1236648680103,0.9947467335731739
critical_two_oscillators_2_0hz,critical_two_oscillators,440 + 442,2.0,Hz separation,"{""frequencies_hz"": ""440,442"", ""separation_hz"": 2.0}",rubber_band,Rubber Band,local hybrid spectral/time-domain proxy,-12,17,0.3947392290249433,223.06213591071116,446.1242718214223,0.9953230613778962
critical_two_oscillators_2_0hz,critical_two_oscillators,440 + 442,2.0,Hz separation,"{""frequencies_hz"": ""440,442"", ""separation_hz"": 2.0}",rubber_band,Rubber Band,local hybrid spectral/time-domain proxy,-12,18,0.4179591836734694,223.01462442740268,446.02924885480536,0.995681969023261
critical_two_oscillators_2_0hz,critical_two_oscillators,440 + 442,2.0,Hz separation,"{""frequencies_hz"": ""440,442"", ""separation_hz"": 2.0}",rubber_band,Rubber Band,local hybrid spectral/time-domain proxy,-12,19,0.44117913832199546,223.09733842605073,446.19467685210145,0.9957185778062566
critical_two_oscillators_2_0hz,critical_two_oscillators,440 + 442,2.0,Hz separation,"{""frequencies_hz"": ""440,442"", ""separation_hz"": 2.0}",rubber_band,Rubber Band,local hybrid spectral/time-domain proxy,-12,20,0.46439909297052157,223.17345018366814,446.3469003673363,0.9957299565335578
critical_two_oscillators_2_0hz,critical_two_oscillators,440 + 442,2.0,Hz separation,"{""frequencies_hz"": ""440,442"", ""separation_hz"": 2.0}",rubber_band,Rubber Band,local hybrid spectral/time-domain proxy,-12,21,0.4876190476190476,223.14640218596645,446.2928043719329,0.9958429143685815
critical_two_oscillators_2_0hz,critical_two_oscillators,440 + 442,2.0,Hz separation,"{""frequencies_hz"": ""440,442"", ""separation_hz"": 2.0}",rubber_band,Rubber Band,local hybrid spectral/time-domain proxy,-12,22,0.5108390022675737,223.13536696317843,446.27073392635685,0.9958981454774246
critical_two_oscillators_2_0hz,critical_two_oscillators,440 + 442,2.0,Hz separation,"{""frequencies_hz"": ""440,442"", ""separation_hz"": 2.0}",rubber_band,Rubber Band,local hybrid spectral/time-domain proxy,-12,23,0.5340589569160997,223.2304071260823,446.4608142521646,0.995827667866189
critical_two_oscillators_2_0hz,critical_two_oscillators,440 + 442,2.0,Hz separation,"{""frequencies_hz"": ""440,442"", ""separation_hz"": 2.0}",rubber_band,Rubber Band,local hybrid spectral/time-domain proxy,-12,24,0.5572789115646258,223.3669648137908,446.7339296275816,0.9957150600430174
critical_two_oscillators_2_0hz,critical_two_oscillators,440 + 442,2.0,Hz separation,"{""frequencies_hz"": ""440,442"", ""separation_hz"": 2.0}",rubber_band,Rubber Band,local hybrid spectral/time-domain proxy,-12,25,0.5804988662131519,223.46733505573704,446.9346701114741,0.9956125927214806
critical_two_oscillators_2_0hz,critical_two_oscillators,440 + 442,2.0,Hz separation,"{""frequencies_hz"": ""440,442"", ""separation_hz"": 2.0}",rubber_band,Rubber Band,local hybrid spectral/time-domain proxy,-12,26,0.603718820861678,223.53904647864246,447.0780929572849,0.9954972860973176
critical_two_oscillators_2_0hz,critical_two_oscillators,440 + 442,2.0,Hz separation,"{""frequencies_hz"": ""440,442"", ""separation_hz"": 2.0}",rubber_band,Rubber Band,local hybrid spectral/time-domain proxy,-12,27,0.626938775510204,223.63014521556926,447.2602904311385,0.9953322966925526
critical_two_oscillators_2_0hz,critical_two_oscillators,440 + 442,2.0,Hz separation,"{""frequencies_hz"": ""440,442"", ""separation_hz"": 2.0}",rubber_band,Rubber Band,local hybrid spectral/time-domain proxy,-12,28,0.6501587301587302,223.76691982765473,447.53383965530946,0.9950639612332679
critical_two_oscillators_2_0hz,critical_two_oscillators,440 + 442,2.0,Hz separation,"{""frequencies_hz"": ""440,442"", ""separation_hz"": 2.0}",rubber_band,Rubber Band,local hybrid spectral/time-domain proxy,-12,29,0.6733786848072563,223.93460250215304,447.8692050043061,0.994739238273368
critical_two_oscillators_2_0hz,critical_two_oscillators,440 + 442,2.0,Hz separation,"{""frequencies_hz"": ""440,442"", ""separation_hz"": 2.0}",rubber_band,Rubber Band,local hybrid spectral/time-domain proxy,-12,30,0.6965986394557823,224.07481279170477,448.14962558340955,0.9942529524893862
critical_two_oscillators_2_0hz,critical_two_oscillators,440 + 442,2.0,Hz separation,"{""frequencies_hz"": ""440,442"", ""separation_hz"": 2.0}",rubber_band,Rubber Band,local hybrid spectral/time-domain proxy,-12,31,0.7198185941043084,224.16193029307757,448.32386058615515,0.9930030896362013
critical_two_oscillators_2_0hz,critical_two_oscillators,440 + 442,2.0,Hz separation,"{""frequencies_hz"": ""440,442"", ""separation_hz"": 2.0}",rubber_band,Rubber Band,local hybrid spectral/time-domain proxy,-12,32,0.7430385487528345,224.3910987112113,448.7821974224226,0.990319841132066
critical_two_oscillators_2_0hz,critical_two_oscillators,440 + 442,2.0,Hz separation,"{""frequencies_hz"": ""440,442"", ""separation_hz"": 2.0}",rubber_band,Rubber Band,local hybrid spectral/time-domain proxy,-12,33,0.7662585034013606,224.00872328319335,448.0174465663867,0.9900116914433691
critical_two_oscillators_2_0hz,critical_two_oscillators,440 + 442,2.0,Hz separation,"{""frequencies_hz"": ""440,442"", ""separation_hz"": 2.0}",rubber_band,Rubber Band,local hybrid spectral/time-domain proxy,-12,34,0.7894784580498866,223.0849785692688,446.1699571385376,0.9924906479913347
critical_two_oscillators_2_0hz,critical_two_oscillators,440 + 442,2.0,Hz separation,"{""frequencies_hz"": ""440,442"", ""separation_hz"": 2.0}",rubber_band,Rubber Band,local hybrid spectral/time-domain proxy,-12,35,0.8126984126984127,222.73864750300822,445.47729500601645,0.9940484528930159
critical_two_oscillators_2_0hz,critical_two_oscillators,440 + 442,2.0,Hz separation,"{""frequencies_hz"": ""440,442"", ""separation_hz"": 2.0}",rubber_band,Rubber Band,local hybrid spectral/time-domain proxy,-12,36,0.8359183673469388,222.9473453335032,445.8946906670064,0.9946403038411489
critical_two_oscillators_2_0hz,critical_two_oscillators,440 + 442,2.0,Hz separation,"{""frequencies_hz"": ""440,442"", ""separation_hz"": 2.0}",rubber_band,Rubber Band,local hybrid spectral/time-domain proxy,-12,37,0.8591383219954648,223.11117362214702,446.22234724429404,0.9950872410890175
critical_two_oscillators_2_0hz,critical_two_oscillators,440 + 442,2.0,Hz separation,"{""frequencies_hz"": ""440,442"", ""separation_hz"": 2.0}",rubber_band,Rubber Band,local hybrid spectral/time-domain proxy,-12,38,0.8823582766439909,223.05887902085973,446.11775804171947,0.9955503283940469
critical_two_oscillators_2_0hz,critical_two_oscillators,440 + 442,2.0,Hz separation,"{""frequencies_hz"": ""440,442"", ""separation_hz"": 2.0}",rubber_band,Rubber Band,local hybrid spectral/time-domain proxy,-12,39,0.905578231292517,223.02134112697223,446.04268225394446,0.9957784928123443
critical_two_oscillators_2_0hz,critical_two_oscillators,440 + 442,2.0,Hz separation,"{""frequencies_hz"": ""440,442"", ""separation_hz"": 2.0}",rubber_band,Rubber Band,local hybrid spectral/time-domain proxy,-12,40,0.9287981859410431,223.12287258215727,446.24574516431454,0.995758529082807
critical_two_oscillators_2_0hz,critical_two_oscillators,440 + 442,2.0,Hz separation,"{""frequencies_hz"": ""440,442"", ""separation_hz"": 2.0}",rubber_band,Rubber Band,local hybrid spectral/time-domain proxy,-12,41,0.9520181405895691,223.21763916541212,446.43527833082425,0.9957433515339031
critical_two_oscillators_2_0hz,critical_two_oscillators,440 + 442,2.0,Hz separation,"{""frequencies_hz"": ""440,442"", ""separation_hz"": 2.0}",rubber_band,Rubber Band,local hybrid spectral/time-domain proxy,-12,42,0.9752380952380952,223.20480615013358,446.40961230026716,0.995833252022622
critical_two_oscillators_2_0hz,critical_two_oscillators,440 + 442,2.0,Hz separation,"{""frequencies_hz"": ""440,442"", ""separation_hz"": 2.0}",rubber_band,Rubber Band,local hybrid spectral/time-domain proxy,-12,43,0.9984580498866213,223.18277055593555,446.3655411118711,0.9959041388594837
critical_two_oscillators_2_0hz,critical_two_oscillators,440 + 442,2.0,Hz separation,"{""frequencies_hz"": ""440,442"", ""separation_hz"": 2.0}",rubber_band,Rubber Band,local hybrid spectral/time-domain proxy,-12,44,1.0216780045351475,223.26459937302252,446.52919874604504,0.9958545337167709
critical_two_oscillators_2_0hz,critical_two_oscillators,440 + 442,2.0,Hz separation,"{""frequencies_hz"": ""440,442"", ""separation_hz"": 2.0}",rubber_band,Rubber Band,local hybrid spectral/time-domain proxy,-12,45,1.0448979591836736,223.41105848712346,446.8221169742469,0.9957390167876611
critical_two_oscillators_2_0hz,critical_two_oscillators,440 + 442,2.0,Hz separation,"{""frequencies_hz"": ""440,442"", ""separation_hz"": 2.0}",rubber_band,Rubber Band,local hybrid spectral/time-domain proxy,-12,46,1.0681179138321995,223.51668272766088,447.03336545532176,0.9956551214158696
critical_two_oscillators_2_0hz,critical_two_oscillators,440 + 442,2.0,Hz separation,"{""frequencies_hz"": ""440,442"", ""separation_hz"": 2.0}",rubber_band,Rubber Band,local hybrid spectral/time-domain proxy,-12,47,1.0913378684807256,223.56564318709283,447.13128637418566,0.9955832646388022
critical_two_oscillators_2_0hz,critical_two_oscillators,440 + 442,2.0,Hz separation,"{""frequencies_hz"": ""440,442"", ""separation_hz"": 2.0}",rubber_band,Rubber Band,local hybrid spectral/time-domain proxy,-12,48,1.1145578231292517,223.62289705081014,447.2457941016203,0.9954127498744422
critical_two_oscillators_2_0hz,critical_two_oscillators,440 + 442,2.0,Hz separation,"{""frequencies_hz"": ""440,442"", ""separation_hz"": 2.0}",rubber_band,Rubber Band,local hybrid spectral/time-domain proxy,-12,49,1.1377777777777778,223.72212008129316,447.4442401625863,0.9950926998425115
critical_two_oscillators_2_0hz,critical_two_oscillators,440 + 442,2.0,Hz separation,"{""frequencies_hz"": ""440,442"", ""separation_hz"": 2.0}",rubber_band,Rubber Band,local hybrid spectral/time-domain proxy,-12,50,1.1609977324263039,223.84192468942706,447.6838493788541,0.9946085454127621
critical_two_oscillators_2_0hz,critical_two_oscillators,440 + 442,2.0,Hz separation,"{""frequencies_hz"": ""440,442"", ""separation_hz"": 2.0}",rubber_band,Rubber Band,local hybrid spectral/time-domain proxy,-12,51,1.18421768707483,223.95389851090619,447.90779702181237,0.9939769106013499
critical_two_oscillators_2_0hz,critical_two_oscillators,440 + 442,2.0,Hz separation,"{""frequencies_hz"": ""440,442"", ""separation_hz"": 2.0}",rubber_band,Rubber Band,local hybrid spectral/time-domain proxy,-12,52,1.207437641723356,224.13416668444088,448.26833336888177,0.99232761030873
critical_two_oscillators_2_0hz,critical_two_oscillators,440 + 442,2.0,Hz separation,"{""frequencies_hz"": ""440,442"", ""separation_hz"": 2.0}",rubber_band,Rubber Band,local hybrid spectral/time-domain proxy,-12,53,1.230657596371882,224.6406926855184,449.2813853710368,0.9888642427865458
critical_two_oscillators_2_0hz,critical_two_oscillators,440 + 442,2.0,Hz separation,"{""frequencies_hz"": ""440,442"", ""separation_hz"": 2.0}",rubber_band,Rubber Band,local hybrid spectral/time-domain proxy,-12,54,1.253877551020408,224.15703404074182,448.31406808148364,0.9889620758682541
critical_two_oscillators_2_0hz,critical_two_oscillators,440 + 442,2.0,Hz separation,"{""frequencies_hz"": ""440,442"", ""separation_hz"": 2.0}",rubber_band,Rubber Band,local hybrid spectral/time-domain proxy,-12,55,1.2770975056689342,223.03496265323818,446.06992530647636,0.9919767322659415
critical_two_oscillators_2_0hz,critical_two_oscillators,440 + 442,2.0,Hz separation,"{""frequencies_hz"": ""440,442"", ""separation_hz"": 2.0}",rubber_band,Rubber Band,local hybrid spectral/time-domain proxy,-12,56,1.3003174603174603,222.5979577355816,445.1959154711632,0.9938618468579349
critical_two_oscillators_2_0hz,critical_two_oscillators,440 + 442,2.0,Hz separation,"{""frequencies_hz"": ""440,442"", ""separation_hz"": 2.0}",rubber_band,Rubber Band,local hybrid spectral/time-domain proxy,-12,57,1.3235374149659864,222.86098023610828,445.72196047221655,0.9944946162509978
critical_two_oscillators_2_0hz,critical_two_oscillators,440 + 442,2.0,Hz separation,"{""frequencies_hz"": ""440,442"", ""separation_hz"": 2.0}",rubber_band,Rubber Band,local hybrid spectral/time-domain proxy,-12,58,1.3467573696145125,223.12512393485036,446.25024786970073,0.9949421935025142
critical_two_oscillators_2_0hz,critical_two_oscillators,440 + 442,2.0,Hz separation,"{""frequencies_hz"": ""440,442"", ""separation_hz"": 2.0}",rubber_band,Rubber Band,local hybrid spectral/time-domain proxy,-12,59,1.3699773242630386,223.14648031130545,446.2929606226109,0.9954498987755397
critical_two_oscillators_2_0hz,critical_two_oscillators,440 + 442,2.0,Hz separation,"{""frequencies_hz"": ""440,442"", ""separation_hz"": 2.0}",rubber_band,Rubber Band,local hybrid spectral/time-domain proxy,-12,60,1.3931972789115645,223.14621404163782,446.29242808327564,0.9957167317511149
critical_two_oscillators_2_0hz,critical_two_oscillators,440 + 442,2.0,Hz separation,"{""frequencies_hz"": ""440,442"", ""separation_hz"": 2.0}",rubber_band,Rubber Band,local hybrid spectral/time-domain proxy,-12,61,1.4164172335600906,223.2341966993912,446.4683933987824,0.9957310151759585
critical_two_oscillators_2_0hz,critical_two_oscillators,440 + 442,2.0,Hz separation,"{""frequencies_hz"": ""440,442"", ""separation_hz"": 2.0}",rubber_band,Rubber Band,local hybrid spectral/time-domain proxy,-12,62,1.4396371882086167,223.27962144942532,446.55924289885064,0.995777234909662
critical_two_oscillators_2_0hz,critical_two_oscillators,440 + 442,2.0,Hz separation,"{""frequencies_hz"": ""440,442"", ""separation_hz"": 2.0}",rubber_band,Rubber Band,local hybrid spectral/time-domain proxy,-12,63,1.4628571428571429,223.25615008632417,446.51230017264834,0.9958851339441303
critical_two_oscillators_2_0hz,critical_two_oscillators,440 + 442,2.0,Hz separation,"{""frequencies_hz"": ""440,442"", ""separation_hz"": 2.0}",rubber_band,Rubber Band,local hybrid spectral/time-domain proxy,-12,64,1.486077097505669,223.28837794246977,446.57675588493953,0.9958893193770328
critical_two_oscillators_2_0hz,critical_two_oscillators,440 + 442,2.0,Hz separation,"{""frequencies_hz"": ""440,442"", ""separation_hz"": 2.0}",rubber_band,Rubber Band,local hybrid spectral/time-domain proxy,-12,65,1.509297052154195,223.39573365839053,446.79146731678105,0.9957924890659584
critical_two_oscillators_2_0hz,critical_two_oscillators,440 + 442,2.0,Hz separation,"{""frequencies_hz"": ""440,442"", ""separation_hz"": 2.0}",rubber_band,Rubber Band,local hybrid spectral/time-domain proxy,-12,66,1.5325170068027212,223.47901848931272,446.95803697862544,0.9957074075574072
critical_two_oscillators_2_0hz,critical_two_oscillators,440 + 442,2.0,Hz separation,"{""frequencies_hz"": ""440,442"", ""separation_hz"": 2.0}",rubber_band,Rubber Band,local hybrid spectral/time-domain proxy,-12,67,1.555736961451247,223.49029736461216,446.9805947292243,0.9956659200164727
critical_two_oscillators_2_0hz,critical_two_oscillators,440 + 442,2.0,Hz separation,"{""frequencies_hz"": ""440,442"", ""separation_hz"": 2.0}",rubber_band,Rubber Band,local hybrid spectral/time-domain proxy,-12,68,1.5789569160997732,223.46823237761137,446.93646475522274,0.9956124555823366
critical_two_oscillators_2_0hz,critical_two_oscillators,440 + 442,2.0,Hz separation,"{""frequencies_hz"": ""440,442"", ""separation_hz"": 2.0}",rubber_band,Rubber Band,local hybrid spectral/time-domain proxy,-12,69,1.6021768707482993,223.47324539413242,446.94649078826484,0.995460863585119
critical_two_oscillators_2_0hz,critical_two_oscillators,440 + 442,2.0,Hz separation,"{""frequencies_hz"": ""440,442"", ""separation_hz"": 2.0}",rubber_band,Rubber Band,local hybrid spectral/time-domain proxy,-12,70,1.6253968253968254,223.54068112065386,447.0813622413077,0.9951241533240377
critical_two_oscillators_2_0hz,critical_two_oscillators,440 + 442,2.0,Hz separation,"{""frequencies_hz"": ""440,442"", ""separation_hz"": 2.0}",rubber_band,Rubber Band,local hybrid spectral/time-domain proxy,-12,71,1.6486167800453515,223.65557534936707,447.31115069873414,0.9945631807605121
critical_two_oscillators_2_0hz,critical_two_oscillators,440 + 442,2.0,Hz separation,"{""frequencies_hz"": ""440,442"", ""separation_hz"": 2.0}",rubber_band,Rubber Band,local hybrid spectral/time-domain proxy,-12,72,1.6718367346938776,223.75902920974195,447.5180584194839,0.9937122123613519
critical_two_oscillators_2_0hz,critical_two_oscillators,440 + 442,2.0,Hz separation,"{""frequencies_hz"": ""440,442"", ""separation_hz"": 2.0}",rubber_band,Rubber Band,local hybrid spectral/time-domain proxy,-12,73,1.6950566893424037,223.92232583498952,447.84465166997904,0.9919885206058353
critical_two_oscillators_2_0hz,critical_two_oscillators,440 + 442,2.0,Hz separation,"{""frequencies_hz"": ""440,442"", ""separation_hz"": 2.0}",rubber_band,Rubber Band,local hybrid spectral/time-domain proxy,-12,74,1.7182766439909296,224.43583485401626,448.8716697080325,0.9898403487565965
critical_two_oscillators_2_0hz,critical_two_oscillators,440 + 442,2.0,Hz separation,"{""frequencies_hz"": ""440,442"", ""separation_hz"": 2.0}",rubber_band,Rubber Band,local hybrid spectral/time-domain proxy,-12,75,1.7414965986394557,223.91616716312464,447.8323343262493,0.9904623851800093
critical_two_oscillators_2_0hz,critical_two_oscillators,440 + 442,2.0,Hz separation,"{""frequencies_hz"": ""440,442"", ""separation_hz"": 2.0}",rubber_band,Rubber Band,local hybrid spectral/time-domain proxy,-12,76,1.7647165532879818,223.0333901608696,446.0667803217392,0.9929880032162808
critical_two_oscillators_2_0hz,critical_two_oscillators,440 + 442,2.0,Hz separation,"{""frequencies_hz"": ""440,442"", ""separation_hz"": 2.0}",rubber_band,Rubber Band,local hybrid spectral/time-domain proxy,-12,77,1.787936507936508,222.9109471233137,445.8218942466274,0.9941892279371809
critical_two_oscillators_2_0hz,critical_two_oscillators,440 + 442,2.0,Hz separation,"{""frequencies_hz"": ""440,442"", ""separation_hz"": 2.0}",rubber_band,Rubber Band,local hybrid spectral/time-domain proxy,-12,78,1.811156462585034,223.17961170302343,446.35922340604685,0.9946929416694319
critical_two_oscillators_2_0hz,critical_two_oscillators,440 + 442,2.0,Hz separation,"{""frequencies_hz"": ""440,442"", ""separation_hz"": 2.0}",rubber_band,Rubber Band,local hybrid spectral/time-domain proxy,-12,79,1.8343764172335602,223.26440577459755,446.5288115491951,0.9952172660724141
critical_two_oscillators_2_0hz,critical_two_oscillators,440 + 442,2.0,Hz separation,"{""frequencies_hz"": ""440,442"", ""separation_hz"": 2.0}",rubber_band,Rubber Band,local hybrid spectral/time-domain proxy,-12,80,1.8575963718820863,223.17337166086222,446.34674332172443,0.995661003682329
critical_two_oscillators_2_0hz,critical_two_oscillators,440 + 442,2.0,Hz separation,"{""frequencies_hz"": ""440,442"", ""separation_hz"": 2.0}",rubber_band,Rubber Band,local hybrid spectral/time-domain proxy,-12,81,1.8808163265306121,223.17268882409775,446.3453776481955,0.9957422720187795
critical_two_oscillators_2_0hz,critical_two_oscillators,440 + 442,2.0,Hz separation,"{""frequencies_hz"": ""440,442"", ""separation_hz"": 2.0}",rubber_band,Rubber Band,local hybrid spectral/time-domain proxy,-12,82,1.9040362811791383,223.45191652193557,446.90383304387115,0.9956386845282847
critical_two_oscillators_2_0hz,critical_two_oscillators,440 + 442,2.0,Hz separation,"{""frequencies_hz"": ""440,442"", ""separation_hz"": 2.0}",rubber_band,Rubber Band,local hybrid spectral/time-domain proxy,-12,83,1.9272562358276644,,,0.0662554571545924
critical_two_oscillators_2_0hz,critical_two_oscillators,440 + 442,2.0,Hz separation,"{""frequencies_hz"": ""440,442"", ""separation_hz"": 2.0}",rubber_band,Rubber Band,local hybrid spectral/time-domain proxy,-12,84,1.9504761904761905,,,0.003397764012730985
critical_two_oscillators_2_0hz,critical_two_oscillators,440 + 442,2.0,Hz separation,"{""frequencies_hz"": ""440,442"", ""separation_hz"": 2.0}",rubber_band,Rubber Band,local hybrid spectral/time-domain proxy,-12,85,1.9736961451247166,,,0.000293707067809482
critical_two_oscillators_2_0hz,critical_two_oscillators,440 + 442,2.0,Hz separation,"{""frequencies_hz"": ""440,442"", ""separation_hz"": 2.0}",rubber_band,Rubber Band,local hybrid spectral/time-domain proxy,-12,86,1.9969160997732427,,,-0.00015451185815948528
critical_two_oscillators_2_0hz,critical_two_oscillators,440 + 442,2.0,Hz separation,"{""frequencies_hz"": ""440,442"", ""separation_hz"": 2.0}",wsola,WSOLA,local waveform-similarity overlap-add,-12,0,0.0,521.4306878620866,1042.8613757241733,0.19402669154478336
critical_two_oscillators_2_0hz,critical_two_oscillators,440 + 442,2.0,Hz separation,"{""frequencies_hz"": ""440,442"", ""separation_hz"": 2.0}",wsola,WSOLA,local waveform-similarity overlap-add,-12,1,0.023219954648526078,521.412377561862,1042.824755123724,0.19478409383554826
critical_two_oscillators_2_0hz,critical_two_oscillators,440 + 442,2.0,Hz separation,"{""frequencies_hz"": ""440,442"", ""separation_hz"": 2.0}",wsola,WSOLA,local waveform-similarity overlap-add,-12,2,0.046439909297052155,521.3219175598165,1042.643835119633,0.20008297370526332
critical_two_oscillators_2_0hz,critical_two_oscillators,440 + 442,2.0,Hz separation,"{""frequencies_hz"": ""440,442"", ""separation_hz"": 2.0}",wsola,WSOLA,local waveform-similarity overlap-add,-12,3,0.06965986394557823,520.7306428688979,1041.4612857377958,0.27704978799687646
critical_two_oscillators_2_0hz,critical_two_oscillators,440 + 442,2.0,Hz separation,"{""frequencies_hz"": ""440,442"", ""separation_hz"": 2.0}",wsola,WSOLA,local waveform-similarity overlap-add,-12,4,0.09287981859410431,,,0.9984469199417189
critical_two_oscillators_2_0hz,critical_two_oscillators,440 + 442,2.0,Hz separation,"{""frequencies_hz"": ""440,442"", ""separation_hz"": 2.0}",wsola,WSOLA,local waveform-similarity overlap-add,-12,5,0.11609977324263039,223.3457231264961,446.6914462529922,0.9948304529797967
critical_two_oscillators_2_0hz,critical_two_oscillators,440 + 442,2.0,Hz separation,"{""frequencies_hz"": ""440,442"", ""separation_hz"": 2.0}",wsola,WSOLA,local waveform-similarity overlap-add,-12,6,0.13931972789115646,223.86403880865763,447.72807761731525,0.9944321057903015
critical_two_oscillators_2_0hz,critical_two_oscillators,440 + 442,2.0,Hz separation,"{""frequencies_hz"": ""440,442"", ""separation_hz"": 2.0}",wsola,WSOLA,local waveform-similarity overlap-add,-12,7,0.16253968253968254,223.9081975164844,447.8163950329688,0.9945989820550915
critical_two_oscillators_2_0hz,critical_two_oscillators,440 + 442,2.0,Hz separation,"{""frequencies_hz"": ""440,442"", ""separation_hz"": 2.0}",wsola,WSOLA,local waveform-similarity overlap-add,-12,8,0.18575963718820862,223.65519787708058,447.31039575416116,0.9947284217020447
critical_two_oscillators_2_0hz,critical_two_oscillators,440 + 442,2.0,Hz separation,"{""frequencies_hz"": ""440,442"", ""separation_hz"": 2.0}",wsola,WSOLA,local waveform-similarity overlap-add,-12,9,0.2089795918367347,223.66663004781725,447.3332600956345,0.9941451109455253
critical_two_oscillators_2_0hz,critical_two_oscillators,440 + 442,2.0,Hz separation,"{""frequencies_hz"": ""440,442"", ""separation_hz"": 2.0}",wsola,WSOLA,local waveform-similarity overlap-add,-12,10,0.23219954648526078,224.09291945658694,448.1858389131739,0.9926400523695931
critical_two_oscillators_2_0hz,critical_two_oscillators,440 + 442,2.0,Hz separation,"{""frequencies_hz"": ""440,442"", ""separation_hz"": 2.0}",wsola,WSOLA,local waveform-similarity overlap-add,-12,11,0.25541950113378686,224.8345983104466,449.6691966208932,0.9893320750471118
critical_two_oscillators_2_0hz,critical_two_oscillators,440 + 442,2.0,Hz separation,"{""frequencies_hz"": ""440,442"", ""separation_hz"": 2.0}",wsola,WSOLA,local waveform-similarity overlap-add,-12,12,0.2786394557823129,224.77731726206622,449.55463452413244,0.9876035310215645
critical_two_oscillators_2_0hz,critical_two_oscillators,440 + 442,2.0,Hz separation,"{""frequencies_hz"": ""440,442"", ""separation_hz"": 2.0}",wsola,WSOLA,local waveform-similarity overlap-add,-12,13,0.301859410430839,223.47664590061206,446.9532918012241,0.9902822799605956
critical_two_oscillators_2_0hz,critical_two_oscillators,440 + 442,2.0,Hz separation,"{""frequencies_hz"": ""440,442"", ""separation_hz"": 2.0}",wsola,WSOLA,local waveform-similarity overlap-add,-12,14,0.3250793650793651,222.7080861316966,445.4161722633932,0.9931421140229818
critical_two_oscillators_2_0hz,critical_two_oscillators,440 + 442,2.0,Hz separation,"{""frequencies_hz"": ""440,442"", ""separation_hz"": 2.0}",wsola,WSOLA,local waveform-similarity overlap-add,-12,15,0.34829931972789113,222.79674469432965,445.5934893886593,0.9942162724261842
critical_two_oscillators_2_0hz,critical_two_oscillators,440 + 442,2.0,Hz separation,"{""frequencies_hz"": ""440,442"", ""separation_hz"": 2.0}",wsola,WSOLA,local waveform-similarity overlap-add,-12,16,0.37151927437641724,223.05426202667144,446.1085240533429,0.9947574940455903
critical_two_oscillators_2_0hz,critical_two_oscillators,440 + 442,2.0,Hz separation,"{""frequencies_hz"": ""440,442"", ""separation_hz"": 2.0}",wsola,WSOLA,local waveform-similarity overlap-add,-12,17,0.3947392290249433,223.07464467476888,446.14928934953775,0.9953320375377194
critical_two_oscillators_2_0hz,critical_two_oscillators,440 + 442,2.0,Hz separation,"{""frequencies_hz"": ""440,442"", ""separation_hz"": 2.0}",wsola,WSOLA,local waveform-similarity overlap-add,-12,18,0.4179591836734694,223.0459007308364,446.0918014616728,0.9956906207061842
critical_two_oscillators_2_0hz,critical_two_oscillators,440 + 442,2.0,Hz separation,"{""frequencies_hz"": ""440,442"", ""separation_hz"": 2.0}",wsola,WSOLA,local waveform-similarity overlap-add,-12,19,0.44117913832199546,223.14673437769537,446.29346875539073,0.9957202976455026
critical_two_oscillators_2_0hz,critical_two_oscillators,440 + 442,2.0,Hz separation,"{""frequencies_hz"": ""440,442"", ""separation_hz"": 2.0}",wsola,WSOLA,local waveform-similarity overlap-add,-12,20,0.46439909297052157,223.237144919913,446.474289839826,0.9957264715945575
critical_two_oscillators_2_0hz,critical_two_oscillators,440 + 442,2.0,Hz separation,"{""frequencies_hz"": ""440,442"", ""separation_hz"": 2.0}",wsola,WSOLA,local waveform-similarity overlap-add,-12,21,0.4876190476190476,223.21435057522956,446.4287011504591,0.9958431507045873
critical_two_oscillators_2_0hz,critical_two_oscillators,440 + 442,2.0,Hz separation,"{""frequencies_hz"": ""440,442"", ""separation_hz"": 2.0}",wsola,WSOLA,local waveform-similarity overlap-add,-12,22,0.5108390022675737,223.19901487859798,446.39802975719596,0.9959019052838045
critical_two_oscillators_2_0hz,critical_two_oscillators,440 + 442,2.0,Hz separation,"{""frequencies_hz"": ""440,442"", ""separation_hz"": 2.0}",wsola,WSOLA,local waveform-similarity overlap-add,-12,23,0.5340589569160997,223.28244490551052,446.56488981102103,0.9958318210690298
critical_two_oscillators_2_0hz,critical_two_oscillators,440 + 442,2.0,Hz separation,"{""frequencies_hz"": ""440,442"", ""separation_hz"": 2.0}",wsola,WSOLA,local waveform-similarity overlap-add,-12,24,0.5572789115646258,223.39730677129927,446.79461354259854,0.9957255899693022
critical_two_oscillators_2_0hz,critical_two_oscillators,440 + 442,2.0,Hz separation,"{""frequencies_hz"": ""440,442"", ""separation_hz"": 2.0}",wsola,WSOLA,local waveform-similarity overlap-add,-12,25,0.5804988662131519,223.46889345943526,446.93778691887053,0.995635625003282
critical_two_oscillators_2_0hz,critical_two_oscillators,440 + 442,2.0,Hz separation,"{""frequencies_hz"": ""440,442"", ""separation_hz"": 2.0}",wsola,WSOLA,local waveform-similarity overlap-add,-12,26,0.603718820861678,223.51302128912712,447.02604257825425,0.9955265032672279
critical_two_oscillators_2_0hz,critical_two_oscillators,440 + 442,2.0,Hz separation,"{""frequencies_hz"": ""440,442"", ""separation_hz"": 2.0}",wsola,WSOLA,local waveform-similarity overlap-add,-12,27,0.626938775510204,223.5803921168315,447.160784233663,0.9953574767090984
critical_two_oscillators_2_0hz,critical_two_oscillators,440 + 442,2.0,Hz separation,"{""frequencies_hz"": ""440,442"", ""separation_hz"": 2.0}",wsola,WSOLA,local waveform-similarity overlap-add,-12,28,0.6501587301587302,223.69286330873626,447.3857266174725,0.9950906890820603
critical_two_oscillators_2_0hz,critical_two_oscillators,440 + 442,2.0,Hz separation,"{""frequencies_hz"": ""440,442"", ""separation_hz"": 2.0}",wsola,WSOLA,local waveform-similarity overlap-add,-12,29,0.6733786848072563,223.83602676701668,447.67205353403335,0.9946503574524516
critical_two_oscillators_2_0hz,critical_two_oscillators,440 + 442,2.0,Hz separation,"{""frequencies_hz"": ""440,442"", ""separation_hz"": 2.0}",wsola,WSOLA,local waveform-similarity overlap-add,-12,30,0.6965986394557823,223.96356091026803,447.92712182053606,0.9941237104835798
critical_two_oscillators_2_0hz,critical_two_oscillators,440 + 442,2.0,Hz separation,"{""frequencies_hz"": ""440,442"", ""separation_hz"": 2.0}",wsola,WSOLA,local waveform-similarity overlap-add,-12,31,0.7198185941043084,224.06381869940373,448.12763739880745,0.9928944060648575
critical_two_oscillators_2_0hz,critical_two_oscillators,440 + 442,2.0,Hz separation,"{""frequencies_hz"": ""440,442"", ""separation_hz"": 2.0}",wsola,WSOLA,local waveform-similarity overlap-add,-12,32,0.7430385487528345,224.34785890965776,448.6957178193155,0.9902976259802541
critical_two_oscillators_2_0hz,critical_two_oscillators,440 + 442,2.0,Hz separation,"{""frequencies_hz"": ""440,442"", ""separation_hz"": 2.0}",wsola,WSOLA,local waveform-similarity overlap-add,-12,33,0.7662585034013606,224.00869480349476,448.0173896069895,0.9900413554849069
critical_two_oscillators_2_0hz,critical_two_oscillators,440 + 442,2.0,Hz separation,"{""frequencies_hz"": ""440,442"", ""separation_hz"": 2.0}",wsola,WSOLA,local waveform-similarity overlap-add,-12,34,0.7894784580498866,223.09173650360205,446.1834730072041,0.9925032420620056
critical_two_oscillators_2_0hz,critical_two_oscillators,440 + 442,2.0,Hz separation,"{""frequencies_hz"": ""440,442"", ""separation_hz"": 2.0}",wsola,WSOLA,local waveform-similarity overlap-add,-12,35,0.8126984126984127,222.74946937445768,445.49893874891535,0.9940594879808137
critical_two_oscillators_2_0hz,critical_two_oscillators,440 + 442,2.0,Hz separation,"{""frequencies_hz"": ""440,442"", ""separation_hz"": 2.0}",wsola,WSOLA,local waveform-similarity overlap-add,-12,36,0.8359183673469388,222.97350672444284,445.9470134488857,0.9946471744231328
critical_two_oscillators_2_0hz,critical_two_oscillators,440 + 442,2.0,Hz separation,"{""frequencies_hz"": ""440,442"", ""separation_hz"": 2.0}",wsola,WSOLA,local waveform-similarity overlap-add,-12,37,0.8591383219954648,223.160511716495,446.32102343299,0.9950907821941922
critical_two_oscillators_2_0hz,critical_two_oscillators,440 + 442,2.0,Hz separation,"{""frequencies_hz"": ""440,442"", ""separation_hz"": 2.0}",wsola,WSOLA,local waveform-similarity overlap-add,-12,38,0.8823582766439909,223.1238720191343,446.2477440382686,0.9955601965204828
critical_two_oscillators_2_0hz,critical_two_oscillators,440 + 442,2.0,Hz separation,"{""frequencies_hz"": ""440,442"", ""separation_hz"": 2.0}",wsola,WSOLA,local waveform-similarity overlap-add,-12,39,0.905578231292517,223.09291105871492,446.18582211742984,0.9957893262283102
critical_two_oscillators_2_0hz,critical_two_oscillators,440 + 442,2.0,Hz separation,"{""frequencies_hz"": ""440,442"", ""separation_hz"": 2.0}",wsola,WSOLA,local waveform-similarity overlap-add,-12,40,0.9287981859410431,223.19496260717347,446.38992521434693,0.9957592961471198
critical_two_oscillators_2_0hz,critical_two_oscillators,440 + 442,2.0,Hz separation,"{""frequencies_hz"": ""440,442"", ""separation_hz"": 2.0}",wsola,WSOLA,local waveform-similarity overlap-add,-12,41,0.9520181405895691,223.27898302222573,446.55796604445146,0.9957382135623442
critical_two_oscillators_2_0hz,critical_two_oscillators,440 + 442,2.0,Hz separation,"{""frequencies_hz"": ""440,442"", ""separation_hz"": 2.0}",wsola,WSOLA,local waveform-similarity overlap-add,-12,42,0.9752380952380952,223.2436558888661,446.4873117777322,0.9958311690744869
critical_two_oscillators_2_0hz,critical_two_oscillators,440 + 442,2.0,Hz separation,"{""frequencies_hz"": ""440,442"", ""separation_hz"": 2.0}",wsola,WSOLA,local waveform-similarity overlap-add,-12,43,0.9984580498866213,223.19398567707526,446.3879713541505,0.9959067595443309
critical_two_oscillators_2_0hz,critical_two_oscillators,440 + 442,2.0,Hz separation,"{""frequencies_hz"": ""440,442"", ""separation_hz"": 2.0}",wsola,WSOLA,local waveform-similarity overlap-add,-12,44,1.0216780045351475,223.24623491465715,446.4924698293143,0.9958616810666148
critical_two_oscillators_2_0hz,critical_two_oscillators,440 + 442,2.0,Hz separation,"{""frequencies_hz"": ""440,442"", ""separation_hz"": 2.0}",wsola,WSOLA,local waveform-similarity overlap-add,-12,45,1.0448979591836736,223.36301808213292,446.72603616426585,0.9957518253979433
critical_two_oscillators_2_0hz,critical_two_oscillators,440 + 442,2.0,Hz separation,"{""frequencies_hz"": ""440,442"", ""separation_hz"": 2.0}",wsola,WSOLA,local waveform-similarity overlap-add,-12,46,1.0681179138321995,223.44621174633755,446.8924234926751,0.9956702852515684
critical_two_oscillators_2_0hz,critical_two_oscillators,440 + 442,2.0,Hz separation,"{""frequencies_hz"": ""440,442"", ""separation_hz"": 2.0}",wsola,WSOLA,local waveform-similarity overlap-add,-12,47,1.0913378684807256,223.48669426478565,446.9733885295713,0.9955940064272135
critical_two_oscillators_2_0hz,critical_two_oscillators,440 + 442,2.0,Hz separation,"{""frequencies_hz"": ""440,442"", ""separation_hz"": 2.0}",wsola,WSOLA,local waveform-similarity overlap-add,-12,48,1.1145578231292517,223.5502440424962,447.1004880849924,0.9954145578996971
critical_two_oscillators_2_0hz,critical_two_oscillators,440 + 442,2.0,Hz separation,"{""frequencies_hz"": ""440,442"", ""separation_hz"": 2.0}",wsola,WSOLA,local waveform-similarity overlap-add,-12,49,1.1377777777777778,223.6696442617475,447.339288523495,0.9950806347939455
critical_two_oscillators_2_0hz,critical_two_oscillators,440 + 442,2.0,Hz separation,"{""frequencies_hz"": ""440,442"", ""separation_hz"": 2.0}",wsola,WSOLA,local waveform-similarity overlap-add,-12,50,1.1609977324263039,223.8223881407075,447.644776281415,0.9945748115664546
critical_two_oscillators_2_0hz,critical_two_oscillators,440 + 442,2.0,Hz separation,"{""frequencies_hz"": ""440,442"", ""separation_hz"": 2.0}",wsola,WSOLA,local waveform-similarity overlap-add,-12,51,1.18421768707483,223.97698898590838,447.95397797181676,0.9939439799241506
critical_two_oscillators_2_0hz,critical_two_oscillators,440 + 442,2.0,Hz separation,"{""frequencies_hz"": ""440,442"", ""separation_hz"": 2.0}",wsola,WSOLA,local waveform-similarity overlap-add,-12,52,1.207437641723356,224.2094117356683,448.4188234713366,0.9922491649277625
critical_two_oscillators_2_0hz,critical_two_oscillators,440 + 442,2.0,Hz separation,"{""frequencies_hz"": ""440,442"", ""separation_hz"": 2.0}",wsola,WSOLA,local waveform-similarity overlap-add,-12,53,1.230657596371882,224.76405905603295,449.5281181120659,0.9885402801002872
critical_two_oscillators_2_0hz,critical_two_oscillators,440 + 442,2.0,Hz separation,"{""frequencies_hz"": ""440,442"", ""separation_hz"": 2.0}",wsola,WSOLA,local waveform-similarity overlap-add,-12,54,1.253877551020408,224.23131099505093,448.46262199010187,0.9887428735789736
critical_two_oscillators_2_0hz,critical_two_oscillators,440 + 442,2.0,Hz separation,"{""frequencies_hz"": ""440,442"", ""separation_hz"": 2.0}",wsola,WSOLA,local waveform-similarity overlap-add,-12,55,1.2770975056689342,223.07824474015896,446.15648948031793,0.9918472225487506
critical_two_oscillators_2_0hz,critical_two_oscillators,440 + 442,2.0,Hz separation,"{""frequencies_hz"": ""440,442"", ""separation_hz"": 2.0}",wsola,WSOLA,local waveform-similarity overlap-add,-12,56,1.3003174603174603,222.63311640960782,445.26623281921565,0.993829800158005
critical_two_oscillators_2_0hz,critical_two_oscillators,440 + 442,2.0,Hz separation,"{""frequencies_hz"": ""440,442"", ""separation_hz"": 2.0}",wsola,WSOLA,local waveform-similarity overlap-add,-12,57,1.3235374149659864,222.89954481673405,445.7990896334681,0.994485967919382
critical_two_oscillators_2_0hz,critical_two_oscillators,440 + 442,2.0,Hz separation,"{""frequencies_hz"": ""440,442"", ""separation_hz"": 2.0}",wsola,WSOLA,local waveform-similarity overlap-add,-12,58,1.3467573696145125,223.1618158892512,446.3236317785024,0.9949359911762925
critical_two_oscillators_2_0hz,critical_two_oscillators,440 + 442,2.0,Hz separation,"{""frequencies_hz"": ""440,442"", ""separation_hz"": 2.0}",wsola,WSOLA,local waveform-similarity overlap-add,-12,59,1.3699773242630386,223.17061376733471,446.34122753466943,0.9954470252735251
critical_two_oscillators_2_0hz,critical_two_oscillators,440 + 442,2.0,Hz separation,"{""frequencies_hz"": ""440,442"", ""separation_hz"": 2.0}",wsola,WSOLA,local waveform-similarity overlap-add,-12,60,1.3931972789115645,223.15198699121623,446.30397398243247,0.99571595701081
critical_two_oscillators_2_0hz,critical_two_oscillators,440 + 442,2.0,Hz separation,"{""frequencies_hz"": ""440,442"", ""separation_hz"": 2.0}",wsola,WSOLA,local waveform-similarity overlap-add,-12,61,1.4164172335600906,223.2168619651495,446.433723930299,0.9957328317687174
critical_two_oscillators_2_0hz,critical_two_oscillators,440 + 442,2.0,Hz separation,"{""frequencies_hz"": ""440,442"", ""separation_hz"": 2.0}",wsola,WSOLA,local waveform-similarity overlap-add,-12,62,1.4396371882086167,223.23846199462884,446.47692398925767,0.9957796577002985
critical_two_oscillators_2_0hz,critical_two_oscillators,440 + 442,2.0,Hz separation,"{""frequencies_hz"": ""440,442"", ""separation_hz"": 2.0}",wsola,WSOLA,local waveform-similarity overlap-add,-12,63,1.4628571428571429,223.1976614895797,446.3953229791594,0.9958842393549614
critical_two_oscillators_2_0hz,critical_two_oscillators,440 + 442,2.0,Hz separation,"{""frequencies_hz"": ""440,442"", ""separation_hz"": 2.0}",wsola,WSOLA,local waveform-similarity overlap-add,-12,64,1.486077097505669,223.22060317311497,446.44120634622993,0.995888475381735
critical_two_oscillators_2_0hz,critical_two_oscillators,440 + 442,2.0,Hz separation,"{""frequencies_hz"": ""440,442"", ""separation_hz"": 2.0}",wsola,WSOLA,local waveform-similarity overlap-add,-12,65,1.509297052154195,223.32851178660113,446.65702357320225,0.9957959147574565
critical_two_oscillators_2_0hz,critical_two_oscillators,440 + 442,2.0,Hz separation,"{""frequencies_hz"": ""440,442"", ""separation_hz"": 2.0}",wsola,WSOLA,local waveform-similarity overlap-add,-12,66,1.5325170068027212,223.42596837472314,446.8519367494463,0.9957127736513571
critical_two_oscillators_2_0hz,critical_two_oscillators,440 + 442,2.0,Hz separation,"{""frequencies_hz"": ""440,442"", ""separation_hz"": 2.0}",wsola,WSOLA,local waveform-similarity overlap-add,-12,67,1.555736961451247,223.46557164834118,446.93114329668236,0.9956629377060572
critical_two_oscillators_2_0hz,critical_two_oscillators,440 + 442,2.0,Hz separation,"{""frequencies_hz"": ""440,442"", ""separation_hz"": 2.0}",wsola,WSOLA,local waveform-similarity overlap-add,-12,68,1.5789569160997732,223.48231536823997,446.96463073647993,0.9955863716798352
critical_two_oscillators_2_0hz,critical_two_oscillators,440 + 442,2.0,Hz separation,"{""frequencies_hz"": ""440,442"", ""separation_hz"": 2.0}",wsola,WSOLA,local waveform-similarity overlap-add,-12,69,1.6021768707482993,223.52878341877286,447.0575668375457,0.9954065487642703
critical_two_oscillators_2_0hz,critical_two_oscillators,440 + 442,2.0,Hz separation,"{""frequencies_hz"": ""440,442"", ""separation_hz"": 2.0}",wsola,WSOLA,local waveform-similarity overlap-add,-12,70,1.6253968253968254,223.6347244193211,447.2694488386422,0.9950497905346236
critical_two_oscillators_2_0hz,critical_two_oscillators,440 + 442,2.0,Hz separation,"{""frequencies_hz"": ""440,442"", ""separation_hz"": 2.0}",wsola,WSOLA,local waveform-similarity overlap-add,-12,71,1.6486167800453515,223.79124899228245,447.5824979845649,0.9944727436892397
critical_two_oscillators_2_0hz,critical_two_oscillators,440 + 442,2.0,Hz separation,"{""frequencies_hz"": ""440,442"", ""separation_hz"": 2.0}",wsola,WSOLA,local waveform-similarity overlap-add,-12,72,1.6718367346938776,223.95136422054662,447.90272844109325,0.9937621749289887
critical_two_oscillators_2_0hz,critical_two_oscillators,440 + 442,2.0,Hz separation,"{""frequencies_hz"": ""440,442"", ""separation_hz"": 2.0}",wsola,WSOLA,local waveform-similarity overlap-add,-12,73,1.6950566893424037,224.13481244428098,448.26962488856196,0.9922651086047471
critical_two_oscillators_2_0hz,critical_two_oscillators,440 + 442,2.0,Hz separation,"{""frequencies_hz"": ""440,442"", ""separation_hz"": 2.0}",wsola,WSOLA,local waveform-similarity overlap-add,-12,74,1.7182766439909296,224.3575747889667,448.7151495779334,0.9899975502780104
critical_two_oscillators_2_0hz,critical_two_oscillators,440 + 442,2.0,Hz separation,"{""frequencies_hz"": ""440,442"", ""separation_hz"": 2.0}",wsola,WSOLA,local waveform-similarity overlap-add,-12,75,1.7414965986394557,223.6346968437718,447.2693936875436,0.9908437956438584
critical_two_oscillators_2_0hz,critical_two_oscillators,440 + 442,2.0,Hz separation,"{""frequencies_hz"": ""440,442"", ""separation_hz"": 2.0}",wsola,WSOLA,local waveform-similarity overlap-add,-12,76,1.7647165532879818,222.85548834533668,445.71097669067336,0.9932261153174088
critical_two_oscillators_2_0hz,critical_two_oscillators,440 + 442,2.0,Hz separation,"{""frequencies_hz"": ""440,442"", ""separation_hz"": 2.0}",wsola,WSOLA,local waveform-similarity overlap-add,-12,77,1.787936507936508,222.81736367996575,445.6347273599315,0.9942649756987693
critical_two_oscillators_2_0hz,critical_two_oscillators,440 + 442,2.0,Hz separation,"{""frequencies_hz"": ""440,442"", ""separation_hz"": 2.0}",wsola,WSOLA,local waveform-similarity overlap-add,-12,78,1.811156462585034,223.09815979990742,446.19631959981484,0.9947226020081688
critical_two_oscillators_2_0hz,critical_two_oscillators,440 + 442,2.0,Hz separation,"{""frequencies_hz"": ""440,442"", ""separation_hz"": 2.0}",wsola,WSOLA,local waveform-similarity overlap-add,-12,79,1.8343764172335602,223.179594688943,446.359189377886,0.9952294173014256
critical_two_oscillators_2_0hz,critical_two_oscillators,440 + 442,2.0,Hz separation,"{""frequencies_hz"": ""440,442"", ""separation_hz"": 2.0}",wsola,WSOLA,local waveform-similarity overlap-add,-12,80,1.8575963718820863,223.09880406507946,446.1976081301589,0.9956605588681511
critical_two_oscillators_2_0hz,critical_two_oscillators,440 + 442,2.0,Hz separation,"{""frequencies_hz"": ""440,442"", ""separation_hz"": 2.0}",wsola,WSOLA,local waveform-similarity overlap-add,-12,81,1.8808163265306121,223.1209510838876,446.2419021677752,0.9957412136120328
critical_two_oscillators_2_0hz,critical_two_oscillators,440 + 442,2.0,Hz separation,"{""frequencies_hz"": ""440,442"", ""separation_hz"": 2.0}",wsola,WSOLA,local waveform-similarity overlap-add,-12,82,1.9040362811791383,223.43553981877423,446.87107963754846,0.9956081352962073
critical_two_oscillators_2_0hz,critical_two_oscillators,440 + 442,2.0,Hz separation,"{""frequencies_hz"": ""440,442"", ""separation_hz"": 2.0}",wsola,WSOLA,local waveform-similarity overlap-add,-12,83,1.9272562358276644,,,0.06625440941504623
critical_two_oscillators_2_0hz,critical_two_oscillators,440 + 442,2.0,Hz separation,"{""frequencies_hz"": ""440,442"", ""separation_hz"": 2.0}",wsola,WSOLA,local waveform-similarity overlap-add,-12,84,1.9504761904761905,,,0.003397202476023785
critical_two_oscillators_2_0hz,critical_two_oscillators,440 + 442,2.0,Hz separation,"{""frequencies_hz"": ""440,442"", ""separation_hz"": 2.0}",wsola,WSOLA,local waveform-similarity overlap-add,-12,85,1.9736961451247166,,,0.0002931731089881713
critical_two_oscillators_2_0hz,critical_two_oscillators,440 + 442,2.0,Hz separation,"{""frequencies_hz"": ""440,442"", ""separation_hz"": 2.0}",wsola,WSOLA,local waveform-similarity overlap-add,-12,86,1.9969160997732427,,,-0.0001550375914533862
critical_vibrato_depth_1_0st,critical_vibrato_depth,1 semitones,1.0,semitones,"{""base_hz"": 440.0, ""depth_semitones"": 1.0, ""rate_hz"": 5.5}",input,Input,source signal,0,0,0.0,455.3810325150724,455.3810325150724,0.9271012512705751
critical_vibrato_depth_1_0st,critical_vibrato_depth,1 semitones,1.0,semitones,"{""base_hz"": 440.0, ""depth_semitones"": 1.0, ""rate_hz"": 5.5}",input,Input,source signal,0,1,0.023219954648526078,457.09752981567095,457.09752981567095,0.9456771040795878
critical_vibrato_depth_1_0st,critical_vibrato_depth,1 semitones,1.0,semitones,"{""base_hz"": 440.0, ""depth_semitones"": 1.0, ""rate_hz"": 5.5}",input,Input,source signal,0,2,0.046439909297052155,457.93925674184544,457.93925674184544,0.975219659760887
critical_vibrato_depth_1_0st,critical_vibrato_depth,1 semitones,1.0,semitones,"{""base_hz"": 440.0, ""depth_semitones"": 1.0, ""rate_hz"": 5.5}",input,Input,source signal,0,3,0.06965986394557823,452.0632866241739,452.0632866241739,0.9783398452039758
critical_vibrato_depth_1_0st,critical_vibrato_depth,1 semitones,1.0,semitones,"{""base_hz"": 440.0, ""depth_semitones"": 1.0, ""rate_hz"": 5.5}",input,Input,source signal,0,4,0.09287981859410431,439.80811978531955,439.80811978531955,0.9712642377067983
critical_vibrato_depth_1_0st,critical_vibrato_depth,1 semitones,1.0,semitones,"{""base_hz"": 440.0, ""depth_semitones"": 1.0, ""rate_hz"": 5.5}",input,Input,source signal,0,5,0.11609977324263039,427.96792938041375,427.96792938041375,0.9796911453609761
critical_vibrato_depth_1_0st,critical_vibrato_depth,1 semitones,1.0,semitones,"{""base_hz"": 440.0, ""depth_semitones"": 1.0, ""rate_hz"": 5.5}",input,Input,source signal,0,6,0.13931972789115646,424.05286289160665,424.05286289160665,0.988833275003477
critical_vibrato_depth_1_0st,critical_vibrato_depth,1 semitones,1.0,semitones,"{""base_hz"": 440.0, ""depth_semitones"": 1.0, ""rate_hz"": 5.5}",input,Input,source signal,0,7,0.16253968253968254,430.46829494113484,430.46829494113484,0.9773288668737772
critical_vibrato_depth_1_0st,critical_vibrato_depth,1 semitones,1.0,semitones,"{""base_hz"": 440.0, ""depth_semitones"": 1.0, ""rate_hz"": 5.5}",input,Input,source signal,0,8,0.18575963718820862,443.23135019916396,443.23135019916396,0.9714322670215879
critical_vibrato_depth_1_0st,critical_vibrato_depth,1 semitones,1.0,semitones,"{""base_hz"": 440.0, ""depth_semitones"": 1.0, ""rate_hz"": 5.5}",input,Input,source signal,0,9,0.2089795918367347,454.2623481408435,454.2623481408435,0.9819581031825154
critical_vibrato_depth_1_0st,critical_vibrato_depth,1 semitones,1.0,semitones,"{""base_hz"": 440.0, ""depth_semitones"": 1.0, ""rate_hz"": 5.5}",input,Input,source signal,0,10,0.23219954648526078,457.1220964778101,457.1220964778101,0.988803380834889
critical_vibrato_depth_1_0st,critical_vibrato_depth,1 semitones,1.0,semitones,"{""base_hz"": 440.0, ""depth_semitones"": 1.0, ""rate_hz"": 5.5}",input,Input,source signal,0,11,0.25541950113378686,450.3080688745814,450.3080688745814,0.9776989131006294
critical_vibrato_depth_1_0st,critical_vibrato_depth,1 semitones,1.0,semitones,"{""base_hz"": 440.0, ""depth_semitones"": 1.0, ""rate_hz"": 5.5}",input,Input,source signal,0,12,0.2786394557823129,437.5295761478357,437.5295761478357,0.9707030940839824
critical_vibrato_depth_1_0st,critical_vibrato_depth,1 semitones,1.0,semitones,"{""base_hz"": 440.0, ""depth_semitones"": 1.0, ""rate_hz"": 5.5}",input,Input,source signal,0,13,0.301859410430839,426.59608819254964,426.59608819254964,0.9830155610583412
critical_vibrato_depth_1_0st,critical_vibrato_depth,1 semitones,1.0,semitones,"{""base_hz"": 440.0, ""depth_semitones"": 1.0, ""rate_hz"": 5.5}",input,Input,source signal,0,14,0.3250793650793651,424.44390638738395,424.44390638738395,0.9879684282649718
critical_vibrato_depth_1_0st,critical_vibrato_depth,1 semitones,1.0,semitones,"{""base_hz"": 440.0, ""depth_semitones"": 1.0, ""rate_hz"": 5.5}",input,Input,source signal,0,15,0.34829931972789113,432.382488829174,432.382488829174,0.9754654822868808
critical_vibrato_depth_1_0st,critical_vibrato_depth,1 semitones,1.0,semitones,"{""base_hz"": 440.0, ""depth_semitones"": 1.0, ""rate_hz"": 5.5}",input,Input,source signal,0,16,0.37151927437641724,445.4594298070197,445.4594298070197,0.9711073171505066
critical_vibrato_depth_1_0st,critical_vibrato_depth,1 semitones,1.0,semitones,"{""base_hz"": 440.0, ""depth_semitones"": 1.0, ""rate_hz"": 5.5}",input,Input,source signal,0,17,0.3947392290249433,455.43213451607454,455.43213451607454,0.9844168498221353
critical_vibrato_depth_1_0st,critical_vibrato_depth,1 semitones,1.0,semitones,"{""base_hz"": 440.0, ""depth_semitones"": 1.0, ""rate_hz"": 5.5}",input,Input,source signal,0,18,0.4179591836734694,456.61163142683614,456.61163142683614,0.9874937987141414
critical_vibrato_depth_1_0st,critical_vibrato_depth,1 semitones,1.0,semitones,"{""base_hz"": 440.0, ""depth_semitones"": 1.0, ""rate_hz"": 5.5}",input,Input,source signal,0,19,0.44117913832199546,448.3829472804383,448.3829472804383,0.9752569704990871
critical_vibrato_depth_1_0st,critical_vibrato_depth,1 semitones,1.0,semitones,"{""base_hz"": 440.0, ""depth_semitones"": 1.0, ""rate_hz"": 5.5}",input,Input,source signal,0,20,0.46439909297052157,435.3010650663158,435.3010650663158,0.9721165879200122
critical_vibrato_depth_1_0st,critical_vibrato_depth,1 semitones,1.0,semitones,"{""base_hz"": 440.0, ""depth_semitones"": 1.0, ""rate_hz"": 5.5}",input,Input,source signal,0,21,0.4876190476190476,425.4942703747315,425.4942703747315,0.9855917622406287
critical_vibrato_depth_1_0st,critical_vibrato_depth,1 semitones,1.0,semitones,"{""base_hz"": 440.0, ""depth_semitones"": 1.0, ""rate_hz"": 5.5}",input,Input,source signal,0,22,0.5108390022675737,425.1407947673175,425.1407947673175,0.9864002471204183
critical_vibrato_depth_1_0st,critical_vibrato_depth,1 semitones,1.0,semitones,"{""base_hz"": 440.0, ""depth_semitones"": 1.0, ""rate_hz"": 5.5}",input,Input,source signal,0,23,0.5340589569160997,434.4550044372965,434.4550044372965,0.9731502109101505
critical_vibrato_depth_1_0st,critical_vibrato_depth,1 semitones,1.0,semitones,"{""base_hz"": 440.0, ""depth_semitones"": 1.0, ""rate_hz"": 5.5}",input,Input,source signal,0,24,0.5572789115646258,447.5867248195155,447.5867248195155,0.9741788589412499
critical_vibrato_depth_1_0st,critical_vibrato_depth,1 semitones,1.0,semitones,"{""base_hz"": 440.0, ""depth_semitones"": 1.0, ""rate_hz"": 5.5}",input,Input,source signal,0,25,0.5804988662131519,456.3342700845758,456.3342700845758,0.9867766954017002
critical_vibrato_depth_1_0st,critical_vibrato_depth,1 semitones,1.0,semitones,"{""base_hz"": 440.0, ""depth_semitones"": 1.0, ""rate_hz"": 5.5}",input,Input,source signal,0,26,0.603718820861678,455.8176701142597,455.8176701142597,0.9854305417175461
critical_vibrato_depth_1_0st,critical_vibrato_depth,1 semitones,1.0,semitones,"{""base_hz"": 440.0, ""depth_semitones"": 1.0, ""rate_hz"": 5.5}",input,Input,source signal,0,27,0.626938775510204,446.30606298225683,446.30606298225683,0.9723626310722702
critical_vibrato_depth_1_0st,critical_vibrato_depth,1 semitones,1.0,semitones,"{""base_hz"": 440.0, ""depth_semitones"": 1.0, ""rate_hz"": 5.5}",input,Input,source signal,0,28,0.6501587301587302,433.17639675866246,433.17639675866246,0.9746149905569156
critical_vibrato_depth_1_0st,critical_vibrato_depth,1 semitones,1.0,semitones,"{""base_hz"": 440.0, ""depth_semitones"": 1.0, ""rate_hz"": 5.5}",input,Input,source signal,0,29,0.6733786848072563,424.6806563502458,424.6806563502458,0.987439538759853
critical_vibrato_depth_1_0st,critical_vibrato_depth,1 semitones,1.0,semitones,"{""base_hz"": 440.0, ""depth_semitones"": 1.0, ""rate_hz"": 5.5}",input,Input,source signal,0,30,0.6965986394557823,426.1317876256115,426.1317876256115,0.98411143032824
critical_vibrato_depth_1_0st,critical_vibrato_depth,1 semitones,1.0,semitones,"{""base_hz"": 440.0, ""depth_semitones"": 1.0, ""rate_hz"": 5.5}",input,Input,source signal,0,31,0.7198185941043084,436.64949927411584,436.64949927411584,0.9703914774100674
critical_vibrato_depth_1_0st,critical_vibrato_depth,1 semitones,1.0,semitones,"{""base_hz"": 440.0, ""depth_semitones"": 1.0, ""rate_hz"": 5.5}",input,Input,source signal,0,32,0.7430385487528345,449.5750347364702,449.5750347364702,0.9767968020401046
critical_vibrato_depth_1_0st,critical_vibrato_depth,1 semitones,1.0,semitones,"{""base_hz"": 440.0, ""depth_semitones"": 1.0, ""rate_hz"": 5.5}",input,Input,source signal,0,33,0.7662585034013606,456.9566863249322,456.9566863249322,0.9883805798644439
critical_vibrato_depth_1_0st,critical_vibrato_depth,1 semitones,1.0,semitones,"{""base_hz"": 440.0, ""depth_semitones"": 1.0, ""rate_hz"": 5.5}",input,Input,source signal,0,34,0.7894784580498866,454.75102903656835,454.75102903656835,0.9826082356918656
critical_vibrato_depth_1_0st,critical_vibrato_depth,1 semitones,1.0,semitones,"{""base_hz"": 440.0, ""depth_semitones"": 1.0, ""rate_hz"": 5.5}",input,Input,source signal,0,35,0.8126984126984127,444.11108250512916,444.11108250512916,0.9713424276236766
critical_vibrato_depth_1_0st,critical_vibrato_depth,1 semitones,1.0,semitones,"{""base_hz"": 440.0, ""depth_semitones"": 1.0, ""rate_hz"": 5.5}",input,Input,source signal,0,36,0.8359183673469388,431.19605935468957,431.19605935468957,0.9766516484815452
critical_vibrato_depth_1_0st,critical_vibrato_depth,1 semitones,1.0,semitones,"{""base_hz"": 440.0, ""depth_semitones"": 1.0, ""rate_hz"": 5.5}",input,Input,source signal,0,37,0.8591383219954648,424.1688821863935,424.1688821863935,0.9885778064092898
critical_vibrato_depth_1_0st,critical_vibrato_depth,1 semitones,1.0,semitones,"{""base_hz"": 440.0, ""depth_semitones"": 1.0, ""rate_hz"": 5.5}",input,Input,source signal,0,38,0.8823582766439909,427.40042771950806,427.40042771950806,0.9810819638809348
critical_vibrato_depth_1_0st,critical_vibrato_depth,1 semitones,1.0,semitones,"{""base_hz"": 440.0, ""depth_semitones"": 1.0, ""rate_hz"": 5.5}",input,Input,source signal,0,39,0.905578231292517,438.91337236937454,438.91337236937454,0.971086417417795
critical_vibrato_depth_1_0st,critical_vibrato_depth,1 semitones,1.0,semitones,"{""base_hz"": 440.0, ""depth_semitones"": 1.0, ""rate_hz"": 5.5}",input,Input,source signal,0,40,0.9287981859410431,451.39251833013674,451.39251833013674,0.978969793870635
critical_vibrato_depth_1_0st,critical_vibrato_depth,1 semitones,1.0,semitones,"{""base_hz"": 440.0, ""depth_semitones"": 1.0, ""rate_hz"": 5.5}",input,Input,source signal,0,41,0.9520181405895691,457.2909075963607,457.2909075963607,0.989233359119661
critical_vibrato_depth_1_0st,critical_vibrato_depth,1 semitones,1.0,semitones,"{""base_hz"": 440.0, ""depth_semitones"": 1.0, ""rate_hz"": 5.5}",input,Input,source signal,0,42,0.9752380952380952,453.4272010684446,453.4272010684446,0.9811453633152464
critical_vibrato_depth_1_0st,critical_vibrato_depth,1 semitones,1.0,semitones,"{""base_hz"": 440.0, ""depth_semitones"": 1.0, ""rate_hz"": 5.5}",input,Input,source signal,0,43,0.9984580498866213,441.8480390406581,441.8480390406581,0.9714629928508752
critical_vibrato_depth_1_0st,critical_vibrato_depth,1 semitones,1.0,semitones,"{""base_hz"": 440.0, ""depth_semitones"": 1.0, ""rate_hz"": 5.5}",input,Input,source signal,0,44,1.0216780045351475,429.39519045314347,429.39519045314347,0.9782576864323403
critical_vibrato_depth_1_0st,critical_vibrato_depth,1 semitones,1.0,semitones,"{""base_hz"": 440.0, ""depth_semitones"": 1.0, ""rate_hz"": 5.5}",input,Input,source signal,0,45,1.0448979591836736,423.9676276754247,423.9676276754247,0.9890203250650791
critical_vibrato_depth_1_0st,critical_vibrato_depth,1 semitones,1.0,semitones,"{""base_hz"": 440.0, ""depth_semitones"": 1.0, ""rate_hz"": 5.5}",input,Input,source signal,0,46,1.0681179138321995,428.9236613870094,428.9236613870094,0.9786394723251884
critical_vibrato_depth_1_0st,critical_vibrato_depth,1 semitones,1.0,semitones,"{""base_hz"": 440.0, ""depth_semitones"": 1.0, ""rate_hz"": 5.5}",input,Input,source signal,0,47,1.0913378684807256,441.2024864560959,441.2024864560959,0.9714312598713586
critical_vibrato_depth_1_0st,critical_vibrato_depth,1 semitones,1.0,semitones,"{""base_hz"": 440.0, ""depth_semitones"": 1.0, ""rate_hz"": 5.5}",input,Input,source signal,0,48,1.1145578231292517,453.01016901655044,453.01016901655044,0.980721627784316
critical_vibrato_depth_1_0st,critical_vibrato_depth,1 semitones,1.0,semitones,"{""base_hz"": 440.0, ""depth_semitones"": 1.0, ""rate_hz"": 5.5}",input,Input,source signal,0,49,1.1377777777777778,457.33238521389916,457.33238521389916,0.9893389954323257
critical_vibrato_depth_1_0st,critical_vibrato_depth,1 semitones,1.0,semitones,"{""base_hz"": 440.0, ""depth_semitones"": 1.0, ""rate_hz"": 5.5}",input,Input,source signal,0,50,1.1609977324263039,451.8708169263797,451.8708169263797,0.9795055924175816
critical_vibrato_depth_1_0st,critical_vibrato_depth,1 semitones,1.0,semitones,"{""base_hz"": 440.0, ""depth_semitones"": 1.0, ""rate_hz"": 5.5}",input,Input,source signal,0,51,1.18421768707483,439.55906444209757,439.55906444209757,0.9712201554883575
critical_vibrato_depth_1_0st,critical_vibrato_depth,1 semitones,1.0,semitones,"{""base_hz"": 440.0, ""depth_semitones"": 1.0, ""rate_hz"": 5.5}",input,Input,source signal,0,52,1.207437641723356,427.80624954690967,427.80624954690967,0.9800895677022273
critical_vibrato_depth_1_0st,critical_vibrato_depth,1 semitones,1.0,semitones,"{""base_hz"": 440.0, ""depth_semitones"": 1.0, ""rate_hz"": 5.5}",input,Input,source signal,0,53,1.230657596371882,424.0803292258084,424.0803292258084,0.9887728917559254
critical_vibrato_depth_1_0st,critical_vibrato_depth,1 semitones,1.0,semitones,"{""base_hz"": 440.0, ""depth_semitones"": 1.0, ""rate_hz"": 5.5}",input,Input,source signal,0,54,1.253877551020408,430.66779125406134,430.66779125406134,0.9771469804568307
critical_vibrato_depth_1_0st,critical_vibrato_depth,1 semitones,1.0,semitones,"{""base_hz"": 440.0, ""depth_semitones"": 1.0, ""rate_hz"": 5.5}",input,Input,source signal,0,55,1.2770975056689342,443.4768472377119,443.4768472377119,0.9714126226193777
critical_vibrato_depth_1_0st,critical_vibrato_depth,1 semitones,1.0,semitones,"{""base_hz"": 440.0, ""depth_semitones"": 1.0, ""rate_hz"": 5.5}",input,Input,source signal,0,56,1.3003174603174603,454.4021165982526,454.4021165982526,0.9820895266227251
critical_vibrato_depth_1_0st,critical_vibrato_depth,1 semitones,1.0,semitones,"{""base_hz"": 440.0, ""depth_semitones"": 1.0, ""rate_hz"": 5.5}",input,Input,source signal,0,57,1.3235374149659864,457.08055297218476,457.08055297218476,0.988697221305358
critical_vibrato_depth_1_0st,critical_vibrato_depth,1 semitones,1.0,semitones,"{""base_hz"": 440.0, ""depth_semitones"": 1.0, ""rate_hz"": 5.5}",input,Input,source signal,0,58,1.3467573696145125,450.10696250069833,450.10696250069833,0.9774550379174711
critical_vibrato_depth_1_0st,critical_vibrato_depth,1 semitones,1.0,semitones,"{""base_hz"": 440.0, ""depth_semitones"": 1.0, ""rate_hz"": 5.5}",input,Input,source signal,0,59,1.3699773242630386,437.28398032295485,437.28398032295485,0.9706214151939251
critical_vibrato_depth_1_0st,critical_vibrato_depth,1 semitones,1.0,semitones,"{""base_hz"": 440.0, ""depth_semitones"": 1.0, ""rate_hz"": 5.5}",input,Input,source signal,0,60,1.3931972789115645,426.4627735277618,426.4627735277618,0.9833317258028086
critical_vibrato_depth_1_0st,critical_vibrato_depth,1 semitones,1.0,semitones,"{""base_hz"": 440.0, ""depth_semitones"": 1.0, ""rate_hz"": 5.5}",input,Input,source signal,0,61,1.4164172335600906,424.5050607687622,424.5050607687622,0.987832210850364
critical_vibrato_depth_1_0st,critical_vibrato_depth,1 semitones,1.0,semitones,"{""base_hz"": 440.0, ""depth_semitones"": 1.0, ""rate_hz"": 5.5}",input,Input,source signal,0,62,1.4396371882086167,432.6009111396652,432.6009111396652,0.9752359884893427
critical_vibrato_depth_1_0st,critical_vibrato_depth,1 semitones,1.0,semitones,"{""base_hz"": 440.0, ""depth_semitones"": 1.0, ""rate_hz"": 5.5}",input,Input,source signal,0,63,1.4628571428571429,445.696557207091,445.696557207091,0.9714633668360053
critical_vibrato_depth_1_0st,critical_vibrato_depth,1 semitones,1.0,semitones,"{""base_hz"": 440.0, ""depth_semitones"": 1.0, ""rate_hz"": 5.5}",input,Input,source signal,0,64,1.486077097505669,455.5434902832656,455.5434902832656,0.9847102792520525
critical_vibrato_depth_1_0st,critical_vibrato_depth,1 semitones,1.0,semitones,"{""base_hz"": 440.0, ""depth_semitones"": 1.0, ""rate_hz"": 5.5}",input,Input,source signal,0,65,1.509297052154195,456.53884061623626,456.53884061623626,0.9873060830935267
critical_vibrato_depth_1_0st,critical_vibrato_depth,1 semitones,1.0,semitones,"{""base_hz"": 440.0, ""depth_semitones"": 1.0, ""rate_hz"": 5.5}",input,Input,source signal,0,66,1.5325170068027212,448.1637894159337,448.1637894159337,0.9749639693720097
critical_vibrato_depth_1_0st,critical_vibrato_depth,1 semitones,1.0,semitones,"{""base_hz"": 440.0, ""depth_semitones"": 1.0, ""rate_hz"": 5.5}",input,Input,source signal,0,67,1.555736961451247,435.0640494796784,435.0640494796784,0.9724113812439068
critical_vibrato_depth_1_0st,critical_vibrato_depth,1 semitones,1.0,semitones,"{""base_hz"": 440.0, ""depth_semitones"": 1.0, ""rate_hz"": 5.5}",input,Input,source signal,0,68,1.5789569160997732,425.3915046628658,425.3915046628658,0.9858277340440481
critical_vibrato_depth_1_0st,critical_vibrato_depth,1 semitones,1.0,semitones,"{""base_hz"": 440.0, ""depth_semitones"": 1.0, ""rate_hz"": 5.5}",input,Input,source signal,0,69,1.6021768707482993,425.23460094433676,425.23460094433676,0.9861865450062499
critical_vibrato_depth_1_0st,critical_vibrato_depth,1 semitones,1.0,semitones,"{""base_hz"": 440.0, ""depth_semitones"": 1.0, ""rate_hz"": 5.5}",input,Input,source signal,0,70,1.6253968253968254,434.68849193957095,434.68849193957095,0.9728701739021003
critical_vibrato_depth_1_0st,critical_vibrato_depth,1 semitones,1.0,semitones,"{""base_hz"": 440.0, ""depth_semitones"": 1.0, ""rate_hz"": 5.5}",input,Input,source signal,0,71,1.6486167800453515,447.81035683900376,447.81035683900376,0.9744854868103615
critical_vibrato_depth_1_0st,critical_vibrato_depth,1 semitones,1.0,semitones,"{""base_hz"": 440.0, ""depth_semitones"": 1.0, ""rate_hz"": 5.5}",input,Input,source signal,0,72,1.6718367346938776,456.4157251551903,456.4157251551903,0.9869878260296548
critical_vibrato_depth_1_0st,critical_vibrato_depth,1 semitones,1.0,semitones,"{""base_hz"": 440.0, ""depth_semitones"": 1.0, ""rate_hz"": 5.5}",input,Input,source signal,0,73,1.6950566893424037,455.7146224154475,455.7146224154475,0.9851602655795605
critical_vibrato_depth_1_0st,critical_vibrato_depth,1 semitones,1.0,semitones,"{""base_hz"": 440.0, ""depth_semitones"": 1.0, ""rate_hz"": 5.5}",input,Input,source signal,0,74,1.7182766439909296,446.072366922092,446.072366922092,0.9720206167467014
critical_vibrato_depth_1_0st,critical_vibrato_depth,1 semitones,1.0,semitones,"{""base_hz"": 440.0, ""depth_semitones"": 1.0, ""rate_hz"": 5.5}",input,Input,source signal,0,75,1.7414965986394557,432.9533191803989,432.9533191803989,0.9748584731113918
critical_vibrato_depth_1_0st,critical_vibrato_depth,1 semitones,1.0,semitones,"{""base_hz"": 440.0, ""depth_semitones"": 1.0, ""rate_hz"": 5.5}",input,Input,source signal,0,76,1.7647165532879818,424.6101514306008,424.6101514306008,0.9875974769642577
critical_vibrato_depth_1_0st,critical_vibrato_depth,1 semitones,1.0,semitones,"{""base_hz"": 440.0, ""depth_semitones"": 1.0, ""rate_hz"": 5.5}",input,Input,source signal,0,77,1.787936507936508,426.25667621243065,426.25667621243065,0.9838180983230177
critical_vibrato_depth_1_0st,critical_vibrato_depth,1 semitones,1.0,semitones,"{""base_hz"": 440.0, ""depth_semitones"": 1.0, ""rate_hz"": 5.5}",input,Input,source signal,0,78,1.811156462585034,436.89332189171887,436.89332189171887,0.97048297038868
critical_vibrato_depth_1_0st,critical_vibrato_depth,1 semitones,1.0,semitones,"{""base_hz"": 440.0, ""depth_semitones"": 1.0, ""rate_hz"": 5.5}",input,Input,source signal,0,79,1.8343764172335602,449.7815784557117,449.7815784557117,0.9770546253576278
critical_vibrato_depth_1_0st,critical_vibrato_depth,1 semitones,1.0,semitones,"{""base_hz"": 440.0, ""depth_semitones"": 1.0, ""rate_hz"": 5.5}",input,Input,source signal,0,80,1.8575963718820863,457.00713053551544,457.00713053551544,0.9885095766789799
critical_vibrato_depth_1_0st,critical_vibrato_depth,1 semitones,1.0,semitones,"{""base_hz"": 440.0, ""depth_semitones"": 1.0, ""rate_hz"": 5.5}",input,Input,source signal,0,81,1.8808163265306121,454.6191062659636,454.6191062659636,0.9822906805696783
critical_vibrato_depth_1_0st,critical_vibrato_depth,1 semitones,1.0,semitones,"{""base_hz"": 440.0, ""depth_semitones"": 1.0, ""rate_hz"": 5.5}",input,Input,source signal,0,82,1.9040362811791383,443.8673510266768,443.8673510266768,0.9713726295805347
critical_vibrato_depth_1_0st,critical_vibrato_depth,1 semitones,1.0,semitones,"{""base_hz"": 440.0, ""depth_semitones"": 1.0, ""rate_hz"": 5.5}",input,Input,source signal,0,83,1.9272562358276644,430.99197447674015,430.99197447674015,0.9768375356713378
critical_vibrato_depth_1_0st,critical_vibrato_depth,1 semitones,1.0,semitones,"{""base_hz"": 440.0, ""depth_semitones"": 1.0, ""rate_hz"": 5.5}",input,Input,source signal,0,84,1.9504761904761905,423.84189013353836,423.84189013353836,0.9894944874699664
critical_vibrato_depth_1_0st,critical_vibrato_depth,1 semitones,1.0,semitones,"{""base_hz"": 440.0, ""depth_semitones"": 1.0, ""rate_hz"": 5.5}",input,Input,source signal,0,85,1.9736961451247166,424.2625233955688,424.2625233955688,0.9912927523149765
critical_vibrato_depth_1_0st,critical_vibrato_depth,1 semitones,1.0,semitones,"{""base_hz"": 440.0, ""depth_semitones"": 1.0, ""rate_hz"": 5.5}",input,Input,source signal,0,86,1.9969160997732427,426.32279102036335,426.32279102036335,0.9901352019322832
critical_vibrato_depth_1_0st,critical_vibrato_depth,1 semitones,1.0,semitones,"{""base_hz"": 440.0, ""depth_semitones"": 1.0, ""rate_hz"": 5.5}",psola,PSOLA,local pitch-synchronous overlap-add,-12,0,0.0,443.16520826625003,886.3304165325001,0.9595105836333657
critical_vibrato_depth_1_0st,critical_vibrato_depth,1 semitones,1.0,semitones,"{""base_hz"": 440.0, ""depth_semitones"": 1.0, ""rate_hz"": 5.5}",psola,PSOLA,local pitch-synchronous overlap-add,-12,1,0.023219954648526078,443.7157707438538,887.4315414877076,0.9655563784839822
critical_vibrato_depth_1_0st,critical_vibrato_depth,1 semitones,1.0,semitones,"{""base_hz"": 440.0, ""depth_semitones"": 1.0, ""rate_hz"": 5.5}",psola,PSOLA,local pitch-synchronous overlap-add,-12,2,0.046439909297052155,444.8626796653113,889.7253593306226,0.9740234539691465
critical_vibrato_depth_1_0st,critical_vibrato_depth,1 semitones,1.0,semitones,"{""base_hz"": 440.0, ""depth_semitones"": 1.0, ""rate_hz"": 5.5}",psola,PSOLA,local pitch-synchronous overlap-add,-12,3,0.06965986394557823,445.7979455190985,891.595891038197,0.9772155298603734
critical_vibrato_depth_1_0st,critical_vibrato_depth,1 semitones,1.0,semitones,"{""base_hz"": 440.0, ""depth_semitones"": 1.0, ""rate_hz"": 5.5}",psola,PSOLA,local pitch-synchronous overlap-add,-12,4,0.09287981859410431,446.05302274231656,892.1060454846331,0.9779079618321136
critical_vibrato_depth_1_0st,critical_vibrato_depth,1 semitones,1.0,semitones,"{""base_hz"": 440.0, ""depth_semitones"": 1.0, ""rate_hz"": 5.5}",psola,PSOLA,local pitch-synchronous overlap-add,-12,5,0.11609977324263039,445.4925879802798,890.9851759605596,0.977740049338276
critical_vibrato_depth_1_0st,critical_vibrato_depth,1 semitones,1.0,semitones,"{""base_hz"": 440.0, ""depth_semitones"": 1.0, ""rate_hz"": 5.5}",psola,PSOLA,local pitch-synchronous overlap-add,-12,6,0.13931972789115646,444.20062753110585,888.4012550622117,0.9854361251272075
critical_vibrato_depth_1_0st,critical_vibrato_depth,1 semitones,1.0,semitones,"{""base_hz"": 440.0, ""depth_semitones"": 1.0, ""rate_hz"": 5.5}",psola,PSOLA,local pitch-synchronous overlap-add,-12,7,0.16253968253968254,442.38214347273225,884.7642869454645,0.9919851397082391
critical_vibrato_depth_1_0st,critical_vibrato_depth,1 semitones,1.0,semitones,"{""base_hz"": 440.0, ""depth_semitones"": 1.0, ""rate_hz"": 5.5}",psola,PSOLA,local pitch-synchronous overlap-add,-12,8,0.18575963718820862,440.30687789172015,880.6137557834403,0.9929337586731519
critical_vibrato_depth_1_0st,critical_vibrato_depth,1 semitones,1.0,semitones,"{""base_hz"": 440.0, ""depth_semitones"": 1.0, ""rate_hz"": 5.5}",psola,PSOLA,local pitch-synchronous overlap-add,-12,9,0.2089795918367347,438.28063040897746,876.5612608179549,0.9876515879586517
critical_vibrato_depth_1_0st,critical_vibrato_depth,1 semitones,1.0,semitones,"{""base_hz"": 440.0, ""depth_semitones"": 1.0, ""rate_hz"": 5.5}",psola,PSOLA,local pitch-synchronous overlap-add,-12,10,0.23219954648526078,436.62394578862956,873.2478915772591,0.9793530909988242
critical_vibrato_depth_1_0st,critical_vibrato_depth,1 semitones,1.0,semitones,"{""base_hz"": 440.0, ""depth_semitones"": 1.0, ""rate_hz"": 5.5}",psola,PSOLA,local pitch-synchronous overlap-add,-12,11,0.25541950113378686,435.6346880818272,871.2693761636544,0.9797057069041722
critical_vibrato_depth_1_0st,critical_vibrato_depth,1 semitones,1.0,semitones,"{""base_hz"": 440.0, ""depth_semitones"": 1.0, ""rate_hz"": 5.5}",psola,PSOLA,local pitch-synchronous overlap-add,-12,12,0.2786394557823129,435.5032827612688,871.0065655225376,0.9796496744562713
critical_vibrato_depth_1_0st,critical_vibrato_depth,1 semitones,1.0,semitones,"{""base_hz"": 440.0, ""depth_semitones"": 1.0, ""rate_hz"": 5.5}",psola,PSOLA,local pitch-synchronous overlap-add,-12,13,0.301859410430839,436.25131791102024,872.5026358220405,0.979650658870525
critical_vibrato_depth_1_0st,critical_vibrato_depth,1 semitones,1.0,semitones,"{""base_hz"": 440.0, ""depth_semitones"": 1.0, ""rate_hz"": 5.5}",psola,PSOLA,local pitch-synchronous overlap-add,-12,14,0.3250793650793651,437.7413240952575,875.482648190515,0.9853071285002606
critical_vibrato_depth_1_0st,critical_vibrato_depth,1 semitones,1.0,semitones,"{""base_hz"": 440.0, ""depth_semitones"": 1.0, ""rate_hz"": 5.5}",psola,PSOLA,local pitch-synchronous overlap-add,-12,15,0.34829931972789113,439.69241485813143,879.3848297162629,0.9919515100896037
critical_vibrato_depth_1_0st,critical_vibrato_depth,1 semitones,1.0,semitones,"{""base_hz"": 440.0, ""depth_semitones"": 1.0, ""rate_hz"": 5.5}",psola,PSOLA,local pitch-synchronous overlap-add,-12,16,0.37151927437641724,441.7864899601177,883.5729799202354,0.9929520482972266
critical_vibrato_depth_1_0st,critical_vibrato_depth,1 semitones,1.0,semitones,"{""base_hz"": 440.0, ""depth_semitones"": 1.0, ""rate_hz"": 5.5}",psola,PSOLA,local pitch-synchronous overlap-add,-12,17,0.3947392290249433,443.7108444511249,887.4216889022498,0.9877402038989284
critical_vibrato_depth_1_0st,critical_vibrato_depth,1 semitones,1.0,semitones,"{""base_hz"": 440.0, ""depth_semitones"": 1.0, ""rate_hz"": 5.5}",psola,PSOLA,local pitch-synchronous overlap-add,-12,18,0.4179591836734694,445.1828510499989,890.3657020999977,0.9796155747058464
critical_vibrato_depth_1_0st,critical_vibrato_depth,1 semitones,1.0,semitones,"{""base_hz"": 440.0, ""depth_semitones"": 1.0, ""rate_hz"": 5.5}",psola,PSOLA,local pitch-synchronous overlap-add,-12,19,0.44117913832199546,445.97455079852614,891.9491015970523,0.9779262127810627
critical_vibrato_depth_1_0st,critical_vibrato_depth,1 semitones,1.0,semitones,"{""base_hz"": 440.0, ""depth_semitones"": 1.0, ""rate_hz"": 5.5}",psola,PSOLA,local pitch-synchronous overlap-add,-12,20,0.46439909297052157,445.955171007369,891.910342014738,0.9779260626350268
critical_vibrato_depth_1_0st,critical_vibrato_depth,1 semitones,1.0,semitones,"{""base_hz"": 440.0, ""depth_semitones"": 1.0, ""rate_hz"": 5.5}",psola,PSOLA,local pitch-synchronous overlap-add,-12,21,0.4876190476190476,445.1278086586618,890.2556173173236,0.9799854841424975
critical_vibrato_depth_1_0st,critical_vibrato_depth,1 semitones,1.0,semitones,"{""base_hz"": 440.0, ""depth_semitones"": 1.0, ""rate_hz"": 5.5}",psola,PSOLA,local pitch-synchronous overlap-add,-12,22,0.5108390022675737,443.62904281260046,887.2580856252009,0.9880876308310877
critical_vibrato_depth_1_0st,critical_vibrato_depth,1 semitones,1.0,semitones,"{""base_hz"": 440.0, ""depth_semitones"": 1.0, ""rate_hz"": 5.5}",psola,PSOLA,local pitch-synchronous overlap-add,-12,23,0.5340589569160997,441.69002712440624,883.3800542488125,0.9930552952146466
critical_vibrato_depth_1_0st,critical_vibrato_depth,1 semitones,1.0,semitones,"{""base_hz"": 440.0, ""depth_semitones"": 1.0, ""rate_hz"": 5.5}",psola,PSOLA,local pitch-synchronous overlap-add,-12,24,0.5572789115646258,439.595420822057,879.190841644114,0.991745273319646
critical_vibrato_depth_1_0st,critical_vibrato_depth,1 semitones,1.0,semitones,"{""base_hz"": 440.0, ""depth_semitones"": 1.0, ""rate_hz"": 5.5}",psola,PSOLA,local pitch-synchronous overlap-add,-12,25,0.5804988662131519,437.65882750327506,875.3176550065501,0.9849145570572253
critical_vibrato_depth_1_0st,critical_vibrato_depth,1 semitones,1.0,semitones,"{""base_hz"": 440.0, ""depth_semitones"": 1.0, ""rate_hz"": 5.5}",psola,PSOLA,local pitch-synchronous overlap-add,-12,26,0.603718820861678,436.1976472125656,872.3952944251312,0.9796787583536318
critical_vibrato_depth_1_0st,critical_vibrato_depth,1 semitones,1.0,semitones,"{""base_hz"": 440.0, ""depth_semitones"": 1.0, ""rate_hz"": 5.5}",psola,PSOLA,local pitch-synchronous overlap-add,-12,27,0.626938775510204,435.48896728846586,870.9779345769317,0.9796442533524801
critical_vibrato_depth_1_0st,critical_vibrato_depth,1 semitones,1.0,semitones,"{""base_hz"": 440.0, ""depth_semitones"": 1.0, ""rate_hz"": 5.5}",psola,PSOLA,local pitch-synchronous overlap-add,-12,28,0.6501587301587302,435.6620673430905,871.324134686181,0.9797165670864005
critical_vibrato_depth_1_0st,critical_vibrato_depth,1 semitones,1.0,semitones,"{""base_hz"": 440.0, ""depth_semitones"": 1.0, ""rate_hz"": 5.5}",psola,PSOLA,local pitch-synchronous overlap-add,-12,29,0.6733786848072563,436.68811388224395,873.3762277644879,0.9796755727130785
critical_vibrato_depth_1_0st,critical_vibrato_depth,1 semitones,1.0,semitones,"{""base_hz"": 440.0, ""depth_semitones"": 1.0, ""rate_hz"": 5.5}",psola,PSOLA,local pitch-synchronous overlap-add,-12,30,0.6965986394557823,438.3691637238387,876.7383274476774,0.9880049570267464
critical_vibrato_depth_1_0st,critical_vibrato_depth,1 semitones,1.0,semitones,"{""base_hz"": 440.0, ""depth_semitones"": 1.0, ""rate_hz"": 5.5}",psola,PSOLA,local pitch-synchronous overlap-add,-12,31,0.7198185941043084,440.40512566223424,880.8102513244685,0.9930398492011057
critical_vibrato_depth_1_0st,critical_vibrato_depth,1 semitones,1.0,semitones,"{""base_hz"": 440.0, ""depth_semitones"": 1.0, ""rate_hz"": 5.5}",psola,PSOLA,local pitch-synchronous overlap-add,-12,32,0.7430385487528345,442.47524359190805,884.9504871838161,0.99178108704348
critical_vibrato_depth_1_0st,critical_vibrato_depth,1 semitones,1.0,semitones,"{""base_hz"": 440.0, ""depth_semitones"": 1.0, ""rate_hz"": 5.5}",psola,PSOLA,local pitch-synchronous overlap-add,-12,33,0.7662585034013606,444.2749872699503,888.5499745399006,0.9850509496193177
critical_vibrato_depth_1_0st,critical_vibrato_depth,1 semitones,1.0,semitones,"{""base_hz"": 440.0, ""depth_semitones"": 1.0, ""rate_hz"": 5.5}",psola,PSOLA,local pitch-synchronous overlap-add,-12,34,0.7894784580498866,445.53711672884833,891.0742334576967,0.9777742199208393
critical_vibrato_depth_1_0st,critical_vibrato_depth,1 semitones,1.0,semitones,"{""base_hz"": 440.0, ""depth_semitones"": 1.0, ""rate_hz"": 5.5}",psola,PSOLA,local pitch-synchronous overlap-add,-12,35,0.8126984126984127,446.06009675227466,892.1201935045493,0.9779123383261568
critical_vibrato_depth_1_0st,critical_vibrato_depth,1 semitones,1.0,semitones,"{""base_hz"": 440.0, ""depth_semitones"": 1.0, ""rate_hz"": 5.5}",psola,PSOLA,local pitch-synchronous overlap-add,-12,36,0.8359183673469388,445.75915966988487,891.5183193397697,0.9778814461862432
critical_vibrato_depth_1_0st,critical_vibrato_depth,1 semitones,1.0,semitones,"{""base_hz"": 440.0, ""depth_semitones"": 1.0, ""rate_hz"": 5.5}",psola,PSOLA,local pitch-synchronous overlap-add,-12,37,0.8591383219954648,444.6819012292492,889.3638024584984,0.9827786189513358
critical_vibrato_depth_1_0st,critical_vibrato_depth,1 semitones,1.0,semitones,"{""base_hz"": 440.0, ""depth_semitones"": 1.0, ""rate_hz"": 5.5}",psola,PSOLA,local pitch-synchronous overlap-add,-12,38,0.8823582766439909,443.00459623443004,886.0091924688601,0.9903559754914677
critical_vibrato_depth_1_0st,critical_vibrato_depth,1 semitones,1.0,semitones,"{""base_hz"": 440.0, ""depth_semitones"": 1.0, ""rate_hz"": 5.5}",psola,PSOLA,local pitch-synchronous overlap-add,-12,39,0.905578231292517,440.97972391838124,881.9594478367625,0.9933627246776666
critical_vibrato_depth_1_0st,critical_vibrato_depth,1 semitones,1.0,semitones,"{""base_hz"": 440.0, ""depth_semitones"": 1.0, ""rate_hz"": 5.5}",psola,PSOLA,local pitch-synchronous overlap-add,-12,40,0.9287981859410431,438.90363376425944,877.8072675285189,0.9898891347878112
critical_vibrato_depth_1_0st,critical_vibrato_depth,1 semitones,1.0,semitones,"{""base_hz"": 440.0, ""depth_semitones"": 1.0, ""rate_hz"": 5.5}",psola,PSOLA,local pitch-synchronous overlap-add,-12,41,0.9520181405895691,437.0951342378734,874.1902684757468,0.9820026368129389
critical_vibrato_depth_1_0st,critical_vibrato_depth,1 semitones,1.0,semitones,"{""base_hz"": 440.0, ""depth_semitones"": 1.0, ""rate_hz"": 5.5}",psola,PSOLA,local pitch-synchronous overlap-add,-12,42,0.9752380952380952,435.8645419829737,871.7290839659474,0.9797377608199632
critical_vibrato_depth_1_0st,critical_vibrato_depth,1 semitones,1.0,semitones,"{""base_hz"": 440.0, ""depth_semitones"": 1.0, ""rate_hz"": 5.5}",psola,PSOLA,local pitch-synchronous overlap-add,-12,43,0.9984580498866213,435.4497871451952,870.8995742903904,0.9796093143020971
critical_vibrato_depth_1_0st,critical_vibrato_depth,1 semitones,1.0,semitones,"{""base_hz"": 440.0, ""depth_semitones"": 1.0, ""rate_hz"": 5.5}",psola,PSOLA,local pitch-synchronous overlap-add,-12,44,1.0216780045351475,435.9227324616536,871.8454649233072,0.9797366426997545
critical_vibrato_depth_1_0st,critical_vibrato_depth,1 semitones,1.0,semitones,"{""base_hz"": 440.0, ""depth_semitones"": 1.0, ""rate_hz"": 5.5}",psola,PSOLA,local pitch-synchronous overlap-add,-12,45,1.0448979591836736,437.2006625487303,874.4013250974606,0.9825740441890244
critical_vibrato_depth_1_0st,critical_vibrato_depth,1 semitones,1.0,semitones,"{""base_hz"": 440.0, ""depth_semitones"": 1.0, ""rate_hz"": 5.5}",psola,PSOLA,local pitch-synchronous overlap-add,-12,46,1.0681179138321995,439.03682835095753,878.0736567019151,0.9902972950437349
critical_vibrato_depth_1_0st,critical_vibrato_depth,1 semitones,1.0,semitones,"{""base_hz"": 440.0, ""depth_semitones"": 1.0, ""rate_hz"": 5.5}",psola,PSOLA,local pitch-synchronous overlap-add,-12,47,1.0913378684807256,441.11918692009573,882.2383738401915,0.9933645602886583
critical_vibrato_depth_1_0st,critical_vibrato_depth,1 semitones,1.0,semitones,"{""base_hz"": 440.0, ""depth_semitones"": 1.0, ""rate_hz"": 5.5}",psola,PSOLA,local pitch-synchronous overlap-add,-12,48,1.1145578231292517,443.1298515799346,886.2597031598692,0.9899527182319631
critical_vibrato_depth_1_0st,critical_vibrato_depth,1 semitones,1.0,semitones,"{""base_hz"": 440.0, ""depth_semitones"": 1.0, ""rate_hz"": 5.5}",psola,PSOLA,local pitch-synchronous overlap-add,-12,49,1.1377777777777778,444.774491357031,889.548982714062,0.9822255490480045
critical_vibrato_depth_1_0st,critical_vibrato_depth,1 semitones,1.0,semitones,"{""base_hz"": 440.0, ""depth_semitones"": 1.0, ""rate_hz"": 5.5}",psola,PSOLA,local pitch-synchronous overlap-add,-12,50,1.1609977324263039,445.8044421567904,891.6088843135808,0.9778947150276895
critical_vibrato_depth_1_0st,critical_vibrato_depth,1 semitones,1.0,semitones,"{""base_hz"": 440.0, ""depth_semitones"": 1.0, ""rate_hz"": 5.5}",psola,PSOLA,local pitch-synchronous overlap-add,-12,51,1.18421768707483,446.05070153516306,892.1014030703261,0.9779139328727304
critical_vibrato_depth_1_0st,critical_vibrato_depth,1 semitones,1.0,semitones,"{""base_hz"": 440.0, ""depth_semitones"": 1.0, ""rate_hz"": 5.5}",psola,PSOLA,local pitch-synchronous overlap-add,-12,52,1.207437641723356,445.47427845757704,890.9485569151541,0.977730298792201
critical_vibrato_depth_1_0st,critical_vibrato_depth,1 semitones,1.0,semitones,"{""base_hz"": 440.0, ""depth_semitones"": 1.0, ""rate_hz"": 5.5}",psola,PSOLA,local pitch-synchronous overlap-add,-12,53,1.230657596371882,444.1694759058749,888.3389518117498,0.9855944900780248
critical_vibrato_depth_1_0st,critical_vibrato_depth,1 semitones,1.0,semitones,"{""base_hz"": 440.0, ""depth_semitones"": 1.0, ""rate_hz"": 5.5}",psola,PSOLA,local pitch-synchronous overlap-add,-12,54,1.253877551020408,442.34296648712854,884.6859329742571,0.9920656468781514
critical_vibrato_depth_1_0st,critical_vibrato_depth,1 semitones,1.0,semitones,"{""base_hz"": 440.0, ""depth_semitones"": 1.0, ""rate_hz"": 5.5}",psola,PSOLA,local pitch-synchronous overlap-add,-12,55,1.2770975056689342,440.2653948196631,880.5307896393261,0.9928857482554876
critical_vibrato_depth_1_0st,critical_vibrato_depth,1 semitones,1.0,semitones,"{""base_hz"": 440.0, ""depth_semitones"": 1.0, ""rate_hz"": 5.5}",psola,PSOLA,local pitch-synchronous overlap-add,-12,56,1.3003174603174603,438.2430472943675,876.486094588735,0.9875038331094304
critical_vibrato_depth_1_0st,critical_vibrato_depth,1 semitones,1.0,semitones,"{""base_hz"": 440.0, ""depth_semitones"": 1.0, ""rate_hz"": 5.5}",psola,PSOLA,local pitch-synchronous overlap-add,-12,57,1.3235374149659864,436.59655034058335,873.1931006811667,0.9793853742219745
critical_vibrato_depth_1_0st,critical_vibrato_depth,1 semitones,1.0,semitones,"{""base_hz"": 440.0, ""depth_semitones"": 1.0, ""rate_hz"": 5.5}",psola,PSOLA,local pitch-synchronous overlap-add,-12,58,1.3467573696145125,435.6230788382229,871.2461576764458,0.9797032894955991
critical_vibrato_depth_1_0st,critical_vibrato_depth,1 semitones,1.0,semitones,"{""base_hz"": 440.0, ""depth_semitones"": 1.0, ""rate_hz"": 5.5}",psola,PSOLA,local pitch-synchronous overlap-add,-12,59,1.3699773242630386,435.5092607953039,871.0185215906077,0.97965523934169
critical_vibrato_depth_1_0st,critical_vibrato_depth,1 semitones,1.0,semitones,"{""base_hz"": 440.0, ""depth_semitones"": 1.0, ""rate_hz"": 5.5}",psola,PSOLA,local pitch-synchronous overlap-add,-12,60,1.3931972789115645,436.2739320870855,872.547864174171,0.9796388475486442
critical_vibrato_depth_1_0st,critical_vibrato_depth,1 semitones,1.0,semitones,"{""base_hz"": 440.0, ""depth_semitones"": 1.0, ""rate_hz"": 5.5}",psola,PSOLA,local pitch-synchronous overlap-add,-12,61,1.4164172335600906,437.7761088421711,875.5522176843422,0.9854680386986765
critical_vibrato_depth_1_0st,critical_vibrato_depth,1 semitones,1.0,semitones,"{""base_hz"": 440.0, ""depth_semitones"": 1.0, ""rate_hz"": 5.5}",psola,PSOLA,local pitch-synchronous overlap-add,-12,62,1.4396371882086167,439.73316018605965,879.4663203721193,0.9920327001857511
critical_vibrato_depth_1_0st,critical_vibrato_depth,1 semitones,1.0,semitones,"{""base_hz"": 440.0, ""depth_semitones"": 1.0, ""rate_hz"": 5.5}",psola,PSOLA,local pitch-synchronous overlap-add,-12,63,1.4628571428571429,441.82692347555184,883.6538469511037,0.9929049730471867
critical_vibrato_depth_1_0st,critical_vibrato_depth,1 semitones,1.0,semitones,"{""base_hz"": 440.0, ""depth_semitones"": 1.0, ""rate_hz"": 5.5}",psola,PSOLA,local pitch-synchronous overlap-add,-12,64,1.486077097505669,443.74512455560176,887.4902491112035,0.9875950314092702
critical_vibrato_depth_1_0st,critical_vibrato_depth,1 semitones,1.0,semitones,"{""base_hz"": 440.0, ""depth_semitones"": 1.0, ""rate_hz"": 5.5}",psola,PSOLA,local pitch-synchronous overlap-add,-12,65,1.509297052154195,445.2057103151356,890.4114206302712,0.9794633009209976
critical_vibrato_depth_1_0st,critical_vibrato_depth,1 semitones,1.0,semitones,"{""base_hz"": 440.0, ""depth_semitones"": 1.0, ""rate_hz"": 5.5}",psola,PSOLA,local pitch-synchronous overlap-add,-12,66,1.5325170068027212,445.98219757510833,891.9643951502167,0.9779262372358175
critical_vibrato_depth_1_0st,critical_vibrato_depth,1 semitones,1.0,semitones,"{""base_hz"": 440.0, ""depth_semitones"": 1.0, ""rate_hz"": 5.5}",psola,PSOLA,local pitch-synchronous overlap-add,-12,67,1.555736961451247,445.946491218868,891.892982437736,0.9779257353845758
critical_vibrato_depth_1_0st,critical_vibrato_depth,1 semitones,1.0,semitones,"{""base_hz"": 440.0, ""depth_semitones"": 1.0, ""rate_hz"": 5.5}",psola,PSOLA,local pitch-synchronous overlap-add,-12,68,1.5789569160997732,445.10417421400945,890.2083484280189,0.9801431528518942
critical_vibrato_depth_1_0st,critical_vibrato_depth,1 semitones,1.0,semitones,"{""base_hz"": 440.0, ""depth_semitones"": 1.0, ""rate_hz"": 5.5}",psola,PSOLA,local pitch-synchronous overlap-add,-12,69,1.6021768707482993,443.59427733468686,887.1885546693737,0.9882315017803147
critical_vibrato_depth_1_0st,critical_vibrato_depth,1 semitones,1.0,semitones,"{""base_hz"": 440.0, ""depth_semitones"": 1.0, ""rate_hz"": 5.5}",psola,PSOLA,local pitch-synchronous overlap-add,-12,70,1.6253968253968254,441.6493943356038,883.2987886712076,0.9930945832748467
critical_vibrato_depth_1_0st,critical_vibrato_depth,1 semitones,1.0,semitones,"{""base_hz"": 440.0, ""depth_semitones"": 1.0, ""rate_hz"": 5.5}",psola,PSOLA,local pitch-synchronous overlap-add,-12,71,1.6486167800453515,439.5549111493994,879.1098222987988,0.9916547583570187
critical_vibrato_depth_1_0st,critical_vibrato_depth,1 semitones,1.0,semitones,"{""base_hz"": 440.0, ""depth_semitones"": 1.0, ""rate_hz"": 5.5}",psola,PSOLA,local pitch-synchronous overlap-add,-12,72,1.6718367346938776,437.6248021836528,875.2496043673056,0.9847483867722905
critical_vibrato_depth_1_0st,critical_vibrato_depth,1 semitones,1.0,semitones,"{""base_hz"": 440.0, ""depth_semitones"": 1.0, ""rate_hz"": 5.5}",psola,PSOLA,local pitch-synchronous overlap-add,-12,73,1.6950566893424037,436.17615329087624,872.3523065817525,0.9796848987556921
critical_vibrato_depth_1_0st,critical_vibrato_depth,1 semitones,1.0,semitones,"{""base_hz"": 440.0, ""depth_semitones"": 1.0, ""rate_hz"": 5.5}",psola,PSOLA,local pitch-synchronous overlap-add,-12,74,1.7182766439909296,435.4841648590342,870.9683297180684,0.9796401760715641
critical_vibrato_depth_1_0st,critical_vibrato_depth,1 semitones,1.0,semitones,"{""base_hz"": 440.0, ""depth_semitones"": 1.0, ""rate_hz"": 5.5}",psola,PSOLA,local pitch-synchronous overlap-add,-12,75,1.7414965986394557,435.6748411762562,871.3496823525124,0.9797176187034985
critical_vibrato_depth_1_0st,critical_vibrato_depth,1 semitones,1.0,semitones,"{""base_hz"": 440.0, ""depth_semitones"": 1.0, ""rate_hz"": 5.5}",psola,PSOLA,local pitch-synchronous overlap-add,-12,76,1.7647165532879818,436.7162298046375,873.432459609275,0.9798383156840458
critical_vibrato_depth_1_0st,critical_vibrato_depth,1 semitones,1.0,semitones,"{""base_hz"": 440.0, ""depth_semitones"": 1.0, ""rate_hz"": 5.5}",psola,PSOLA,local pitch-synchronous overlap-add,-12,77,1.787936507936508,438.40714042376874,876.8142808475375,0.988149708061378
critical_vibrato_depth_1_0st,critical_vibrato_depth,1 semitones,1.0,semitones,"{""base_hz"": 440.0, ""depth_semitones"": 1.0, ""rate_hz"": 5.5}",psola,PSOLA,local pitch-synchronous overlap-add,-12,78,1.811156462585034,440.446635474785,880.89327094957,0.9930797648389096
critical_vibrato_depth_1_0st,critical_vibrato_depth,1 semitones,1.0,semitones,"{""base_hz"": 440.0, ""depth_semitones"": 1.0, ""rate_hz"": 5.5}",psola,PSOLA,local pitch-synchronous overlap-add,-12,79,1.8343764172335602,442.51402858198,885.02805716396,0.9916924690656194
critical_vibrato_depth_1_0st,critical_vibrato_depth,1 semitones,1.0,semitones,"{""base_hz"": 440.0, ""depth_semitones"": 1.0, ""rate_hz"": 5.5}",psola,PSOLA,local pitch-synchronous overlap-add,-12,80,1.8575963718820863,444.3053586791753,888.6107173583506,0.9848899772465173
critical_vibrato_depth_1_0st,critical_vibrato_depth,1 semitones,1.0,semitones,"{""base_hz"": 440.0, ""depth_semitones"": 1.0, ""rate_hz"": 5.5}",psola,PSOLA,local pitch-synchronous overlap-add,-12,81,1.8808163265306121,445.5544313948751,891.1088627897502,0.9777818370029179
critical_vibrato_depth_1_0st,critical_vibrato_depth,1 semitones,1.0,semitones,"{""base_hz"": 440.0, ""depth_semitones"": 1.0, ""rate_hz"": 5.5}",psola,PSOLA,local pitch-synchronous overlap-add,-12,82,1.9040362811791383,446.0613462522395,892.122692504479,0.9779073396226118
critical_vibrato_depth_1_0st,critical_vibrato_depth,1 semitones,1.0,semitones,"{""base_hz"": 440.0, ""depth_semitones"": 1.0, ""rate_hz"": 5.5}",psola,PSOLA,local pitch-synchronous overlap-add,-12,83,1.9272562358276644,445.74868297420693,891.4973659484139,0.977481443065958
critical_vibrato_depth_1_0st,critical_vibrato_depth,1 semitones,1.0,semitones,"{""base_hz"": 440.0, ""depth_semitones"": 1.0, ""rate_hz"": 5.5}",psola,PSOLA,local pitch-synchronous overlap-add,-12,84,1.9504761904761905,444.74315619990034,889.4863123998007,0.976278673392132
critical_vibrato_depth_1_0st,critical_vibrato_depth,1 semitones,1.0,semitones,"{""base_hz"": 440.0, ""depth_semitones"": 1.0, ""rate_hz"": 5.5}",psola,PSOLA,local pitch-synchronous overlap-add,-12,85,1.9736961451247166,443.48322447967684,886.9664489593537,0.9685500798509422
critical_vibrato_depth_1_0st,critical_vibrato_depth,1 semitones,1.0,semitones,"{""base_hz"": 440.0, ""depth_semitones"": 1.0, ""rate_hz"": 5.5}",psola,PSOLA,local pitch-synchronous overlap-add,-12,86,1.9969160997732427,442.76172878402184,885.5234575680437,0.9610635207975372
critical_vibrato_depth_1_0st,critical_vibrato_depth,1 semitones,1.0,semitones,"{""base_hz"": 440.0, ""depth_semitones"": 1.0, ""rate_hz"": 5.5}",phase_vocoder,Phase Vocoder,local phase vocoder,-12,0,0.0,233.43040370745777,466.86080741491554,0.8676529628291834
critical_vibrato_depth_1_0st,critical_vibrato_depth,1 semitones,1.0,semitones,"{""base_hz"": 440.0, ""depth_semitones"": 1.0, ""rate_hz"": 5.5}",phase_vocoder,Phase Vocoder,local phase vocoder,-12,1,0.023219954648526078,233.13905756750972,466.27811513501945,0.8891058522881428
critical_vibrato_depth_1_0st,critical_vibrato_depth,1 semitones,1.0,semitones,"{""base_hz"": 440.0, ""depth_semitones"": 1.0, ""rate_hz"": 5.5}",phase_vocoder,Phase Vocoder,local phase vocoder,-12,2,0.046439909297052155,232.16443824783983,464.32887649567965,0.9409374556506898
critical_vibrato_depth_1_0st,critical_vibrato_depth,1 semitones,1.0,semitones,"{""base_hz"": 440.0, ""depth_semitones"": 1.0, ""rate_hz"": 5.5}",phase_vocoder,Phase Vocoder,local phase vocoder,-12,3,0.06965986394557823,229.92666807554824,459.85333615109647,0.9798416634627212
critical_vibrato_depth_1_0st,critical_vibrato_depth,1 semitones,1.0,semitones,"{""base_hz"": 440.0, ""depth_semitones"": 1.0, ""rate_hz"": 5.5}",phase_vocoder,Phase Vocoder,local phase vocoder,-12,4,0.09287981859410431,225.2166720336793,450.4333440673586,0.9809520489239384
critical_vibrato_depth_1_0st,critical_vibrato_depth,1 semitones,1.0,semitones,"{""base_hz"": 440.0, ""depth_semitones"": 1.0, ""rate_hz"": 5.5}",phase_vocoder,Phase Vocoder,local phase vocoder,-12,5,0.11609977324263039,220.732569062169,441.465138124338,0.9835614356475065
critical_vibrato_depth_1_0st,critical_vibrato_depth,1 semitones,1.0,semitones,"{""base_hz"": 440.0, ""depth_semitones"": 1.0, ""rate_hz"": 5.5}",phase_vocoder,Phase Vocoder,local phase vocoder,-12,6,0.13931972789115646,220.48364495189452,440.96728990378904,0.9762486966753331
critical_vibrato_depth_1_0st,critical_vibrato_depth,1 semitones,1.0,semitones,"{""base_hz"": 440.0, ""depth_semitones"": 1.0, ""rate_hz"": 5.5}",phase_vocoder,Phase Vocoder,local phase vocoder,-12,7,0.16253968253968254,221.66991097700014,443.3398219540003,0.9721120693030408
critical_vibrato_depth_1_0st,critical_vibrato_depth,1 semitones,1.0,semitones,"{""base_hz"": 440.0, ""depth_semitones"": 1.0, ""rate_hz"": 5.5}",phase_vocoder,Phase Vocoder,local phase vocoder,-12,8,0.18575963718820862,222.00757616508315,444.0151523301663,0.976909947122171
critical_vibrato_depth_1_0st,critical_vibrato_depth,1 semitones,1.0,semitones,"{""base_hz"": 440.0, ""depth_semitones"": 1.0, ""rate_hz"": 5.5}",phase_vocoder,Phase Vocoder,local phase vocoder,-12,9,0.2089795918367347,221.73533411237423,443.47066822474847,0.9808306652984605
critical_vibrato_depth_1_0st,critical_vibrato_depth,1 semitones,1.0,semitones,"{""base_hz"": 440.0, ""depth_semitones"": 1.0, ""rate_hz"": 5.5}",phase_vocoder,Phase Vocoder,local phase vocoder,-12,10,0.23219954648526078,219.60876980680834,439.2175396136167,0.9780080185430704
critical_vibrato_depth_1_0st,critical_vibrato_depth,1 semitones,1.0,semitones,"{""base_hz"": 440.0, ""depth_semitones"": 1.0, ""rate_hz"": 5.5}",phase_vocoder,Phase Vocoder,local phase vocoder,-12,11,0.25541950113378686,215.2776613009432,430.5553226018864,0.9780994578477897
critical_vibrato_depth_1_0st,critical_vibrato_depth,1 semitones,1.0,semitones,"{""base_hz"": 440.0, ""depth_semitones"": 1.0, ""rate_hz"": 5.5}",phase_vocoder,Phase Vocoder,local phase vocoder,-12,12,0.2786394557823129,212.93201204205087,425.86402408410174,0.9840639364472538
critical_vibrato_depth_1_0st,critical_vibrato_depth,1 semitones,1.0,semitones,"{""base_hz"": 440.0, ""depth_semitones"": 1.0, ""rate_hz"": 5.5}",phase_vocoder,Phase Vocoder,local phase vocoder,-12,13,0.301859410430839,212.29451015108845,424.5890203021769,0.985848508213444
critical_vibrato_depth_1_0st,critical_vibrato_depth,1 semitones,1.0,semitones,"{""base_hz"": 440.0, ""depth_semitones"": 1.0, ""rate_hz"": 5.5}",phase_vocoder,Phase Vocoder,local phase vocoder,-12,14,0.3250793650793651,212.68994907919054,425.3798981583811,0.9813151906420767
critical_vibrato_depth_1_0st,critical_vibrato_depth,1 semitones,1.0,semitones,"{""base_hz"": 440.0, ""depth_semitones"": 1.0, ""rate_hz"": 5.5}",phase_vocoder,Phase Vocoder,local phase vocoder,-12,15,0.34829931972789113,215.7040144412999,431.4080288825998,0.9636674434337312
critical_vibrato_depth_1_0st,critical_vibrato_depth,1 semitones,1.0,semitones,"{""base_hz"": 440.0, ""depth_semitones"": 1.0, ""rate_hz"": 5.5}",phase_vocoder,Phase Vocoder,local phase vocoder,-12,16,0.37151927437641724,225.37964068944567,450.75928137889133,0.956112789559664
critical_vibrato_depth_1_0st,critical_vibrato_depth,1 semitones,1.0,semitones,"{""base_hz"": 440.0, ""depth_semitones"": 1.0, ""rate_hz"": 5.5}",phase_vocoder,Phase Vocoder,local phase vocoder,-12,17,0.3947392290249433,229.51862992490652,459.03725984981304,0.9813195356870579
critical_vibrato_depth_1_0st,critical_vibrato_depth,1 semitones,1.0,semitones,"{""base_hz"": 440.0, ""depth_semitones"": 1.0, ""rate_hz"": 5.5}",phase_vocoder,Phase Vocoder,local phase vocoder,-12,18,0.4179591836734694,228.75707509302205,457.5141501860441,0.9850402044837776
critical_vibrato_depth_1_0st,critical_vibrato_depth,1 semitones,1.0,semitones,"{""base_hz"": 440.0, ""depth_semitones"": 1.0, ""rate_hz"": 5.5}",phase_vocoder,Phase Vocoder,local phase vocoder,-12,19,0.44117913832199546,227.11842903644992,454.23685807289985,0.984545755351835
critical_vibrato_depth_1_0st,critical_vibrato_depth,1 semitones,1.0,semitones,"{""base_hz"": 440.0, ""depth_semitones"": 1.0, ""rate_hz"": 5.5}",phase_vocoder,Phase Vocoder,local phase vocoder,-12,20,0.46439909297052157,224.74327737363308,449.48655474726615,0.9838177807469537
critical_vibrato_depth_1_0st,critical_vibrato_depth,1 semitones,1.0,semitones,"{""base_hz"": 440.0, ""depth_semitones"": 1.0, ""rate_hz"": 5.5}",phase_vocoder,Phase Vocoder,local phase vocoder,-12,21,0.4876190476190476,222.48131007654484,444.9626201530897,0.9858524938796485
critical_vibrato_depth_1_0st,critical_vibrato_depth,1 semitones,1.0,semitones,"{""base_hz"": 440.0, ""depth_semitones"": 1.0, ""rate_hz"": 5.5}",phase_vocoder,Phase Vocoder,local phase vocoder,-12,22,0.5108390022675737,222.35844079734449,444.71688159468897,0.9814505149483809
critical_vibrato_depth_1_0st,critical_vibrato_depth,1 semitones,1.0,semitones,"{""base_hz"": 440.0, ""depth_semitones"": 1.0, ""rate_hz"": 5.5}",phase_vocoder,Phase Vocoder,local phase vocoder,-12,23,0.5340589569160997,222.87564641053368,445.75129282106735,0.9734481966136879
critical_vibrato_depth_1_0st,critical_vibrato_depth,1 semitones,1.0,semitones,"{""base_hz"": 440.0, ""depth_semitones"": 1.0, ""rate_hz"": 5.5}",phase_vocoder,Phase Vocoder,local phase vocoder,-12,24,0.5572789115646258,223.46488971469267,446.92977942938535,0.9701302678337702
critical_vibrato_depth_1_0st,critical_vibrato_depth,1 semitones,1.0,semitones,"{""base_hz"": 440.0, ""depth_semitones"": 1.0, ""rate_hz"": 5.5}",phase_vocoder,Phase Vocoder,local phase vocoder,-12,25,0.5804988662131519,223.30018927167328,446.60037854334655,0.9768143936776847
critical_vibrato_depth_1_0st,critical_vibrato_depth,1 semitones,1.0,semitones,"{""base_hz"": 440.0, ""depth_semitones"": 1.0, ""rate_hz"": 5.5}",phase_vocoder,Phase Vocoder,local phase vocoder,-12,26,0.603718820861678,220.80234535659358,441.60469071318715,0.9779639572129228
critical_vibrato_depth_1_0st,critical_vibrato_depth,1 semitones,1.0,semitones,"{""base_hz"": 440.0, ""depth_semitones"": 1.0, ""rate_hz"": 5.5}",phase_vocoder,Phase Vocoder,local phase vocoder,-12,27,0.626938775510204,217.05208627490123,434.10417254980246,0.9748057699013416
critical_vibrato_depth_1_0st,critical_vibrato_depth,1 semitones,1.0,semitones,"{""base_hz"": 440.0, ""depth_semitones"": 1.0, ""rate_hz"": 5.5}",phase_vocoder,Phase Vocoder,local phase vocoder,-12,28,0.6501587301587302,213.1682106043646,426.3364212087292,0.9774456972728744
critical_vibrato_depth_1_0st,critical_vibrato_depth,1 semitones,1.0,semitones,"{""base_hz"": 440.0, ""depth_semitones"": 1.0, ""rate_hz"": 5.5}",phase_vocoder,Phase Vocoder,local phase vocoder,-12,29,0.6733786848072563,211.4827726543424,422.9655453086848,0.9795999041003984
critical_vibrato_depth_1_0st,critical_vibrato_depth,1 semitones,1.0,semitones,"{""base_hz"": 440.0, ""depth_semitones"": 1.0, ""rate_hz"": 5.5}",phase_vocoder,Phase Vocoder,local phase vocoder,-12,30,0.6965986394557823,214.1146988041184,428.2293976082368,0.9694652571019667
critical_vibrato_depth_1_0st,critical_vibrato_depth,1 semitones,1.0,semitones,"{""base_hz"": 440.0, ""depth_semitones"": 1.0, ""rate_hz"": 5.5}",phase_vocoder,Phase Vocoder,local phase vocoder,-12,31,0.7198185941043084,218.76752217415952,437.53504434831905,0.9661019157326141
critical_vibrato_depth_1_0st,critical_vibrato_depth,1 semitones,1.0,semitones,"{""base_hz"": 440.0, ""depth_semitones"": 1.0, ""rate_hz"": 5.5}",phase_vocoder,Phase Vocoder,local phase vocoder,-12,32,0.7430385487528345,222.87865175095885,445.7573035019177,0.9706072070724061
critical_vibrato_depth_1_0st,critical_vibrato_depth,1 semitones,1.0,semitones,"{""base_hz"": 440.0, ""depth_semitones"": 1.0, ""rate_hz"": 5.5}",phase_vocoder,Phase Vocoder,local phase vocoder,-12,33,0.7662585034013606,224.92106220745265,449.8421244149053,0.9681229753804751
critical_vibrato_depth_1_0st,critical_vibrato_depth,1 semitones,1.0,semitones,"{""base_hz"": 440.0, ""depth_semitones"": 1.0, ""rate_hz"": 5.5}",phase_vocoder,Phase Vocoder,local phase vocoder,-12,34,0.7894784580498866,224.54305602715192,449.08611205430384,0.960621251117849
critical_vibrato_depth_1_0st,critical_vibrato_depth,1 semitones,1.0,semitones,"{""base_hz"": 440.0, ""depth_semitones"": 1.0, ""rate_hz"": 5.5}",phase_vocoder,Phase Vocoder,local phase vocoder,-12,35,0.8126984126984127,223.74742361154046,447.4948472230809,0.9588406012192384
critical_vibrato_depth_1_0st,critical_vibrato_depth,1 semitones,1.0,semitones,"{""base_hz"": 440.0, ""depth_semitones"": 1.0, ""rate_hz"": 5.5}",phase_vocoder,Phase Vocoder,local phase vocoder,-12,36,0.8359183673469388,222.86772355514947,445.73544711029894,0.9635928378400279
critical_vibrato_depth_1_0st,critical_vibrato_depth,1 semitones,1.0,semitones,"{""base_hz"": 440.0, ""depth_semitones"": 1.0, ""rate_hz"": 5.5}",phase_vocoder,Phase Vocoder,local phase vocoder,-12,37,0.8591383219954648,221.64645514796086,443.29291029592173,0.9723529062208357
critical_vibrato_depth_1_0st,critical_vibrato_depth,1 semitones,1.0,semitones,"{""base_hz"": 440.0, ""depth_semitones"": 1.0, ""rate_hz"": 5.5}",phase_vocoder,Phase Vocoder,local phase vocoder,-12,38,0.8823582766439909,221.42037120646867,442.84074241293735,0.9775758161165966
critical_vibrato_depth_1_0st,critical_vibrato_depth,1 semitones,1.0,semitones,"{""base_hz"": 440.0, ""depth_semitones"": 1.0, ""rate_hz"": 5.5}",phase_vocoder,Phase Vocoder,local phase vocoder,-12,39,0.905578231292517,223.20494651206647,446.40989302413294,0.9793405099649337
critical_vibrato_depth_1_0st,critical_vibrato_depth,1 semitones,1.0,semitones,"{""base_hz"": 440.0, ""depth_semitones"": 1.0, ""rate_hz"": 5.5}",phase_vocoder,Phase Vocoder,local phase vocoder,-12,40,0.9287981859410431,224.86709391785573,449.73418783571145,0.9837091203960648
critical_vibrato_depth_1_0st,critical_vibrato_depth,1 semitones,1.0,semitones,"{""base_hz"": 440.0, ""depth_semitones"": 1.0, ""rate_hz"": 5.5}",phase_vocoder,Phase Vocoder,local phase vocoder,-12,41,0.9520181405895691,225.58701691707628,451.17403383415257,0.9854672641510421
critical_vibrato_depth_1_0st,critical_vibrato_depth,1 semitones,1.0,semitones,"{""base_hz"": 440.0, ""depth_semitones"": 1.0, ""rate_hz"": 5.5}",phase_vocoder,Phase Vocoder,local phase vocoder,-12,42,0.9752380952380952,223.8550611067364,447.7101222134728,0.9744597463365307
critical_vibrato_depth_1_0st,critical_vibrato_depth,1 semitones,1.0,semitones,"{""base_hz"": 440.0, ""depth_semitones"": 1.0, ""rate_hz"": 5.5}",phase_vocoder,Phase Vocoder,local phase vocoder,-12,43,0.9984580498866213,217.8649534841388,435.7299069682776,0.9625467191478633
critical_vibrato_depth_1_0st,critical_vibrato_depth,1 semitones,1.0,semitones,"{""base_hz"": 440.0, ""depth_semitones"": 1.0, ""rate_hz"": 5.5}",phase_vocoder,Phase Vocoder,local phase vocoder,-12,44,1.0216780045351475,212.9740903691641,425.9481807383282,0.9767387530665917
critical_vibrato_depth_1_0st,critical_vibrato_depth,1 semitones,1.0,semitones,"{""base_hz"": 440.0, ""depth_semitones"": 1.0, ""rate_hz"": 5.5}",phase_vocoder,Phase Vocoder,local phase vocoder,-12,45,1.0448979591836736,211.90646438548097,423.81292877096195,0.9870868203827088
critical_vibrato_depth_1_0st,critical_vibrato_depth,1 semitones,1.0,semitones,"{""base_hz"": 440.0, ""depth_semitones"": 1.0, ""rate_hz"": 5.5}",phase_vocoder,Phase Vocoder,local phase vocoder,-12,46,1.0681179138321995,212.98148738990875,425.9629747798175,0.9863655551431034
critical_vibrato_depth_1_0st,critical_vibrato_depth,1 semitones,1.0,semitones,"{""base_hz"": 440.0, ""depth_semitones"": 1.0, ""rate_hz"": 5.5}",phase_vocoder,Phase Vocoder,local phase vocoder,-12,47,1.0913378684807256,216.932944546772,433.865889093544,0.9773710255483642
critical_vibrato_depth_1_0st,critical_vibrato_depth,1 semitones,1.0,semitones,"{""base_hz"": 440.0, ""depth_semitones"": 1.0, ""rate_hz"": 5.5}",phase_vocoder,Phase Vocoder,local phase vocoder,-12,48,1.1145578231292517,223.1022297233371,446.2044594466742,0.978994893174473
critical_vibrato_depth_1_0st,critical_vibrato_depth,1 semitones,1.0,semitones,"{""base_hz"": 440.0, ""depth_semitones"": 1.0, ""rate_hz"": 5.5}",phase_vocoder,Phase Vocoder,local phase vocoder,-12,49,1.1377777777777778,226.0201832555739,452.0403665111478,0.9846261234984127
critical_vibrato_depth_1_0st,critical_vibrato_depth,1 semitones,1.0,semitones,"{""base_hz"": 440.0, ""depth_semitones"": 1.0, ""rate_hz"": 5.5}",phase_vocoder,Phase Vocoder,local phase vocoder,-12,50,1.1609977324263039,226.86881438404416,453.7376287680883,0.983586378684106
critical_vibrato_depth_1_0st,critical_vibrato_depth,1 semitones,1.0,semitones,"{""base_hz"": 440.0, ""depth_semitones"": 1.0, ""rate_hz"": 5.5}",phase_vocoder,Phase Vocoder,local phase vocoder,-12,51,1.18421768707483,227.21440065769852,454.42880131539704,0.9800030429286998
critical_vibrato_depth_1_0st,critical_vibrato_depth,1 semitones,1.0,semitones,"{""base_hz"": 440.0, ""depth_semitones"": 1.0, ""rate_hz"": 5.5}",phase_vocoder,Phase Vocoder,local phase vocoder,-12,52,1.207437641723356,226.7201024079778,453.4402048159556,0.9749536556616587
critical_vibrato_depth_1_0st,critical_vibrato_depth,1 semitones,1.0,semitones,"{""base_hz"": 440.0, ""depth_semitones"": 1.0, ""rate_hz"": 5.5}",phase_vocoder,Phase Vocoder,local phase vocoder,-12,53,1.230657596371882,224.98827998825743,449.97655997651486,0.9706195084681576
critical_vibrato_depth_1_0st,critical_vibrato_depth,1 semitones,1.0,semitones,"{""base_hz"": 440.0, ""depth_semitones"": 1.0, ""rate_hz"": 5.5}",phase_vocoder,Phase Vocoder,local phase vocoder,-12,54,1.253877551020408,223.49068843406656,446.9813768681331,0.962380492600077
critical_vibrato_depth_1_0st,critical_vibrato_depth,1 semitones,1.0,semitones,"{""base_hz"": 440.0, ""depth_semitones"": 1.0, ""rate_hz"": 5.5}",phase_vocoder,Phase Vocoder,local phase vocoder,-12,55,1.2770975056689342,221.61579603318296,443.2315920663659,0.9562888315166133
critical_vibrato_depth_1_0st,critical_vibrato_depth,1 semitones,1.0,semitones,"{""base_hz"": 440.0, ""depth_semitones"": 1.0, ""rate_hz"": 5.5}",phase_vocoder,Phase Vocoder,local phase vocoder,-12,56,1.3003174603174603,219.27431521416383,438.54863042832767,0.9636873930012007
critical_vibrato_depth_1_0st,critical_vibrato_depth,1 semitones,1.0,semitones,"{""base_hz"": 440.0, ""depth_semitones"": 1.0, ""rate_hz"": 5.5}",phase_vocoder,Phase Vocoder,local phase vocoder,-12,57,1.3235374149659864,216.46179244624037,432.92358489248073,0.967063080713871
critical_vibrato_depth_1_0st,critical_vibrato_depth,1 semitones,1.0,semitones,"{""base_hz"": 440.0, ""depth_semitones"": 1.0, ""rate_hz"": 5.5}",phase_vocoder,Phase Vocoder,local phase vocoder,-12,58,1.3467573696145125,213.34591845210298,426.69183690420596,0.971460128040675
critical_vibrato_depth_1_0st,critical_vibrato_depth,1 semitones,1.0,semitones,"{""base_hz"": 440.0, ""depth_semitones"": 1.0, ""rate_hz"": 5.5}",phase_vocoder,Phase Vocoder,local phase vocoder,-12,59,1.3699773242630386,211.57287621955481,423.14575243910963,0.9769705045035731
critical_vibrato_depth_1_0st,critical_vibrato_depth,1 semitones,1.0,semitones,"{""base_hz"": 440.0, ""depth_semitones"": 1.0, ""rate_hz"": 5.5}",phase_vocoder,Phase Vocoder,local phase vocoder,-12,60,1.3931972789115645,212.0427951839351,424.0855903678702,0.978070189719843
critical_vibrato_depth_1_0st,critical_vibrato_depth,1 semitones,1.0,semitones,"{""base_hz"": 440.0, ""depth_semitones"": 1.0, ""rate_hz"": 5.5}",phase_vocoder,Phase Vocoder,local phase vocoder,-12,61,1.4164172335600906,214.28362710822233,428.56725421644467,0.9750551748902148
critical_vibrato_depth_1_0st,critical_vibrato_depth,1 semitones,1.0,semitones,"{""base_hz"": 440.0, ""depth_semitones"": 1.0, ""rate_hz"": 5.5}",phase_vocoder,Phase Vocoder,local phase vocoder,-12,62,1.4396371882086167,217.47165726736034,434.9433145347207,0.969829663654906
critical_vibrato_depth_1_0st,critical_vibrato_depth,1 semitones,1.0,semitones,"{""base_hz"": 440.0, ""depth_semitones"": 1.0, ""rate_hz"": 5.5}",phase_vocoder,Phase Vocoder,local phase vocoder,-12,63,1.4628571428571429,221.92011007146928,443.84022014293856,0.9659798313854315
critical_vibrato_depth_1_0st,critical_vibrato_depth,1 semitones,1.0,semitones,"{""base_hz"": 440.0, ""depth_semitones"": 1.0, ""rate_hz"": 5.5}",phase_vocoder,Phase Vocoder,local phase vocoder,-12,64,1.486077097505669,226.34600300134062,452.69200600268124,0.9751603027168364
critical_vibrato_depth_1_0st,critical_vibrato_depth,1 semitones,1.0,semitones,"{""base_hz"": 440.0, ""depth_semitones"": 1.0, ""rate_hz"": 5.5}",phase_vocoder,Phase Vocoder,local phase vocoder,-12,65,1.509297052154195,227.31308009455412,454.62616018910825,0.9853149717156798
critical_vibrato_depth_1_0st,critical_vibrato_depth,1 semitones,1.0,semitones,"{""base_hz"": 440.0, ""depth_semitones"": 1.0, ""rate_hz"": 5.5}",phase_vocoder,Phase Vocoder,local phase vocoder,-12,66,1.5325170068027212,225.8419436338841,451.6838872677682,0.9861251356601822
critical_vibrato_depth_1_0st,critical_vibrato_depth,1 semitones,1.0,semitones,"{""base_hz"": 440.0, ""depth_semitones"": 1.0, ""rate_hz"": 5.5}",phase_vocoder,Phase Vocoder,local phase vocoder,-12,67,1.555736961451247,223.14781760511448,446.29563521022897,0.9850693399738379
critical_vibrato_depth_1_0st,critical_vibrato_depth,1 semitones,1.0,semitones,"{""base_hz"": 440.0, ""depth_semitones"": 1.0, ""rate_hz"": 5.5}",phase_vocoder,Phase Vocoder,local phase vocoder,-12,68,1.5789569160997732,220.33673475198398,440.67346950396797,0.986731731393068
critical_vibrato_depth_1_0st,critical_vibrato_depth,1 semitones,1.0,semitones,"{""base_hz"": 440.0, ""depth_semitones"": 1.0, ""rate_hz"": 5.5}",phase_vocoder,Phase Vocoder,local phase vocoder,-12,69,1.6021768707482993,219.76234126687797,439.52468253375594,0.9823832543475931
critical_vibrato_depth_1_0st,critical_vibrato_depth,1 semitones,1.0,semitones,"{""base_hz"": 440.0, ""depth_semitones"": 1.0, ""rate_hz"": 5.5}",phase_vocoder,Phase Vocoder,local phase vocoder,-12,70,1.6253968253968254,219.81637497371457,439.63274994742915,0.9734965174263847
critical_vibrato_depth_1_0st,critical_vibrato_depth,1 semitones,1.0,semitones,"{""base_hz"": 440.0, ""depth_semitones"": 1.0, ""rate_hz"": 5.5}",phase_vocoder,Phase Vocoder,local phase vocoder,-12,71,1.6486167800453515,220.34458349394123,440.68916698788246,0.9709199575204236
critical_vibrato_depth_1_0st,critical_vibrato_depth,1 semitones,1.0,semitones,"{""base_hz"": 440.0, ""depth_semitones"": 1.0, ""rate_hz"": 5.5}",phase_vocoder,Phase Vocoder,local phase vocoder,-12,72,1.6718367346938776,221.65908400619486,443.3181680123897,0.9748674780826222
critical_vibrato_depth_1_0st,critical_vibrato_depth,1 semitones,1.0,semitones,"{""base_hz"": 440.0, ""depth_semitones"": 1.0, ""rate_hz"": 5.5}",phase_vocoder,Phase Vocoder,local phase vocoder,-12,73,1.6950566893424037,220.69862774040857,441.39725548081714,0.975622952755904
critical_vibrato_depth_1_0st,critical_vibrato_depth,1 semitones,1.0,semitones,"{""base_hz"": 440.0, ""depth_semitones"": 1.0, ""rate_hz"": 5.5}",phase_vocoder,Phase Vocoder,local phase vocoder,-12,74,1.7182766439909296,218.33085516577407,436.66171033154814,0.9727127655710216
critical_vibrato_depth_1_0st,critical_vibrato_depth,1 semitones,1.0,semitones,"{""base_hz"": 440.0, ""depth_semitones"": 1.0, ""rate_hz"": 5.5}",phase_vocoder,Phase Vocoder,local phase vocoder,-12,75,1.7414965986394557,215.90790664494386,431.8158132898877,0.972097652986365
critical_vibrato_depth_1_0st,critical_vibrato_depth,1 semitones,1.0,semitones,"{""base_hz"": 440.0, ""depth_semitones"": 1.0, ""rate_hz"": 5.5}",phase_vocoder,Phase Vocoder,local phase vocoder,-12,76,1.7647165532879818,214.47505137309778,428.95010274619557,0.9715560953088374
critical_vibrato_depth_1_0st,critical_vibrato_depth,1 semitones,1.0,semitones,"{""base_hz"": 440.0, ""depth_semitones"": 1.0, ""rate_hz"": 5.5}",phase_vocoder,Phase Vocoder,local phase vocoder,-12,77,1.787936507936508,216.2247410694671,432.4494821389342,0.9627012151743026
critical_vibrato_depth_1_0st,critical_vibrato_depth,1 semitones,1.0,semitones,"{""base_hz"": 440.0, ""depth_semitones"": 1.0, ""rate_hz"": 5.5}",phase_vocoder,Phase Vocoder,local phase vocoder,-12,78,1.811156462585034,221.53582605613187,443.07165211226373,0.9592867708766369
critical_vibrato_depth_1_0st,critical_vibrato_depth,1 semitones,1.0,semitones,"{""base_hz"": 440.0, ""depth_semitones"": 1.0, ""rate_hz"": 5.5}",phase_vocoder,Phase Vocoder,local phase vocoder,-12,79,1.8343764172335602,225.03643047657656,450.0728609531531,0.9683423415390993
critical_vibrato_depth_1_0st,critical_vibrato_depth,1 semitones,1.0,semitones,"{""base_hz"": 440.0, ""depth_semitones"": 1.0, ""rate_hz"": 5.5}",phase_vocoder,Phase Vocoder,local phase vocoder,-12,80,1.8575963718820863,225.75552134976854,451.5110426995371,0.9700654755123506
critical_vibrato_depth_1_0st,critical_vibrato_depth,1 semitones,1.0,semitones,"{""base_hz"": 440.0, ""depth_semitones"": 1.0, ""rate_hz"": 5.5}",phase_vocoder,Phase Vocoder,local phase vocoder,-12,81,1.8808163265306121,225.4859743389481,450.9719486778962,0.9689433886738917
critical_vibrato_depth_1_0st,critical_vibrato_depth,1 semitones,1.0,semitones,"{""base_hz"": 440.0, ""depth_semitones"": 1.0, ""rate_hz"": 5.5}",phase_vocoder,Phase Vocoder,local phase vocoder,-12,82,1.9040362811791383,224.9106288910932,449.8212577821864,0.970808612665282
critical_vibrato_depth_1_0st,critical_vibrato_depth,1 semitones,1.0,semitones,"{""base_hz"": 440.0, ""depth_semitones"": 1.0, ""rate_hz"": 5.5}",phase_vocoder,Phase Vocoder,local phase vocoder,-12,83,1.9272562358276644,223.68620701792017,447.37241403584034,0.9699244613927045
critical_vibrato_depth_1_0st,critical_vibrato_depth,1 semitones,1.0,semitones,"{""base_hz"": 440.0, ""depth_semitones"": 1.0, ""rate_hz"": 5.5}",phase_vocoder,Phase Vocoder,local phase vocoder,-12,84,1.9504761904761905,219.8137614192078,439.6275228384156,0.9109626908271556
critical_vibrato_depth_1_0st,critical_vibrato_depth,1 semitones,1.0,semitones,"{""base_hz"": 440.0, ""depth_semitones"": 1.0, ""rate_hz"": 5.5}",phase_vocoder,Phase Vocoder,local phase vocoder,-12,85,1.9736961451247166,213.24931817340925,426.4986363468185,0.7822390627988083
critical_vibrato_depth_1_0st,critical_vibrato_depth,1 semitones,1.0,semitones,"{""base_hz"": 440.0, ""depth_semitones"": 1.0, ""rate_hz"": 5.5}",phase_vocoder,Phase Vocoder,local phase vocoder,-12,86,1.9969160997732427,211.42286563255465,422.8457312651093,0.7377927128131787
critical_vibrato_depth_1_0st,critical_vibrato_depth,1 semitones,1.0,semitones,"{""base_hz"": 440.0, ""depth_semitones"": 1.0, ""rate_hz"": 5.5}",rubber_band,Rubber Band,local hybrid spectral/time-domain proxy,-12,0,0.0,,,0.09815844553615496
critical_vibrato_depth_1_0st,critical_vibrato_depth,1 semitones,1.0,semitones,"{""base_hz"": 440.0, ""depth_semitones"": 1.0, ""rate_hz"": 5.5}",rubber_band,Rubber Band,local hybrid spectral/time-domain proxy,-12,1,0.023219954648526078,,,0.09874694634890194
critical_vibrato_depth_1_0st,critical_vibrato_depth,1 semitones,1.0,semitones,"{""base_hz"": 440.0, ""depth_semitones"": 1.0, ""rate_hz"": 5.5}",rubber_band,Rubber Band,local hybrid spectral/time-domain proxy,-12,2,0.046439909297052155,,,0.10287754326498666
critical_vibrato_depth_1_0st,critical_vibrato_depth,1 semitones,1.0,semitones,"{""base_hz"": 440.0, ""depth_semitones"": 1.0, ""rate_hz"": 5.5}",rubber_band,Rubber Band,local hybrid spectral/time-domain proxy,-12,3,0.06965986394557823,576.5110967251826,1153.0221934503652,0.16484623715956778
critical_vibrato_depth_1_0st,critical_vibrato_depth,1 semitones,1.0,semitones,"{""base_hz"": 440.0, ""depth_semitones"": 1.0, ""rate_hz"": 5.5}",rubber_band,Rubber Band,local hybrid spectral/time-domain proxy,-12,4,0.09287981859410431,,,0.9992751881770527
critical_vibrato_depth_1_0st,critical_vibrato_depth,1 semitones,1.0,semitones,"{""base_hz"": 440.0, ""depth_semitones"": 1.0, ""rate_hz"": 5.5}",rubber_band,Rubber Band,local hybrid spectral/time-domain proxy,-12,5,0.11609977324263039,224.14443893272627,448.28887786545255,0.9828456292633677
critical_vibrato_depth_1_0st,critical_vibrato_depth,1 semitones,1.0,semitones,"{""base_hz"": 440.0, ""depth_semitones"": 1.0, ""rate_hz"": 5.5}",rubber_band,Rubber Band,local hybrid spectral/time-domain proxy,-12,6,0.13931972789115646,222.31419543484822,444.62839086969643,0.9908092377253529
critical_vibrato_depth_1_0st,critical_vibrato_depth,1 semitones,1.0,semitones,"{""base_hz"": 440.0, ""depth_semitones"": 1.0, ""rate_hz"": 5.5}",rubber_band,Rubber Band,local hybrid spectral/time-domain proxy,-12,7,0.16253968253968254,222.9135138284182,445.8270276568364,0.9885828151687397
critical_vibrato_depth_1_0st,critical_vibrato_depth,1 semitones,1.0,semitones,"{""base_hz"": 440.0, ""depth_semitones"": 1.0, ""rate_hz"": 5.5}",rubber_band,Rubber Band,local hybrid spectral/time-domain proxy,-12,8,0.18575963718820862,226.16220839696174,452.3244167939235,0.9773371004127942
critical_vibrato_depth_1_0st,critical_vibrato_depth,1 semitones,1.0,semitones,"{""base_hz"": 440.0, ""depth_semitones"": 1.0, ""rate_hz"": 5.5}",rubber_band,Rubber Band,local hybrid spectral/time-domain proxy,-12,9,0.2089795918367347,231.6719771531642,463.3439543063284,0.9723460052985697
critical_vibrato_depth_1_0st,critical_vibrato_depth,1 semitones,1.0,semitones,"{""base_hz"": 440.0, ""depth_semitones"": 1.0, ""rate_hz"": 5.5}",rubber_band,Rubber Band,local hybrid spectral/time-domain proxy,-12,10,0.23219954648526078,235.64446924052444,471.2889384810489,0.9814774722299158
critical_vibrato_depth_1_0st,critical_vibrato_depth,1 semitones,1.0,semitones,"{""base_hz"": 440.0, ""depth_semitones"": 1.0, ""rate_hz"": 5.5}",rubber_band,Rubber Band,local hybrid spectral/time-domain proxy,-12,11,0.25541950113378686,234.3674349179234,468.7348698358468,0.980843339515663
critical_vibrato_depth_1_0st,critical_vibrato_depth,1 semitones,1.0,semitones,"{""base_hz"": 440.0, ""depth_semitones"": 1.0, ""rate_hz"": 5.5}",rubber_band,Rubber Band,local hybrid spectral/time-domain proxy,-12,12,0.2786394557823129,230.52781920664663,461.05563841329325,0.9760918330860803
critical_vibrato_depth_1_0st,critical_vibrato_depth,1 semitones,1.0,semitones,"{""base_hz"": 440.0, ""depth_semitones"": 1.0, ""rate_hz"": 5.5}",rubber_band,Rubber Band,local hybrid spectral/time-domain proxy,-12,13,0.301859410430839,226.0032060850977,452.0064121701954,0.9788578449204366
critical_vibrato_depth_1_0st,critical_vibrato_depth,1 semitones,1.0,semitones,"{""base_hz"": 440.0, ""depth_semitones"": 1.0, ""rate_hz"": 5.5}",rubber_band,Rubber Band,local hybrid spectral/time-domain proxy,-12,14,0.3250793650793651,223.28950064550503,446.57900129101006,0.9861282249150883
critical_vibrato_depth_1_0st,critical_vibrato_depth,1 semitones,1.0,semitones,"{""base_hz"": 440.0, ""depth_semitones"": 1.0, ""rate_hz"": 5.5}",rubber_band,Rubber Band,local hybrid spectral/time-domain proxy,-12,15,0.34829931972789113,224.88141619902848,449.76283239805696,0.98033397140752
critical_vibrato_depth_1_0st,critical_vibrato_depth,1 semitones,1.0,semitones,"{""base_hz"": 440.0, ""depth_semitones"": 1.0, ""rate_hz"": 5.5}",rubber_band,Rubber Band,local hybrid spectral/time-domain proxy,-12,16,0.37151927437641724,228.79232810147917,457.58465620295834,0.9712819189341255
critical_vibrato_depth_1_0st,critical_vibrato_depth,1 semitones,1.0,semitones,"{""base_hz"": 440.0, ""depth_semitones"": 1.0, ""rate_hz"": 5.5}",rubber_band,Rubber Band,local hybrid spectral/time-domain proxy,-12,17,0.3947392290249433,233.3616686521702,466.7233373043404,0.9734514662736723
critical_vibrato_depth_1_0st,critical_vibrato_depth,1 semitones,1.0,semitones,"{""base_hz"": 440.0, ""depth_semitones"": 1.0, ""rate_hz"": 5.5}",rubber_band,Rubber Band,local hybrid spectral/time-domain proxy,-12,18,0.4179591836734694,234.32968114615076,468.6593622923015,0.9790885672606976
critical_vibrato_depth_1_0st,critical_vibrato_depth,1 semitones,1.0,semitones,"{""base_hz"": 440.0, ""depth_semitones"": 1.0, ""rate_hz"": 5.5}",rubber_band,Rubber Band,local hybrid spectral/time-domain proxy,-12,19,0.44117913832199546,230.55954968534135,461.1190993706827,0.9752958971881569
critical_vibrato_depth_1_0st,critical_vibrato_depth,1 semitones,1.0,semitones,"{""base_hz"": 440.0, ""depth_semitones"": 1.0, ""rate_hz"": 5.5}",rubber_band,Rubber Band,local hybrid spectral/time-domain proxy,-12,20,0.46439909297052157,225.75709413163838,451.51418826327676,0.980295954340453
critical_vibrato_depth_1_0st,critical_vibrato_depth,1 semitones,1.0,semitones,"{""base_hz"": 440.0, ""depth_semitones"": 1.0, ""rate_hz"": 5.5}",rubber_band,Rubber Band,local hybrid spectral/time-domain proxy,-12,21,0.4876190476190476,222.56931668703496,445.1386333740699,0.9905166159229896
critical_vibrato_depth_1_0st,critical_vibrato_depth,1 semitones,1.0,semitones,"{""base_hz"": 440.0, ""depth_semitones"": 1.0, ""rate_hz"": 5.5}",rubber_band,Rubber Band,local hybrid spectral/time-domain proxy,-12,22,0.5108390022675737,222.89163375694082,445.78326751388164,0.9899467222837991
critical_vibrato_depth_1_0st,critical_vibrato_depth,1 semitones,1.0,semitones,"{""base_hz"": 440.0, ""depth_semitones"": 1.0, ""rate_hz"": 5.5}",rubber_band,Rubber Band,local hybrid spectral/time-domain proxy,-12,23,0.5340589569160997,225.98048285167386,451.9609657033477,0.9801280758086635
critical_vibrato_depth_1_0st,critical_vibrato_depth,1 semitones,1.0,semitones,"{""base_hz"": 440.0, ""depth_semitones"": 1.0, ""rate_hz"": 5.5}",rubber_band,Rubber Band,local hybrid spectral/time-domain proxy,-12,24,0.5572789115646258,230.63570002591604,461.2714000518321,0.9735513920947823
critical_vibrato_depth_1_0st,critical_vibrato_depth,1 semitones,1.0,semitones,"{""base_hz"": 440.0, ""depth_semitones"": 1.0, ""rate_hz"": 5.5}",rubber_band,Rubber Band,local hybrid spectral/time-domain proxy,-12,25,0.5804988662131519,234.73151709529486,469.4630341905897,0.9781659869093831
critical_vibrato_depth_1_0st,critical_vibrato_depth,1 semitones,1.0,semitones,"{""base_hz"": 440.0, ""depth_semitones"": 1.0, ""rate_hz"": 5.5}",rubber_band,Rubber Band,local hybrid spectral/time-domain proxy,-12,26,0.603718820861678,233.94498946558633,467.88997893117266,0.975633893870203
critical_vibrato_depth_1_0st,critical_vibrato_depth,1 semitones,1.0,semitones,"{""base_hz"": 440.0, ""depth_semitones"": 1.0, ""rate_hz"": 5.5}",rubber_band,Rubber Band,local hybrid spectral/time-domain proxy,-12,27,0.626938775510204,229.16631861164717,458.33263722329434,0.9728543227399933
critical_vibrato_depth_1_0st,critical_vibrato_depth,1 semitones,1.0,semitones,"{""base_hz"": 440.0, ""depth_semitones"": 1.0, ""rate_hz"": 5.5}",rubber_band,Rubber Band,local hybrid spectral/time-domain proxy,-12,28,0.6501587301587302,224.53595019978553,449.07190039957106,0.9828958478745595
critical_vibrato_depth_1_0st,critical_vibrato_depth,1 semitones,1.0,semitones,"{""base_hz"": 440.0, ""depth_semitones"": 1.0, ""rate_hz"": 5.5}",rubber_band,Rubber Band,local hybrid spectral/time-domain proxy,-12,29,0.6733786848072563,222.5084462218398,445.0168924436796,0.9917834712873688
critical_vibrato_depth_1_0st,critical_vibrato_depth,1 semitones,1.0,semitones,"{""base_hz"": 440.0, ""depth_semitones"": 1.0, ""rate_hz"": 5.5}",rubber_band,Rubber Band,local hybrid spectral/time-domain proxy,-12,30,0.6965986394557823,224.07338228802226,448.1467645760445,0.9865007304815542
critical_vibrato_depth_1_0st,critical_vibrato_depth,1 semitones,1.0,semitones,"{""base_hz"": 440.0, ""depth_semitones"": 1.0, ""rate_hz"": 5.5}",rubber_band,Rubber Band,local hybrid spectral/time-domain proxy,-12,31,0.7198185941043084,228.0497174383968,456.0994348767936,0.9757730657903594
critical_vibrato_depth_1_0st,critical_vibrato_depth,1 semitones,1.0,semitones,"{""base_hz"": 440.0, ""depth_semitones"": 1.0, ""rate_hz"": 5.5}",rubber_band,Rubber Band,local hybrid spectral/time-domain proxy,-12,32,0.7430385487528345,233.09815649909802,466.19631299819605,0.9733430827838371
critical_vibrato_depth_1_0st,critical_vibrato_depth,1 semitones,1.0,semitones,"{""base_hz"": 440.0, ""depth_semitones"": 1.0, ""rate_hz"": 5.5}",rubber_band,Rubber Band,local hybrid spectral/time-domain proxy,-12,33,0.7662585034013606,235.6456652879669,471.2913305759338,0.9784575344631653
critical_vibrato_depth_1_0st,critical_vibrato_depth,1 semitones,1.0,semitones,"{""base_hz"": 440.0, ""depth_semitones"": 1.0, ""rate_hz"": 5.5}",rubber_band,Rubber Band,local hybrid spectral/time-domain proxy,-12,34,0.7894784580498866,232.94790534761657,465.89581069523314,0.9734507315987843
critical_vibrato_depth_1_0st,critical_vibrato_depth,1 semitones,1.0,semitones,"{""base_hz"": 440.0, ""depth_semitones"": 1.0, ""rate_hz"": 5.5}",rubber_band,Rubber Band,local hybrid spectral/time-domain proxy,-12,35,0.8126984126984127,227.7315381533193,455.4630763066386,0.9752828691311101
critical_vibrato_depth_1_0st,critical_vibrato_depth,1 semitones,1.0,semitones,"{""base_hz"": 440.0, ""depth_semitones"": 1.0, ""rate_hz"": 5.5}",rubber_band,Rubber Band,local hybrid spectral/time-domain proxy,-12,36,0.8359183673469388,223.4465423388822,446.8930846777644,0.9873612078543832
critical_vibrato_depth_1_0st,critical_vibrato_depth,1 semitones,1.0,semitones,"{""base_hz"": 440.0, ""depth_semitones"": 1.0, ""rate_hz"": 5.5}",rubber_band,Rubber Band,local hybrid spectral/time-domain proxy,-12,37,0.8591383219954648,222.64838987602025,445.2967797520405,0.9919230085489728
critical_vibrato_depth_1_0st,critical_vibrato_depth,1 semitones,1.0,semitones,"{""base_hz"": 440.0, ""depth_semitones"": 1.0, ""rate_hz"": 5.5}",rubber_band,Rubber Band,local hybrid spectral/time-domain proxy,-12,38,0.8823582766439909,225.40273989675026,450.8054797935005,0.9823783671600812
critical_vibrato_depth_1_0st,critical_vibrato_depth,1 semitones,1.0,semitones,"{""base_hz"": 440.0, ""depth_semitones"": 1.0, ""rate_hz"": 5.5}",rubber_band,Rubber Band,local hybrid spectral/time-domain proxy,-12,39,0.905578231292517,230.231589267783,460.463178535566,0.9720545230262638
critical_vibrato_depth_1_0st,critical_vibrato_depth,1 semitones,1.0,semitones,"{""base_hz"": 440.0, ""depth_semitones"": 1.0, ""rate_hz"": 5.5}",rubber_band,Rubber Band,local hybrid spectral/time-domain proxy,-12,40,0.9287981859410431,235.04998637695664,470.0999727539133,0.9748047950626277
critical_vibrato_depth_1_0st,critical_vibrato_depth,1 semitones,1.0,semitones,"{""base_hz"": 440.0, ""depth_semitones"": 1.0, ""rate_hz"": 5.5}",rubber_band,Rubber Band,local hybrid spectral/time-domain proxy,-12,41,0.9520181405895691,235.93584029542836,471.8716805908567,0.9770561639819646
critical_vibrato_depth_1_0st,critical_vibrato_depth,1 semitones,1.0,semitones,"{""base_hz"": 440.0, ""depth_semitones"": 1.0, ""rate_hz"": 5.5}",rubber_band,Rubber Band,local hybrid spectral/time-domain proxy,-12,42,0.9752380952380952,232.15207742718823,464.30415485437646,0.9722174122066133
critical_vibrato_depth_1_0st,critical_vibrato_depth,1 semitones,1.0,semitones,"{""base_hz"": 440.0, ""depth_semitones"": 1.0, ""rate_hz"": 5.5}",rubber_band,Rubber Band,local hybrid spectral/time-domain proxy,-12,43,0.9984580498866213,226.67517376633793,453.35034753267587,0.9774296215451246
critical_vibrato_depth_1_0st,critical_vibrato_depth,1 semitones,1.0,semitones,"{""base_hz"": 440.0, ""depth_semitones"": 1.0, ""rate_hz"": 5.5}",rubber_band,Rubber Band,local hybrid spectral/time-domain proxy,-12,44,1.0216780045351475,222.97238038787367,445.94476077574734,0.9898666744483324
critical_vibrato_depth_1_0st,critical_vibrato_depth,1 semitones,1.0,semitones,"{""base_hz"": 440.0, ""depth_semitones"": 1.0, ""rate_hz"": 5.5}",rubber_band,Rubber Band,local hybrid spectral/time-domain proxy,-12,45,1.0448979591836736,223.536359767268,447.072719534536,0.9885284310835465
critical_vibrato_depth_1_0st,critical_vibrato_depth,1 semitones,1.0,semitones,"{""base_hz"": 440.0, ""depth_semitones"": 1.0, ""rate_hz"": 5.5}",rubber_band,Rubber Band,local hybrid spectral/time-domain proxy,-12,46,1.0681179138321995,227.09434131851535,454.1886826370307,0.9778350364530246
critical_vibrato_depth_1_0st,critical_vibrato_depth,1 semitones,1.0,semitones,"{""base_hz"": 440.0, ""depth_semitones"": 1.0, ""rate_hz"": 5.5}",rubber_band,Rubber Band,local hybrid spectral/time-domain proxy,-12,47,1.0913378684807256,232.2264352367372,464.4528704734744,0.9720993873272818
critical_vibrato_depth_1_0st,critical_vibrato_depth,1 semitones,1.0,semitones,"{""base_hz"": 440.0, ""depth_semitones"": 1.0, ""rate_hz"": 5.5}",rubber_band,Rubber Band,local hybrid spectral/time-domain proxy,-12,48,1.1145578231292517,235.99714096984968,471.99428193969936,0.9784592043777852
critical_vibrato_depth_1_0st,critical_vibrato_depth,1 semitones,1.0,semitones,"{""base_hz"": 440.0, ""depth_semitones"": 1.0, ""rate_hz"": 5.5}",rubber_band,Rubber Band,local hybrid spectral/time-domain proxy,-12,49,1.1377777777777778,234.9605610956907,469.9211221913814,0.9783190951923306
critical_vibrato_depth_1_0st,critical_vibrato_depth,1 semitones,1.0,semitones,"{""base_hz"": 440.0, ""depth_semitones"": 1.0, ""rate_hz"": 5.5}",rubber_band,Rubber Band,local hybrid spectral/time-domain proxy,-12,50,1.1609977324263039,230.3798549219071,460.7597098438142,0.9749829505144699
critical_vibrato_depth_1_0st,critical_vibrato_depth,1 semitones,1.0,semitones,"{""base_hz"": 440.0, ""depth_semitones"": 1.0, ""rate_hz"": 5.5}",rubber_band,Rubber Band,local hybrid spectral/time-domain proxy,-12,51,1.18421768707483,225.24427385357154,450.4885477071431,0.9821133134839483
critical_vibrato_depth_1_0st,critical_vibrato_depth,1 semitones,1.0,semitones,"{""base_hz"": 440.0, ""depth_semitones"": 1.0, ""rate_hz"": 5.5}",rubber_band,Rubber Band,local hybrid spectral/time-domain proxy,-12,52,1.207437641723356,222.9340756662306,445.8681513324612,0.9887223069715215
critical_vibrato_depth_1_0st,critical_vibrato_depth,1 semitones,1.0,semitones,"{""base_hz"": 440.0, ""depth_semitones"": 1.0, ""rate_hz"": 5.5}",rubber_band,Rubber Band,local hybrid spectral/time-domain proxy,-12,53,1.230657596371882,224.3967133778016,448.7934267556032,0.9825030729284314
critical_vibrato_depth_1_0st,critical_vibrato_depth,1 semitones,1.0,semitones,"{""base_hz"": 440.0, ""depth_semitones"": 1.0, ""rate_hz"": 5.5}",rubber_band,Rubber Band,local hybrid spectral/time-domain proxy,-12,54,1.253877551020408,228.18159090906136,456.3631818181227,0.9723375639490927
critical_vibrato_depth_1_0st,critical_vibrato_depth,1 semitones,1.0,semitones,"{""base_hz"": 440.0, ""depth_semitones"": 1.0, ""rate_hz"": 5.5}",rubber_band,Rubber Band,local hybrid spectral/time-domain proxy,-12,55,1.2770975056689342,232.82778053895083,465.65556107790167,0.9734121844701417
critical_vibrato_depth_1_0st,critical_vibrato_depth,1 semitones,1.0,semitones,"{""base_hz"": 440.0, ""depth_semitones"": 1.0, ""rate_hz"": 5.5}",rubber_band,Rubber Band,local hybrid spectral/time-domain proxy,-12,56,1.3003174603174603,233.24555894672545,466.4911178934509,0.9763489872519696
critical_vibrato_depth_1_0st,critical_vibrato_depth,1 semitones,1.0,semitones,"{""base_hz"": 440.0, ""depth_semitones"": 1.0, ""rate_hz"": 5.5}",rubber_band,Rubber Band,local hybrid spectral/time-domain proxy,-12,57,1.3235374149659864,229.5282720250509,459.0565440501018,0.9742891527599361
critical_vibrato_depth_1_0st,critical_vibrato_depth,1 semitones,1.0,semitones,"{""base_hz"": 440.0, ""depth_semitones"": 1.0, ""rate_hz"": 5.5}",rubber_band,Rubber Band,local hybrid spectral/time-domain proxy,-12,58,1.3467573696145125,225.07378793890146,450.1475758778029,0.9805108513578359
critical_vibrato_depth_1_0st,critical_vibrato_depth,1 semitones,1.0,semitones,"{""base_hz"": 440.0, ""depth_semitones"": 1.0, ""rate_hz"": 5.5}",rubber_band,Rubber Band,local hybrid spectral/time-domain proxy,-12,59,1.3699773242630386,222.377533136542,444.755066273084,0.9903607997445742
critical_vibrato_depth_1_0st,critical_vibrato_depth,1 semitones,1.0,semitones,"{""base_hz"": 440.0, ""depth_semitones"": 1.0, ""rate_hz"": 5.5}",rubber_band,Rubber Band,local hybrid spectral/time-domain proxy,-12,60,1.3931972789115645,223.15508454689464,446.3101690937893,0.987937025707864
critical_vibrato_depth_1_0st,critical_vibrato_depth,1 semitones,1.0,semitones,"{""base_hz"": 440.0, ""depth_semitones"": 1.0, ""rate_hz"": 5.5}",rubber_band,Rubber Band,local hybrid spectral/time-domain proxy,-12,61,1.4164172335600906,226.44413626301315,452.8882725260263,0.9769840331393291
critical_vibrato_depth_1_0st,critical_vibrato_depth,1 semitones,1.0,semitones,"{""base_hz"": 440.0, ""depth_semitones"": 1.0, ""rate_hz"": 5.5}",rubber_band,Rubber Band,local hybrid spectral/time-domain proxy,-12,62,1.4396371882086167,231.47985455190195,462.9597091038039,0.9717240459997065
critical_vibrato_depth_1_0st,critical_vibrato_depth,1 semitones,1.0,semitones,"{""base_hz"": 440.0, ""depth_semitones"": 1.0, ""rate_hz"": 5.5}",rubber_band,Rubber Band,local hybrid spectral/time-domain proxy,-12,63,1.4628571428571429,235.18960449701407,470.37920899402815,0.979289566584008
critical_vibrato_depth_1_0st,critical_vibrato_depth,1 semitones,1.0,semitones,"{""base_hz"": 440.0, ""depth_semitones"": 1.0, ""rate_hz"": 5.5}",rubber_band,Rubber Band,local hybrid spectral/time-domain proxy,-12,64,1.486077097505669,233.49027658434878,466.98055316869755,0.9764486017135403
critical_vibrato_depth_1_0st,critical_vibrato_depth,1 semitones,1.0,semitones,"{""base_hz"": 440.0, ""depth_semitones"": 1.0, ""rate_hz"": 5.5}",rubber_band,Rubber Band,local hybrid spectral/time-domain proxy,-12,65,1.509297052154195,228.69523179181147,457.39046358362293,0.9750464106427542
critical_vibrato_depth_1_0st,critical_vibrato_depth,1 semitones,1.0,semitones,"{""base_hz"": 440.0, ""depth_semitones"": 1.0, ""rate_hz"": 5.5}",rubber_band,Rubber Band,local hybrid spectral/time-domain proxy,-12,66,1.5325170068027212,224.26420418445687,448.52840836891374,0.9845497931242768
critical_vibrato_depth_1_0st,critical_vibrato_depth,1 semitones,1.0,semitones,"{""base_hz"": 440.0, ""depth_semitones"": 1.0, ""rate_hz"": 5.5}",rubber_band,Rubber Band,local hybrid spectral/time-domain proxy,-12,67,1.555736961451247,222.39804590412857,444.79609180825713,0.991736349547732
critical_vibrato_depth_1_0st,critical_vibrato_depth,1 semitones,1.0,semitones,"{""base_hz"": 440.0, ""depth_semitones"": 1.0, ""rate_hz"": 5.5}",rubber_band,Rubber Band,local hybrid spectral/time-domain proxy,-12,68,1.5789569160997732,224.01992907186568,448.03985814373135,0.9850321637425976
critical_vibrato_depth_1_0st,critical_vibrato_depth,1 semitones,1.0,semitones,"{""base_hz"": 440.0, ""depth_semitones"": 1.0, ""rate_hz"": 5.5}",rubber_band,Rubber Band,local hybrid spectral/time-domain proxy,-12,69,1.6021768707482993,227.93038237341557,455.86076474683114,0.9742547295439441
critical_vibrato_depth_1_0st,critical_vibrato_depth,1 semitones,1.0,semitones,"{""base_hz"": 440.0, ""depth_semitones"": 1.0, ""rate_hz"": 5.5}",rubber_band,Rubber Band,local hybrid spectral/time-domain proxy,-12,70,1.6253968253968254,232.93507408732196,465.87014817464393,0.9726851751570764
critical_vibrato_depth_1_0st,critical_vibrato_depth,1 semitones,1.0,semitones,"{""base_hz"": 440.0, ""depth_semitones"": 1.0, ""rate_hz"": 5.5}",rubber_band,Rubber Band,local hybrid spectral/time-domain proxy,-12,71,1.6486167800453515,235.3102091219191,470.6204182438382,0.9784784438856192
critical_vibrato_depth_1_0st,critical_vibrato_depth,1 semitones,1.0,semitones,"{""base_hz"": 440.0, ""depth_semitones"": 1.0, ""rate_hz"": 5.5}",rubber_band,Rubber Band,local hybrid spectral/time-domain proxy,-12,72,1.6718367346938776,232.38615657858102,464.77231315716205,0.9735358640865153
critical_vibrato_depth_1_0st,critical_vibrato_depth,1 semitones,1.0,semitones,"{""base_hz"": 440.0, ""depth_semitones"": 1.0, ""rate_hz"": 5.5}",rubber_band,Rubber Band,local hybrid spectral/time-domain proxy,-12,73,1.6950566893424037,227.2295924941882,454.4591849883764,0.9758111562803888
critical_vibrato_depth_1_0st,critical_vibrato_depth,1 semitones,1.0,semitones,"{""base_hz"": 440.0, ""depth_semitones"": 1.0, ""rate_hz"": 5.5}",rubber_band,Rubber Band,local hybrid spectral/time-domain proxy,-12,74,1.7182766439909296,223.19478719102548,446.38957438205097,0.9877574090110158
critical_vibrato_depth_1_0st,critical_vibrato_depth,1 semitones,1.0,semitones,"{""base_hz"": 440.0, ""depth_semitones"": 1.0, ""rate_hz"": 5.5}",rubber_band,Rubber Band,local hybrid spectral/time-domain proxy,-12,75,1.7414965986394557,222.89947771514997,445.79895543029994,0.9902645627521828
critical_vibrato_depth_1_0st,critical_vibrato_depth,1 semitones,1.0,semitones,"{""base_hz"": 440.0, ""depth_semitones"": 1.0, ""rate_hz"": 5.5}",rubber_band,Rubber Band,local hybrid spectral/time-domain proxy,-12,76,1.7647165532879818,225.71282723119597,451.42565446239195,0.980685954565182
critical_vibrato_depth_1_0st,critical_vibrato_depth,1 semitones,1.0,semitones,"{""base_hz"": 440.0, ""depth_semitones"": 1.0, ""rate_hz"": 5.5}",rubber_band,Rubber Band,local hybrid spectral/time-domain proxy,-12,77,1.787936507936508,230.39882906156083,460.79765812312166,0.9718685827546908
critical_vibrato_depth_1_0st,critical_vibrato_depth,1 semitones,1.0,semitones,"{""base_hz"": 440.0, ""depth_semitones"": 1.0, ""rate_hz"": 5.5}",rubber_band,Rubber Band,local hybrid spectral/time-domain proxy,-12,78,1.811156462585034,234.8765363441224,469.7530726882448,0.9757786783571039
critical_vibrato_depth_1_0st,critical_vibrato_depth,1 semitones,1.0,semitones,"{""base_hz"": 440.0, ""depth_semitones"": 1.0, ""rate_hz"": 5.5}",rubber_band,Rubber Band,local hybrid spectral/time-domain proxy,-12,79,1.8343764172335602,234.76137539499112,469.52275078998224,0.9759629945245413
critical_vibrato_depth_1_0st,critical_vibrato_depth,1 semitones,1.0,semitones,"{""base_hz"": 440.0, ""depth_semitones"": 1.0, ""rate_hz"": 5.5}",rubber_band,Rubber Band,local hybrid spectral/time-domain proxy,-12,80,1.8575963718820863,230.44276675484355,460.8855335096871,0.9723528634529192
critical_vibrato_depth_1_0st,critical_vibrato_depth,1 semitones,1.0,semitones,"{""base_hz"": 440.0, ""depth_semitones"": 1.0, ""rate_hz"": 5.5}",rubber_band,Rubber Band,local hybrid spectral/time-domain proxy,-12,81,1.8808163265306121,225.45398986585306,450.9079797317061,0.9807994500947225
critical_vibrato_depth_1_0st,critical_vibrato_depth,1 semitones,1.0,semitones,"{""base_hz"": 440.0, ""depth_semitones"": 1.0, ""rate_hz"": 5.5}",rubber_band,Rubber Band,local hybrid spectral/time-domain proxy,-12,82,1.9040362811791383,221.97524462938364,443.9504892587673,0.9920962678079445
critical_vibrato_depth_1_0st,critical_vibrato_depth,1 semitones,1.0,semitones,"{""base_hz"": 440.0, ""depth_semitones"": 1.0, ""rate_hz"": 5.5}",rubber_band,Rubber Band,local hybrid spectral/time-domain proxy,-12,83,1.9272562358276644,,,0.06090303243114722
critical_vibrato_depth_1_0st,critical_vibrato_depth,1 semitones,1.0,semitones,"{""base_hz"": 440.0, ""depth_semitones"": 1.0, ""rate_hz"": 5.5}",rubber_band,Rubber Band,local hybrid spectral/time-domain proxy,-12,84,1.9504761904761905,,,0.0012408663239403287
critical_vibrato_depth_1_0st,critical_vibrato_depth,1 semitones,1.0,semitones,"{""base_hz"": 440.0, ""depth_semitones"": 1.0, ""rate_hz"": 5.5}",rubber_band,Rubber Band,local hybrid spectral/time-domain proxy,-12,85,1.9736961451247166,,,-0.0016868665957198172
critical_vibrato_depth_1_0st,critical_vibrato_depth,1 semitones,1.0,semitones,"{""base_hz"": 440.0, ""depth_semitones"": 1.0, ""rate_hz"": 5.5}",rubber_band,Rubber Band,local hybrid spectral/time-domain proxy,-12,86,1.9969160997732427,,,-0.0021085968480756214
critical_vibrato_depth_1_0st,critical_vibrato_depth,1 semitones,1.0,semitones,"{""base_hz"": 440.0, ""depth_semitones"": 1.0, ""rate_hz"": 5.5}",wsola,WSOLA,local waveform-similarity overlap-add,-12,0,0.0,,,0.09822292378931473
critical_vibrato_depth_1_0st,critical_vibrato_depth,1 semitones,1.0,semitones,"{""base_hz"": 440.0, ""depth_semitones"": 1.0, ""rate_hz"": 5.5}",wsola,WSOLA,local waveform-similarity overlap-add,-12,1,0.023219954648526078,,,0.09881464281593907
critical_vibrato_depth_1_0st,critical_vibrato_depth,1 semitones,1.0,semitones,"{""base_hz"": 440.0, ""depth_semitones"": 1.0, ""rate_hz"": 5.5}",wsola,WSOLA,local waveform-similarity overlap-add,-12,2,0.046439909297052155,,,0.1029672162980891
critical_vibrato_depth_1_0st,critical_vibrato_depth,1 semitones,1.0,semitones,"{""base_hz"": 440.0, ""depth_semitones"": 1.0, ""rate_hz"": 5.5}",wsola,WSOLA,local waveform-similarity overlap-add,-12,3,0.06965986394557823,576.5174062073278,1153.0348124146556,0.16523506981614583
critical_vibrato_depth_1_0st,critical_vibrato_depth,1 semitones,1.0,semitones,"{""base_hz"": 440.0, ""depth_semitones"": 1.0, ""rate_hz"": 5.5}",wsola,WSOLA,local waveform-similarity overlap-add,-12,4,0.09287981859410431,,,0.9992910965531654
critical_vibrato_depth_1_0st,critical_vibrato_depth,1 semitones,1.0,semitones,"{""base_hz"": 440.0, ""depth_semitones"": 1.0, ""rate_hz"": 5.5}",wsola,WSOLA,local waveform-similarity overlap-add,-12,5,0.11609977324263039,224.2020551254784,448.4041102509568,0.9823646387050439
critical_vibrato_depth_1_0st,critical_vibrato_depth,1 semitones,1.0,semitones,"{""base_hz"": 440.0, ""depth_semitones"": 1.0, ""rate_hz"": 5.5}",wsola,WSOLA,local waveform-similarity overlap-add,-12,6,0.13931972789115646,222.38239266277265,444.7647853255453,0.9907707260954313
critical_vibrato_depth_1_0st,critical_vibrato_depth,1 semitones,1.0,semitones,"{""base_hz"": 440.0, ""depth_semitones"": 1.0, ""rate_hz"": 5.5}",wsola,WSOLA,local waveform-similarity overlap-add,-12,7,0.16253968253968254,223.0656837185718,446.1313674371436,0.988523342983865
critical_vibrato_depth_1_0st,critical_vibrato_depth,1 semitones,1.0,semitones,"{""base_hz"": 440.0, ""depth_semitones"": 1.0, ""rate_hz"": 5.5}",wsola,WSOLA,local waveform-similarity overlap-add,-12,8,0.18575963718820862,226.50026927338234,453.0005385467647,0.977511623079236
critical_vibrato_depth_1_0st,critical_vibrato_depth,1 semitones,1.0,semitones,"{""base_hz"": 440.0, ""depth_semitones"": 1.0, ""rate_hz"": 5.5}",wsola,WSOLA,local waveform-similarity overlap-add,-12,9,0.2089795918367347,232.07140134433794,464.1428026886759,0.9733591631103062
critical_vibrato_depth_1_0st,critical_vibrato_depth,1 semitones,1.0,semitones,"{""base_hz"": 440.0, ""depth_semitones"": 1.0, ""rate_hz"": 5.5}",wsola,WSOLA,local waveform-similarity overlap-add,-12,10,0.23219954648526078,235.81977836919654,471.6395567383931,0.9822373247075586
critical_vibrato_depth_1_0st,critical_vibrato_depth,1 semitones,1.0,semitones,"{""base_hz"": 440.0, ""depth_semitones"": 1.0, ""rate_hz"": 5.5}",wsola,WSOLA,local waveform-similarity overlap-add,-12,11,0.25541950113378686,234.5807091477701,469.1614182955402,0.9818759204544222
critical_vibrato_depth_1_0st,critical_vibrato_depth,1 semitones,1.0,semitones,"{""base_hz"": 440.0, ""depth_semitones"": 1.0, ""rate_hz"": 5.5}",wsola,WSOLA,local waveform-similarity overlap-add,-12,12,0.2786394557823129,230.93674050652717,461.87348101305435,0.9769792469509277
critical_vibrato_depth_1_0st,critical_vibrato_depth,1 semitones,1.0,semitones,"{""base_hz"": 440.0, ""depth_semitones"": 1.0, ""rate_hz"": 5.5}",wsola,WSOLA,local waveform-similarity overlap-add,-12,13,0.301859410430839,226.46082438537817,452.92164877075635,0.9790486328628916
critical_vibrato_depth_1_0st,critical_vibrato_depth,1 semitones,1.0,semitones,"{""base_hz"": 440.0, ""depth_semitones"": 1.0, ""rate_hz"": 5.5}",wsola,WSOLA,local waveform-similarity overlap-add,-12,14,0.3250793650793651,223.51648798446814,447.0329759689363,0.9856811991912281
critical_vibrato_depth_1_0st,critical_vibrato_depth,1 semitones,1.0,semitones,"{""base_hz"": 440.0, ""depth_semitones"": 1.0, ""rate_hz"": 5.5}",wsola,WSOLA,local waveform-similarity overlap-add,-12,15,0.34829931972789113,225.11607470907433,450.23214941814865,0.9797803685559252
critical_vibrato_depth_1_0st,critical_vibrato_depth,1 semitones,1.0,semitones,"{""base_hz"": 440.0, ""depth_semitones"": 1.0, ""rate_hz"": 5.5}",wsola,WSOLA,local waveform-similarity overlap-add,-12,16,0.37151927437641724,229.1636811413408,458.3273622826816,0.9712279088352165
critical_vibrato_depth_1_0st,critical_vibrato_depth,1 semitones,1.0,semitones,"{""base_hz"": 440.0, ""depth_semitones"": 1.0, ""rate_hz"": 5.5}",wsola,WSOLA,local waveform-similarity overlap-add,-12,17,0.3947392290249433,233.6892562856213,467.3785125712426,0.974219879486605
critical_vibrato_depth_1_0st,critical_vibrato_depth,1 semitones,1.0,semitones,"{""base_hz"": 440.0, ""depth_semitones"": 1.0, ""rate_hz"": 5.5}",wsola,WSOLA,local waveform-similarity overlap-add,-12,18,0.4179591836734694,234.47044050185153,468.94088100370305,0.9790052468246966
critical_vibrato_depth_1_0st,critical_vibrato_depth,1 semitones,1.0,semitones,"{""base_hz"": 440.0, ""depth_semitones"": 1.0, ""rate_hz"": 5.5}",wsola,WSOLA,local waveform-similarity overlap-add,-12,19,0.44117913832199546,230.70883467628207,461.41766935256413,0.9747808760810928
critical_vibrato_depth_1_0st,critical_vibrato_depth,1 semitones,1.0,semitones,"{""base_hz"": 440.0, ""depth_semitones"": 1.0, ""rate_hz"": 5.5}",wsola,WSOLA,local waveform-similarity overlap-add,-12,20,0.46439909297052157,225.93881946979678,451.87763893959357,0.9795374884844299
critical_vibrato_depth_1_0st,critical_vibrato_depth,1 semitones,1.0,semitones,"{""base_hz"": 440.0, ""depth_semitones"": 1.0, ""rate_hz"": 5.5}",wsola,WSOLA,local waveform-similarity overlap-add,-12,21,0.4876190476190476,222.6670391181654,445.3340782363308,0.9901862828367968
critical_vibrato_depth_1_0st,critical_vibrato_depth,1 semitones,1.0,semitones,"{""base_hz"": 440.0, ""depth_semitones"": 1.0, ""rate_hz"": 5.5}",wsola,WSOLA,local waveform-similarity overlap-add,-12,22,0.5108390022675737,222.97382906844678,445.94765813689355,0.9897751523577827
critical_vibrato_depth_1_0st,critical_vibrato_depth,1 semitones,1.0,semitones,"{""base_hz"": 440.0, ""depth_semitones"": 1.0, ""rate_hz"": 5.5}",wsola,WSOLA,local waveform-similarity overlap-add,-12,23,0.5340589569160997,226.16799289105558,452.33598578211115,0.9794028468745724
critical_vibrato_depth_1_0st,critical_vibrato_depth,1 semitones,1.0,semitones,"{""base_hz"": 440.0, ""depth_semitones"": 1.0, ""rate_hz"": 5.5}",wsola,WSOLA,local waveform-similarity overlap-add,-12,24,0.5572789115646258,230.95407160157376,461.9081432031475,0.9730170178657206
critical_vibrato_depth_1_0st,critical_vibrato_depth,1 semitones,1.0,semitones,"{""base_hz"": 440.0, ""depth_semitones"": 1.0, ""rate_hz"": 5.5}",wsola,WSOLA,local waveform-similarity overlap-add,-12,25,0.5804988662131519,235.03716112275976,470.0743222455195,0.9789023916304607
critical_vibrato_depth_1_0st,critical_vibrato_depth,1 semitones,1.0,semitones,"{""base_hz"": 440.0, ""depth_semitones"": 1.0, ""rate_hz"": 5.5}",wsola,WSOLA,local waveform-similarity overlap-add,-12,26,0.603718820861678,234.40683675157172,468.81367350314343,0.977688814545069
critical_vibrato_depth_1_0st,critical_vibrato_depth,1 semitones,1.0,semitones,"{""base_hz"": 440.0, ""depth_semitones"": 1.0, ""rate_hz"": 5.5}",wsola,WSOLA,local waveform-similarity overlap-add,-12,27,0.626938775510204,229.84011817005606,459.6802363401121,0.9736091047527715
critical_vibrato_depth_1_0st,critical_vibrato_depth,1 semitones,1.0,semitones,"{""base_hz"": 440.0, ""depth_semitones"": 1.0, ""rate_hz"": 5.5}",wsola,WSOLA,local waveform-similarity overlap-add,-12,28,0.6501587301587302,224.96552195052072,449.93104390104145,0.9820983726394067
critical_vibrato_depth_1_0st,critical_vibrato_depth,1 semitones,1.0,semitones,"{""base_hz"": 440.0, ""depth_semitones"": 1.0, ""rate_hz"": 5.5}",wsola,WSOLA,local waveform-similarity overlap-add,-12,29,0.6733786848072563,222.62299489965488,445.24598979930977,0.9914677464499649
critical_vibrato_depth_1_0st,critical_vibrato_depth,1 semitones,1.0,semitones,"{""base_hz"": 440.0, ""depth_semitones"": 1.0, ""rate_hz"": 5.5}",wsola,WSOLA,local waveform-similarity overlap-add,-12,30,0.6965986394557823,224.25026110978413,448.50052221956827,0.9860501349828814
critical_vibrato_depth_1_0st,critical_vibrato_depth,1 semitones,1.0,semitones,"{""base_hz"": 440.0, ""depth_semitones"": 1.0, ""rate_hz"": 5.5}",wsola,WSOLA,local waveform-similarity overlap-add,-12,31,0.7198185941043084,228.36655165966962,456.73310331933925,0.9750167536277713
critical_vibrato_depth_1_0st,critical_vibrato_depth,1 semitones,1.0,semitones,"{""base_hz"": 440.0, ""depth_semitones"": 1.0, ""rate_hz"": 5.5}",wsola,WSOLA,local waveform-similarity overlap-add,-12,32,0.7430385487528345,233.36945022820134,466.7389004564027,0.9732405680452926
critical_vibrato_depth_1_0st,critical_vibrato_depth,1 semitones,1.0,semitones,"{""base_hz"": 440.0, ""depth_semitones"": 1.0, ""rate_hz"": 5.5}",wsola,WSOLA,local waveform-similarity overlap-add,-12,33,0.7662585034013606,235.77717293667448,471.55434587334895,0.9782796412107275
critical_vibrato_depth_1_0st,critical_vibrato_depth,1 semitones,1.0,semitones,"{""base_hz"": 440.0, ""depth_semitones"": 1.0, ""rate_hz"": 5.5}",wsola,WSOLA,local waveform-similarity overlap-add,-12,34,0.7894784580498866,233.1378651937404,466.2757303874808,0.9733459656469268
critical_vibrato_depth_1_0st,critical_vibrato_depth,1 semitones,1.0,semitones,"{""base_hz"": 440.0, ""depth_semitones"": 1.0, ""rate_hz"": 5.5}",wsola,WSOLA,local waveform-similarity overlap-add,-12,35,0.8126984126984127,227.97209753491617,455.94419506983235,0.9748176226449337
critical_vibrato_depth_1_0st,critical_vibrato_depth,1 semitones,1.0,semitones,"{""base_hz"": 440.0, ""depth_semitones"": 1.0, ""rate_hz"": 5.5}",wsola,WSOLA,local waveform-similarity overlap-add,-12,36,0.8359183673469388,223.55794998666914,447.1158999733383,0.9869247133202727
critical_vibrato_depth_1_0st,critical_vibrato_depth,1 semitones,1.0,semitones,"{""base_hz"": 440.0, ""depth_semitones"": 1.0, ""rate_hz"": 5.5}",wsola,WSOLA,local waveform-similarity overlap-add,-12,37,0.8591383219954648,222.6587308418489,445.3174616836978,0.9917968393137184
critical_vibrato_depth_1_0st,critical_vibrato_depth,1 semitones,1.0,semitones,"{""base_hz"": 440.0, ""depth_semitones"": 1.0, ""rate_hz"": 5.5}",wsola,WSOLA,local waveform-similarity overlap-add,-12,38,0.8823582766439909,225.3986108469435,450.797221693887,0.9819145969161371
critical_vibrato_depth_1_0st,critical_vibrato_depth,1 semitones,1.0,semitones,"{""base_hz"": 440.0, ""depth_semitones"": 1.0, ""rate_hz"": 5.5}",wsola,WSOLA,local waveform-similarity overlap-add,-12,39,0.905578231292517,230.28769770908602,460.57539541817204,0.9711417491318802
critical_vibrato_depth_1_0st,critical_vibrato_depth,1 semitones,1.0,semitones,"{""base_hz"": 440.0, ""depth_semitones"": 1.0, ""rate_hz"": 5.5}",wsola,WSOLA,local waveform-similarity overlap-add,-12,40,0.9287981859410431,235.15400890363654,470.3080178072731,0.9743576895416692
critical_vibrato_depth_1_0st,critical_vibrato_depth,1 semitones,1.0,semitones,"{""base_hz"": 440.0, ""depth_semitones"": 1.0, ""rate_hz"": 5.5}",wsola,WSOLA,local waveform-similarity overlap-add,-12,41,0.9520181405895691,235.98635217686274,471.9727043537255,0.9773035013834741
critical_vibrato_depth_1_0st,critical_vibrato_depth,1 semitones,1.0,semitones,"{""base_hz"": 440.0, ""depth_semitones"": 1.0, ""rate_hz"": 5.5}",wsola,WSOLA,local waveform-similarity overlap-add,-12,42,0.9752380952380952,232.33254398162458,464.66508796324916,0.9728251552725304
critical_vibrato_depth_1_0st,critical_vibrato_depth,1 semitones,1.0,semitones,"{""base_hz"": 440.0, ""depth_semitones"": 1.0, ""rate_hz"": 5.5}",wsola,WSOLA,local waveform-similarity overlap-add,-12,43,0.9984580498866213,227.01619563660836,454.0323912732167,0.9771222071831234
critical_vibrato_depth_1_0st,critical_vibrato_depth,1 semitones,1.0,semitones,"{""base_hz"": 440.0, ""depth_semitones"": 1.0, ""rate_hz"": 5.5}",wsola,WSOLA,local waveform-similarity overlap-add,-12,44,1.0216780045351475,223.14350610976012,446.28701221952025,0.9892189784155648
critical_vibrato_depth_1_0st,critical_vibrato_depth,1 semitones,1.0,semitones,"{""base_hz"": 440.0, ""depth_semitones"": 1.0, ""rate_hz"": 5.5}",wsola,WSOLA,local waveform-similarity overlap-add,-12,45,1.0448979591836736,223.7084734354998,447.4169468709996,0.9880396150266769
critical_vibrato_depth_1_0st,critical_vibrato_depth,1 semitones,1.0,semitones,"{""base_hz"": 440.0, ""depth_semitones"": 1.0, ""rate_hz"": 5.5}",wsola,WSOLA,local waveform-similarity overlap-add,-12,46,1.0681179138321995,227.4870719781085,454.974143956217,0.9774435080301046
critical_vibrato_depth_1_0st,critical_vibrato_depth,1 semitones,1.0,semitones,"{""base_hz"": 440.0, ""depth_semitones"": 1.0, ""rate_hz"": 5.5}",wsola,WSOLA,local waveform-similarity overlap-add,-12,47,1.0913378684807256,232.62053205352868,465.24106410705735,0.972582877309032
critical_vibrato_depth_1_0st,critical_vibrato_depth,1 semitones,1.0,semitones,"{""base_hz"": 440.0, ""depth_semitones"": 1.0, ""rate_hz"": 5.5}",wsola,WSOLA,local waveform-similarity overlap-add,-12,48,1.1145578231292517,236.2400181258655,472.480036251731,0.9791848180518264
critical_vibrato_depth_1_0st,critical_vibrato_depth,1 semitones,1.0,semitones,"{""base_hz"": 440.0, ""depth_semitones"": 1.0, ""rate_hz"": 5.5}",wsola,WSOLA,local waveform-similarity overlap-add,-12,49,1.1377777777777778,235.27265076129055,470.5453015225811,0.9784611996239078
critical_vibrato_depth_1_0st,critical_vibrato_depth,1 semitones,1.0,semitones,"{""base_hz"": 440.0, ""depth_semitones"": 1.0, ""rate_hz"": 5.5}",wsola,WSOLA,local waveform-similarity overlap-add,-12,50,1.1609977324263039,230.77267431795883,461.54534863591766,0.9741935316127667
critical_vibrato_depth_1_0st,critical_vibrato_depth,1 semitones,1.0,semitones,"{""base_hz"": 440.0, ""depth_semitones"": 1.0, ""rate_hz"": 5.5}",wsola,WSOLA,local waveform-similarity overlap-add,-12,51,1.18421768707483,225.49681263158982,450.99362526317964,0.9808979197295964
critical_vibrato_depth_1_0st,critical_vibrato_depth,1 semitones,1.0,semitones,"{""base_hz"": 440.0, ""depth_semitones"": 1.0, ""rate_hz"": 5.5}",wsola,WSOLA,local waveform-similarity overlap-add,-12,52,1.207437641723356,223.03163762429273,446.06327524858546,0.9879492033265745
critical_vibrato_depth_1_0st,critical_vibrato_depth,1 semitones,1.0,semitones,"{""base_hz"": 440.0, ""depth_semitones"": 1.0, ""rate_hz"": 5.5}",wsola,WSOLA,local waveform-similarity overlap-add,-12,53,1.230657596371882,224.5848260214134,449.1696520428268,0.9816957099079018
critical_vibrato_depth_1_0st,critical_vibrato_depth,1 semitones,1.0,semitones,"{""base_hz"": 440.0, ""depth_semitones"": 1.0, ""rate_hz"": 5.5}",wsola,WSOLA,local waveform-similarity overlap-add,-12,54,1.253877551020408,228.5519882578364,457.1039765156728,0.9715762658783256
critical_vibrato_depth_1_0st,critical_vibrato_depth,1 semitones,1.0,semitones,"{""base_hz"": 440.0, ""depth_semitones"": 1.0, ""rate_hz"": 5.5}",wsola,WSOLA,local waveform-similarity overlap-add,-12,55,1.2770975056689342,233.20175445958952,466.40350891917905,0.9738361420061016
critical_vibrato_depth_1_0st,critical_vibrato_depth,1 semitones,1.0,semitones,"{""base_hz"": 440.0, ""depth_semitones"": 1.0, ""rate_hz"": 5.5}",wsola,WSOLA,local waveform-similarity overlap-add,-12,56,1.3003174603174603,233.44171899992574,466.8834379998515,0.9766793468696584
critical_vibrato_depth_1_0st,critical_vibrato_depth,1 semitones,1.0,semitones,"{""base_hz"": 440.0, ""depth_semitones"": 1.0, ""rate_hz"": 5.5}",wsola,WSOLA,local waveform-similarity overlap-add,-12,57,1.3235374149659864,229.64660041924577,459.29320083849154,0.9740099426464982
critical_vibrato_depth_1_0st,critical_vibrato_depth,1 semitones,1.0,semitones,"{""base_hz"": 440.0, ""depth_semitones"": 1.0, ""rate_hz"": 5.5}",wsola,WSOLA,local waveform-similarity overlap-add,-12,58,1.3467573696145125,225.14198543374005,450.2839708674801,0.9800412388348382
critical_vibrato_depth_1_0st,critical_vibrato_depth,1 semitones,1.0,semitones,"{""base_hz"": 440.0, ""depth_semitones"": 1.0, ""rate_hz"": 5.5}",wsola,WSOLA,local waveform-similarity overlap-add,-12,59,1.3699773242630386,222.42830385312868,444.85660770625736,0.9902491563954285
critical_vibrato_depth_1_0st,critical_vibrato_depth,1 semitones,1.0,semitones,"{""base_hz"": 440.0, ""depth_semitones"": 1.0, ""rate_hz"": 5.5}",wsola,WSOLA,local waveform-similarity overlap-add,-12,60,1.3931972789115645,223.32235463076023,446.64470926152046,0.9877916193826833
critical_vibrato_depth_1_0st,critical_vibrato_depth,1 semitones,1.0,semitones,"{""base_hz"": 440.0, ""depth_semitones"": 1.0, ""rate_hz"": 5.5}",wsola,WSOLA,local waveform-similarity overlap-add,-12,61,1.4164172335600906,226.78720842844888,453.57441685689776,0.977172283083605
critical_vibrato_depth_1_0st,critical_vibrato_depth,1 semitones,1.0,semitones,"{""base_hz"": 440.0, ""depth_semitones"": 1.0, ""rate_hz"": 5.5}",wsola,WSOLA,local waveform-similarity overlap-add,-12,62,1.4396371882086167,231.81635737158786,463.6327147431757,0.9726148340117191
critical_vibrato_depth_1_0st,critical_vibrato_depth,1 semitones,1.0,semitones,"{""base_hz"": 440.0, ""depth_semitones"": 1.0, ""rate_hz"": 5.5}",wsola,WSOLA,local waveform-similarity overlap-add,-12,63,1.4628571428571429,235.46362094200677,470.92724188401354,0.9798795325972485
critical_vibrato_depth_1_0st,critical_vibrato_depth,1 semitones,1.0,semitones,"{""base_hz"": 440.0, ""depth_semitones"": 1.0, ""rate_hz"": 5.5}",wsola,WSOLA,local waveform-similarity overlap-add,-12,64,1.486077097505669,233.99682356862576,467.9936471372515,0.9773103921391091
critical_vibrato_depth_1_0st,critical_vibrato_depth,1 semitones,1.0,semitones,"{""base_hz"": 440.0, ""depth_semitones"": 1.0, ""rate_hz"": 5.5}",wsola,WSOLA,local waveform-similarity overlap-add,-12,65,1.509297052154195,229.18975845226063,458.37951690452127,0.9744378576430592
critical_vibrato_depth_1_0st,critical_vibrato_depth,1 semitones,1.0,semitones,"{""base_hz"": 440.0, ""depth_semitones"": 1.0, ""rate_hz"": 5.5}",wsola,WSOLA,local waveform-similarity overlap-add,-12,66,1.5325170068027212,224.4719883765458,448.9439767530916,0.983708575205632
critical_vibrato_depth_1_0st,critical_vibrato_depth,1 semitones,1.0,semitones,"{""base_hz"": 440.0, ""depth_semitones"": 1.0, ""rate_hz"": 5.5}",wsola,WSOLA,local waveform-similarity overlap-add,-12,67,1.555736961451247,222.50367675900793,445.00735351801586,0.9913835600203369
critical_vibrato_depth_1_0st,critical_vibrato_depth,1 semitones,1.0,semitones,"{""base_hz"": 440.0, ""depth_semitones"": 1.0, ""rate_hz"": 5.5}",wsola,WSOLA,local waveform-similarity overlap-add,-12,68,1.5789569160997732,224.31047736976453,448.62095473952905,0.9843761151093838
critical_vibrato_depth_1_0st,critical_vibrato_depth,1 semitones,1.0,semitones,"{""base_hz"": 440.0, ""depth_semitones"": 1.0, ""rate_hz"": 5.5}",wsola,WSOLA,local waveform-similarity overlap-add,-12,69,1.6021768707482993,228.43257235592162,456.86514471184324,0.9734046285278156
critical_vibrato_depth_1_0st,critical_vibrato_depth,1 semitones,1.0,semitones,"{""base_hz"": 440.0, ""depth_semitones"": 1.0, ""rate_hz"": 5.5}",wsola,WSOLA,local waveform-similarity overlap-add,-12,70,1.6253968253968254,233.39911385801733,466.79822771603466,0.9734796761102394
critical_vibrato_depth_1_0st,critical_vibrato_depth,1 semitones,1.0,semitones,"{""base_hz"": 440.0, ""depth_semitones"": 1.0, ""rate_hz"": 5.5}",wsola,WSOLA,local waveform-similarity overlap-add,-12,71,1.6486167800453515,235.44990299794514,470.8998059958903,0.9793711965504629
critical_vibrato_depth_1_0st,critical_vibrato_depth,1 semitones,1.0,semitones,"{""base_hz"": 440.0, ""depth_semitones"": 1.0, ""rate_hz"": 5.5}",wsola,WSOLA,local waveform-similarity overlap-add,-12,72,1.6718367346938776,232.4892088511632,464.9784177023264,0.9744455172916069
critical_vibrato_depth_1_0st,critical_vibrato_depth,1 semitones,1.0,semitones,"{""base_hz"": 440.0, ""depth_semitones"": 1.0, ""rate_hz"": 5.5}",wsola,WSOLA,local waveform-similarity overlap-add,-12,73,1.6950566893424037,227.4370388801852,454.8740777603704,0.9762610358982124
critical_vibrato_depth_1_0st,critical_vibrato_depth,1 semitones,1.0,semitones,"{""base_hz"": 440.0, ""depth_semitones"": 1.0, ""rate_hz"": 5.5}",wsola,WSOLA,local waveform-similarity overlap-add,-12,74,1.7182766439909296,223.36109788637162,446.72219577274325,0.9876897911629866
critical_vibrato_depth_1_0st,critical_vibrato_depth,1 semitones,1.0,semitones,"{""base_hz"": 440.0, ""depth_semitones"": 1.0, ""rate_hz"": 5.5}",wsola,WSOLA,local waveform-similarity overlap-add,-12,75,1.7414965986394557,223.0321791106216,446.0643582212432,0.9903534352220671
critical_vibrato_depth_1_0st,critical_vibrato_depth,1 semitones,1.0,semitones,"{""base_hz"": 440.0, ""depth_semitones"": 1.0, ""rate_hz"": 5.5}",wsola,WSOLA,local waveform-similarity overlap-add,-12,76,1.7647165532879818,226.05689116035163,452.11378232070325,0.9802018954672256
critical_vibrato_depth_1_0st,critical_vibrato_depth,1 semitones,1.0,semitones,"{""base_hz"": 440.0, ""depth_semitones"": 1.0, ""rate_hz"": 5.5}",wsola,WSOLA,local waveform-similarity overlap-add,-12,77,1.787936507936508,230.90623802791524,461.8124760558305,0.9720863860776285
critical_vibrato_depth_1_0st,critical_vibrato_depth,1 semitones,1.0,semitones,"{""base_hz"": 440.0, ""depth_semitones"": 1.0, ""rate_hz"": 5.5}",wsola,WSOLA,local waveform-similarity overlap-add,-12,78,1.811156462585034,235.23793660985015,470.4758732197003,0.9769460945275676
critical_vibrato_depth_1_0st,critical_vibrato_depth,1 semitones,1.0,semitones,"{""base_hz"": 440.0, ""depth_semitones"": 1.0, ""rate_hz"": 5.5}",wsola,WSOLA,local waveform-similarity overlap-add,-12,79,1.8343764172335602,235.06895747359602,470.13791494719203,0.9768524541220855
critical_vibrato_depth_1_0st,critical_vibrato_depth,1 semitones,1.0,semitones,"{""base_hz"": 440.0, ""depth_semitones"": 1.0, ""rate_hz"": 5.5}",wsola,WSOLA,local waveform-similarity overlap-add,-12,80,1.8575963718820863,230.79919578206528,461.59839156413057,0.9723178612555915
critical_vibrato_depth_1_0st,critical_vibrato_depth,1 semitones,1.0,semitones,"{""base_hz"": 440.0, ""depth_semitones"": 1.0, ""rate_hz"": 5.5}",wsola,WSOLA,local waveform-similarity overlap-add,-12,81,1.8808163265306121,225.70256237918633,451.40512475837266,0.9802282154078203
critical_vibrato_depth_1_0st,critical_vibrato_depth,1 semitones,1.0,semitones,"{""base_hz"": 440.0, ""depth_semitones"": 1.0, ""rate_hz"": 5.5}",wsola,WSOLA,local waveform-similarity overlap-add,-12,82,1.9040362811791383,222.02272109801424,444.0454421960285,0.9918524397318178
critical_vibrato_depth_1_0st,critical_vibrato_depth,1 semitones,1.0,semitones,"{""base_hz"": 440.0, ""depth_semitones"": 1.0, ""rate_hz"": 5.5}",wsola,WSOLA,local waveform-similarity overlap-add,-12,83,1.9272562358276644,,,0.06165931835432171
critical_vibrato_depth_1_0st,critical_vibrato_depth,1 semitones,1.0,semitones,"{""base_hz"": 440.0, ""depth_semitones"": 1.0, ""rate_hz"": 5.5}",wsola,WSOLA,local waveform-similarity overlap-add,-12,84,1.9504761904761905,,,0.0011813716375306466
critical_vibrato_depth_1_0st,critical_vibrato_depth,1 semitones,1.0,semitones,"{""base_hz"": 440.0, ""depth_semitones"": 1.0, ""rate_hz"": 5.5}",wsola,WSOLA,local waveform-similarity overlap-add,-12,85,1.9736961451247166,,,-0.0017886678392431442
critical_vibrato_depth_1_0st,critical_vibrato_depth,1 semitones,1.0,semitones,"{""base_hz"": 440.0, ""depth_semitones"": 1.0, ""rate_hz"": 5.5}",wsola,WSOLA,local waveform-similarity overlap-add,-12,86,1.9969160997732427,,,-0.0022164584291529776
