case_id,case_family,case_label,parameter_summary,algorithm,algorithm_label,implementation,shift_semitones,frame_index,time_seconds,observed_output_f0_hz,inferred_input_f0_hz,pitch_confidence
octave_pure_110,pure_tones,110,"{""frequencies_hz"": ""110""}",phase_vocoder,Phase Vocoder,local phase vocoder,-12,0,0.0,,,0.9623987276926864
octave_pure_110,pure_tones,110,"{""frequencies_hz"": ""110""}",phase_vocoder,Phase Vocoder,local phase vocoder,-12,1,0.023219954648526078,,,0.9617341276964938
octave_pure_110,pure_tones,110,"{""frequencies_hz"": ""110""}",phase_vocoder,Phase Vocoder,local phase vocoder,-12,2,0.046439909297052155,,,0.9610312003344025
octave_pure_110,pure_tones,110,"{""frequencies_hz"": ""110""}",phase_vocoder,Phase Vocoder,local phase vocoder,-12,3,0.06965986394557823,,,0.9605672525848684
octave_pure_110,pure_tones,110,"{""frequencies_hz"": ""110""}",phase_vocoder,Phase Vocoder,local phase vocoder,-12,4,0.09287981859410431,,,0.9604723991818315
octave_pure_110,pure_tones,110,"{""frequencies_hz"": ""110""}",phase_vocoder,Phase Vocoder,local phase vocoder,-12,5,0.11609977324263039,,,0.9604597645585249
octave_pure_110,pure_tones,110,"{""frequencies_hz"": ""110""}",phase_vocoder,Phase Vocoder,local phase vocoder,-12,6,0.13931972789115646,,,0.9604866890552951
octave_pure_110,pure_tones,110,"{""frequencies_hz"": ""110""}",phase_vocoder,Phase Vocoder,local phase vocoder,-12,7,0.16253968253968254,,,0.9604734809715392
octave_pure_110,pure_tones,110,"{""frequencies_hz"": ""110""}",phase_vocoder,Phase Vocoder,local phase vocoder,-12,8,0.18575963718820862,,,0.960499336310393
octave_pure_110,pure_tones,110,"{""frequencies_hz"": ""110""}",phase_vocoder,Phase Vocoder,local phase vocoder,-12,9,0.2089795918367347,,,0.9604739580061322
octave_pure_110,pure_tones,110,"{""frequencies_hz"": ""110""}",phase_vocoder,Phase Vocoder,local phase vocoder,-12,10,0.23219954648526078,,,0.9604962827454344
octave_pure_110,pure_tones,110,"{""frequencies_hz"": ""110""}",phase_vocoder,Phase Vocoder,local phase vocoder,-12,11,0.25541950113378686,,,0.9604793925841971
octave_pure_110,pure_tones,110,"{""frequencies_hz"": ""110""}",phase_vocoder,Phase Vocoder,local phase vocoder,-12,12,0.2786394557823129,,,0.9604893318998514
octave_pure_110,pure_tones,110,"{""frequencies_hz"": ""110""}",phase_vocoder,Phase Vocoder,local phase vocoder,-12,13,0.301859410430839,,,0.9604875242862387
octave_pure_110,pure_tones,110,"{""frequencies_hz"": ""110""}",phase_vocoder,Phase Vocoder,local phase vocoder,-12,14,0.3250793650793651,,,0.9604811174342153
octave_pure_110,pure_tones,110,"{""frequencies_hz"": ""110""}",phase_vocoder,Phase Vocoder,local phase vocoder,-12,15,0.34829931972789113,,,0.9604952656352559
octave_pure_110,pure_tones,110,"{""frequencies_hz"": ""110""}",phase_vocoder,Phase Vocoder,local phase vocoder,-12,16,0.37151927437641724,,,0.960474865802534
octave_pure_110,pure_tones,110,"{""frequencies_hz"": ""110""}",phase_vocoder,Phase Vocoder,local phase vocoder,-12,17,0.3947392290249433,,,0.9604996871425008
octave_pure_110,pure_tones,110,"{""frequencies_hz"": ""110""}",phase_vocoder,Phase Vocoder,local phase vocoder,-12,18,0.4179591836734694,,,0.9604730022111195
octave_pure_110,pure_tones,110,"{""frequencies_hz"": ""110""}",phase_vocoder,Phase Vocoder,local phase vocoder,-12,19,0.44117913832199546,,,0.9604990421123193
octave_pure_110,pure_tones,110,"{""frequencies_hz"": ""110""}",phase_vocoder,Phase Vocoder,local phase vocoder,-12,20,0.46439909297052157,,,0.9604761941273275
octave_pure_110,pure_tones,110,"{""frequencies_hz"": ""110""}",phase_vocoder,Phase Vocoder,local phase vocoder,-12,21,0.4876190476190476,,,0.9604935195465939
octave_pure_110,pure_tones,110,"{""frequencies_hz"": ""110""}",phase_vocoder,Phase Vocoder,local phase vocoder,-12,22,0.5108390022675737,,,0.9604832041413662
octave_pure_110,pure_tones,110,"{""frequencies_hz"": ""110""}",phase_vocoder,Phase Vocoder,local phase vocoder,-12,23,0.5340589569160997,,,0.9604852813464339
octave_pure_110,pure_tones,110,"{""frequencies_hz"": ""110""}",phase_vocoder,Phase Vocoder,local phase vocoder,-12,24,0.5572789115646258,,,0.9604913616512922
octave_pure_110,pure_tones,110,"{""frequencies_hz"": ""110""}",phase_vocoder,Phase Vocoder,local phase vocoder,-12,25,0.5804988662131519,,,0.9604775363766974
octave_pure_110,pure_tones,110,"{""frequencies_hz"": ""110""}",phase_vocoder,Phase Vocoder,local phase vocoder,-12,26,0.603718820861678,,,0.9604975122258267
octave_pure_110,pure_tones,110,"{""frequencies_hz"": ""110""}",phase_vocoder,Phase Vocoder,local phase vocoder,-12,27,0.626938775510204,,,0.9604732679521673
octave_pure_110,pure_tones,110,"{""frequencies_hz"": ""110""}",phase_vocoder,Phase Vocoder,local phase vocoder,-12,28,0.6501587301587302,,,0.96049932675811
octave_pure_110,pure_tones,110,"{""frequencies_hz"": ""110""}",phase_vocoder,Phase Vocoder,local phase vocoder,-12,29,0.6733786848072563,,,0.9604741174116455
octave_pure_110,pure_tones,110,"{""frequencies_hz"": ""110""}",phase_vocoder,Phase Vocoder,local phase vocoder,-12,30,0.6965986394557823,,,0.9604960797246702
octave_pure_110,pure_tones,110,"{""frequencies_hz"": ""110""}",phase_vocoder,Phase Vocoder,local phase vocoder,-12,31,0.7198185941043084,,,0.9604797000025647
octave_pure_110,pure_tones,110,"{""frequencies_hz"": ""110""}",phase_vocoder,Phase Vocoder,local phase vocoder,-12,32,0.7430385487528345,,,0.960488970659911
octave_pure_110,pure_tones,110,"{""frequencies_hz"": ""110""}",phase_vocoder,Phase Vocoder,local phase vocoder,-12,33,0.7662585034013606,,,0.9604878652577524
octave_pure_110,pure_tones,110,"{""frequencies_hz"": ""110""}",phase_vocoder,Phase Vocoder,local phase vocoder,-12,34,0.7894784580498866,,,0.9604807642126624
octave_pure_110,pure_tones,110,"{""frequencies_hz"": ""110""}",phase_vocoder,Phase Vocoder,local phase vocoder,-12,35,0.8126984126984127,,,0.960495553752617
octave_pure_110,pure_tones,110,"{""frequencies_hz"": ""110""}",phase_vocoder,Phase Vocoder,local phase vocoder,-12,36,0.8359183673469388,,,0.9604746999082225
octave_pure_110,pure_tones,110,"{""frequencies_hz"": ""110""}",phase_vocoder,Phase Vocoder,local phase vocoder,-12,37,0.8591383219954648,,,0.960499825587488
octave_pure_110,pure_tones,110,"{""frequencies_hz"": ""110""}",phase_vocoder,Phase Vocoder,local phase vocoder,-12,38,0.8823582766439909,,,0.9604730678470654
octave_pure_110,pure_tones,110,"{""frequencies_hz"": ""110""}",phase_vocoder,Phase Vocoder,local phase vocoder,-12,39,0.905578231292517,,,0.9604988932683284
octave_pure_110,pure_tones,110,"{""frequencies_hz"": ""110""}",phase_vocoder,Phase Vocoder,local phase vocoder,-12,40,0.9287981859410431,,,0.960476426205338
octave_pure_110,pure_tones,110,"{""frequencies_hz"": ""110""}",phase_vocoder,Phase Vocoder,local phase vocoder,-12,41,0.9520181405895691,,,0.9604931466429516
octave_pure_110,pure_tones,110,"{""frequencies_hz"": ""110""}",phase_vocoder,Phase Vocoder,local phase vocoder,-12,42,0.9752380952380952,,,0.9604835372119128
octave_pure_110,pure_tones,110,"{""frequencies_hz"": ""110""}",phase_vocoder,Phase Vocoder,local phase vocoder,-12,43,0.9984580498866213,,,0.9604848791516248
octave_pure_110,pure_tones,110,"{""frequencies_hz"": ""110""}",phase_vocoder,Phase Vocoder,local phase vocoder,-12,44,1.0216780045351475,,,0.960491692937357
octave_pure_110,pure_tones,110,"{""frequencies_hz"": ""110""}",phase_vocoder,Phase Vocoder,local phase vocoder,-12,45,1.0448979591836736,,,0.9604772756209669
octave_pure_110,pure_tones,110,"{""frequencies_hz"": ""110""}",phase_vocoder,Phase Vocoder,local phase vocoder,-12,46,1.0681179138321995,,,0.9604977375678679
octave_pure_110,pure_tones,110,"{""frequencies_hz"": ""110""}",phase_vocoder,Phase Vocoder,local phase vocoder,-12,47,1.0913378684807256,,,0.960473234639723
octave_pure_110,pure_tones,110,"{""frequencies_hz"": ""110""}",phase_vocoder,Phase Vocoder,local phase vocoder,-12,48,1.1145578231292517,,,0.9604992967937044
octave_pure_110,pure_tones,110,"{""frequencies_hz"": ""110""}",phase_vocoder,Phase Vocoder,local phase vocoder,-12,49,1.1377777777777778,,,0.9604742674349454
octave_pure_110,pure_tones,110,"{""frequencies_hz"": ""110""}",phase_vocoder,Phase Vocoder,local phase vocoder,-12,50,1.1609977324263039,,,0.9604957541242423
octave_pure_110,pure_tones,110,"{""frequencies_hz"": ""110""}",phase_vocoder,Phase Vocoder,local phase vocoder,-12,51,1.18421768707483,,,0.960479995364109
octave_pure_110,pure_tones,110,"{""frequencies_hz"": ""110""}",phase_vocoder,Phase Vocoder,local phase vocoder,-12,52,1.207437641723356,,,0.9604885338295066
octave_pure_110,pure_tones,110,"{""frequencies_hz"": ""110""}",phase_vocoder,Phase Vocoder,local phase vocoder,-12,53,1.230657596371882,,,0.9604882787215677
octave_pure_110,pure_tones,110,"{""frequencies_hz"": ""110""}",phase_vocoder,Phase Vocoder,local phase vocoder,-12,54,1.253877551020408,,,0.9604804702887455
octave_pure_110,pure_tones,110,"{""frequencies_hz"": ""110""}",phase_vocoder,Phase Vocoder,local phase vocoder,-12,55,1.2770975056689342,,,0.9604958965459824
octave_pure_110,pure_tones,110,"{""frequencies_hz"": ""110""}",phase_vocoder,Phase Vocoder,local phase vocoder,-12,56,1.3003174603174603,,,0.9604746077585271
octave_pure_110,pure_tones,110,"{""frequencies_hz"": ""110""}",phase_vocoder,Phase Vocoder,local phase vocoder,-12,57,1.3235374149659864,,,0.9604998633120284
octave_pure_110,pure_tones,110,"{""frequencies_hz"": ""110""}",phase_vocoder,Phase Vocoder,local phase vocoder,-12,58,1.3467573696145125,,,0.9604731426867843
octave_pure_110,pure_tones,110,"{""frequencies_hz"": ""110""}",phase_vocoder,Phase Vocoder,local phase vocoder,-12,59,1.3699773242630386,,,0.9604986539475164
octave_pure_110,pure_tones,110,"{""frequencies_hz"": ""110""}",phase_vocoder,Phase Vocoder,local phase vocoder,-12,60,1.3931972789115645,,,0.9604766678679074
octave_pure_110,pure_tones,110,"{""frequencies_hz"": ""110""}",phase_vocoder,Phase Vocoder,local phase vocoder,-12,61,1.4164172335600906,,,0.9604927945321999
octave_pure_110,pure_tones,110,"{""frequencies_hz"": ""110""}",phase_vocoder,Phase Vocoder,local phase vocoder,-12,62,1.4396371882086167,,,0.9604838760330013
octave_pure_110,pure_tones,110,"{""frequencies_hz"": ""110""}",phase_vocoder,Phase Vocoder,local phase vocoder,-12,63,1.4628571428571429,,,0.9604845582090775
octave_pure_110,pure_tones,110,"{""frequencies_hz"": ""110""}",phase_vocoder,Phase Vocoder,local phase vocoder,-12,64,1.486077097505669,,,0.9604919841864276
octave_pure_110,pure_tones,110,"{""frequencies_hz"": ""110""}",phase_vocoder,Phase Vocoder,local phase vocoder,-12,65,1.509297052154195,,,0.9604770763835001
octave_pure_110,pure_tones,110,"{""frequencies_hz"": ""110""}",phase_vocoder,Phase Vocoder,local phase vocoder,-12,66,1.5325170068027212,,,0.9604978635117911
octave_pure_110,pure_tones,110,"{""frequencies_hz"": ""110""}",phase_vocoder,Phase Vocoder,local phase vocoder,-12,67,1.555736961451247,,,0.9604732087438942
octave_pure_110,pure_tones,110,"{""frequencies_hz"": ""110""}",phase_vocoder,Phase Vocoder,local phase vocoder,-12,68,1.5789569160997732,,,0.960499181562866
octave_pure_110,pure_tones,110,"{""frequencies_hz"": ""110""}",phase_vocoder,Phase Vocoder,local phase vocoder,-12,69,1.6021768707482993,,,0.9604744187342343
octave_pure_110,pure_tones,110,"{""frequencies_hz"": ""110""}",phase_vocoder,Phase Vocoder,local phase vocoder,-12,70,1.6253968253968254,,,0.9604954413208252
octave_pure_110,pure_tones,110,"{""frequencies_hz"": ""110""}",phase_vocoder,Phase Vocoder,local phase vocoder,-12,71,1.6486167800453515,,,0.9604803241172771
octave_pure_110,pure_tones,110,"{""frequencies_hz"": ""110""}",phase_vocoder,Phase Vocoder,local phase vocoder,-12,72,1.6718367346938776,,,0.9604882262768545
octave_pure_110,pure_tones,110,"{""frequencies_hz"": ""110""}",phase_vocoder,Phase Vocoder,local phase vocoder,-12,73,1.6950566893424037,,,0.9604886631174482
octave_pure_110,pure_tones,110,"{""frequencies_hz"": ""110""}",phase_vocoder,Phase Vocoder,local phase vocoder,-12,74,1.7182766439909296,,,0.9604802607835727
octave_pure_110,pure_tones,110,"{""frequencies_hz"": ""110""}",phase_vocoder,Phase Vocoder,local phase vocoder,-12,75,1.7414965986394557,,,0.9604961264623149
octave_pure_110,pure_tones,110,"{""frequencies_hz"": ""110""}",phase_vocoder,Phase Vocoder,local phase vocoder,-12,76,1.7647165532879818,,,0.9604745072163103
octave_pure_110,pure_tones,110,"{""frequencies_hz"": ""110""}",phase_vocoder,Phase Vocoder,local phase vocoder,-12,77,1.787936507936508,,,0.9604999879098756
octave_pure_110,pure_tones,110,"{""frequencies_hz"": ""110""}",phase_vocoder,Phase Vocoder,local phase vocoder,-12,78,1.811156462585034,,,0.960473669215677
octave_pure_110,pure_tones,110,"{""frequencies_hz"": ""110""}",phase_vocoder,Phase Vocoder,local phase vocoder,-12,79,1.8343764172335602,,,0.9605027046040651
octave_pure_110,pure_tones,110,"{""frequencies_hz"": ""110""}",phase_vocoder,Phase Vocoder,local phase vocoder,-12,80,1.8575963718820863,,,0.9604999599832853
octave_pure_110,pure_tones,110,"{""frequencies_hz"": ""110""}",phase_vocoder,Phase Vocoder,local phase vocoder,-12,81,1.8808163265306121,,,0.9605602349965213
octave_pure_110,pure_tones,110,"{""frequencies_hz"": ""110""}",phase_vocoder,Phase Vocoder,local phase vocoder,-12,82,1.9040362811791383,,,0.9605879834364975
octave_pure_110,pure_tones,110,"{""frequencies_hz"": ""110""}",phase_vocoder,Phase Vocoder,local phase vocoder,-12,83,1.9272562358276644,,,0.9602027802251268
octave_pure_110,pure_tones,110,"{""frequencies_hz"": ""110""}",phase_vocoder,Phase Vocoder,local phase vocoder,-12,84,1.9504761904761905,,,0.9592241865260567
octave_pure_110,pure_tones,110,"{""frequencies_hz"": ""110""}",phase_vocoder,Phase Vocoder,local phase vocoder,-12,85,1.9736961451247166,,,0.9571034934554704
octave_pure_110,pure_tones,110,"{""frequencies_hz"": ""110""}",phase_vocoder,Phase Vocoder,local phase vocoder,-12,86,1.9969160997732427,,,0.9542565364372115
octave_pure_110,pure_tones,110,"{""frequencies_hz"": ""110""}",wsola,WSOLA,local waveform-similarity overlap-add,-12,0,0.0,717.3695159239483,1434.7390318478965,0.380271313374334
octave_pure_110,pure_tones,110,"{""frequencies_hz"": ""110""}",wsola,WSOLA,local waveform-similarity overlap-add,-12,1,0.023219954648526078,717.3665816125854,1434.7331632251708,0.3814644696120207
octave_pure_110,pure_tones,110,"{""frequencies_hz"": ""110""}",wsola,WSOLA,local waveform-similarity overlap-add,-12,2,0.046439909297052155,717.350095388089,1434.700190776178,0.38966326429255144
octave_pure_110,pure_tones,110,"{""frequencies_hz"": ""110""}",wsola,WSOLA,local waveform-similarity overlap-add,-12,3,0.06965986394557823,717.1728803028101,1434.3457606056202,0.49662593934831806
octave_pure_110,pure_tones,110,"{""frequencies_hz"": ""110""}",wsola,WSOLA,local waveform-similarity overlap-add,-12,4,0.09287981859410431,,,0.9996651037188076
octave_pure_110,pure_tones,110,"{""frequencies_hz"": ""110""}",wsola,WSOLA,local waveform-similarity overlap-add,-12,5,0.11609977324263039,,,0.9598433582586499
octave_pure_110,pure_tones,110,"{""frequencies_hz"": ""110""}",wsola,WSOLA,local waveform-similarity overlap-add,-12,6,0.13931972789115646,,,0.9562477886937117
octave_pure_110,pure_tones,110,"{""frequencies_hz"": ""110""}",wsola,WSOLA,local waveform-similarity overlap-add,-12,7,0.16253968253968254,,,0.9542870398210266
octave_pure_110,pure_tones,110,"{""frequencies_hz"": ""110""}",wsola,WSOLA,local waveform-similarity overlap-add,-12,8,0.18575963718820862,,,0.9543220378872537
octave_pure_110,pure_tones,110,"{""frequencies_hz"": ""110""}",wsola,WSOLA,local waveform-similarity overlap-add,-12,9,0.2089795918367347,,,0.9549894425345701
octave_pure_110,pure_tones,110,"{""frequencies_hz"": ""110""}",wsola,WSOLA,local waveform-similarity overlap-add,-12,10,0.23219954648526078,,,0.95480672455079
octave_pure_110,pure_tones,110,"{""frequencies_hz"": ""110""}",wsola,WSOLA,local waveform-similarity overlap-add,-12,11,0.25541950113378686,,,0.9543141149332955
octave_pure_110,pure_tones,110,"{""frequencies_hz"": ""110""}",wsola,WSOLA,local waveform-similarity overlap-add,-12,12,0.2786394557823129,,,0.954321782733742
octave_pure_110,pure_tones,110,"{""frequencies_hz"": ""110""}",wsola,WSOLA,local waveform-similarity overlap-add,-12,13,0.301859410430839,,,0.9545352861338641
octave_pure_110,pure_tones,110,"{""frequencies_hz"": ""110""}",wsola,WSOLA,local waveform-similarity overlap-add,-12,14,0.3250793650793651,,,0.9545448224798393
octave_pure_110,pure_tones,110,"{""frequencies_hz"": ""110""}",wsola,WSOLA,local waveform-similarity overlap-add,-12,15,0.34829931972789113,,,0.9544572179986682
octave_pure_110,pure_tones,110,"{""frequencies_hz"": ""110""}",wsola,WSOLA,local waveform-similarity overlap-add,-12,16,0.37151927437641724,,,0.9544544991468373
octave_pure_110,pure_tones,110,"{""frequencies_hz"": ""110""}",wsola,WSOLA,local waveform-similarity overlap-add,-12,17,0.3947392290249433,,,0.9544891165162395
octave_pure_110,pure_tones,110,"{""frequencies_hz"": ""110""}",wsola,WSOLA,local waveform-similarity overlap-add,-12,18,0.4179591836734694,,,0.9544819116194824
octave_pure_110,pure_tones,110,"{""frequencies_hz"": ""110""}",wsola,WSOLA,local waveform-similarity overlap-add,-12,19,0.44117913832199546,,,0.9544696984129151
octave_pure_110,pure_tones,110,"{""frequencies_hz"": ""110""}",wsola,WSOLA,local waveform-similarity overlap-add,-12,20,0.46439909297052157,,,0.954494764933716
octave_pure_110,pure_tones,110,"{""frequencies_hz"": ""110""}",wsola,WSOLA,local waveform-similarity overlap-add,-12,21,0.4876190476190476,,,0.954510075600501
octave_pure_110,pure_tones,110,"{""frequencies_hz"": ""110""}",wsola,WSOLA,local waveform-similarity overlap-add,-12,22,0.5108390022675737,,,0.9544845425956263
octave_pure_110,pure_tones,110,"{""frequencies_hz"": ""110""}",wsola,WSOLA,local waveform-similarity overlap-add,-12,23,0.5340589569160997,,,0.9544665283664158
octave_pure_110,pure_tones,110,"{""frequencies_hz"": ""110""}",wsola,WSOLA,local waveform-similarity overlap-add,-12,24,0.5572789115646258,,,0.9544839576546322
octave_pure_110,pure_tones,110,"{""frequencies_hz"": ""110""}",wsola,WSOLA,local waveform-similarity overlap-add,-12,25,0.5804988662131519,,,0.9545004238335304
octave_pure_110,pure_tones,110,"{""frequencies_hz"": ""110""}",wsola,WSOLA,local waveform-similarity overlap-add,-12,26,0.603718820861678,,,0.9544960808182095
octave_pure_110,pure_tones,110,"{""frequencies_hz"": ""110""}",wsola,WSOLA,local waveform-similarity overlap-add,-12,27,0.626938775510204,,,0.9544941763384696
octave_pure_110,pure_tones,110,"{""frequencies_hz"": ""110""}",wsola,WSOLA,local waveform-similarity overlap-add,-12,28,0.6501587301587302,,,0.9545043680399694
octave_pure_110,pure_tones,110,"{""frequencies_hz"": ""110""}",wsola,WSOLA,local waveform-similarity overlap-add,-12,29,0.6733786848072563,,,0.9545040010459459
octave_pure_110,pure_tones,110,"{""frequencies_hz"": ""110""}",wsola,WSOLA,local waveform-similarity overlap-add,-12,30,0.6965986394557823,,,0.9544938534255035
octave_pure_110,pure_tones,110,"{""frequencies_hz"": ""110""}",wsola,WSOLA,local waveform-similarity overlap-add,-12,31,0.7198185941043084,,,0.954496581367558
octave_pure_110,pure_tones,110,"{""frequencies_hz"": ""110""}",wsola,WSOLA,local waveform-similarity overlap-add,-12,32,0.7430385487528345,,,0.9545014310737009
octave_pure_110,pure_tones,110,"{""frequencies_hz"": ""110""}",wsola,WSOLA,local waveform-similarity overlap-add,-12,33,0.7662585034013606,,,0.9544813809555036
octave_pure_110,pure_tones,110,"{""frequencies_hz"": ""110""}",wsola,WSOLA,local waveform-similarity overlap-add,-12,34,0.7894784580498866,,,0.9544457875648056
octave_pure_110,pure_tones,110,"{""frequencies_hz"": ""110""}",wsola,WSOLA,local waveform-similarity overlap-add,-12,35,0.8126984126984127,,,0.9544344121325209
octave_pure_110,pure_tones,110,"{""frequencies_hz"": ""110""}",wsola,WSOLA,local waveform-similarity overlap-add,-12,36,0.8359183673469388,,,0.954455890445056
octave_pure_110,pure_tones,110,"{""frequencies_hz"": ""110""}",wsola,WSOLA,local waveform-similarity overlap-add,-12,37,0.8591383219954648,,,0.9544694523599884
octave_pure_110,pure_tones,110,"{""frequencies_hz"": ""110""}",wsola,WSOLA,local waveform-similarity overlap-add,-12,38,0.8823582766439909,,,0.9544632489246467
octave_pure_110,pure_tones,110,"{""frequencies_hz"": ""110""}",wsola,WSOLA,local waveform-similarity overlap-add,-12,39,0.905578231292517,,,0.9544741780729046
octave_pure_110,pure_tones,110,"{""frequencies_hz"": ""110""}",wsola,WSOLA,local waveform-similarity overlap-add,-12,40,0.9287981859410431,,,0.9545032526365396
octave_pure_110,pure_tones,110,"{""frequencies_hz"": ""110""}",wsola,WSOLA,local waveform-similarity overlap-add,-12,41,0.9520181405895691,,,0.9545117182369662
octave_pure_110,pure_tones,110,"{""frequencies_hz"": ""110""}",wsola,WSOLA,local waveform-similarity overlap-add,-12,42,0.9752380952380952,,,0.9544910246778676
octave_pure_110,pure_tones,110,"{""frequencies_hz"": ""110""}",wsola,WSOLA,local waveform-similarity overlap-add,-12,43,0.9984580498866213,,,0.9544656684415698
octave_pure_110,pure_tones,110,"{""frequencies_hz"": ""110""}",wsola,WSOLA,local waveform-similarity overlap-add,-12,44,1.0216780045351475,,,0.9544548225881323
octave_pure_110,pure_tones,110,"{""frequencies_hz"": ""110""}",wsola,WSOLA,local waveform-similarity overlap-add,-12,45,1.0448979591836736,,,0.954459969506511
octave_pure_110,pure_tones,110,"{""frequencies_hz"": ""110""}",wsola,WSOLA,local waveform-similarity overlap-add,-12,46,1.0681179138321995,,,0.9544679885988078
octave_pure_110,pure_tones,110,"{""frequencies_hz"": ""110""}",wsola,WSOLA,local waveform-similarity overlap-add,-12,47,1.0913378684807256,,,0.9544690648076176
octave_pure_110,pure_tones,110,"{""frequencies_hz"": ""110""}",wsola,WSOLA,local waveform-similarity overlap-add,-12,48,1.1145578231292517,,,0.9544674051722271
octave_pure_110,pure_tones,110,"{""frequencies_hz"": ""110""}",wsola,WSOLA,local waveform-similarity overlap-add,-12,49,1.1377777777777778,,,0.9544685419226442
octave_pure_110,pure_tones,110,"{""frequencies_hz"": ""110""}",wsola,WSOLA,local waveform-similarity overlap-add,-12,50,1.1609977324263039,,,0.9544671953469641
octave_pure_110,pure_tones,110,"{""frequencies_hz"": ""110""}",wsola,WSOLA,local waveform-similarity overlap-add,-12,51,1.18421768707483,,,0.9544592007172822
octave_pure_110,pure_tones,110,"{""frequencies_hz"": ""110""}",wsola,WSOLA,local waveform-similarity overlap-add,-12,52,1.207437641723356,,,0.9544538113941927
octave_pure_110,pure_tones,110,"{""frequencies_hz"": ""110""}",wsola,WSOLA,local waveform-similarity overlap-add,-12,53,1.230657596371882,,,0.954457169044304
octave_pure_110,pure_tones,110,"{""frequencies_hz"": ""110""}",wsola,WSOLA,local waveform-similarity overlap-add,-12,54,1.253877551020408,,,0.9544644923520756
octave_pure_110,pure_tones,110,"{""frequencies_hz"": ""110""}",wsola,WSOLA,local waveform-similarity overlap-add,-12,55,1.2770975056689342,,,0.9544812784753275
octave_pure_110,pure_tones,110,"{""frequencies_hz"": ""110""}",wsola,WSOLA,local waveform-similarity overlap-add,-12,56,1.3003174603174603,,,0.9545043268755464
octave_pure_110,pure_tones,110,"{""frequencies_hz"": ""110""}",wsola,WSOLA,local waveform-similarity overlap-add,-12,57,1.3235374149659864,,,0.9545070494458778
octave_pure_110,pure_tones,110,"{""frequencies_hz"": ""110""}",wsola,WSOLA,local waveform-similarity overlap-add,-12,58,1.3467573696145125,,,0.9544876173940492
octave_pure_110,pure_tones,110,"{""frequencies_hz"": ""110""}",wsola,WSOLA,local waveform-similarity overlap-add,-12,59,1.3699773242630386,,,0.9544678229525062
octave_pure_110,pure_tones,110,"{""frequencies_hz"": ""110""}",wsola,WSOLA,local waveform-similarity overlap-add,-12,60,1.3931972789115645,,,0.9544563380555687
octave_pure_110,pure_tones,110,"{""frequencies_hz"": ""110""}",wsola,WSOLA,local waveform-similarity overlap-add,-12,61,1.4164172335600906,,,0.9544580863815464
octave_pure_110,pure_tones,110,"{""frequencies_hz"": ""110""}",wsola,WSOLA,local waveform-similarity overlap-add,-12,62,1.4396371882086167,,,0.9544738731911968
octave_pure_110,pure_tones,110,"{""frequencies_hz"": ""110""}",wsola,WSOLA,local waveform-similarity overlap-add,-12,63,1.4628571428571429,,,0.9544867321190054
octave_pure_110,pure_tones,110,"{""frequencies_hz"": ""110""}",wsola,WSOLA,local waveform-similarity overlap-add,-12,64,1.486077097505669,,,0.9544835355653792
octave_pure_110,pure_tones,110,"{""frequencies_hz"": ""110""}",wsola,WSOLA,local waveform-similarity overlap-add,-12,65,1.509297052154195,,,0.9544791600793744
octave_pure_110,pure_tones,110,"{""frequencies_hz"": ""110""}",wsola,WSOLA,local waveform-similarity overlap-add,-12,66,1.5325170068027212,,,0.9544905246245182
octave_pure_110,pure_tones,110,"{""frequencies_hz"": ""110""}",wsola,WSOLA,local waveform-similarity overlap-add,-12,67,1.555736961451247,,,0.9545047697644842
octave_pure_110,pure_tones,110,"{""frequencies_hz"": ""110""}",wsola,WSOLA,local waveform-similarity overlap-add,-12,68,1.5789569160997732,,,0.9545010049668924
octave_pure_110,pure_tones,110,"{""frequencies_hz"": ""110""}",wsola,WSOLA,local waveform-similarity overlap-add,-12,69,1.6021768707482993,,,0.9544878135808527
octave_pure_110,pure_tones,110,"{""frequencies_hz"": ""110""}",wsola,WSOLA,local waveform-similarity overlap-add,-12,70,1.6253968253968254,,,0.9544753291085231
octave_pure_110,pure_tones,110,"{""frequencies_hz"": ""110""}",wsola,WSOLA,local waveform-similarity overlap-add,-12,71,1.6486167800453515,,,0.9544578097838448
octave_pure_110,pure_tones,110,"{""frequencies_hz"": ""110""}",wsola,WSOLA,local waveform-similarity overlap-add,-12,72,1.6718367346938776,,,0.9544465849152024
octave_pure_110,pure_tones,110,"{""frequencies_hz"": ""110""}",wsola,WSOLA,local waveform-similarity overlap-add,-12,73,1.6950566893424037,,,0.9544529217569482
octave_pure_110,pure_tones,110,"{""frequencies_hz"": ""110""}",wsola,WSOLA,local waveform-similarity overlap-add,-12,74,1.7182766439909296,,,0.9544643633044869
octave_pure_110,pure_tones,110,"{""frequencies_hz"": ""110""}",wsola,WSOLA,local waveform-similarity overlap-add,-12,75,1.7414965986394557,,,0.9544664678350436
octave_pure_110,pure_tones,110,"{""frequencies_hz"": ""110""}",wsola,WSOLA,local waveform-similarity overlap-add,-12,76,1.7647165532879818,,,0.9544600282566398
octave_pure_110,pure_tones,110,"{""frequencies_hz"": ""110""}",wsola,WSOLA,local waveform-similarity overlap-add,-12,77,1.787936507936508,,,0.9544550043055208
octave_pure_110,pure_tones,110,"{""frequencies_hz"": ""110""}",wsola,WSOLA,local waveform-similarity overlap-add,-12,78,1.811156462585034,,,0.9544566555089646
octave_pure_110,pure_tones,110,"{""frequencies_hz"": ""110""}",wsola,WSOLA,local waveform-similarity overlap-add,-12,79,1.8343764172335602,,,0.954461421932785
octave_pure_110,pure_tones,110,"{""frequencies_hz"": ""110""}",wsola,WSOLA,local waveform-similarity overlap-add,-12,80,1.8575963718820863,,,0.954478511794725
octave_pure_110,pure_tones,110,"{""frequencies_hz"": ""110""}",wsola,WSOLA,local waveform-similarity overlap-add,-12,81,1.8808163265306121,,,0.9545221719248852
octave_pure_110,pure_tones,110,"{""frequencies_hz"": ""110""}",wsola,WSOLA,local waveform-similarity overlap-add,-12,82,1.9040362811791383,,,0.9651755504275052
octave_pure_110,pure_tones,110,"{""frequencies_hz"": ""110""}",wsola,WSOLA,local waveform-similarity overlap-add,-12,83,1.9272562358276644,,,0.1015609222026742
octave_pure_110,pure_tones,110,"{""frequencies_hz"": ""110""}",wsola,WSOLA,local waveform-similarity overlap-add,-12,84,1.9504761904761905,,,0.03538742746981753
octave_pure_110,pure_tones,110,"{""frequencies_hz"": ""110""}",wsola,WSOLA,local waveform-similarity overlap-add,-12,85,1.9736961451247166,,,0.032094784194744416
octave_pure_110,pure_tones,110,"{""frequencies_hz"": ""110""}",wsola,WSOLA,local waveform-similarity overlap-add,-12,86,1.9969160997732427,,,0.031618465767142064
octave_pure_110,pure_tones,110,"{""frequencies_hz"": ""110""}",rubber_band,Rubber Band,local hybrid spectral/time-domain proxy,-12,0,0.0,,,0.01579993081543857
octave_pure_110,pure_tones,110,"{""frequencies_hz"": ""110""}",rubber_band,Rubber Band,local hybrid spectral/time-domain proxy,-12,1,0.023219954648526078,,,0.016109910760364964
octave_pure_110,pure_tones,110,"{""frequencies_hz"": ""110""}",rubber_band,Rubber Band,local hybrid spectral/time-domain proxy,-12,2,0.046439909297052155,,,0.01829446665354553
octave_pure_110,pure_tones,110,"{""frequencies_hz"": ""110""}",rubber_band,Rubber Band,local hybrid spectral/time-domain proxy,-12,3,0.06965986394557823,,,0.05238810343269795
octave_pure_110,pure_tones,110,"{""frequencies_hz"": ""110""}",rubber_band,Rubber Band,local hybrid spectral/time-domain proxy,-12,4,0.09287981859410431,,,0.999865500470438
octave_pure_110,pure_tones,110,"{""frequencies_hz"": ""110""}",rubber_band,Rubber Band,local hybrid spectral/time-domain proxy,-12,5,0.11609977324263039,,,0.9615488768241391
octave_pure_110,pure_tones,110,"{""frequencies_hz"": ""110""}",rubber_band,Rubber Band,local hybrid spectral/time-domain proxy,-12,6,0.13931972789115646,,,0.9578125015444653
octave_pure_110,pure_tones,110,"{""frequencies_hz"": ""110""}",rubber_band,Rubber Band,local hybrid spectral/time-domain proxy,-12,7,0.16253968253968254,,,0.9560983080457256
octave_pure_110,pure_tones,110,"{""frequencies_hz"": ""110""}",rubber_band,Rubber Band,local hybrid spectral/time-domain proxy,-12,8,0.18575963718820862,,,0.956277677425994
octave_pure_110,pure_tones,110,"{""frequencies_hz"": ""110""}",rubber_band,Rubber Band,local hybrid spectral/time-domain proxy,-12,9,0.2089795918367347,,,0.9567751063305775
octave_pure_110,pure_tones,110,"{""frequencies_hz"": ""110""}",rubber_band,Rubber Band,local hybrid spectral/time-domain proxy,-12,10,0.23219954648526078,,,0.9565497538797522
octave_pure_110,pure_tones,110,"{""frequencies_hz"": ""110""}",rubber_band,Rubber Band,local hybrid spectral/time-domain proxy,-12,11,0.25541950113378686,,,0.955441730422077
octave_pure_110,pure_tones,110,"{""frequencies_hz"": ""110""}",rubber_band,Rubber Band,local hybrid spectral/time-domain proxy,-12,12,0.2786394557823129,,,0.9536959761462664
octave_pure_110,pure_tones,110,"{""frequencies_hz"": ""110""}",rubber_band,Rubber Band,local hybrid spectral/time-domain proxy,-12,13,0.301859410430839,,,0.9522803846203711
octave_pure_110,pure_tones,110,"{""frequencies_hz"": ""110""}",rubber_band,Rubber Band,local hybrid spectral/time-domain proxy,-12,14,0.3250793650793651,,,0.9533161240876238
octave_pure_110,pure_tones,110,"{""frequencies_hz"": ""110""}",rubber_band,Rubber Band,local hybrid spectral/time-domain proxy,-12,15,0.34829931972789113,,,0.9549726428320832
octave_pure_110,pure_tones,110,"{""frequencies_hz"": ""110""}",rubber_band,Rubber Band,local hybrid spectral/time-domain proxy,-12,16,0.37151927437641724,,,0.9559091094604969
octave_pure_110,pure_tones,110,"{""frequencies_hz"": ""110""}",rubber_band,Rubber Band,local hybrid spectral/time-domain proxy,-12,17,0.3947392290249433,,,0.956341468112548
octave_pure_110,pure_tones,110,"{""frequencies_hz"": ""110""}",rubber_band,Rubber Band,local hybrid spectral/time-domain proxy,-12,18,0.4179591836734694,,,0.9564769494499052
octave_pure_110,pure_tones,110,"{""frequencies_hz"": ""110""}",rubber_band,Rubber Band,local hybrid spectral/time-domain proxy,-12,19,0.44117913832199546,,,0.9564663507956853
octave_pure_110,pure_tones,110,"{""frequencies_hz"": ""110""}",rubber_band,Rubber Band,local hybrid spectral/time-domain proxy,-12,20,0.46439909297052157,,,0.9563139318888569
octave_pure_110,pure_tones,110,"{""frequencies_hz"": ""110""}",rubber_band,Rubber Band,local hybrid spectral/time-domain proxy,-12,21,0.4876190476190476,,,0.955927717963729
octave_pure_110,pure_tones,110,"{""frequencies_hz"": ""110""}",rubber_band,Rubber Band,local hybrid spectral/time-domain proxy,-12,22,0.5108390022675737,,,0.9550183304367874
octave_pure_110,pure_tones,110,"{""frequencies_hz"": ""110""}",rubber_band,Rubber Band,local hybrid spectral/time-domain proxy,-12,23,0.5340589569160997,,,0.9533177445834141
octave_pure_110,pure_tones,110,"{""frequencies_hz"": ""110""}",rubber_band,Rubber Band,local hybrid spectral/time-domain proxy,-12,24,0.5572789115646258,,,0.9524900354250562
octave_pure_110,pure_tones,110,"{""frequencies_hz"": ""110""}",rubber_band,Rubber Band,local hybrid spectral/time-domain proxy,-12,25,0.5804988662131519,,,0.9540677274566948
octave_pure_110,pure_tones,110,"{""frequencies_hz"": ""110""}",rubber_band,Rubber Band,local hybrid spectral/time-domain proxy,-12,26,0.603718820861678,,,0.9554361572798591
octave_pure_110,pure_tones,110,"{""frequencies_hz"": ""110""}",rubber_band,Rubber Band,local hybrid spectral/time-domain proxy,-12,27,0.626938775510204,,,0.9561132878820386
octave_pure_110,pure_tones,110,"{""frequencies_hz"": ""110""}",rubber_band,Rubber Band,local hybrid spectral/time-domain proxy,-12,28,0.6501587301587302,,,0.9564287705258772
octave_pure_110,pure_tones,110,"{""frequencies_hz"": ""110""}",rubber_band,Rubber Band,local hybrid spectral/time-domain proxy,-12,29,0.6733786848072563,,,0.9565132364618253
octave_pure_110,pure_tones,110,"{""frequencies_hz"": ""110""}",rubber_band,Rubber Band,local hybrid spectral/time-domain proxy,-12,30,0.6965986394557823,,,0.9564497909920145
octave_pure_110,pure_tones,110,"{""frequencies_hz"": ""110""}",rubber_band,Rubber Band,local hybrid spectral/time-domain proxy,-12,31,0.7198185941043084,,,0.9562064651753827
octave_pure_110,pure_tones,110,"{""frequencies_hz"": ""110""}",rubber_band,Rubber Band,local hybrid spectral/time-domain proxy,-12,32,0.7430385487528345,,,0.9556545104907672
octave_pure_110,pure_tones,110,"{""frequencies_hz"": ""110""}",rubber_band,Rubber Band,local hybrid spectral/time-domain proxy,-12,33,0.7662585034013606,,,0.9544743788624881
octave_pure_110,pure_tones,110,"{""frequencies_hz"": ""110""}",rubber_band,Rubber Band,local hybrid spectral/time-domain proxy,-12,34,0.7894784580498866,,,0.952711719534224
octave_pure_110,pure_tones,110,"{""frequencies_hz"": ""110""}",rubber_band,Rubber Band,local hybrid spectral/time-domain proxy,-12,35,0.8126984126984127,,,0.9529313334743493
octave_pure_110,pure_tones,110,"{""frequencies_hz"": ""110""}",rubber_band,Rubber Band,local hybrid spectral/time-domain proxy,-12,36,0.8359183673469388,,,0.9546865123675984
octave_pure_110,pure_tones,110,"{""frequencies_hz"": ""110""}",rubber_band,Rubber Band,local hybrid spectral/time-domain proxy,-12,37,0.8591383219954648,,,0.9557476613873305
octave_pure_110,pure_tones,110,"{""frequencies_hz"": ""110""}",rubber_band,Rubber Band,local hybrid spectral/time-domain proxy,-12,38,0.8823582766439909,,,0.9562310130665175
octave_pure_110,pure_tones,110,"{""frequencies_hz"": ""110""}",rubber_band,Rubber Band,local hybrid spectral/time-domain proxy,-12,39,0.905578231292517,,,0.9564605485549043
octave_pure_110,pure_tones,110,"{""frequencies_hz"": ""110""}",rubber_band,Rubber Band,local hybrid spectral/time-domain proxy,-12,40,0.9287981859410431,,,0.956509630940651
octave_pure_110,pure_tones,110,"{""frequencies_hz"": ""110""}",rubber_band,Rubber Band,local hybrid spectral/time-domain proxy,-12,41,0.9520181405895691,,,0.9563974863046174
octave_pure_110,pure_tones,110,"{""frequencies_hz"": ""110""}",rubber_band,Rubber Band,local hybrid spectral/time-domain proxy,-12,42,0.9752380952380952,,,0.9560445015777167
octave_pure_110,pure_tones,110,"{""frequencies_hz"": ""110""}",rubber_band,Rubber Band,local hybrid spectral/time-domain proxy,-12,43,0.9984580498866213,,,0.9552581677901418
octave_pure_110,pure_tones,110,"{""frequencies_hz"": ""110""}",rubber_band,Rubber Band,local hybrid spectral/time-domain proxy,-12,44,1.0216780045351475,,,0.95373511211199
octave_pure_110,pure_tones,110,"{""frequencies_hz"": ""110""}",rubber_band,Rubber Band,local hybrid spectral/time-domain proxy,-12,45,1.0448979591836736,,,0.9523912666435069
octave_pure_110,pure_tones,110,"{""frequencies_hz"": ""110""}",rubber_band,Rubber Band,local hybrid spectral/time-domain proxy,-12,46,1.0681179138321995,,,0.9536419886936883
octave_pure_110,pure_tones,110,"{""frequencies_hz"": ""110""}",rubber_band,Rubber Band,local hybrid spectral/time-domain proxy,-12,47,1.0913378684807256,,,0.9551969289522586
octave_pure_110,pure_tones,110,"{""frequencies_hz"": ""110""}",rubber_band,Rubber Band,local hybrid spectral/time-domain proxy,-12,48,1.1145578231292517,,,0.9559982020495218
octave_pure_110,pure_tones,110,"{""frequencies_hz"": ""110""}",rubber_band,Rubber Band,local hybrid spectral/time-domain proxy,-12,49,1.1377777777777778,,,0.9563493163966079
octave_pure_110,pure_tones,110,"{""frequencies_hz"": ""110""}",rubber_band,Rubber Band,local hybrid spectral/time-domain proxy,-12,50,1.1609977324263039,,,0.9564862677247589
octave_pure_110,pure_tones,110,"{""frequencies_hz"": ""110""}",rubber_band,Rubber Band,local hybrid spectral/time-domain proxy,-12,51,1.18421768707483,,,0.9564506964208572
octave_pure_110,pure_tones,110,"{""frequencies_hz"": ""110""}",rubber_band,Rubber Band,local hybrid spectral/time-domain proxy,-12,52,1.207437641723356,,,0.9562417284569886
octave_pure_110,pure_tones,110,"{""frequencies_hz"": ""110""}",rubber_band,Rubber Band,local hybrid spectral/time-domain proxy,-12,53,1.230657596371882,,,0.9557589693619851
octave_pure_110,pure_tones,110,"{""frequencies_hz"": ""110""}",rubber_band,Rubber Band,local hybrid spectral/time-domain proxy,-12,54,1.253877551020408,,,0.954711572356892
octave_pure_110,pure_tones,110,"{""frequencies_hz"": ""110""}",rubber_band,Rubber Band,local hybrid spectral/time-domain proxy,-12,55,1.2770975056689342,,,0.9529925218709242
octave_pure_110,pure_tones,110,"{""frequencies_hz"": ""110""}",rubber_band,Rubber Band,local hybrid spectral/time-domain proxy,-12,56,1.3003174603174603,,,0.9526645758791422
octave_pure_110,pure_tones,110,"{""frequencies_hz"": ""110""}",rubber_band,Rubber Band,local hybrid spectral/time-domain proxy,-12,57,1.3235374149659864,,,0.9543794021675709
octave_pure_110,pure_tones,110,"{""frequencies_hz"": ""110""}",rubber_band,Rubber Band,local hybrid spectral/time-domain proxy,-12,58,1.3467573696145125,,,0.955595855336624
octave_pure_110,pure_tones,110,"{""frequencies_hz"": ""110""}",rubber_band,Rubber Band,local hybrid spectral/time-domain proxy,-12,59,1.3699773242630386,,,0.9561777277928432
octave_pure_110,pure_tones,110,"{""frequencies_hz"": ""110""}",rubber_band,Rubber Band,local hybrid spectral/time-domain proxy,-12,60,1.3931972789115645,,,0.9564127773640955
octave_pure_110,pure_tones,110,"{""frequencies_hz"": ""110""}",rubber_band,Rubber Band,local hybrid spectral/time-domain proxy,-12,61,1.4164172335600906,,,0.956482422038381
octave_pure_110,pure_tones,110,"{""frequencies_hz"": ""110""}",rubber_band,Rubber Band,local hybrid spectral/time-domain proxy,-12,62,1.4396371882086167,,,0.9564020538267338
octave_pure_110,pure_tones,110,"{""frequencies_hz"": ""110""}",rubber_band,Rubber Band,local hybrid spectral/time-domain proxy,-12,63,1.4628571428571429,,,0.9561178664851961
octave_pure_110,pure_tones,110,"{""frequencies_hz"": ""110""}",rubber_band,Rubber Band,local hybrid spectral/time-domain proxy,-12,64,1.486077097505669,,,0.955464177638583
octave_pure_110,pure_tones,110,"{""frequencies_hz"": ""110""}",rubber_band,Rubber Band,local hybrid spectral/time-domain proxy,-12,65,1.509297052154195,,,0.9540944378821558
octave_pure_110,pure_tones,110,"{""frequencies_hz"": ""110""}",rubber_band,Rubber Band,local hybrid spectral/time-domain proxy,-12,66,1.5325170068027212,,,0.952515140258922
octave_pure_110,pure_tones,110,"{""frequencies_hz"": ""110""}",rubber_band,Rubber Band,local hybrid spectral/time-domain proxy,-12,67,1.555736961451247,,,0.9532827693502152
octave_pure_110,pure_tones,110,"{""frequencies_hz"": ""110""}",rubber_band,Rubber Band,local hybrid spectral/time-domain proxy,-12,68,1.5789569160997732,,,0.954957270454036
octave_pure_110,pure_tones,110,"{""frequencies_hz"": ""110""}",rubber_band,Rubber Band,local hybrid spectral/time-domain proxy,-12,69,1.6021768707482993,,,0.9558818619898031
octave_pure_110,pure_tones,110,"{""frequencies_hz"": ""110""}",rubber_band,Rubber Band,local hybrid spectral/time-domain proxy,-12,70,1.6253968253968254,,,0.9563096547319103
octave_pure_110,pure_tones,110,"{""frequencies_hz"": ""110""}",rubber_band,Rubber Band,local hybrid spectral/time-domain proxy,-12,71,1.6486167800453515,,,0.9564586349229428
octave_pure_110,pure_tones,110,"{""frequencies_hz"": ""110""}",rubber_band,Rubber Band,local hybrid spectral/time-domain proxy,-12,72,1.6718367346938776,,,0.956456276066523
octave_pure_110,pure_tones,110,"{""frequencies_hz"": ""110""}",rubber_band,Rubber Band,local hybrid spectral/time-domain proxy,-12,73,1.6950566893424037,,,0.9563047615268111
octave_pure_110,pure_tones,110,"{""frequencies_hz"": ""110""}",rubber_band,Rubber Band,local hybrid spectral/time-domain proxy,-12,74,1.7182766439909296,,,0.9558979320065005
octave_pure_110,pure_tones,110,"{""frequencies_hz"": ""110""}",rubber_band,Rubber Band,local hybrid spectral/time-domain proxy,-12,75,1.7414965986394557,,,0.9550044425705222
octave_pure_110,pure_tones,110,"{""frequencies_hz"": ""110""}",rubber_band,Rubber Band,local hybrid spectral/time-domain proxy,-12,76,1.7647165532879818,,,0.9533377904778525
octave_pure_110,pure_tones,110,"{""frequencies_hz"": ""110""}",rubber_band,Rubber Band,local hybrid spectral/time-domain proxy,-12,77,1.787936507936508,,,0.9524791310435279
octave_pure_110,pure_tones,110,"{""frequencies_hz"": ""110""}",rubber_band,Rubber Band,local hybrid spectral/time-domain proxy,-12,78,1.811156462585034,,,0.9540217659829461
octave_pure_110,pure_tones,110,"{""frequencies_hz"": ""110""}",rubber_band,Rubber Band,local hybrid spectral/time-domain proxy,-12,79,1.8343764172335602,,,0.9554187070257851
octave_pure_110,pure_tones,110,"{""frequencies_hz"": ""110""}",rubber_band,Rubber Band,local hybrid spectral/time-domain proxy,-12,80,1.8575963718820863,,,0.9561234046344861
octave_pure_110,pure_tones,110,"{""frequencies_hz"": ""110""}",rubber_band,Rubber Band,local hybrid spectral/time-domain proxy,-12,81,1.8808163265306121,,,0.9564941780452184
octave_pure_110,pure_tones,110,"{""frequencies_hz"": ""110""}",rubber_band,Rubber Band,local hybrid spectral/time-domain proxy,-12,82,1.9040362811791383,,,0.9622377958966488
octave_pure_110,pure_tones,110,"{""frequencies_hz"": ""110""}",rubber_band,Rubber Band,local hybrid spectral/time-domain proxy,-12,83,1.9272562358276644,,,0.10157701784212975
octave_pure_110,pure_tones,110,"{""frequencies_hz"": ""110""}",rubber_band,Rubber Band,local hybrid spectral/time-domain proxy,-12,84,1.9504761904761905,,,0.03539880364343128
octave_pure_110,pure_tones,110,"{""frequencies_hz"": ""110""}",rubber_band,Rubber Band,local hybrid spectral/time-domain proxy,-12,85,1.9736961451247166,,,0.03210611745857104
octave_pure_110,pure_tones,110,"{""frequencies_hz"": ""110""}",rubber_band,Rubber Band,local hybrid spectral/time-domain proxy,-12,86,1.9969160997732427,,,0.031629671244174234
octave_pure_110,pure_tones,110,"{""frequencies_hz"": ""110""}",psola,PSOLA,local pitch-synchronous overlap-add,-12,0,0.0,110.46760480232888,220.93520960465776,0.8396166814702409
octave_pure_110,pure_tones,110,"{""frequencies_hz"": ""110""}",psola,PSOLA,local pitch-synchronous overlap-add,-12,1,0.023219954648526078,110.46564838886297,220.93129677772595,0.8820046313177887
octave_pure_110,pure_tones,110,"{""frequencies_hz"": ""110""}",psola,PSOLA,local pitch-synchronous overlap-add,-12,2,0.046439909297052155,110.4636748261094,220.9273496522188,0.9499662718546062
octave_pure_110,pure_tones,110,"{""frequencies_hz"": ""110""}",psola,PSOLA,local pitch-synchronous overlap-add,-12,3,0.06965986394557823,110.46412525058204,220.9282505011641,0.9806313307839956
octave_pure_110,pure_tones,110,"{""frequencies_hz"": ""110""}",psola,PSOLA,local pitch-synchronous overlap-add,-12,4,0.09287981859410431,110.4648196641538,220.9296393283076,0.9841358276897693
octave_pure_110,pure_tones,110,"{""frequencies_hz"": ""110""}",psola,PSOLA,local pitch-synchronous overlap-add,-12,5,0.11609977324263039,110.46480359037261,220.92960718074522,0.9841359985672743
octave_pure_110,pure_tones,110,"{""frequencies_hz"": ""110""}",psola,PSOLA,local pitch-synchronous overlap-add,-12,6,0.13931972789115646,110.46481781453906,220.92963562907812,0.9841384955198698
octave_pure_110,pure_tones,110,"{""frequencies_hz"": ""110""}",psola,PSOLA,local pitch-synchronous overlap-add,-12,7,0.16253968253968254,110.46479698178021,220.92959396356042,0.9841359165020661
octave_pure_110,pure_tones,110,"{""frequencies_hz"": ""110""}",psola,PSOLA,local pitch-synchronous overlap-add,-12,8,0.18575963718820862,110.46479933044179,220.92959866088358,0.9841386606597667
octave_pure_110,pure_tones,110,"{""frequencies_hz"": ""110""}",psola,PSOLA,local pitch-synchronous overlap-add,-12,9,0.2089795918367347,110.46483382389495,220.9296676477899,0.984135135318765
octave_pure_110,pure_tones,110,"{""frequencies_hz"": ""110""}",psola,PSOLA,local pitch-synchronous overlap-add,-12,10,0.23219954648526078,110.46480462992031,220.92960925984062,0.9841378410286896
octave_pure_110,pure_tones,110,"{""frequencies_hz"": ""110""}",psola,PSOLA,local pitch-synchronous overlap-add,-12,11,0.25541950113378686,110.4647958215009,220.9295916430018,0.9841372851736427
octave_pure_110,pure_tones,110,"{""frequencies_hz"": ""110""}",psola,PSOLA,local pitch-synchronous overlap-add,-12,12,0.2786394557823129,110.46481942076691,220.92963884153383,0.9841369773046492
octave_pure_110,pure_tones,110,"{""frequencies_hz"": ""110""}",psola,PSOLA,local pitch-synchronous overlap-add,-12,13,0.301859410430839,110.4648047200005,220.929609440001,0.9841377399988455
octave_pure_110,pure_tones,110,"{""frequencies_hz"": ""110""}",psola,PSOLA,local pitch-synchronous overlap-add,-12,14,0.3250793650793651,110.4648192864625,220.929638572925,0.9841352034778033
octave_pure_110,pure_tones,110,"{""frequencies_hz"": ""110""}",psola,PSOLA,local pitch-synchronous overlap-add,-12,15,0.34829931972789113,110.46481683508857,220.92963367017714,0.9841388266327794
octave_pure_110,pure_tones,110,"{""frequencies_hz"": ""110""}",psola,PSOLA,local pitch-synchronous overlap-add,-12,16,0.37151927437641724,110.46478267113059,220.92956534226118,0.9841359848260823
octave_pure_110,pure_tones,110,"{""frequencies_hz"": ""110""}",psola,PSOLA,local pitch-synchronous overlap-add,-12,17,0.3947392290249433,110.46481820824474,220.92963641648947,0.9841382407684631
octave_pure_110,pure_tones,110,"{""frequencies_hz"": ""110""}",psola,PSOLA,local pitch-synchronous overlap-add,-12,18,0.4179591836734694,110.46482378158721,220.92964756317443,0.9841359436274048
octave_pure_110,pure_tones,110,"{""frequencies_hz"": ""110""}",psola,PSOLA,local pitch-synchronous overlap-add,-12,19,0.44117913832199546,110.46480107383445,220.9296021476689,0.9841369522369009
octave_pure_110,pure_tones,110,"{""frequencies_hz"": ""110""}",psola,PSOLA,local pitch-synchronous overlap-add,-12,20,0.46439909297052157,110.46481621128973,220.92963242257946,0.9841380983116842
octave_pure_110,pure_tones,110,"{""frequencies_hz"": ""110""}",psola,PSOLA,local pitch-synchronous overlap-add,-12,21,0.4876190476190476,110.46479881449625,220.9295976289925,0.9841362174131638
octave_pure_110,pure_tones,110,"{""frequencies_hz"": ""110""}",psola,PSOLA,local pitch-synchronous overlap-add,-12,22,0.5108390022675737,110.46480617809247,220.92961235618495,0.9841383070871443
octave_pure_110,pure_tones,110,"{""frequencies_hz"": ""110""}",psola,PSOLA,local pitch-synchronous overlap-add,-12,23,0.5340589569160997,110.46483303099853,220.92966606199707,0.984134910748852
octave_pure_110,pure_tones,110,"{""frequencies_hz"": ""110""}",psola,PSOLA,local pitch-synchronous overlap-add,-12,24,0.5572789115646258,110.46479689016111,220.92959378032222,0.9841386673646655
octave_pure_110,pure_tones,110,"{""frequencies_hz"": ""110""}",psola,PSOLA,local pitch-synchronous overlap-add,-12,25,0.5804988662131519,110.4647937922107,220.9295875844214,0.9841365423760647
octave_pure_110,pure_tones,110,"{""frequencies_hz"": ""110""}",psola,PSOLA,local pitch-synchronous overlap-add,-12,26,0.603718820861678,110.46482301631661,220.92964603263323,0.9841374558567114
octave_pure_110,pure_tones,110,"{""frequencies_hz"": ""110""}",psola,PSOLA,local pitch-synchronous overlap-add,-12,27,0.626938775510204,110.46480769348712,220.92961538697423,0.9841369360017678
octave_pure_110,pure_tones,110,"{""frequencies_hz"": ""110""}",psola,PSOLA,local pitch-synchronous overlap-add,-12,28,0.6501587301587302,110.46481875296948,220.92963750593896,0.9841359745493884
octave_pure_110,pure_tones,110,"{""frequencies_hz"": ""110""}",psola,PSOLA,local pitch-synchronous overlap-add,-12,29,0.6733786848072563,110.46481097764665,220.9296219552933,0.9841387550844299
octave_pure_110,pure_tones,110,"{""frequencies_hz"": ""110""}",psola,PSOLA,local pitch-synchronous overlap-add,-12,30,0.6965986394557823,110.4647850785949,220.9295701571898,0.9841358159286773
octave_pure_110,pure_tones,110,"{""frequencies_hz"": ""110""}",psola,PSOLA,local pitch-synchronous overlap-add,-12,31,0.7198185941043084,110.46482588484952,220.92965176969903,0.9841383446186696
octave_pure_110,pure_tones,110,"{""frequencies_hz"": ""110""}",psola,PSOLA,local pitch-synchronous overlap-add,-12,32,0.7430385487528345,110.46482067556188,220.92964135112376,0.9841352587515976
octave_pure_110,pure_tones,110,"{""frequencies_hz"": ""110""}",psola,PSOLA,local pitch-synchronous overlap-add,-12,33,0.7662585034013606,110.46479343179627,220.92958686359253,0.9841379465547742
octave_pure_110,pure_tones,110,"{""frequencies_hz"": ""110""}",psola,PSOLA,local pitch-synchronous overlap-add,-12,34,0.7894784580498866,110.46481316131174,220.92962632262348,0.9841374320433063
octave_pure_110,pure_tones,110,"{""frequencies_hz"": ""110""}",psola,PSOLA,local pitch-synchronous overlap-add,-12,35,0.8126984126984127,110.46480421706435,220.9296084341287,0.9841366463157936
octave_pure_110,pure_tones,110,"{""frequencies_hz"": ""110""}",psola,PSOLA,local pitch-synchronous overlap-add,-12,36,0.8359183673469388,110.46481231376376,220.92962462752752,0.984137695943792
octave_pure_110,pure_tones,110,"{""frequencies_hz"": ""110""}",psola,PSOLA,local pitch-synchronous overlap-add,-12,37,0.8591383219954648,110.46482907056007,220.92965814112014,0.9841352375784941
octave_pure_110,pure_tones,110,"{""frequencies_hz"": ""110""}",psola,PSOLA,local pitch-synchronous overlap-add,-12,38,0.8823582766439909,110.46479087963165,220.9295817592633,0.9841390507456081
octave_pure_110,pure_tones,110,"{""frequencies_hz"": ""110""}",psola,PSOLA,local pitch-synchronous overlap-add,-12,39,0.905578231292517,110.46479808455773,220.92959616911546,0.984135912829773
octave_pure_110,pure_tones,110,"{""frequencies_hz"": ""110""}",psola,PSOLA,local pitch-synchronous overlap-add,-12,40,0.9287981859410431,110.46482660036042,220.92965320072085,0.9841379072163082
octave_pure_110,pure_tones,110,"{""frequencies_hz"": ""110""}",psola,PSOLA,local pitch-synchronous overlap-add,-12,41,0.9520181405895691,110.46480363880416,220.9296072776083,0.9841360986513223
octave_pure_110,pure_tones,110,"{""frequencies_hz"": ""110""}",psola,PSOLA,local pitch-synchronous overlap-add,-12,42,0.9752380952380952,110.46481510040549,220.92963020081098,0.9841369221050769
octave_pure_110,pure_tones,110,"{""frequencies_hz"": ""110""}",psola,PSOLA,local pitch-synchronous overlap-add,-12,43,0.9984580498866213,110.46480846514638,220.92961693029275,0.9841383232162723
octave_pure_110,pure_tones,110,"{""frequencies_hz"": ""110""}",psola,PSOLA,local pitch-synchronous overlap-add,-12,44,1.0216780045351475,110.46479088822028,220.92958177644056,0.9841359417478194
octave_pure_110,pure_tones,110,"{""frequencies_hz"": ""110""}",psola,PSOLA,local pitch-synchronous overlap-add,-12,45,1.0448979591836736,110.46483107270917,220.92966214541835,0.9841381135453741
octave_pure_110,pure_tones,110,"{""frequencies_hz"": ""110""}",psola,PSOLA,local pitch-synchronous overlap-add,-12,46,1.0681179138321995,110.4648153129501,220.9296306259002,0.9841350889064664
octave_pure_110,pure_tones,110,"{""frequencies_hz"": ""110""}",psola,PSOLA,local pitch-synchronous overlap-add,-12,47,1.0913378684807256,110.46478989687893,220.92957979375785,0.9841387769050123
octave_pure_110,pure_tones,110,"{""frequencies_hz"": ""110""}",psola,PSOLA,local pitch-synchronous overlap-add,-12,48,1.1145578231292517,110.46481343893701,220.92962687787403,0.9841365225014203
octave_pure_110,pure_tones,110,"{""frequencies_hz"": ""110""}",psola,PSOLA,local pitch-synchronous overlap-add,-12,49,1.1377777777777778,110.46480588906776,220.92961177813552,0.9841371258462929
octave_pure_110,pure_tones,110,"{""frequencies_hz"": ""110""}",psola,PSOLA,local pitch-synchronous overlap-add,-12,50,1.1609977324263039,110.46481377345252,220.92962754690504,0.9841370366379242
octave_pure_110,pure_tones,110,"{""frequencies_hz"": ""110""}",psola,PSOLA,local pitch-synchronous overlap-add,-12,51,1.18421768707483,110.4648248200303,220.9296496400606,0.9841359974316758
octave_pure_110,pure_tones,110,"{""frequencies_hz"": ""110""}",psola,PSOLA,local pitch-synchronous overlap-add,-12,52,1.207437641723356,110.46478755059815,220.9295751011963,0.9841389552968822
octave_pure_110,pure_tones,110,"{""frequencies_hz"": ""110""}",psola,PSOLA,local pitch-synchronous overlap-add,-12,53,1.230657596371882,110.46480441449137,220.92960882898274,0.9841355648563442
octave_pure_110,pure_tones,110,"{""frequencies_hz"": ""110""}",psola,PSOLA,local pitch-synchronous overlap-add,-12,54,1.253877551020408,110.46483075363052,220.92966150726105,0.9841381188704528
octave_pure_110,pure_tones,110,"{""frequencies_hz"": ""110""}",psola,PSOLA,local pitch-synchronous overlap-add,-12,55,1.2770975056689342,110.46480040256306,220.9296008051261,0.9841355154732967
octave_pure_110,pure_tones,110,"{""frequencies_hz"": ""110""}",psola,PSOLA,local pitch-synchronous overlap-add,-12,56,1.3003174603174603,110.46480924752149,220.92961849504297,0.9841379603292979
octave_pure_110,pure_tones,110,"{""frequencies_hz"": ""110""}",psola,PSOLA,local pitch-synchronous overlap-add,-12,57,1.3235374149659864,110.4648049969638,220.9296099939276,0.9841375201812103
octave_pure_110,pure_tones,110,"{""frequencies_hz"": ""110""}",psola,PSOLA,local pitch-synchronous overlap-add,-12,58,1.3467573696145125,110.46479820019896,220.9295964003979,0.9841362666480925
octave_pure_110,pure_tones,110,"{""frequencies_hz"": ""110""}",psola,PSOLA,local pitch-synchronous overlap-add,-12,59,1.3699773242630386,110.46483404241374,220.92966808482748,0.984137716550744
octave_pure_110,pure_tones,110,"{""frequencies_hz"": ""110""}",psola,PSOLA,local pitch-synchronous overlap-add,-12,60,1.3931972789115645,110.4648078797756,220.9296157595512,0.9841354355457855
octave_pure_110,pure_tones,110,"{""frequencies_hz"": ""110""}",psola,PSOLA,local pitch-synchronous overlap-add,-12,61,1.4164172335600906,110.46478837364052,220.92957674728103,0.9841391251527407
octave_pure_110,pure_tones,110,"{""frequencies_hz"": ""110""}",psola,PSOLA,local pitch-synchronous overlap-add,-12,62,1.4396371882086167,110.46481887009092,220.92963774018185,0.9841357534450089
octave_pure_110,pure_tones,110,"{""frequencies_hz"": ""110""}",psola,PSOLA,local pitch-synchronous overlap-add,-12,63,1.4628571428571429,110.46480900179002,220.92961800358003,0.9841376797891035
octave_pure_110,pure_tones,110,"{""frequencies_hz"": ""110""}",psola,PSOLA,local pitch-synchronous overlap-add,-12,64,1.486077097505669,110.4648100849034,220.9296201698068,0.9841363151477751
octave_pure_110,pure_tones,110,"{""frequencies_hz"": ""110""}",psola,PSOLA,local pitch-synchronous overlap-add,-12,65,1.509297052154195,110.46481773361646,220.9296354672329,0.9841369516770766
octave_pure_110,pure_tones,110,"{""frequencies_hz"": ""110""}",psola,PSOLA,local pitch-synchronous overlap-add,-12,66,1.5325170068027212,110.4647874212373,220.9295748424746,0.9841384662336297
octave_pure_110,pure_tones,110,"{""frequencies_hz"": ""110""}",psola,PSOLA,local pitch-synchronous overlap-add,-12,67,1.555736961451247,110.46481294558122,220.92962589116243,0.9841355539375563
octave_pure_110,pure_tones,110,"{""frequencies_hz"": ""110""}",psola,PSOLA,local pitch-synchronous overlap-add,-12,68,1.5789569160997732,110.46483112847211,220.92966225694423,0.9841380864577212
octave_pure_110,pure_tones,110,"{""frequencies_hz"": ""110""}",psola,PSOLA,local pitch-synchronous overlap-add,-12,69,1.6021768707482993,110.4647948798154,220.9295897596308,0.9841353927469153
octave_pure_110,pure_tones,110,"{""frequencies_hz"": ""110""}",psola,PSOLA,local pitch-synchronous overlap-add,-12,70,1.6253968253968254,110.46480892668737,220.92961785337474,0.9841387594807027
octave_pure_110,pure_tones,110,"{""frequencies_hz"": ""110""}",psola,PSOLA,local pitch-synchronous overlap-add,-12,71,1.6486167800453515,110.46480678793175,220.9296135758635,0.9841364983729495
octave_pure_110,pure_tones,110,"{""frequencies_hz"": ""110""}",psola,PSOLA,local pitch-synchronous overlap-add,-12,72,1.6718367346938776,110.46480154673336,220.9296030934667,0.9841368087698071
octave_pure_110,pure_tones,110,"{""frequencies_hz"": ""110""}",psola,PSOLA,local pitch-synchronous overlap-add,-12,73,1.6950566893424037,110.46483132361503,220.92966264723006,0.9841372195855267
octave_pure_110,pure_tones,110,"{""frequencies_hz"": ""110""}",psola,PSOLA,local pitch-synchronous overlap-add,-12,74,1.7182766439909296,110.4648013063953,220.9296026127906,0.9841361381810645
octave_pure_110,pure_tones,110,"{""frequencies_hz"": ""110""}",psola,PSOLA,local pitch-synchronous overlap-add,-12,75,1.7414965986394557,110.46478994617077,220.92957989234154,0.9841390020992343
octave_pure_110,pure_tones,110,"{""frequencies_hz"": ""110""}",psola,PSOLA,local pitch-synchronous overlap-add,-12,76,1.7647165532879818,110.46482428235984,220.92964856471968,0.9841352942221709
octave_pure_110,pure_tones,110,"{""frequencies_hz"": ""110""}",psola,PSOLA,local pitch-synchronous overlap-add,-12,77,1.787936507936508,110.46481088430104,220.9296217686021,0.9841380356258197
octave_pure_110,pure_tones,110,"{""frequencies_hz"": ""110""}",psola,PSOLA,local pitch-synchronous overlap-add,-12,78,1.811156462585034,110.46480834846446,220.92961669692892,0.9841358103733607
octave_pure_110,pure_tones,110,"{""frequencies_hz"": ""110""}",psola,PSOLA,local pitch-synchronous overlap-add,-12,79,1.8343764172335602,110.46481216662171,220.92962433324342,0.9841379743711305
octave_pure_110,pure_tones,110,"{""frequencies_hz"": ""110""}",psola,PSOLA,local pitch-synchronous overlap-add,-12,80,1.8575963718820863,110.4647872994286,220.9295745988572,0.9841375586754169
octave_pure_110,pure_tones,110,"{""frequencies_hz"": ""110""}",psola,PSOLA,local pitch-synchronous overlap-add,-12,81,1.8808163265306121,110.46482040542264,220.92964081084529,0.9841358638927481
octave_pure_110,pure_tones,110,"{""frequencies_hz"": ""110""}",psola,PSOLA,local pitch-synchronous overlap-add,-12,82,1.9040362811791383,110.46482864908486,220.92965729816973,0.9841379028729389
octave_pure_110,pure_tones,110,"{""frequencies_hz"": ""110""}",psola,PSOLA,local pitch-synchronous overlap-add,-12,83,1.9272562358276644,110.46419773611812,220.92839547223625,0.9819319985579978
octave_pure_110,pure_tones,110,"{""frequencies_hz"": ""110""}",psola,PSOLA,local pitch-synchronous overlap-add,-12,84,1.9504761904761905,110.46081342919892,220.92162685839784,0.9565966490691062
octave_pure_110,pure_tones,110,"{""frequencies_hz"": ""110""}",psola,PSOLA,local pitch-synchronous overlap-add,-12,85,1.9736961451247166,110.45308999468654,220.90617998937307,0.8916871582341771
octave_pure_110,pure_tones,110,"{""frequencies_hz"": ""110""}",psola,PSOLA,local pitch-synchronous overlap-add,-12,86,1.9969160997732427,110.44653381410885,220.8930676282177,0.8405355469671003
octave_pure_220,pure_tones,220,"{""frequencies_hz"": ""220""}",phase_vocoder,Phase Vocoder,local phase vocoder,-12,0,0.0,,,0.8523631282864246
octave_pure_220,pure_tones,220,"{""frequencies_hz"": ""220""}",phase_vocoder,Phase Vocoder,local phase vocoder,-12,1,0.023219954648526078,108.15867075300594,216.31734150601187,0.8783051949528901
octave_pure_220,pure_tones,220,"{""frequencies_hz"": ""220""}",phase_vocoder,Phase Vocoder,local phase vocoder,-12,2,0.046439909297052155,109.39344734845467,218.78689469690934,0.9498384540481477
octave_pure_220,pure_tones,220,"{""frequencies_hz"": ""220""}",phase_vocoder,Phase Vocoder,local phase vocoder,-12,3,0.06965986394557823,109.87575773520811,219.75151547041622,0.9809140897348971
octave_pure_220,pure_tones,220,"{""frequencies_hz"": ""220""}",phase_vocoder,Phase Vocoder,local phase vocoder,-12,4,0.09287981859410431,109.92594780559833,219.85189561119665,0.9832874697160533
octave_pure_220,pure_tones,220,"{""frequencies_hz"": ""220""}",phase_vocoder,Phase Vocoder,local phase vocoder,-12,5,0.11609977324263039,109.92355181612616,219.84710363225233,0.9837258940049444
octave_pure_220,pure_tones,220,"{""frequencies_hz"": ""220""}",phase_vocoder,Phase Vocoder,local phase vocoder,-12,6,0.13931972789115646,109.91751858745506,219.83503717491013,0.9841141609691866
octave_pure_220,pure_tones,220,"{""frequencies_hz"": ""220""}",phase_vocoder,Phase Vocoder,local phase vocoder,-12,7,0.16253968253968254,109.91603618620805,219.8320723724161,0.9842153936196544
octave_pure_220,pure_tones,220,"{""frequencies_hz"": ""220""}",phase_vocoder,Phase Vocoder,local phase vocoder,-12,8,0.18575963718820862,109.91599548473916,219.8319909694783,0.9842190905815429
octave_pure_220,pure_tones,220,"{""frequencies_hz"": ""220""}",phase_vocoder,Phase Vocoder,local phase vocoder,-12,9,0.2089795918367347,109.91600358943718,219.83200717887436,0.9842191807160902
octave_pure_220,pure_tones,220,"{""frequencies_hz"": ""220""}",phase_vocoder,Phase Vocoder,local phase vocoder,-12,10,0.23219954648526078,109.91600799901703,219.83201599803405,0.9842190467617057
octave_pure_220,pure_tones,220,"{""frequencies_hz"": ""220""}",phase_vocoder,Phase Vocoder,local phase vocoder,-12,11,0.25541950113378686,109.91601701338223,219.83203402676446,0.9842190306072859
octave_pure_220,pure_tones,220,"{""frequencies_hz"": ""220""}",phase_vocoder,Phase Vocoder,local phase vocoder,-12,12,0.2786394557823129,109.91603434024168,219.83206868048336,0.9842188766800591
octave_pure_220,pure_tones,220,"{""frequencies_hz"": ""220""}",phase_vocoder,Phase Vocoder,local phase vocoder,-12,13,0.301859410430839,109.91604841464566,219.83209682929132,0.984219013063058
octave_pure_220,pure_tones,220,"{""frequencies_hz"": ""220""}",phase_vocoder,Phase Vocoder,local phase vocoder,-12,14,0.3250793650793651,109.9160348649804,219.8320697299608,0.9842189290667841
octave_pure_220,pure_tones,220,"{""frequencies_hz"": ""220""}",phase_vocoder,Phase Vocoder,local phase vocoder,-12,15,0.34829931972789113,109.9160162540573,219.8320325081146,0.9842190480720701
octave_pure_220,pure_tones,220,"{""frequencies_hz"": ""220""}",phase_vocoder,Phase Vocoder,local phase vocoder,-12,16,0.37151927437641724,109.9160068180859,219.8320136361718,0.9842190391312775
octave_pure_220,pure_tones,220,"{""frequencies_hz"": ""220""}",phase_vocoder,Phase Vocoder,local phase vocoder,-12,17,0.3947392290249433,109.91600301575251,219.83200603150502,0.9842191940400207
octave_pure_220,pure_tones,220,"{""frequencies_hz"": ""220""}",phase_vocoder,Phase Vocoder,local phase vocoder,-12,18,0.4179591836734694,109.91599502017448,219.83199004034896,0.9842190607586369
octave_pure_220,pure_tones,220,"{""frequencies_hz"": ""220""}",phase_vocoder,Phase Vocoder,local phase vocoder,-12,19,0.44117913832199546,109.91599590706069,219.83199181412138,0.9842191770667061
octave_pure_220,pure_tones,220,"{""frequencies_hz"": ""220""}",phase_vocoder,Phase Vocoder,local phase vocoder,-12,20,0.46439909297052157,109.91600765101643,219.83201530203286,0.9842190700756124
octave_pure_220,pure_tones,220,"{""frequencies_hz"": ""220""}",phase_vocoder,Phase Vocoder,local phase vocoder,-12,21,0.4876190476190476,109.91602520788034,219.83205041576068,0.9842190378647284
octave_pure_220,pure_tones,220,"{""frequencies_hz"": ""220""}",phase_vocoder,Phase Vocoder,local phase vocoder,-12,22,0.5108390022675737,109.91603818886837,219.83207637773674,0.9842188460646921
octave_pure_220,pure_tones,220,"{""frequencies_hz"": ""220""}",phase_vocoder,Phase Vocoder,local phase vocoder,-12,23,0.5340589569160997,109.91604518250162,219.83209036500324,0.9842189994618796
octave_pure_220,pure_tones,220,"{""frequencies_hz"": ""220""}",phase_vocoder,Phase Vocoder,local phase vocoder,-12,24,0.5572789115646258,109.91603214077135,219.8320642815427,0.984218938169193
octave_pure_220,pure_tones,220,"{""frequencies_hz"": ""220""}",phase_vocoder,Phase Vocoder,local phase vocoder,-12,25,0.5804988662131519,109.91601596676794,219.8320319335359,0.9842190558184161
octave_pure_220,pure_tones,220,"{""frequencies_hz"": ""220""}",phase_vocoder,Phase Vocoder,local phase vocoder,-12,26,0.603718820861678,109.91600723897044,219.83201447794087,0.984219037766671
octave_pure_220,pure_tones,220,"{""frequencies_hz"": ""220""}",phase_vocoder,Phase Vocoder,local phase vocoder,-12,27,0.626938775510204,109.91600365715414,219.83200731430827,0.984219192563887
octave_pure_220,pure_tones,220,"{""frequencies_hz"": ""220""}",phase_vocoder,Phase Vocoder,local phase vocoder,-12,28,0.6501587301587302,109.91599275221236,219.83198550442472,0.9842190563578606
octave_pure_220,pure_tones,220,"{""frequencies_hz"": ""220""}",phase_vocoder,Phase Vocoder,local phase vocoder,-12,29,0.6733786848072563,109.91599168345633,219.83198336691265,0.98421918166218
octave_pure_220,pure_tones,220,"{""frequencies_hz"": ""220""}",phase_vocoder,Phase Vocoder,local phase vocoder,-12,30,0.6965986394557823,109.91601023036876,219.8320204607375,0.9842190839337888
octave_pure_220,pure_tones,220,"{""frequencies_hz"": ""220""}",phase_vocoder,Phase Vocoder,local phase vocoder,-12,31,0.7198185941043084,109.91603401700505,219.8320680340101,0.9842190364193898
octave_pure_220,pure_tones,220,"{""frequencies_hz"": ""220""}",phase_vocoder,Phase Vocoder,local phase vocoder,-12,32,0.7430385487528345,109.91603972284388,219.83207944568775,0.9842188170072532
octave_pure_220,pure_tones,220,"{""frequencies_hz"": ""220""}",phase_vocoder,Phase Vocoder,local phase vocoder,-12,33,0.7662585034013606,109.91603772243417,219.83207544486834,0.9842189946003155
octave_pure_220,pure_tones,220,"{""frequencies_hz"": ""220""}",phase_vocoder,Phase Vocoder,local phase vocoder,-12,34,0.7894784580498866,109.91602992108578,219.83205984217156,0.9842189559371918
octave_pure_220,pure_tones,220,"{""frequencies_hz"": ""220""}",phase_vocoder,Phase Vocoder,local phase vocoder,-12,35,0.8126984126984127,109.9160211596398,219.8320423192796,0.9842190615346148
octave_pure_220,pure_tones,220,"{""frequencies_hz"": ""220""}",phase_vocoder,Phase Vocoder,local phase vocoder,-12,36,0.8359183673469388,109.9160074222899,219.8320148445798,0.9842190187029395
octave_pure_220,pure_tones,220,"{""frequencies_hz"": ""220""}",phase_vocoder,Phase Vocoder,local phase vocoder,-12,37,0.8591383219954648,109.91599739595539,219.83199479191077,0.9842191875724993
octave_pure_220,pure_tones,220,"{""frequencies_hz"": ""220""}",phase_vocoder,Phase Vocoder,local phase vocoder,-12,38,0.8823582766439909,109.91599039398875,219.8319807879775,0.9842190728039075
octave_pure_220,pure_tones,220,"{""frequencies_hz"": ""220""}",phase_vocoder,Phase Vocoder,local phase vocoder,-12,39,0.905578231292517,109.9159955368195,219.831991073639,0.9842191908481417
octave_pure_220,pure_tones,220,"{""frequencies_hz"": ""220""}",phase_vocoder,Phase Vocoder,local phase vocoder,-12,40,0.9287981859410431,109.91601486485253,219.83202972970506,0.984219068261098
octave_pure_220,pure_tones,220,"{""frequencies_hz"": ""220""}",phase_vocoder,Phase Vocoder,local phase vocoder,-12,41,0.9520181405895691,109.91603631283249,219.83207262566498,0.984219026155741
octave_pure_220,pure_tones,220,"{""frequencies_hz"": ""220""}",phase_vocoder,Phase Vocoder,local phase vocoder,-12,42,0.9752380952380952,109.91603811458201,219.83207622916402,0.9842188205681195
octave_pure_220,pure_tones,220,"{""frequencies_hz"": ""220""}",phase_vocoder,Phase Vocoder,local phase vocoder,-12,43,0.9984580498866213,109.91603370250704,219.83206740501407,0.9842189914465906
octave_pure_220,pure_tones,220,"{""frequencies_hz"": ""220""}",phase_vocoder,Phase Vocoder,local phase vocoder,-12,44,1.0216780045351475,109.91602975071781,219.83205950143562,0.9842189584115145
octave_pure_220,pure_tones,220,"{""frequencies_hz"": ""220""}",phase_vocoder,Phase Vocoder,local phase vocoder,-12,45,1.0448979591836736,109.91602496204034,219.83204992408068,0.9842190725908448
octave_pure_220,pure_tones,220,"{""frequencies_hz"": ""220""}",phase_vocoder,Phase Vocoder,local phase vocoder,-12,46,1.0681179138321995,109.91600567558946,219.83201135117892,0.9842190098149415
octave_pure_220,pure_tones,220,"{""frequencies_hz"": ""220""}",phase_vocoder,Phase Vocoder,local phase vocoder,-12,47,1.0913378684807256,109.9159898344429,219.8319796688858,0.984219189679022
octave_pure_220,pure_tones,220,"{""frequencies_hz"": ""220""}",phase_vocoder,Phase Vocoder,local phase vocoder,-12,48,1.1145578231292517,109.9159904123156,219.8319808246312,0.9842190902368557
octave_pure_220,pure_tones,220,"{""frequencies_hz"": ""220""}",phase_vocoder,Phase Vocoder,local phase vocoder,-12,49,1.1377777777777778,109.91600449526953,219.83200899053907,0.9842191963264442
octave_pure_220,pure_tones,220,"{""frequencies_hz"": ""220""}",phase_vocoder,Phase Vocoder,local phase vocoder,-12,50,1.1609977324263039,109.91601878282684,219.83203756565368,0.9842190386975178
octave_pure_220,pure_tones,220,"{""frequencies_hz"": ""220""}",phase_vocoder,Phase Vocoder,local phase vocoder,-12,51,1.18421768707483,109.91603129143496,219.83206258286992,0.9842190211047517
octave_pure_220,pure_tones,220,"{""frequencies_hz"": ""220""}",phase_vocoder,Phase Vocoder,local phase vocoder,-12,52,1.207437641723356,109.91603536357599,219.83207072715197,0.9842188355011247
octave_pure_220,pure_tones,220,"{""frequencies_hz"": ""220""}",phase_vocoder,Phase Vocoder,local phase vocoder,-12,53,1.230657596371882,109.91603644538347,219.83207289076694,0.9842189932756293
octave_pure_220,pure_tones,220,"{""frequencies_hz"": ""220""}",phase_vocoder,Phase Vocoder,local phase vocoder,-12,54,1.253877551020408,109.91603086490352,219.83206172980704,0.9842189384997178
octave_pure_220,pure_tones,220,"{""frequencies_hz"": ""220""}",phase_vocoder,Phase Vocoder,local phase vocoder,-12,55,1.2770975056689342,109.91602215475656,219.83204430951312,0.9842190726301743
octave_pure_220,pure_tones,220,"{""frequencies_hz"": ""220""}",phase_vocoder,Phase Vocoder,local phase vocoder,-12,56,1.3003174603174603,109.91600209092185,219.8320041818437,0.9842190339062897
octave_pure_220,pure_tones,220,"{""frequencies_hz"": ""220""}",phase_vocoder,Phase Vocoder,local phase vocoder,-12,57,1.3235374149659864,109.91598827023378,219.83197654046756,0.9842192007699431
octave_pure_220,pure_tones,220,"{""frequencies_hz"": ""220""}",phase_vocoder,Phase Vocoder,local phase vocoder,-12,58,1.3467573696145125,109.91599370607109,219.83198741214218,0.9842190878460538
octave_pure_220,pure_tones,220,"{""frequencies_hz"": ""220""}",phase_vocoder,Phase Vocoder,local phase vocoder,-12,59,1.3699773242630386,109.9160108293163,219.8320216586326,0.9842191909815433
octave_pure_220,pure_tones,220,"{""frequencies_hz"": ""220""}",phase_vocoder,Phase Vocoder,local phase vocoder,-12,60,1.3931972789115645,109.9160195434431,219.8320390868862,0.9842190254235837
octave_pure_220,pure_tones,220,"{""frequencies_hz"": ""220""}",phase_vocoder,Phase Vocoder,local phase vocoder,-12,61,1.4164172335600906,109.9160252196626,219.8320504393252,0.9842190257620286
octave_pure_220,pure_tones,220,"{""frequencies_hz"": ""220""}",phase_vocoder,Phase Vocoder,local phase vocoder,-12,62,1.4396371882086167,109.91603398195149,219.83206796390297,0.9842188504211508
octave_pure_220,pure_tones,220,"{""frequencies_hz"": ""220""}",phase_vocoder,Phase Vocoder,local phase vocoder,-12,63,1.4628571428571429,109.91604203424191,219.83208406848382,0.9842189986182744
octave_pure_220,pure_tones,220,"{""frequencies_hz"": ""220""}",phase_vocoder,Phase Vocoder,local phase vocoder,-12,64,1.486077097505669,109.91603113004244,219.83206226008488,0.9842189083137267
octave_pure_220,pure_tones,220,"{""frequencies_hz"": ""220""}",phase_vocoder,Phase Vocoder,local phase vocoder,-12,65,1.509297052154195,109.91601423349664,219.83202846699328,0.9842190715231256
octave_pure_220,pure_tones,220,"{""frequencies_hz"": ""220""}",phase_vocoder,Phase Vocoder,local phase vocoder,-12,66,1.5325170068027212,109.91599904575679,219.83199809151358,0.9842190753179378
octave_pure_220,pure_tones,220,"{""frequencies_hz"": ""220""}",phase_vocoder,Phase Vocoder,local phase vocoder,-12,67,1.555736961451247,109.91599438750482,219.83198877500965,0.9842192124540396
octave_pure_220,pure_tones,220,"{""frequencies_hz"": ""220""}",phase_vocoder,Phase Vocoder,local phase vocoder,-12,68,1.5789569160997732,109.91599853106558,219.83199706213117,0.9842190621963784
octave_pure_220,pure_tones,220,"{""frequencies_hz"": ""220""}",phase_vocoder,Phase Vocoder,local phase vocoder,-12,69,1.6021768707482993,109.91600951313423,219.83201902626845,0.9842191780868789
octave_pure_220,pure_tones,220,"{""frequencies_hz"": ""220""}",phase_vocoder,Phase Vocoder,local phase vocoder,-12,70,1.6253968253968254,109.91601722970844,219.8320344594169,0.9842190353873089
octave_pure_220,pure_tones,220,"{""frequencies_hz"": ""220""}",phase_vocoder,Phase Vocoder,local phase vocoder,-12,71,1.6486167800453515,109.9160248435704,219.8320496871408,0.9842190287754569
octave_pure_220,pure_tones,220,"{""frequencies_hz"": ""220""}",phase_vocoder,Phase Vocoder,local phase vocoder,-12,72,1.6718367346938776,109.91603482707356,219.83206965414712,0.9842188583460721
octave_pure_220,pure_tones,220,"{""frequencies_hz"": ""220""}",phase_vocoder,Phase Vocoder,local phase vocoder,-12,73,1.6950566893424037,109.91604362304304,219.83208724608608,0.9842189913148626
octave_pure_220,pure_tones,220,"{""frequencies_hz"": ""220""}",phase_vocoder,Phase Vocoder,local phase vocoder,-12,74,1.7182766439909296,109.91602895920484,219.83205791840967,0.984218899550959
octave_pure_220,pure_tones,220,"{""frequencies_hz"": ""220""}",phase_vocoder,Phase Vocoder,local phase vocoder,-12,75,1.7414965986394557,109.91600819513069,219.83201639026137,0.9842190883855578
octave_pure_220,pure_tones,220,"{""frequencies_hz"": ""220""}",phase_vocoder,Phase Vocoder,local phase vocoder,-12,76,1.7647165532879818,109.91599922559952,219.83199845119904,0.9842190982241201
octave_pure_220,pure_tones,220,"{""frequencies_hz"": ""220""}",phase_vocoder,Phase Vocoder,local phase vocoder,-12,77,1.787936507936508,109.91599757366619,219.83199514733238,0.9842195253823663
octave_pure_220,pure_tones,220,"{""frequencies_hz"": ""220""}",phase_vocoder,Phase Vocoder,local phase vocoder,-12,78,1.811156462585034,109.91573572609789,219.83147145219579,0.9842322850001739
octave_pure_220,pure_tones,220,"{""frequencies_hz"": ""220""}",phase_vocoder,Phase Vocoder,local phase vocoder,-12,79,1.8343764172335602,109.91403301696079,219.82806603392157,0.9843017439722375
octave_pure_220,pure_tones,220,"{""frequencies_hz"": ""220""}",phase_vocoder,Phase Vocoder,local phase vocoder,-12,80,1.8575963718820863,109.91780215787799,219.83560431575597,0.9842716572451948
octave_pure_220,pure_tones,220,"{""frequencies_hz"": ""220""}",phase_vocoder,Phase Vocoder,local phase vocoder,-12,81,1.8808163265306121,109.95281027984502,219.90562055969005,0.9838730379834354
octave_pure_220,pure_tones,220,"{""frequencies_hz"": ""220""}",phase_vocoder,Phase Vocoder,local phase vocoder,-12,82,1.9040362811791383,109.95798603520558,219.91597207041116,0.9832811418069731
octave_pure_220,pure_tones,220,"{""frequencies_hz"": ""220""}",phase_vocoder,Phase Vocoder,local phase vocoder,-12,83,1.9272562358276644,109.74319124562587,219.48638249125173,0.9822892999998301
octave_pure_220,pure_tones,220,"{""frequencies_hz"": ""220""}",phase_vocoder,Phase Vocoder,local phase vocoder,-12,84,1.9504761904761905,109.48782813326922,218.97565626653844,0.9739913573187675
octave_pure_220,pure_tones,220,"{""frequencies_hz"": ""220""}",phase_vocoder,Phase Vocoder,local phase vocoder,-12,85,1.9736961451247166,109.73314578085862,219.46629156171724,0.9521296269054894
octave_pure_220,pure_tones,220,"{""frequencies_hz"": ""220""}",phase_vocoder,Phase Vocoder,local phase vocoder,-12,86,1.9969160997732427,110.12051082663044,220.24102165326087,0.9356892099884414
octave_pure_220,pure_tones,220,"{""frequencies_hz"": ""220""}",wsola,WSOLA,local waveform-similarity overlap-add,-12,0,0.0,700.4029250617916,1400.8058501235832,0.3590174180868564
octave_pure_220,pure_tones,220,"{""frequencies_hz"": ""220""}",wsola,WSOLA,local waveform-similarity overlap-add,-12,1,0.023219954648526078,700.3948832219978,1400.7897664439956,0.35989971509016894
octave_pure_220,pure_tones,220,"{""frequencies_hz"": ""220""}",wsola,WSOLA,local waveform-similarity overlap-add,-12,2,0.046439909297052155,700.3545014402384,1400.7090028804769,0.3660276824889955
octave_pure_220,pure_tones,220,"{""frequencies_hz"": ""220""}",wsola,WSOLA,local waveform-similarity overlap-add,-12,3,0.06965986394557823,700.0657247069453,1400.1314494138906,0.45053097277624576
octave_pure_220,pure_tones,220,"{""frequencies_hz"": ""220""}",wsola,WSOLA,local waveform-similarity overlap-add,-12,4,0.09287981859410431,,,0.9996697174799634
octave_pure_220,pure_tones,220,"{""frequencies_hz"": ""220""}",wsola,WSOLA,local waveform-similarity overlap-add,-12,5,0.11609977324263039,118.22150939732906,236.44301879465812,0.9484833130346464
octave_pure_220,pure_tones,220,"{""frequencies_hz"": ""220""}",wsola,WSOLA,local waveform-similarity overlap-add,-12,6,0.13931972789115646,118.68848986457296,237.37697972914592,0.9662294072975254
octave_pure_220,pure_tones,220,"{""frequencies_hz"": ""220""}",wsola,WSOLA,local waveform-similarity overlap-add,-12,7,0.16253968253968254,118.58447566643527,237.16895133287053,0.9771072744753606
octave_pure_220,pure_tones,220,"{""frequencies_hz"": ""220""}",wsola,WSOLA,local waveform-similarity overlap-add,-12,8,0.18575963718820862,118.06408541848265,236.1281708369653,0.9813578478663422
octave_pure_220,pure_tones,220,"{""frequencies_hz"": ""220""}",wsola,WSOLA,local waveform-similarity overlap-add,-12,9,0.2089795918367347,117.80020419642481,235.60040839284963,0.9834358934705991
octave_pure_220,pure_tones,220,"{""frequencies_hz"": ""220""}",wsola,WSOLA,local waveform-similarity overlap-add,-12,10,0.23219954648526078,117.97873433214114,235.9574686642823,0.9851780935375879
octave_pure_220,pure_tones,220,"{""frequencies_hz"": ""220""}",wsola,WSOLA,local waveform-similarity overlap-add,-12,11,0.25541950113378686,118.12477669127496,236.24955338254992,0.9859431999599466
octave_pure_220,pure_tones,220,"{""frequencies_hz"": ""220""}",wsola,WSOLA,local waveform-similarity overlap-add,-12,12,0.2786394557823129,118.04056785826624,236.0811357165325,0.9858765415805916
octave_pure_220,pure_tones,220,"{""frequencies_hz"": ""220""}",wsola,WSOLA,local waveform-similarity overlap-add,-12,13,0.301859410430839,117.99094197639036,235.98188395278072,0.9859824275907674
octave_pure_220,pure_tones,220,"{""frequencies_hz"": ""220""}",wsola,WSOLA,local waveform-similarity overlap-add,-12,14,0.3250793650793651,118.03985381226842,236.07970762453684,0.9862337595613357
octave_pure_220,pure_tones,220,"{""frequencies_hz"": ""220""}",wsola,WSOLA,local waveform-similarity overlap-add,-12,15,0.34829931972789113,118.05689161663469,236.11378323326937,0.9862476485492105
octave_pure_220,pure_tones,220,"{""frequencies_hz"": ""220""}",wsola,WSOLA,local waveform-similarity overlap-add,-12,16,0.37151927437641724,118.03865010312848,236.07730020625695,0.9861881347370439
octave_pure_220,pure_tones,220,"{""frequencies_hz"": ""220""}",wsola,WSOLA,local waveform-similarity overlap-add,-12,17,0.3947392290249433,118.04050230775866,236.08100461551732,0.9862335471733767
octave_pure_220,pure_tones,220,"{""frequencies_hz"": ""220""}",wsola,WSOLA,local waveform-similarity overlap-add,-12,18,0.4179591836734694,118.04117758456344,236.08235516912688,0.9862562570444972
octave_pure_220,pure_tones,220,"{""frequencies_hz"": ""220""}",wsola,WSOLA,local waveform-similarity overlap-add,-12,19,0.44117913832199546,118.0265992399025,236.053198479805,0.9862078320388038
octave_pure_220,pure_tones,220,"{""frequencies_hz"": ""220""}",wsola,WSOLA,local waveform-similarity overlap-add,-12,20,0.46439909297052157,118.03109301068714,236.0621860213743,0.9862122166922628
octave_pure_220,pure_tones,220,"{""frequencies_hz"": ""220""}",wsola,WSOLA,local waveform-similarity overlap-add,-12,21,0.4876190476190476,118.05092271059604,236.10184542119208,0.9862648605152651
octave_pure_220,pure_tones,220,"{""frequencies_hz"": ""220""}",wsola,WSOLA,local waveform-similarity overlap-add,-12,22,0.5108390022675737,118.04597715258379,236.09195430516758,0.9862513961051732
octave_pure_220,pure_tones,220,"{""frequencies_hz"": ""220""}",wsola,WSOLA,local waveform-similarity overlap-add,-12,23,0.5340589569160997,118.02674562046936,236.0534912409387,0.986198556697423
octave_pure_220,pure_tones,220,"{""frequencies_hz"": ""220""}",wsola,WSOLA,local waveform-similarity overlap-add,-12,24,0.5572789115646258,118.03366466100306,236.06732932200612,0.9862175990382128
octave_pure_220,pure_tones,220,"{""frequencies_hz"": ""220""}",wsola,WSOLA,local waveform-similarity overlap-add,-12,25,0.5804988662131519,118.05217887007537,236.10435774015073,0.9862687458021858
octave_pure_220,pure_tones,220,"{""frequencies_hz"": ""220""}",wsola,WSOLA,local waveform-similarity overlap-add,-12,26,0.603718820861678,118.04211677953126,236.0842335590625,0.9862521678815901
octave_pure_220,pure_tones,220,"{""frequencies_hz"": ""220""}",wsola,WSOLA,local waveform-similarity overlap-add,-12,27,0.626938775510204,118.01651434240543,236.03302868481086,0.9862067838881117
octave_pure_220,pure_tones,220,"{""frequencies_hz"": ""220""}",wsola,WSOLA,local waveform-similarity overlap-add,-12,28,0.6501587301587302,118.01498622453524,236.02997244907047,0.9862105239836353
octave_pure_220,pure_tones,220,"{""frequencies_hz"": ""220""}",wsola,WSOLA,local waveform-similarity overlap-add,-12,29,0.6733786848072563,118.03724761712738,236.07449523425475,0.986251736808919
octave_pure_220,pure_tones,220,"{""frequencies_hz"": ""220""}",wsola,WSOLA,local waveform-similarity overlap-add,-12,30,0.6965986394557823,118.04995884010796,236.09991768021592,0.9862635133449612
octave_pure_220,pure_tones,220,"{""frequencies_hz"": ""220""}",wsola,WSOLA,local waveform-similarity overlap-add,-12,31,0.7198185941043084,118.04092460568596,236.08184921137192,0.9862371172342203
octave_pure_220,pure_tones,220,"{""frequencies_hz"": ""220""}",wsola,WSOLA,local waveform-similarity overlap-add,-12,32,0.7430385487528345,118.0318009259286,236.0636018518572,0.9862166047521644
octave_pure_220,pure_tones,220,"{""frequencies_hz"": ""220""}",wsola,WSOLA,local waveform-similarity overlap-add,-12,33,0.7662585034013606,118.03934788164982,236.07869576329963,0.9862380076549199
octave_pure_220,pure_tones,220,"{""frequencies_hz"": ""220""}",wsola,WSOLA,local waveform-similarity overlap-add,-12,34,0.7894784580498866,118.04706569326115,236.0941313865223,0.9862588045545723
octave_pure_220,pure_tones,220,"{""frequencies_hz"": ""220""}",wsola,WSOLA,local waveform-similarity overlap-add,-12,35,0.8126984126984127,118.03870989114786,236.07741978229572,0.9862359927334394
octave_pure_220,pure_tones,220,"{""frequencies_hz"": ""220""}",wsola,WSOLA,local waveform-similarity overlap-add,-12,36,0.8359183673469388,118.03188422513179,236.06376845026358,0.9862174265255277
octave_pure_220,pure_tones,220,"{""frequencies_hz"": ""220""}",wsola,WSOLA,local waveform-similarity overlap-add,-12,37,0.8591383219954648,118.04091043958681,236.08182087917362,0.9862420395567204
octave_pure_220,pure_tones,220,"{""frequencies_hz"": ""220""}",wsola,WSOLA,local waveform-similarity overlap-add,-12,38,0.8823582766439909,118.04669526008092,236.09339052016185,0.986260520260592
octave_pure_220,pure_tones,220,"{""frequencies_hz"": ""220""}",wsola,WSOLA,local waveform-similarity overlap-add,-12,39,0.905578231292517,118.03377494064397,236.06754988128793,0.9862437608856643
octave_pure_220,pure_tones,220,"{""frequencies_hz"": ""220""}",wsola,WSOLA,local waveform-similarity overlap-add,-12,40,0.9287981859410431,118.01723143425137,236.03446286850274,0.9862202111222597
octave_pure_220,pure_tones,220,"{""frequencies_hz"": ""220""}",wsola,WSOLA,local waveform-similarity overlap-add,-12,41,0.9520181405895691,118.01817879908212,236.03635759816424,0.986224382304877
octave_pure_220,pure_tones,220,"{""frequencies_hz"": ""220""}",wsola,WSOLA,local waveform-similarity overlap-add,-12,42,0.9752380952380952,118.03293794313382,236.06587588626763,0.986249793385997
octave_pure_220,pure_tones,220,"{""frequencies_hz"": ""220""}",wsola,WSOLA,local waveform-similarity overlap-add,-12,43,0.9984580498866213,118.03954549420956,236.07909098841913,0.9862547929978295
octave_pure_220,pure_tones,220,"{""frequencies_hz"": ""220""}",wsola,WSOLA,local waveform-similarity overlap-add,-12,44,1.0216780045351475,118.03320546121786,236.06641092243572,0.9862302891154667
octave_pure_220,pure_tones,220,"{""frequencies_hz"": ""220""}",wsola,WSOLA,local waveform-similarity overlap-add,-12,45,1.0448979591836736,118.03304552440764,236.06609104881528,0.9862229101189801
octave_pure_220,pure_tones,220,"{""frequencies_hz"": ""220""}",wsola,WSOLA,local waveform-similarity overlap-add,-12,46,1.0681179138321995,118.04419039506155,236.0883807901231,0.9862512654765432
octave_pure_220,pure_tones,220,"{""frequencies_hz"": ""220""}",wsola,WSOLA,local waveform-similarity overlap-add,-12,47,1.0913378684807256,118.04470057206598,236.08940114413195,0.986258470627572
octave_pure_220,pure_tones,220,"{""frequencies_hz"": ""220""}",wsola,WSOLA,local waveform-similarity overlap-add,-12,48,1.1145578231292517,118.02817983358322,236.05635966716645,0.9862356458162985
octave_pure_220,pure_tones,220,"{""frequencies_hz"": ""220""}",wsola,WSOLA,local waveform-similarity overlap-add,-12,49,1.1377777777777778,118.01529372862629,236.03058745725258,0.986218018991207
octave_pure_220,pure_tones,220,"{""frequencies_hz"": ""220""}",wsola,WSOLA,local waveform-similarity overlap-add,-12,50,1.1609977324263039,118.021946779333,236.043893558666,0.9862313279298469
octave_pure_220,pure_tones,220,"{""frequencies_hz"": ""220""}",wsola,WSOLA,local waveform-similarity overlap-add,-12,51,1.18421768707483,118.03645160661016,236.07290321322031,0.9862542587427132
octave_pure_220,pure_tones,220,"{""frequencies_hz"": ""220""}",wsola,WSOLA,local waveform-similarity overlap-add,-12,52,1.207437641723356,118.03846187790525,236.0769237558105,0.9862498890210991
octave_pure_220,pure_tones,220,"{""frequencies_hz"": ""220""}",wsola,WSOLA,local waveform-similarity overlap-add,-12,53,1.230657596371882,118.0316145234299,236.0632290468598,0.9862237757537649
octave_pure_220,pure_tones,220,"{""frequencies_hz"": ""220""}",wsola,WSOLA,local waveform-similarity overlap-add,-12,54,1.253877551020408,118.03535792608827,236.07071585217653,0.9862317794480906
octave_pure_220,pure_tones,220,"{""frequencies_hz"": ""220""}",wsola,WSOLA,local waveform-similarity overlap-add,-12,55,1.2770975056689342,118.04263702419956,236.08527404839913,0.9862621111970218
octave_pure_220,pure_tones,220,"{""frequencies_hz"": ""220""}",wsola,WSOLA,local waveform-similarity overlap-add,-12,56,1.3003174603174603,118.03174328691858,236.06348657383717,0.9862391645992643
octave_pure_220,pure_tones,220,"{""frequencies_hz"": ""220""}",wsola,WSOLA,local waveform-similarity overlap-add,-12,57,1.3235374149659864,118.02040732915121,236.04081465830242,0.9862007700064994
octave_pure_220,pure_tones,220,"{""frequencies_hz"": ""220""}",wsola,WSOLA,local waveform-similarity overlap-add,-12,58,1.3467573696145125,118.03554014550373,236.07108029100746,0.9862297734429042
octave_pure_220,pure_tones,220,"{""frequencies_hz"": ""220""}",wsola,WSOLA,local waveform-similarity overlap-add,-12,59,1.3699773242630386,118.05287115140544,236.10574230281088,0.9862716290430372
octave_pure_220,pure_tones,220,"{""frequencies_hz"": ""220""}",wsola,WSOLA,local waveform-similarity overlap-add,-12,60,1.3931972789115645,118.03876336628281,236.07752673256562,0.9862454516180955
octave_pure_220,pure_tones,220,"{""frequencies_hz"": ""220""}",wsola,WSOLA,local waveform-similarity overlap-add,-12,61,1.4164172335600906,118.0144597654821,236.0289195309642,0.9862037438481419
octave_pure_220,pure_tones,220,"{""frequencies_hz"": ""220""}",wsola,WSOLA,local waveform-similarity overlap-add,-12,62,1.4396371882086167,118.01709757359193,236.03419514718385,0.9862160575866816
octave_pure_220,pure_tones,220,"{""frequencies_hz"": ""220""}",wsola,WSOLA,local waveform-similarity overlap-add,-12,63,1.4628571428571429,118.0390608790042,236.0781217580084,0.9862594526112064
octave_pure_220,pure_tones,220,"{""frequencies_hz"": ""220""}",wsola,WSOLA,local waveform-similarity overlap-add,-12,64,1.486077097505669,118.04420227246816,236.0884045449363,0.9862648333569864
octave_pure_220,pure_tones,220,"{""frequencies_hz"": ""220""}",wsola,WSOLA,local waveform-similarity overlap-add,-12,65,1.509297052154195,118.02724015310368,236.05448030620735,0.9862222824104838
octave_pure_220,pure_tones,220,"{""frequencies_hz"": ""220""}",wsola,WSOLA,local waveform-similarity overlap-add,-12,66,1.5325170068027212,118.02206795969065,236.0441359193813,0.9862016603043012
octave_pure_220,pure_tones,220,"{""frequencies_hz"": ""220""}",wsola,WSOLA,local waveform-similarity overlap-add,-12,67,1.555736961451247,118.04246105325791,236.08492210651582,0.9862455041548339
octave_pure_220,pure_tones,220,"{""frequencies_hz"": ""220""}",wsola,WSOLA,local waveform-similarity overlap-add,-12,68,1.5789569160997732,118.05239930690992,236.10479861381984,0.9862693653990761
octave_pure_220,pure_tones,220,"{""frequencies_hz"": ""220""}",wsola,WSOLA,local waveform-similarity overlap-add,-12,69,1.6021768707482993,118.0340838136787,236.0681676273574,0.9862183546183273
octave_pure_220,pure_tones,220,"{""frequencies_hz"": ""220""}",wsola,WSOLA,local waveform-similarity overlap-add,-12,70,1.6253968253968254,118.02650793984726,236.05301587969453,0.9861976687143528
octave_pure_220,pure_tones,220,"{""frequencies_hz"": ""220""}",wsola,WSOLA,local waveform-similarity overlap-add,-12,71,1.6486167800453515,118.04559343882693,236.09118687765385,0.9862504612460139
octave_pure_220,pure_tones,220,"{""frequencies_hz"": ""220""}",wsola,WSOLA,local waveform-similarity overlap-add,-12,72,1.6718367346938776,118.05092186975473,236.10184373950946,0.9862689199943916
octave_pure_220,pure_tones,220,"{""frequencies_hz"": ""220""}",wsola,WSOLA,local waveform-similarity overlap-add,-12,73,1.6950566893424037,118.02714022613222,236.05428045226444,0.9862242274616388
octave_pure_220,pure_tones,220,"{""frequencies_hz"": ""220""}",wsola,WSOLA,local waveform-similarity overlap-add,-12,74,1.7182766439909296,118.0114865586861,236.0229731173722,0.9862015510949459
octave_pure_220,pure_tones,220,"{""frequencies_hz"": ""220""}",wsola,WSOLA,local waveform-similarity overlap-add,-12,75,1.7414965986394557,118.02624633462639,236.05249266925279,0.9862333791718464
octave_pure_220,pure_tones,220,"{""frequencies_hz"": ""220""}",wsola,WSOLA,local waveform-similarity overlap-add,-12,76,1.7647165532879818,118.04709746600595,236.0941949320119,0.986263743262399
octave_pure_220,pure_tones,220,"{""frequencies_hz"": ""220""}",wsola,WSOLA,local waveform-similarity overlap-add,-12,77,1.787936507936508,118.04685779024734,236.0937155804947,0.9862522029212283
octave_pure_220,pure_tones,220,"{""frequencies_hz"": ""220""}",wsola,WSOLA,local waveform-similarity overlap-add,-12,78,1.811156462585034,118.03424521936732,236.06849043873464,0.9862221342486734
octave_pure_220,pure_tones,220,"{""frequencies_hz"": ""220""}",wsola,WSOLA,local waveform-similarity overlap-add,-12,79,1.8343764172335602,118.0339467036453,236.0678934072906,0.9862259197043335
octave_pure_220,pure_tones,220,"{""frequencies_hz"": ""220""}",wsola,WSOLA,local waveform-similarity overlap-add,-12,80,1.8575963718820863,118.04208642033512,236.08417284067025,0.9862575040288303
octave_pure_220,pure_tones,220,"{""frequencies_hz"": ""220""}",wsola,WSOLA,local waveform-similarity overlap-add,-12,81,1.8808163265306121,118.01166636042556,236.02333272085113,0.9861550707878542
octave_pure_220,pure_tones,220,"{""frequencies_hz"": ""220""}",wsola,WSOLA,local waveform-similarity overlap-add,-12,82,1.9040362811791383,117.79506328165344,235.59012656330688,0.9859787405748862
octave_pure_220,pure_tones,220,"{""frequencies_hz"": ""220""}",wsola,WSOLA,local waveform-similarity overlap-add,-12,83,1.9272562358276644,,,0.07071789429703233
octave_pure_220,pure_tones,220,"{""frequencies_hz"": ""220""}",wsola,WSOLA,local waveform-similarity overlap-add,-12,84,1.9504761904761905,,,0.013964652835573247
octave_pure_220,pure_tones,220,"{""frequencies_hz"": ""220""}",wsola,WSOLA,local waveform-similarity overlap-add,-12,85,1.9736961451247166,,,0.011177958306413967
octave_pure_220,pure_tones,220,"{""frequencies_hz"": ""220""}",wsola,WSOLA,local waveform-similarity overlap-add,-12,86,1.9969160997732427,,,0.01077504404247188
octave_pure_220,pure_tones,220,"{""frequencies_hz"": ""220""}",rubber_band,Rubber Band,local hybrid spectral/time-domain proxy,-12,0,0.0,,,0.001206692577198602
octave_pure_220,pure_tones,220,"{""frequencies_hz"": ""220""}",rubber_band,Rubber Band,local hybrid spectral/time-domain proxy,-12,1,0.023219954648526078,,,0.0013451074651176958
octave_pure_220,pure_tones,220,"{""frequencies_hz"": ""220""}",rubber_band,Rubber Band,local hybrid spectral/time-domain proxy,-12,2,0.046439909297052155,,,0.0023169909504184858
octave_pure_220,pure_tones,220,"{""frequencies_hz"": ""220""}",rubber_band,Rubber Band,local hybrid spectral/time-domain proxy,-12,3,0.06965986394557823,,,0.017791679921908977
octave_pure_220,pure_tones,220,"{""frequencies_hz"": ""220""}",rubber_band,Rubber Band,local hybrid spectral/time-domain proxy,-12,4,0.09287981859410431,,,0.9995217919677815
octave_pure_220,pure_tones,220,"{""frequencies_hz"": ""220""}",rubber_band,Rubber Band,local hybrid spectral/time-domain proxy,-12,5,0.11609977324263039,118.42057792304512,236.84115584609023,0.950127553454714
octave_pure_220,pure_tones,220,"{""frequencies_hz"": ""220""}",rubber_band,Rubber Band,local hybrid spectral/time-domain proxy,-12,6,0.13931972789115646,118.82394762271313,237.64789524542627,0.9660774084989957
octave_pure_220,pure_tones,220,"{""frequencies_hz"": ""220""}",rubber_band,Rubber Band,local hybrid spectral/time-domain proxy,-12,7,0.16253968253968254,118.57533881870029,237.15067763740058,0.9759631418439245
octave_pure_220,pure_tones,220,"{""frequencies_hz"": ""220""}",rubber_band,Rubber Band,local hybrid spectral/time-domain proxy,-12,8,0.18575963718820862,117.92276899444876,235.84553798889752,0.9799975305579526
octave_pure_220,pure_tones,220,"{""frequencies_hz"": ""220""}",rubber_band,Rubber Band,local hybrid spectral/time-domain proxy,-12,9,0.2089795918367347,117.63752279908697,235.27504559817393,0.9822840168688292
octave_pure_220,pure_tones,220,"{""frequencies_hz"": ""220""}",rubber_band,Rubber Band,local hybrid spectral/time-domain proxy,-12,10,0.23219954648526078,117.9074020430391,235.8148040860782,0.9846022429914509
octave_pure_220,pure_tones,220,"{""frequencies_hz"": ""220""}",rubber_band,Rubber Band,local hybrid spectral/time-domain proxy,-12,11,0.25541950113378686,118.1990806060378,236.3981612120756,0.9861008705868414
octave_pure_220,pure_tones,220,"{""frequencies_hz"": ""220""}",rubber_band,Rubber Band,local hybrid spectral/time-domain proxy,-12,12,0.2786394557823129,118.1399886682938,236.2799773365876,0.9862424294675599
octave_pure_220,pure_tones,220,"{""frequencies_hz"": ""220""}",rubber_band,Rubber Band,local hybrid spectral/time-domain proxy,-12,13,0.301859410430839,117.97928082930196,235.9585616586039,0.9859692916571132
octave_pure_220,pure_tones,220,"{""frequencies_hz"": ""220""}",rubber_band,Rubber Band,local hybrid spectral/time-domain proxy,-12,14,0.3250793650793651,117.93020797281171,235.86041594562343,0.9858338743367245
octave_pure_220,pure_tones,220,"{""frequencies_hz"": ""220""}",rubber_band,Rubber Band,local hybrid spectral/time-domain proxy,-12,15,0.34829931972789113,117.98005687357887,235.96011374715775,0.9859305895679399
octave_pure_220,pure_tones,220,"{""frequencies_hz"": ""220""}",rubber_band,Rubber Band,local hybrid spectral/time-domain proxy,-12,16,0.37151927437641724,118.08614876814828,236.17229753629655,0.9862946152605075
octave_pure_220,pure_tones,220,"{""frequencies_hz"": ""220""}",rubber_band,Rubber Band,local hybrid spectral/time-domain proxy,-12,17,0.3947392290249433,118.14609011702335,236.2921802340467,0.9865249348604732
octave_pure_220,pure_tones,220,"{""frequencies_hz"": ""220""}",rubber_band,Rubber Band,local hybrid spectral/time-domain proxy,-12,18,0.4179591836734694,118.05825844117402,236.11651688234804,0.9861946803637383
octave_pure_220,pure_tones,220,"{""frequencies_hz"": ""220""}",rubber_band,Rubber Band,local hybrid spectral/time-domain proxy,-12,19,0.44117913832199546,117.92360324055166,235.8472064811033,0.9856927389559235
octave_pure_220,pure_tones,220,"{""frequencies_hz"": ""220""}",rubber_band,Rubber Band,local hybrid spectral/time-domain proxy,-12,20,0.46439909297052157,117.92090889898155,235.8418177979631,0.9856755122040437
octave_pure_220,pure_tones,220,"{""frequencies_hz"": ""220""}",rubber_band,Rubber Band,local hybrid spectral/time-domain proxy,-12,21,0.4876190476190476,118.05515117444665,236.1103023488933,0.9861621306198721
octave_pure_220,pure_tones,220,"{""frequencies_hz"": ""220""}",rubber_band,Rubber Band,local hybrid spectral/time-domain proxy,-12,22,0.5108390022675737,118.14936230542578,236.29872461085156,0.9865342068998618
octave_pure_220,pure_tones,220,"{""frequencies_hz"": ""220""}",rubber_band,Rubber Band,local hybrid spectral/time-domain proxy,-12,23,0.5340589569160997,118.08421718515851,236.16843437031702,0.9863309876522774
octave_pure_220,pure_tones,220,"{""frequencies_hz"": ""220""}",rubber_band,Rubber Band,local hybrid spectral/time-domain proxy,-12,24,0.5572789115646258,117.96466411030805,235.9293282206161,0.985893127719663
octave_pure_220,pure_tones,220,"{""frequencies_hz"": ""220""}",rubber_band,Rubber Band,local hybrid spectral/time-domain proxy,-12,25,0.5804988662131519,117.93453889021376,235.86907778042752,0.9857741396733039
octave_pure_220,pure_tones,220,"{""frequencies_hz"": ""220""}",rubber_band,Rubber Band,local hybrid spectral/time-domain proxy,-12,26,0.603718820861678,118.01228151261273,236.02456302522546,0.9860927210643622
octave_pure_220,pure_tones,220,"{""frequencies_hz"": ""220""}",rubber_band,Rubber Band,local hybrid spectral/time-domain proxy,-12,27,0.626938775510204,118.10680474746371,236.21360949492743,0.9864925098719945
octave_pure_220,pure_tones,220,"{""frequencies_hz"": ""220""}",rubber_band,Rubber Band,local hybrid spectral/time-domain proxy,-12,28,0.6501587301587302,118.10411000606936,236.20822001213872,0.9864778104121941
octave_pure_220,pure_tones,220,"{""frequencies_hz"": ""220""}",rubber_band,Rubber Band,local hybrid spectral/time-domain proxy,-12,29,0.6733786848072563,118.00512204488918,236.01024408977835,0.9860595554112341
octave_pure_220,pure_tones,220,"{""frequencies_hz"": ""220""}",rubber_band,Rubber Band,local hybrid spectral/time-domain proxy,-12,30,0.6965986394557823,117.93092337128293,235.86184674256586,0.985750438151666
octave_pure_220,pure_tones,220,"{""frequencies_hz"": ""220""}",rubber_band,Rubber Band,local hybrid spectral/time-domain proxy,-12,31,0.7198185941043084,117.97220944875181,235.94441889750362,0.9859101754608717
octave_pure_220,pure_tones,220,"{""frequencies_hz"": ""220""}",rubber_band,Rubber Band,local hybrid spectral/time-domain proxy,-12,32,0.7430385487528345,118.0907850154981,236.1815700309962,0.9863618707218296
octave_pure_220,pure_tones,220,"{""frequencies_hz"": ""220""}",rubber_band,Rubber Band,local hybrid spectral/time-domain proxy,-12,33,0.7662585034013606,118.14377468181094,236.28754936362188,0.9865458925121986
octave_pure_220,pure_tones,220,"{""frequencies_hz"": ""220""}",rubber_band,Rubber Band,local hybrid spectral/time-domain proxy,-12,34,0.7894784580498866,118.05277754141832,236.10555508283664,0.9861855132136946
octave_pure_220,pure_tones,220,"{""frequencies_hz"": ""220""}",rubber_band,Rubber Band,local hybrid spectral/time-domain proxy,-12,35,0.8126984126984127,117.93026421018762,235.86052842037523,0.985727280340054
octave_pure_220,pure_tones,220,"{""frequencies_hz"": ""220""}",rubber_band,Rubber Band,local hybrid spectral/time-domain proxy,-12,36,0.8359183673469388,117.93083211855568,235.86166423711137,0.9857315214576231
octave_pure_220,pure_tones,220,"{""frequencies_hz"": ""220""}",rubber_band,Rubber Band,local hybrid spectral/time-domain proxy,-12,37,0.8591383219954648,118.05951620514404,236.11903241028807,0.9861982590272288
octave_pure_220,pure_tones,220,"{""frequencies_hz"": ""220""}",rubber_band,Rubber Band,local hybrid spectral/time-domain proxy,-12,38,0.8823582766439909,118.15172446438629,236.30344892877258,0.9865396355453714
octave_pure_220,pure_tones,220,"{""frequencies_hz"": ""220""}",rubber_band,Rubber Band,local hybrid spectral/time-domain proxy,-12,39,0.905578231292517,118.07678749325834,236.15357498651667,0.9862992922136413
octave_pure_220,pure_tones,220,"{""frequencies_hz"": ""220""}",rubber_band,Rubber Band,local hybrid spectral/time-domain proxy,-12,40,0.9287981859410431,117.9340072922006,235.8680145844012,0.9858085113936178
octave_pure_220,pure_tones,220,"{""frequencies_hz"": ""220""}",rubber_band,Rubber Band,local hybrid spectral/time-domain proxy,-12,41,0.9520181405895691,117.89982573770406,235.79965147540813,0.9856771789982319
octave_pure_220,pure_tones,220,"{""frequencies_hz"": ""220""}",rubber_band,Rubber Band,local hybrid spectral/time-domain proxy,-12,42,0.9752380952380952,118.01063723218024,236.0212744643605,0.9860568187578402
octave_pure_220,pure_tones,220,"{""frequencies_hz"": ""220""}",rubber_band,Rubber Band,local hybrid spectral/time-domain proxy,-12,43,0.9984580498866213,118.13244877306846,236.26489754613692,0.9864956390000928
octave_pure_220,pure_tones,220,"{""frequencies_hz"": ""220""}",rubber_band,Rubber Band,local hybrid spectral/time-domain proxy,-12,44,1.0216780045351475,118.11093141712875,236.2218628342575,0.9864252203756969
octave_pure_220,pure_tones,220,"{""frequencies_hz"": ""220""}",rubber_band,Rubber Band,local hybrid spectral/time-domain proxy,-12,45,1.0448979591836736,117.9864768103631,235.9729536207262,0.9859659558271265
octave_pure_220,pure_tones,220,"{""frequencies_hz"": ""220""}",rubber_band,Rubber Band,local hybrid spectral/time-domain proxy,-12,46,1.0681179138321995,117.92319985718086,235.84639971436172,0.9857260859386866
octave_pure_220,pure_tones,220,"{""frequencies_hz"": ""220""}",rubber_band,Rubber Band,local hybrid spectral/time-domain proxy,-12,47,1.0913378684807256,117.98770194049779,235.97540388099557,0.9859760570127416
octave_pure_220,pure_tones,220,"{""frequencies_hz"": ""220""}",rubber_band,Rubber Band,local hybrid spectral/time-domain proxy,-12,48,1.1145578231292517,118.09889522330658,236.19779044661317,0.9864301592817691
octave_pure_220,pure_tones,220,"{""frequencies_hz"": ""220""}",rubber_band,Rubber Band,local hybrid spectral/time-domain proxy,-12,49,1.1377777777777778,118.11604982346738,236.23209964693476,0.9865189300067974
octave_pure_220,pure_tones,220,"{""frequencies_hz"": ""220""}",rubber_band,Rubber Band,local hybrid spectral/time-domain proxy,-12,50,1.1609977324263039,118.01607154311353,236.03214308622705,0.9861279642002979
octave_pure_220,pure_tones,220,"{""frequencies_hz"": ""220""}",rubber_band,Rubber Band,local hybrid spectral/time-domain proxy,-12,51,1.18421768707483,117.92500769151744,235.85001538303487,0.9857638072549891
octave_pure_220,pure_tones,220,"{""frequencies_hz"": ""220""}",rubber_band,Rubber Band,local hybrid spectral/time-domain proxy,-12,52,1.207437641723356,117.94876703768485,235.8975340753697,0.985848436324859
octave_pure_220,pure_tones,220,"{""frequencies_hz"": ""220""}",rubber_band,Rubber Band,local hybrid spectral/time-domain proxy,-12,53,1.230657596371882,118.0661543325903,236.1323086651806,0.9862820718674274
octave_pure_220,pure_tones,220,"{""frequencies_hz"": ""220""}",rubber_band,Rubber Band,local hybrid spectral/time-domain proxy,-12,54,1.253877551020408,118.1438168309397,236.2876336618794,0.9865573262893513
octave_pure_220,pure_tones,220,"{""frequencies_hz"": ""220""}",rubber_band,Rubber Band,local hybrid spectral/time-domain proxy,-12,55,1.2770975056689342,118.07555395230239,236.15110790460477,0.9862960680515784
octave_pure_220,pure_tones,220,"{""frequencies_hz"": ""220""}",rubber_band,Rubber Band,local hybrid spectral/time-domain proxy,-12,56,1.3003174603174603,117.93902330962764,235.8780466192553,0.9857882395963924
octave_pure_220,pure_tones,220,"{""frequencies_hz"": ""220""}",rubber_band,Rubber Band,local hybrid spectral/time-domain proxy,-12,57,1.3235374149659864,117.90517426956609,235.81034853913218,0.9856491168005329
octave_pure_220,pure_tones,220,"{""frequencies_hz"": ""220""}",rubber_band,Rubber Band,local hybrid spectral/time-domain proxy,-12,58,1.3467573696145125,118.02445352201373,236.04890704402746,0.9860585306186361
octave_pure_220,pure_tones,220,"{""frequencies_hz"": ""220""}",rubber_band,Rubber Band,local hybrid spectral/time-domain proxy,-12,59,1.3699773242630386,118.14921064720623,236.29842129441246,0.9864999081067044
octave_pure_220,pure_tones,220,"{""frequencies_hz"": ""220""}",rubber_band,Rubber Band,local hybrid spectral/time-domain proxy,-12,60,1.3931972789115645,118.10408188073465,236.2081637614693,0.9863646031085079
octave_pure_220,pure_tones,220,"{""frequencies_hz"": ""220""}",rubber_band,Rubber Band,local hybrid spectral/time-domain proxy,-12,61,1.4164172335600906,117.95337338079555,235.9067467615911,0.9858653985735653
octave_pure_220,pure_tones,220,"{""frequencies_hz"": ""220""}",rubber_band,Rubber Band,local hybrid spectral/time-domain proxy,-12,62,1.4396371882086167,117.89400096747804,235.78800193495607,0.9856552438749682
octave_pure_220,pure_tones,220,"{""frequencies_hz"": ""220""}",rubber_band,Rubber Band,local hybrid spectral/time-domain proxy,-12,63,1.4628571428571429,117.99027853040053,235.98055706080106,0.985973080370588
octave_pure_220,pure_tones,220,"{""frequencies_hz"": ""220""}",rubber_band,Rubber Band,local hybrid spectral/time-domain proxy,-12,64,1.486077097505669,118.1211240163746,236.2422480327492,0.9864459092035742
octave_pure_220,pure_tones,220,"{""frequencies_hz"": ""220""}",rubber_band,Rubber Band,local hybrid spectral/time-domain proxy,-12,65,1.509297052154195,118.12069406296207,236.24138812592415,0.9864745642574917
octave_pure_220,pure_tones,220,"{""frequencies_hz"": ""220""}",rubber_band,Rubber Band,local hybrid spectral/time-domain proxy,-12,66,1.5325170068027212,118.00274681559917,236.00549363119833,0.9860454668604294
octave_pure_220,pure_tones,220,"{""frequencies_hz"": ""220""}",rubber_band,Rubber Band,local hybrid spectral/time-domain proxy,-12,67,1.555736961451247,117.92710424150141,235.85420848300282,0.9857463131552413
octave_pure_220,pure_tones,220,"{""frequencies_hz"": ""220""}",rubber_band,Rubber Band,local hybrid spectral/time-domain proxy,-12,68,1.5789569160997732,117.97319066748014,235.94638133496028,0.9859198863131386
octave_pure_220,pure_tones,220,"{""frequencies_hz"": ""220""}",rubber_band,Rubber Band,local hybrid spectral/time-domain proxy,-12,69,1.6021768707482993,118.08316087729683,236.16632175459367,0.9863547767646796
octave_pure_220,pure_tones,220,"{""frequencies_hz"": ""220""}",rubber_band,Rubber Band,local hybrid spectral/time-domain proxy,-12,70,1.6253968253968254,118.13662942988366,236.2732588597673,0.9865601795660829
octave_pure_220,pure_tones,220,"{""frequencies_hz"": ""220""}",rubber_band,Rubber Band,local hybrid spectral/time-domain proxy,-12,71,1.6486167800453515,118.06861119290689,236.13722238581377,0.9862787142576988
octave_pure_220,pure_tones,220,"{""frequencies_hz"": ""220""}",rubber_band,Rubber Band,local hybrid spectral/time-domain proxy,-12,72,1.6718367346938776,117.95223569380899,235.90447138761797,0.9858278744714397
octave_pure_220,pure_tones,220,"{""frequencies_hz"": ""220""}",rubber_band,Rubber Band,local hybrid spectral/time-domain proxy,-12,73,1.6950566893424037,117.92058108483195,235.8411621696639,0.9857353627292725
octave_pure_220,pure_tones,220,"{""frequencies_hz"": ""220""}",rubber_band,Rubber Band,local hybrid spectral/time-domain proxy,-12,74,1.7182766439909296,118.01721133659468,236.03442267318937,0.986125464631494
octave_pure_220,pure_tones,220,"{""frequencies_hz"": ""220""}",rubber_band,Rubber Band,local hybrid spectral/time-domain proxy,-12,75,1.7414965986394557,118.12974001073944,236.25948002147888,0.9865285329930866
octave_pure_220,pure_tones,220,"{""frequencies_hz"": ""220""}",rubber_band,Rubber Band,local hybrid spectral/time-domain proxy,-12,76,1.7647165532879818,118.10535687951,236.21071375902,0.9863914459554397
octave_pure_220,pure_tones,220,"{""frequencies_hz"": ""220""}",rubber_band,Rubber Band,local hybrid spectral/time-domain proxy,-12,77,1.787936507936508,117.97577462576729,235.95154925153457,0.9858930554066652
octave_pure_220,pure_tones,220,"{""frequencies_hz"": ""220""}",rubber_band,Rubber Band,local hybrid spectral/time-domain proxy,-12,78,1.811156462585034,117.91266061498827,235.82532122997654,0.9856671026797648
octave_pure_220,pure_tones,220,"{""frequencies_hz"": ""220""}",rubber_band,Rubber Band,local hybrid spectral/time-domain proxy,-12,79,1.8343764172335602,117.99836721771584,235.99673443543168,0.9859811123118137
octave_pure_220,pure_tones,220,"{""frequencies_hz"": ""220""}",rubber_band,Rubber Band,local hybrid spectral/time-domain proxy,-12,80,1.8575963718820863,118.12847577889876,236.25695155779752,0.9864561073712029
octave_pure_220,pure_tones,220,"{""frequencies_hz"": ""220""}",rubber_band,Rubber Band,local hybrid spectral/time-domain proxy,-12,81,1.8808163265306121,118.09831707200507,236.19663414401015,0.9863291988681739
octave_pure_220,pure_tones,220,"{""frequencies_hz"": ""220""}",rubber_band,Rubber Band,local hybrid spectral/time-domain proxy,-12,82,1.9040362811791383,117.76196023862431,235.52392047724862,0.9857139863262396
octave_pure_220,pure_tones,220,"{""frequencies_hz"": ""220""}",rubber_band,Rubber Band,local hybrid spectral/time-domain proxy,-12,83,1.9272562358276644,,,0.07059360127813658
octave_pure_220,pure_tones,220,"{""frequencies_hz"": ""220""}",rubber_band,Rubber Band,local hybrid spectral/time-domain proxy,-12,84,1.9504761904761905,,,0.014076448805181342
octave_pure_220,pure_tones,220,"{""frequencies_hz"": ""220""}",rubber_band,Rubber Band,local hybrid spectral/time-domain proxy,-12,85,1.9736961451247166,,,0.011301941158198176
octave_pure_220,pure_tones,220,"{""frequencies_hz"": ""220""}",rubber_band,Rubber Band,local hybrid spectral/time-domain proxy,-12,86,1.9969160997732427,,,0.010900698954206306
octave_pure_220,pure_tones,220,"{""frequencies_hz"": ""220""}",psola,PSOLA,local pitch-synchronous overlap-add,-12,0,0.0,220.4002680292741,440.8005360585482,0.9269403425134441
octave_pure_220,pure_tones,220,"{""frequencies_hz"": ""220""}",psola,PSOLA,local pitch-synchronous overlap-add,-12,1,0.023219954648526078,220.39988503181502,440.79977006363004,0.9464974823153331
octave_pure_220,pure_tones,220,"{""frequencies_hz"": ""220""}",psola,PSOLA,local pitch-synchronous overlap-add,-12,2,0.046439909297052155,220.39942488793398,440.79884977586795,0.9793988834795965
octave_pure_220,pure_tones,220,"{""frequencies_hz"": ""220""}",psola,PSOLA,local pitch-synchronous overlap-add,-12,3,0.06965986394557823,220.39950514881798,440.79901029763596,0.994545036521537
octave_pure_220,pure_tones,220,"{""frequencies_hz"": ""220""}",psola,PSOLA,local pitch-synchronous overlap-add,-12,4,0.09287981859410431,220.39968510708542,440.79937021417084,0.996035336804107
octave_pure_220,pure_tones,220,"{""frequencies_hz"": ""220""}",psola,PSOLA,local pitch-synchronous overlap-add,-12,5,0.11609977324263039,220.39968455725847,440.79936911451694,0.9960353591281322
octave_pure_220,pure_tones,220,"{""frequencies_hz"": ""220""}",psola,PSOLA,local pitch-synchronous overlap-add,-12,6,0.13931972789115646,220.39968199007444,440.7993639801489,0.9960353252508719
octave_pure_220,pure_tones,220,"{""frequencies_hz"": ""220""}",psola,PSOLA,local pitch-synchronous overlap-add,-12,7,0.16253968253968254,220.39968254545073,440.79936509090146,0.9960352864328463
octave_pure_220,pure_tones,220,"{""frequencies_hz"": ""220""}",psola,PSOLA,local pitch-synchronous overlap-add,-12,8,0.18575963718820862,220.39968396131616,440.7993679226323,0.9960352646087065
octave_pure_220,pure_tones,220,"{""frequencies_hz"": ""220""}",psola,PSOLA,local pitch-synchronous overlap-add,-12,9,0.2089795918367347,220.39968197252165,440.7993639450433,0.9960352674293786
octave_pure_220,pure_tones,220,"{""frequencies_hz"": ""220""}",psola,PSOLA,local pitch-synchronous overlap-add,-12,10,0.23219954648526078,220.39968035389447,440.79936070778894,0.9960352948709412
octave_pure_220,pure_tones,220,"{""frequencies_hz"": ""220""}",psola,PSOLA,local pitch-synchronous overlap-add,-12,11,0.25541950113378686,220.39968194156424,440.7993638831285,0.9960353359551251
octave_pure_220,pure_tones,220,"{""frequencies_hz"": ""220""}",psola,PSOLA,local pitch-synchronous overlap-add,-12,12,0.2786394557823129,220.39968203315595,440.7993640663119,0.9960353661342366
octave_pure_220,pure_tones,220,"{""frequencies_hz"": ""220""}",psola,PSOLA,local pitch-synchronous overlap-add,-12,13,0.301859410430839,220.39967948138369,440.79935896276737,0.9960353622056098
octave_pure_220,pure_tones,220,"{""frequencies_hz"": ""220""}",psola,PSOLA,local pitch-synchronous overlap-add,-12,14,0.3250793650793651,220.39967979696323,440.79935959392645,0.9960353378582111
octave_pure_220,pure_tones,220,"{""frequencies_hz"": ""220""}",psola,PSOLA,local pitch-synchronous overlap-add,-12,15,0.34829931972789113,220.39968173562866,440.7993634712573,0.9960352984413605
octave_pure_220,pure_tones,220,"{""frequencies_hz"": ""220""}",psola,PSOLA,local pitch-synchronous overlap-add,-12,16,0.37151927437641724,220.39968051330158,440.79936102660315,0.9960352683089503
octave_pure_220,pure_tones,220,"{""frequencies_hz"": ""220""}",psola,PSOLA,local pitch-synchronous overlap-add,-12,17,0.3947392290249433,220.39967880529053,440.79935761058107,0.9960352620353544
octave_pure_220,pure_tones,220,"{""frequencies_hz"": ""220""}",psola,PSOLA,local pitch-synchronous overlap-add,-12,18,0.4179591836734694,220.3996804207846,440.7993608415692,0.9960352833841715
octave_pure_220,pure_tones,220,"{""frequencies_hz"": ""220""}",psola,PSOLA,local pitch-synchronous overlap-add,-12,19,0.44117913832199546,220.3996811679687,440.7993623359374,0.9960353210446763
octave_pure_220,pure_tones,220,"{""frequencies_hz"": ""220""}",psola,PSOLA,local pitch-synchronous overlap-add,-12,20,0.46439909297052157,220.39967894841996,440.7993578968399,0.9960353577532208
octave_pure_220,pure_tones,220,"{""frequencies_hz"": ""220""}",psola,PSOLA,local pitch-synchronous overlap-add,-12,21,0.4876190476190476,220.39967873065558,440.79935746131116,0.9960353656733452
octave_pure_220,pure_tones,220,"{""frequencies_hz"": ""220""}",psola,PSOLA,local pitch-synchronous overlap-add,-12,22,0.5108390022675737,220.39968104799047,440.79936209598094,0.9960353466742
octave_pure_220,pure_tones,220,"{""frequencies_hz"": ""220""}",psola,PSOLA,local pitch-synchronous overlap-add,-12,23,0.5340589569160997,220.39968055820887,440.79936111641774,0.9960353094987031
octave_pure_220,pure_tones,220,"{""frequencies_hz"": ""220""}",psola,PSOLA,local pitch-synchronous overlap-add,-12,24,0.5572789115646258,220.39967882812348,440.79935765624697,0.9960352734678931
octave_pure_220,pure_tones,220,"{""frequencies_hz"": ""220""}",psola,PSOLA,local pitch-synchronous overlap-add,-12,25,0.5804988662131519,220.399680386446,440.799360772892,0.9960352598050405
octave_pure_220,pure_tones,220,"{""frequencies_hz"": ""220""}",psola,PSOLA,local pitch-synchronous overlap-add,-12,26,0.603718820861678,220.39968190911367,440.79936381822733,0.9960352728123661
octave_pure_220,pure_tones,220,"{""frequencies_hz"": ""220""}",psola,PSOLA,local pitch-synchronous overlap-add,-12,27,0.626938775510204,220.39968009118348,440.79936018236697,0.9960353053396959
octave_pure_220,pure_tones,220,"{""frequencies_hz"": ""220""}",psola,PSOLA,local pitch-synchronous overlap-add,-12,28,0.6501587301587302,220.39967950412927,440.79935900825853,0.9960353436858317
octave_pure_220,pure_tones,220,"{""frequencies_hz"": ""220""}",psola,PSOLA,local pitch-synchronous overlap-add,-12,29,0.6733786848072563,220.39968196605443,440.79936393210886,0.9960353675497643
octave_pure_220,pure_tones,220,"{""frequencies_hz"": ""220""}",psola,PSOLA,local pitch-synchronous overlap-add,-12,30,0.6965986394557823,220.39968207385735,440.7993641477147,0.9960353526356751
octave_pure_220,pure_tones,220,"{""frequencies_hz"": ""220""}",psola,PSOLA,local pitch-synchronous overlap-add,-12,31,0.7198185941043084,220.3996804066028,440.7993608132056,0.996035319336501
octave_pure_220,pure_tones,220,"{""frequencies_hz"": ""220""}",psola,PSOLA,local pitch-synchronous overlap-add,-12,32,0.7430385487528345,220.39968176302085,440.7993635260417,0.99603528147195
octave_pure_220,pure_tones,220,"{""frequencies_hz"": ""220""}",psola,PSOLA,local pitch-synchronous overlap-add,-12,33,0.7662585034013606,220.39968398363936,440.7993679672787,0.9960352601300717
octave_pure_220,pure_tones,220,"{""frequencies_hz"": ""220""}",psola,PSOLA,local pitch-synchronous overlap-add,-12,34,0.7894784580498866,220.39968279354883,440.79936558709767,0.9960352632836011
octave_pure_220,pure_tones,220,"{""frequencies_hz"": ""220""}",psola,PSOLA,local pitch-synchronous overlap-add,-12,35,0.8126984126984127,220.39968199042735,440.7993639808547,0.996035290820181
octave_pure_220,pure_tones,220,"{""frequencies_hz"": ""220""}",psola,PSOLA,local pitch-synchronous overlap-add,-12,36,0.8359183673469388,220.399684372196,440.799368744392,0.9960353297031114
octave_pure_220,pure_tones,220,"{""frequencies_hz"": ""220""}",psola,PSOLA,local pitch-synchronous overlap-add,-12,37,0.8591383219954648,220.39968523880302,440.79937047760603,0.9960353614983167
octave_pure_220,pure_tones,220,"{""frequencies_hz"": ""220""}",psola,PSOLA,local pitch-synchronous overlap-add,-12,38,0.8823582766439909,220.3996835215576,440.7993670431152,0.9960353587264024
octave_pure_220,pure_tones,220,"{""frequencies_hz"": ""220""}",psola,PSOLA,local pitch-synchronous overlap-add,-12,39,0.905578231292517,220.39968457337739,440.79936914675477,0.9960353289556911
octave_pure_220,pure_tones,220,"{""frequencies_hz"": ""220""}",psola,PSOLA,local pitch-synchronous overlap-add,-12,40,0.9287981859410431,220.39968733303792,440.79937466607583,0.9960352880812271
octave_pure_220,pure_tones,220,"{""frequencies_hz"": ""220""}",psola,PSOLA,local pitch-synchronous overlap-add,-12,41,0.9520181405895691,220.3996869688104,440.7993739376208,0.996035215301316
octave_pure_220,pure_tones,220,"{""frequencies_hz"": ""220""}",psola,PSOLA,local pitch-synchronous overlap-add,-12,42,0.9752380952380952,220.39968619696091,440.79937239392183,0.9960351116155464
octave_pure_220,pure_tones,220,"{""frequencies_hz"": ""220""}",psola,PSOLA,local pitch-synchronous overlap-add,-12,43,0.9984580498866213,220.3996883387532,440.7993766775064,0.9960350709314459
octave_pure_220,pure_tones,220,"{""frequencies_hz"": ""220""}",psola,PSOLA,local pitch-synchronous overlap-add,-12,44,1.0216780045351475,220.39968885478103,440.79937770956207,0.9960351585286022
octave_pure_220,pure_tones,220,"{""frequencies_hz"": ""220""}",psola,PSOLA,local pitch-synchronous overlap-add,-12,45,1.0448979591836736,220.3996857765768,440.7993715531536,0.9960352922600535
octave_pure_220,pure_tones,220,"{""frequencies_hz"": ""220""}",psola,PSOLA,local pitch-synchronous overlap-add,-12,46,1.0681179138321995,220.39968493151022,440.79936986302044,0.996035358717972
octave_pure_220,pure_tones,220,"{""frequencies_hz"": ""220""}",psola,PSOLA,local pitch-synchronous overlap-add,-12,47,1.0913378684807256,220.39968649100157,440.79937298200315,0.9960353411723629
octave_pure_220,pure_tones,220,"{""frequencies_hz"": ""220""}",psola,PSOLA,local pitch-synchronous overlap-add,-12,48,1.1145578231292517,220.39968540743465,440.7993708148693,0.9960353037996217
octave_pure_220,pure_tones,220,"{""frequencies_hz"": ""220""}",psola,PSOLA,local pitch-synchronous overlap-add,-12,49,1.1377777777777778,220.39968303632318,440.79936607264636,0.9960352693244017
octave_pure_220,pure_tones,220,"{""frequencies_hz"": ""220""}",psola,PSOLA,local pitch-synchronous overlap-add,-12,50,1.1609977324263039,220.39968396078112,440.79936792156224,0.9960352571480633
octave_pure_220,pure_tones,220,"{""frequencies_hz"": ""220""}",psola,PSOLA,local pitch-synchronous overlap-add,-12,51,1.18421768707483,220.39968483033383,440.79936966066765,0.9960352715815974
octave_pure_220,pure_tones,220,"{""frequencies_hz"": ""220""}",psola,PSOLA,local pitch-synchronous overlap-add,-12,52,1.207437641723356,220.39968237080723,440.79936474161445,0.9960353054780906
octave_pure_220,pure_tones,220,"{""frequencies_hz"": ""220""}",psola,PSOLA,local pitch-synchronous overlap-add,-12,53,1.230657596371882,220.39968115436116,440.7993623087223,0.9960353416489448
octave_pure_220,pure_tones,220,"{""frequencies_hz"": ""220""}",psola,PSOLA,local pitch-synchronous overlap-add,-12,54,1.253877551020408,220.39968293980272,440.79936587960543,0.9960353656629035
octave_pure_220,pure_tones,220,"{""frequencies_hz"": ""220""}",psola,PSOLA,local pitch-synchronous overlap-add,-12,55,1.2770975056689342,220.3996824582615,440.799364916523,0.9960353549173334
octave_pure_220,pure_tones,220,"{""frequencies_hz"": ""220""}",psola,PSOLA,local pitch-synchronous overlap-add,-12,56,1.3003174603174603,220.39968009128265,440.7993601825653,0.9960353174561988
octave_pure_220,pure_tones,220,"{""frequencies_hz"": ""220""}",psola,PSOLA,local pitch-synchronous overlap-add,-12,57,1.3235374149659864,220.3996808419578,440.7993616839156,0.9960352809968774
octave_pure_220,pure_tones,220,"{""frequencies_hz"": ""220""}",psola,PSOLA,local pitch-synchronous overlap-add,-12,58,1.3467573696145125,220.39968240506548,440.79936481013095,0.9960352610382656
octave_pure_220,pure_tones,220,"{""frequencies_hz"": ""220""}",psola,PSOLA,local pitch-synchronous overlap-add,-12,59,1.3699773242630386,220.39968056137943,440.79936112275885,0.9960352657452961
octave_pure_220,pure_tones,220,"{""frequencies_hz"": ""220""}",psola,PSOLA,local pitch-synchronous overlap-add,-12,60,1.3931972789115645,220.39967911391165,440.7993582278233,0.9960352947119001
octave_pure_220,pure_tones,220,"{""frequencies_hz"": ""220""}",psola,PSOLA,local pitch-synchronous overlap-add,-12,61,1.4164172335600906,220.39968090948352,440.79936181896704,0.9960353348804749
octave_pure_220,pure_tones,220,"{""frequencies_hz"": ""220""}",psola,PSOLA,local pitch-synchronous overlap-add,-12,62,1.4396371882086167,220.39968102722227,440.79936205444454,0.9960353613289105
octave_pure_220,pure_tones,220,"{""frequencies_hz"": ""220""}",psola,PSOLA,local pitch-synchronous overlap-add,-12,63,1.4628571428571429,220.39967879699796,440.7993575939959,0.9960353646152547
octave_pure_220,pure_tones,220,"{""frequencies_hz"": ""220""}",psola,PSOLA,local pitch-synchronous overlap-add,-12,64,1.486077097505669,220.39967914484785,440.7993582896957,0.9960353330629739
octave_pure_220,pure_tones,220,"{""frequencies_hz"": ""220""}",psola,PSOLA,local pitch-synchronous overlap-add,-12,65,1.509297052154195,220.39968129024834,440.7993625804967,0.9960352947728778
octave_pure_220,pure_tones,220,"{""frequencies_hz"": ""220""}",psola,PSOLA,local pitch-synchronous overlap-add,-12,66,1.5325170068027212,220.3996801844696,440.7993603689392,0.9960352664944001
octave_pure_220,pure_tones,220,"{""frequencies_hz"": ""220""}",psola,PSOLA,local pitch-synchronous overlap-add,-12,67,1.555736961451247,220.39967863242757,440.79935726485513,0.996035262361531
octave_pure_220,pure_tones,220,"{""frequencies_hz"": ""220""}",psola,PSOLA,local pitch-synchronous overlap-add,-12,68,1.5789569160997732,220.39968039680915,440.7993607936183,0.9960352856162737
octave_pure_220,pure_tones,220,"{""frequencies_hz"": ""220""}",psola,PSOLA,local pitch-synchronous overlap-add,-12,69,1.6021768707482993,220.39968130534703,440.79936261069406,0.9960353250985607
octave_pure_220,pure_tones,220,"{""frequencies_hz"": ""220""}",psola,PSOLA,local pitch-synchronous overlap-add,-12,70,1.6253968253968254,220.39967916337326,440.7993583267465,0.9960353560747143
octave_pure_220,pure_tones,220,"{""frequencies_hz"": ""220""}",psola,PSOLA,local pitch-synchronous overlap-add,-12,71,1.6486167800453515,220.39967918438094,440.7993583687619,0.9960353675166904
octave_pure_220,pure_tones,220,"{""frequencies_hz"": ""220""}",psola,PSOLA,local pitch-synchronous overlap-add,-12,72,1.6718367346938776,220.39968162445263,440.79936324890525,0.9960353489258088
octave_pure_220,pure_tones,220,"{""frequencies_hz"": ""220""}",psola,PSOLA,local pitch-synchronous overlap-add,-12,73,1.6950566893424037,220.39968126432055,440.7993625286411,0.9960353082904638
octave_pure_220,pure_tones,220,"{""frequencies_hz"": ""220""}",psola,PSOLA,local pitch-synchronous overlap-add,-12,74,1.7182766439909296,220.3996797057318,440.7993594114636,0.9960352739006149
octave_pure_220,pure_tones,220,"{""frequencies_hz"": ""220""}",psola,PSOLA,local pitch-synchronous overlap-add,-12,75,1.7414965986394557,220.3996814285606,440.7993628571212,0.9960352621093852
octave_pure_220,pure_tones,220,"{""frequencies_hz"": ""220""}",psola,PSOLA,local pitch-synchronous overlap-add,-12,76,1.7647165532879818,220.39968308904645,440.7993661780929,0.9960352771042256
octave_pure_220,pure_tones,220,"{""frequencies_hz"": ""220""}",psola,PSOLA,local pitch-synchronous overlap-add,-12,77,1.787936507936508,220.39968140639695,440.7993628127939,0.9960353116301771
octave_pure_220,pure_tones,220,"{""frequencies_hz"": ""220""}",psola,PSOLA,local pitch-synchronous overlap-add,-12,78,1.811156462585034,220.39968107724718,440.79936215449436,0.9960353499230956
octave_pure_220,pure_tones,220,"{""frequencies_hz"": ""220""}",psola,PSOLA,local pitch-synchronous overlap-add,-12,79,1.8343764172335602,220.39968356844034,440.7993671368807,0.9960353665746225
octave_pure_220,pure_tones,220,"{""frequencies_hz"": ""220""}",psola,PSOLA,local pitch-synchronous overlap-add,-12,80,1.8575963718820863,220.39968399786727,440.79936799573454,0.9960353592268191
octave_pure_220,pure_tones,220,"{""frequencies_hz"": ""220""}",psola,PSOLA,local pitch-synchronous overlap-add,-12,81,1.8808163265306121,220.3996824033774,440.7993648067548,0.996035321530395
octave_pure_220,pure_tones,220,"{""frequencies_hz"": ""220""}",psola,PSOLA,local pitch-synchronous overlap-add,-12,82,1.9040362811791383,220.39968399833782,440.79936799667564,0.9960352836726356
octave_pure_220,pure_tones,220,"{""frequencies_hz"": ""220""}",psola,PSOLA,local pitch-synchronous overlap-add,-12,83,1.9272562358276644,220.39939639418878,440.79879278837757,0.9951493510363619
octave_pure_220,pure_tones,220,"{""frequencies_hz"": ""220""}",psola,PSOLA,local pitch-synchronous overlap-add,-12,84,1.9504761904761905,220.39638771727348,440.79277543454697,0.9826862024039283
octave_pure_220,pure_tones,220,"{""frequencies_hz"": ""220""}",psola,PSOLA,local pitch-synchronous overlap-add,-12,85,1.9736961451247166,220.38884558973524,440.7776911794705,0.951052573554488
octave_pure_220,pure_tones,220,"{""frequencies_hz"": ""220""}",psola,PSOLA,local pitch-synchronous overlap-add,-12,86,1.9969160997732427,220.3829361754579,440.7658723509158,0.9273269677948166
octave_pure_440,pure_tones,440,"{""frequencies_hz"": ""440""}",phase_vocoder,Phase Vocoder,local phase vocoder,-12,0,0.0,218.48827836744945,436.9765567348989,0.9907350330028104
octave_pure_440,pure_tones,440,"{""frequencies_hz"": ""440""}",phase_vocoder,Phase Vocoder,local phase vocoder,-12,1,0.023219954648526078,218.9265151131192,437.8530302262384,0.9920349470530344
octave_pure_440,pure_tones,440,"{""frequencies_hz"": ""440""}",phase_vocoder,Phase Vocoder,local phase vocoder,-12,2,0.046439909297052155,219.56066459790597,439.12132919581194,0.9942382079107623
octave_pure_440,pure_tones,440,"{""frequencies_hz"": ""440""}",phase_vocoder,Phase Vocoder,local phase vocoder,-12,3,0.06965986394557823,219.74649938904966,439.4929987780993,0.9952692469161722
octave_pure_440,pure_tones,440,"{""frequencies_hz"": ""440""}",phase_vocoder,Phase Vocoder,local phase vocoder,-12,4,0.09287981859410431,219.71378201686696,439.4275640337339,0.9954379011807593
octave_pure_440,pure_tones,440,"{""frequencies_hz"": ""440""}",phase_vocoder,Phase Vocoder,local phase vocoder,-12,5,0.11609977324263039,219.69607744425642,439.39215488851283,0.9956547843679548
octave_pure_440,pure_tones,440,"{""frequencies_hz"": ""440""}",phase_vocoder,Phase Vocoder,local phase vocoder,-12,6,0.13931972789115646,219.69874185951286,439.39748371902573,0.9957724444857771
octave_pure_440,pure_tones,440,"{""frequencies_hz"": ""440""}",phase_vocoder,Phase Vocoder,local phase vocoder,-12,7,0.16253968253968254,219.7000997561276,439.4001995122552,0.9957937383669008
octave_pure_440,pure_tones,440,"{""frequencies_hz"": ""440""}",phase_vocoder,Phase Vocoder,local phase vocoder,-12,8,0.18575963718820862,219.70013243388874,439.4002648677775,0.9957943564511413
octave_pure_440,pure_tones,440,"{""frequencies_hz"": ""440""}",phase_vocoder,Phase Vocoder,local phase vocoder,-12,9,0.2089795918367347,219.70013272769467,439.40026545538933,0.9957943903208132
octave_pure_440,pure_tones,440,"{""frequencies_hz"": ""440""}",phase_vocoder,Phase Vocoder,local phase vocoder,-12,10,0.23219954648526078,219.7001339658804,439.4002679317608,0.9957944025456367
octave_pure_440,pure_tones,440,"{""frequencies_hz"": ""440""}",phase_vocoder,Phase Vocoder,local phase vocoder,-12,11,0.25541950113378686,219.70013096340844,439.4002619268169,0.9957943922772169
octave_pure_440,pure_tones,440,"{""frequencies_hz"": ""440""}",phase_vocoder,Phase Vocoder,local phase vocoder,-12,12,0.2786394557823129,219.70013173756934,439.4002634751387,0.9957943521153582
octave_pure_440,pure_tones,440,"{""frequencies_hz"": ""440""}",phase_vocoder,Phase Vocoder,local phase vocoder,-12,13,0.301859410430839,219.70013125934713,439.40026251869426,0.9957943895068507
octave_pure_440,pure_tones,440,"{""frequencies_hz"": ""440""}",phase_vocoder,Phase Vocoder,local phase vocoder,-12,14,0.3250793650793651,219.70013468975822,439.40026937951643,0.9957943910174821
octave_pure_440,pure_tones,440,"{""frequencies_hz"": ""440""}",phase_vocoder,Phase Vocoder,local phase vocoder,-12,15,0.34829931972789113,219.7001323462043,439.4002646924086,0.9957943881574054
octave_pure_440,pure_tones,440,"{""frequencies_hz"": ""440""}",phase_vocoder,Phase Vocoder,local phase vocoder,-12,16,0.37151927437641724,219.70013150661086,439.4002630132217,0.9957943672228148
octave_pure_440,pure_tones,440,"{""frequencies_hz"": ""440""}",phase_vocoder,Phase Vocoder,local phase vocoder,-12,17,0.3947392290249433,219.70012995740066,439.4002599148013,0.9957943766151705
octave_pure_440,pure_tones,440,"{""frequencies_hz"": ""440""}",phase_vocoder,Phase Vocoder,local phase vocoder,-12,18,0.4179591836734694,219.70013351352017,439.40026702704034,0.9957943527514664
octave_pure_440,pure_tones,440,"{""frequencies_hz"": ""440""}",phase_vocoder,Phase Vocoder,local phase vocoder,-12,19,0.44117913832199546,219.70013190738683,439.40026381477367,0.9957943925157008
octave_pure_440,pure_tones,440,"{""frequencies_hz"": ""440""}",phase_vocoder,Phase Vocoder,local phase vocoder,-12,20,0.46439909297052157,219.70013195971617,439.40026391943235,0.9957944055310032
octave_pure_440,pure_tones,440,"{""frequencies_hz"": ""440""}",phase_vocoder,Phase Vocoder,local phase vocoder,-12,21,0.4876190476190476,219.700130121972,439.400260243944,0.9957943911682545
octave_pure_440,pure_tones,440,"{""frequencies_hz"": ""440""}",phase_vocoder,Phase Vocoder,local phase vocoder,-12,22,0.5108390022675737,219.70013235736266,439.4002647147253,0.9957943481410488
octave_pure_440,pure_tones,440,"{""frequencies_hz"": ""440""}",phase_vocoder,Phase Vocoder,local phase vocoder,-12,23,0.5340589569160997,219.70013172969453,439.40026345938907,0.995794385656239
octave_pure_440,pure_tones,440,"{""frequencies_hz"": ""440""}",phase_vocoder,Phase Vocoder,local phase vocoder,-12,24,0.5572789115646258,219.70013351283708,439.40026702567417,0.9957943881195489
octave_pure_440,pure_tones,440,"{""frequencies_hz"": ""440""}",phase_vocoder,Phase Vocoder,local phase vocoder,-12,25,0.5804988662131519,219.7001312117739,439.4002624235478,0.9957943897814826
octave_pure_440,pure_tones,440,"{""frequencies_hz"": ""440""}",phase_vocoder,Phase Vocoder,local phase vocoder,-12,26,0.603718820861678,219.7001321007188,439.4002642014376,0.9957943701425576
octave_pure_440,pure_tones,440,"{""frequencies_hz"": ""440""}",phase_vocoder,Phase Vocoder,local phase vocoder,-12,27,0.626938775510204,219.7001319692363,439.4002639384726,0.9957943763331665
octave_pure_440,pure_tones,440,"{""frequencies_hz"": ""440""}",phase_vocoder,Phase Vocoder,local phase vocoder,-12,28,0.6501587301587302,219.70013433015876,439.4002686603175,0.9957943524728629
octave_pure_440,pure_tones,440,"{""frequencies_hz"": ""440""}",phase_vocoder,Phase Vocoder,local phase vocoder,-12,29,0.6733786848072563,219.7001312509491,439.4002625018982,0.9957943973798941
octave_pure_440,pure_tones,440,"{""frequencies_hz"": ""440""}",phase_vocoder,Phase Vocoder,local phase vocoder,-12,30,0.6965986394557823,219.70013168784925,439.4002633756985,0.9957944098433067
octave_pure_440,pure_tones,440,"{""frequencies_hz"": ""440""}",phase_vocoder,Phase Vocoder,local phase vocoder,-12,31,0.7198185941043084,219.70013138613928,439.40026277227855,0.9957943913889875
octave_pure_440,pure_tones,440,"{""frequencies_hz"": ""440""}",phase_vocoder,Phase Vocoder,local phase vocoder,-12,32,0.7430385487528345,219.70013361800704,439.4002672360141,0.9957943461446465
octave_pure_440,pure_tones,440,"{""frequencies_hz"": ""440""}",phase_vocoder,Phase Vocoder,local phase vocoder,-12,33,0.7662585034013606,219.7001312273395,439.400262454679,0.9957943829573779
octave_pure_440,pure_tones,440,"{""frequencies_hz"": ""440""}",phase_vocoder,Phase Vocoder,local phase vocoder,-12,34,0.7894784580498866,219.70013174849413,439.40026349698826,0.9957943843060597
octave_pure_440,pure_tones,440,"{""frequencies_hz"": ""440""}",phase_vocoder,Phase Vocoder,local phase vocoder,-12,35,0.8126984126984127,219.70013038581365,439.4002607716273,0.995794389082774
octave_pure_440,pure_tones,440,"{""frequencies_hz"": ""440""}",phase_vocoder,Phase Vocoder,local phase vocoder,-12,36,0.8359183673469388,219.70013267754544,439.4002653550909,0.9957943702943718
octave_pure_440,pure_tones,440,"{""frequencies_hz"": ""440""}",phase_vocoder,Phase Vocoder,local phase vocoder,-12,37,0.8591383219954648,219.7001323497419,439.4002646994838,0.9957943739703944
octave_pure_440,pure_tones,440,"{""frequencies_hz"": ""440""}",phase_vocoder,Phase Vocoder,local phase vocoder,-12,38,0.8823582766439909,219.70013290994987,439.40026581989974,0.9957943502777409
octave_pure_440,pure_tones,440,"{""frequencies_hz"": ""440""}",phase_vocoder,Phase Vocoder,local phase vocoder,-12,39,0.905578231292517,219.700129819987,439.400259639974,0.9957943996517944
octave_pure_440,pure_tones,440,"{""frequencies_hz"": ""440""}",phase_vocoder,Phase Vocoder,local phase vocoder,-12,40,0.9287981859410431,219.70013203123764,439.4002640624753,0.99579441173893
octave_pure_440,pure_tones,440,"{""frequencies_hz"": ""440""}",phase_vocoder,Phase Vocoder,local phase vocoder,-12,41,0.9520181405895691,219.70013315326787,439.40026630653574,0.9957943912387427
octave_pure_440,pure_tones,440,"{""frequencies_hz"": ""440""}",phase_vocoder,Phase Vocoder,local phase vocoder,-12,42,0.9752380952380952,219.7001342682834,439.4002685365668,0.9957943466457017
octave_pure_440,pure_tones,440,"{""frequencies_hz"": ""440""}",phase_vocoder,Phase Vocoder,local phase vocoder,-12,43,0.9984580498866213,219.70013058305926,439.4002611661185,0.9957943831310655
octave_pure_440,pure_tones,440,"{""frequencies_hz"": ""440""}",phase_vocoder,Phase Vocoder,local phase vocoder,-12,44,1.0216780045351475,219.70013151329726,439.40026302659453,0.9957943830644516
octave_pure_440,pure_tones,440,"{""frequencies_hz"": ""440""}",phase_vocoder,Phase Vocoder,local phase vocoder,-12,45,1.0448979591836736,219.70013177986837,439.40026355973674,0.9957943910102613
octave_pure_440,pure_tones,440,"{""frequencies_hz"": ""440""}",phase_vocoder,Phase Vocoder,local phase vocoder,-12,46,1.0681179138321995,219.70013423931036,439.4002684786207,0.9957943738644633
octave_pure_440,pure_tones,440,"{""frequencies_hz"": ""440""}",phase_vocoder,Phase Vocoder,local phase vocoder,-12,47,1.0913378684807256,219.7001322039575,439.400264407915,0.995794374780057
octave_pure_440,pure_tones,440,"{""frequencies_hz"": ""440""}",phase_vocoder,Phase Vocoder,local phase vocoder,-12,48,1.1145578231292517,219.7001313289796,439.4002626579592,0.9957943491463889
octave_pure_440,pure_tones,440,"{""frequencies_hz"": ""440""}",phase_vocoder,Phase Vocoder,local phase vocoder,-12,49,1.1377777777777778,219.70012915092192,439.40025830184385,0.9957944003112937
octave_pure_440,pure_tones,440,"{""frequencies_hz"": ""440""}",phase_vocoder,Phase Vocoder,local phase vocoder,-12,50,1.1609977324263039,219.70013280174445,439.4002656034889,0.9957944104147954
octave_pure_440,pure_tones,440,"{""frequencies_hz"": ""440""}",phase_vocoder,Phase Vocoder,local phase vocoder,-12,51,1.18421768707483,219.7001335208516,439.4002670417032,0.9957943888680408
octave_pure_440,pure_tones,440,"{""frequencies_hz"": ""440""}",phase_vocoder,Phase Vocoder,local phase vocoder,-12,52,1.207437641723356,219.7001326561871,439.4002653123742,0.9957943452923687
octave_pure_440,pure_tones,440,"{""frequencies_hz"": ""440""}",phase_vocoder,Phase Vocoder,local phase vocoder,-12,53,1.230657596371882,219.70012885685887,439.40025771371774,0.995794380664245
octave_pure_440,pure_tones,440,"{""frequencies_hz"": ""440""}",phase_vocoder,Phase Vocoder,local phase vocoder,-12,54,1.253877551020408,219.70013152869183,439.40026305738365,0.9957943791266963
octave_pure_440,pure_tones,440,"{""frequencies_hz"": ""440""}",phase_vocoder,Phase Vocoder,local phase vocoder,-12,55,1.2770975056689342,219.7001332519083,439.4002665038166,0.9957943915359901
octave_pure_440,pure_tones,440,"{""frequencies_hz"": ""440""}",phase_vocoder,Phase Vocoder,local phase vocoder,-12,56,1.3003174603174603,219.7001347028405,439.400269405681,0.9957943783705697
octave_pure_440,pure_tones,440,"{""frequencies_hz"": ""440""}",phase_vocoder,Phase Vocoder,local phase vocoder,-12,57,1.3235374149659864,219.70013140219734,439.4002628043947,0.9957943775122631
octave_pure_440,pure_tones,440,"{""frequencies_hz"": ""440""}",phase_vocoder,Phase Vocoder,local phase vocoder,-12,58,1.3467573696145125,219.7001308953287,439.4002617906574,0.9957943501548968
octave_pure_440,pure_tones,440,"{""frequencies_hz"": ""440""}",phase_vocoder,Phase Vocoder,local phase vocoder,-12,59,1.3699773242630386,219.7001306724506,439.4002613449012,0.9957944022605606
octave_pure_440,pure_tones,440,"{""frequencies_hz"": ""440""}",phase_vocoder,Phase Vocoder,local phase vocoder,-12,60,1.3931972789115645,219.70013472823243,439.40026945646486,0.9957944110895065
octave_pure_440,pure_tones,440,"{""frequencies_hz"": ""440""}",phase_vocoder,Phase Vocoder,local phase vocoder,-12,61,1.4164172335600906,219.700133706786,439.400267413572,0.9957943896045879
octave_pure_440,pure_tones,440,"{""frequencies_hz"": ""440""}",phase_vocoder,Phase Vocoder,local phase vocoder,-12,62,1.4396371882086167,219.70013126758812,439.40026253517624,0.9957943463819002
octave_pure_440,pure_tones,440,"{""frequencies_hz"": ""440""}",phase_vocoder,Phase Vocoder,local phase vocoder,-12,63,1.4628571428571429,219.70012835270487,439.40025670540973,0.9957943788727696
octave_pure_440,pure_tones,440,"{""frequencies_hz"": ""440""}",phase_vocoder,Phase Vocoder,local phase vocoder,-12,64,1.486077097505669,219.70013248780145,439.4002649756029,0.9957943743347708
octave_pure_440,pure_tones,440,"{""frequencies_hz"": ""440""}",phase_vocoder,Phase Vocoder,local phase vocoder,-12,65,1.509297052154195,219.7001337543081,439.4002675086162,0.9957943913299727
octave_pure_440,pure_tones,440,"{""frequencies_hz"": ""440""}",phase_vocoder,Phase Vocoder,local phase vocoder,-12,66,1.5325170068027212,219.70013315544455,439.4002663108891,0.995794381487275
octave_pure_440,pure_tones,440,"{""frequencies_hz"": ""440""}",phase_vocoder,Phase Vocoder,local phase vocoder,-12,67,1.555736961451247,219.70012942329768,439.40025884659536,0.9957943777513482
octave_pure_440,pure_tones,440,"{""frequencies_hz"": ""440""}",phase_vocoder,Phase Vocoder,local phase vocoder,-12,68,1.5789569160997732,219.70013049771322,439.40026099542644,0.9957943477750213
octave_pure_440,pure_tones,440,"{""frequencies_hz"": ""440""}",phase_vocoder,Phase Vocoder,local phase vocoder,-12,69,1.6021768707482993,219.70013196522677,439.40026393045355,0.9957944006229508
octave_pure_440,pure_tones,440,"{""frequencies_hz"": ""440""}",phase_vocoder,Phase Vocoder,local phase vocoder,-12,70,1.6253968253968254,219.70013516058148,439.40027032116296,0.9957944097492778
octave_pure_440,pure_tones,440,"{""frequencies_hz"": ""440""}",phase_vocoder,Phase Vocoder,local phase vocoder,-12,71,1.6486167800453515,219.70013274542796,439.40026549085593,0.9957943900919386
octave_pure_440,pure_tones,440,"{""frequencies_hz"": ""440""}",phase_vocoder,Phase Vocoder,local phase vocoder,-12,72,1.6718367346938776,219.7001305609954,439.4002611219908,0.9957943488487724
octave_pure_440,pure_tones,440,"{""frequencies_hz"": ""440""}",phase_vocoder,Phase Vocoder,local phase vocoder,-12,73,1.6950566893424037,219.70012983411402,439.40025966822805,0.9957943788591684
octave_pure_440,pure_tones,440,"{""frequencies_hz"": ""440""}",phase_vocoder,Phase Vocoder,local phase vocoder,-12,74,1.7182766439909296,219.7001345482875,439.400269096575,0.995794372829398
octave_pure_440,pure_tones,440,"{""frequencies_hz"": ""440""}",phase_vocoder,Phase Vocoder,local phase vocoder,-12,75,1.7414965986394557,219.7001341673833,439.4002683347666,0.9957943951969461
octave_pure_440,pure_tones,440,"{""frequencies_hz"": ""440""}",phase_vocoder,Phase Vocoder,local phase vocoder,-12,76,1.7647165532879818,219.7001320098213,439.4002640196426,0.9957943876088059
octave_pure_440,pure_tones,440,"{""frequencies_hz"": ""440""}",phase_vocoder,Phase Vocoder,local phase vocoder,-12,77,1.787936507936508,219.70013058683898,439.40026117367796,0.9957943964005556
octave_pure_440,pure_tones,440,"{""frequencies_hz"": ""440""}",phase_vocoder,Phase Vocoder,local phase vocoder,-12,78,1.811156462585034,219.69998469840084,439.3999693968017,0.9957963659368365
octave_pure_440,pure_tones,440,"{""frequencies_hz"": ""440""}",phase_vocoder,Phase Vocoder,local phase vocoder,-12,79,1.8343764172335602,219.69835587530415,439.3967117506083,0.9958093501944955
octave_pure_440,pure_tones,440,"{""frequencies_hz"": ""440""}",phase_vocoder,Phase Vocoder,local phase vocoder,-12,80,1.8575963718820863,219.70249863369278,439.40499726738557,0.9958062306622111
octave_pure_440,pure_tones,440,"{""frequencies_hz"": ""440""}",phase_vocoder,Phase Vocoder,local phase vocoder,-12,81,1.8808163265306121,219.74160437695858,439.48320875391715,0.9957434775139192
octave_pure_440,pure_tones,440,"{""frequencies_hz"": ""440""}",phase_vocoder,Phase Vocoder,local phase vocoder,-12,82,1.9040362811791383,219.75687891678396,439.5137578335679,0.99557679812231
octave_pure_440,pure_tones,440,"{""frequencies_hz"": ""440""}",phase_vocoder,Phase Vocoder,local phase vocoder,-12,83,1.9272562358276644,219.48063978069018,438.96127956138037,0.9945206776382538
octave_pure_440,pure_tones,440,"{""frequencies_hz"": ""440""}",phase_vocoder,Phase Vocoder,local phase vocoder,-12,84,1.9504761904761905,218.42783862336265,436.8556772467253,0.9863241032457497
octave_pure_440,pure_tones,440,"{""frequencies_hz"": ""440""}",phase_vocoder,Phase Vocoder,local phase vocoder,-12,85,1.9736961451247166,216.3573094161319,432.7146188322638,0.9634280071349596
octave_pure_440,pure_tones,440,"{""frequencies_hz"": ""440""}",phase_vocoder,Phase Vocoder,local phase vocoder,-12,86,1.9969160997732427,214.73786447099738,429.47572894199476,0.9456483886913669
octave_pure_440,pure_tones,440,"{""frequencies_hz"": ""440""}",wsola,WSOLA,local waveform-similarity overlap-add,-12,0,0.0,671.1094672272876,1342.2189344545752,0.29471947202136456
octave_pure_440,pure_tones,440,"{""frequencies_hz"": ""440""}",wsola,WSOLA,local waveform-similarity overlap-add,-12,1,0.023219954648526078,671.0947103228867,1342.1894206457735,0.29538571297336275
octave_pure_440,pure_tones,440,"{""frequencies_hz"": ""440""}",wsola,WSOLA,local waveform-similarity overlap-add,-12,2,0.046439909297052155,671.0213901706895,1342.042780341379,0.30004122749896817
octave_pure_440,pure_tones,440,"{""frequencies_hz"": ""440""}",wsola,WSOLA,local waveform-similarity overlap-add,-12,3,0.06965986394557823,670.5278360378794,1341.0556720757588,0.3675479420797117
octave_pure_440,pure_tones,440,"{""frequencies_hz"": ""440""}",wsola,WSOLA,local waveform-similarity overlap-add,-12,4,0.09287981859410431,,,0.9987899854723803
octave_pure_440,pure_tones,440,"{""frequencies_hz"": ""440""}",wsola,WSOLA,local waveform-similarity overlap-add,-12,5,0.11609977324263039,223.14784031784484,446.2956806356897,0.9955529401090113
octave_pure_440,pure_tones,440,"{""frequencies_hz"": ""440""}",wsola,WSOLA,local waveform-similarity overlap-add,-12,6,0.13931972789115646,223.41102347796118,446.82204695592236,0.9955404896320316
octave_pure_440,pure_tones,440,"{""frequencies_hz"": ""440""}",wsola,WSOLA,local waveform-similarity overlap-add,-12,7,0.16253968253968254,223.3161904312519,446.6323808625038,0.9958117791681023
octave_pure_440,pure_tones,440,"{""frequencies_hz"": ""440""}",wsola,WSOLA,local waveform-similarity overlap-add,-12,8,0.18575963718820862,223.16672162588685,446.3334432517737,0.9960218877160926
octave_pure_440,pure_tones,440,"{""frequencies_hz"": ""440""}",wsola,WSOLA,local waveform-similarity overlap-add,-12,9,0.2089795918367347,223.19151564294623,446.38303128589246,0.9959932622766394
octave_pure_440,pure_tones,440,"{""frequencies_hz"": ""440""}",wsola,WSOLA,local waveform-similarity overlap-add,-12,10,0.23219954648526078,223.2288765181815,446.457753036363,0.9959740785373197
octave_pure_440,pure_tones,440,"{""frequencies_hz"": ""440""}",wsola,WSOLA,local waveform-similarity overlap-add,-12,11,0.25541950113378686,223.1915232917853,446.3830465835706,0.9960357340222387
octave_pure_440,pure_tones,440,"{""frequencies_hz"": ""440""}",wsola,WSOLA,local waveform-similarity overlap-add,-12,12,0.2786394557823129,223.1788325143052,446.3576650286104,0.9960517923154011
octave_pure_440,pure_tones,440,"{""frequencies_hz"": ""440""}",wsola,WSOLA,local waveform-similarity overlap-add,-12,13,0.301859410430839,223.21296857215827,446.42593714431655,0.9960219068357814
octave_pure_440,pure_tones,440,"{""frequencies_hz"": ""440""}",wsola,WSOLA,local waveform-similarity overlap-add,-12,14,0.3250793650793651,223.23123750710852,446.46247501421703,0.9960192367955526
octave_pure_440,pure_tones,440,"{""frequencies_hz"": ""440""}",wsola,WSOLA,local waveform-similarity overlap-add,-12,15,0.34829931972789113,223.22833776644123,446.45667553288246,0.99603173172183
octave_pure_440,pure_tones,440,"{""frequencies_hz"": ""440""}",wsola,WSOLA,local waveform-similarity overlap-add,-12,16,0.37151927437641724,223.23165024711486,446.4633004942297,0.9960277055322985
octave_pure_440,pure_tones,440,"{""frequencies_hz"": ""440""}",wsola,WSOLA,local waveform-similarity overlap-add,-12,17,0.3947392290249433,223.23579118839928,446.47158237679855,0.9960225757518885
octave_pure_440,pure_tones,440,"{""frequencies_hz"": ""440""}",wsola,WSOLA,local waveform-similarity overlap-add,-12,18,0.4179591836734694,223.23079422457258,446.46158844914515,0.9960289128002358
octave_pure_440,pure_tones,440,"{""frequencies_hz"": ""440""}",wsola,WSOLA,local waveform-similarity overlap-add,-12,19,0.44117913832199546,223.22981259068442,446.45962518136884,0.9960335918413945
octave_pure_440,pure_tones,440,"{""frequencies_hz"": ""440""}",wsola,WSOLA,local waveform-similarity overlap-add,-12,20,0.46439909297052157,223.24510616186504,446.4902123237301,0.9960235813367365
octave_pure_440,pure_tones,440,"{""frequencies_hz"": ""440""}",wsola,WSOLA,local waveform-similarity overlap-add,-12,21,0.4876190476190476,223.26402720210868,446.52805440421736,0.9960118365633136
octave_pure_440,pure_tones,440,"{""frequencies_hz"": ""440""}",wsola,WSOLA,local waveform-similarity overlap-add,-12,22,0.5108390022675737,223.27216335445826,446.5443267089165,0.9960115852785241
octave_pure_440,pure_tones,440,"{""frequencies_hz"": ""440""}",wsola,WSOLA,local waveform-similarity overlap-add,-12,23,0.5340589569160997,223.27489052864064,446.5497810572813,0.9960104868891242
octave_pure_440,pure_tones,440,"{""frequencies_hz"": ""440""}",wsola,WSOLA,local waveform-similarity overlap-add,-12,24,0.5572789115646258,223.2706203106235,446.541240621247,0.9960048994236852
octave_pure_440,pure_tones,440,"{""frequencies_hz"": ""440""}",wsola,WSOLA,local waveform-similarity overlap-add,-12,25,0.5804988662131519,223.24732955727376,446.4946591145475,0.9960205804090121
octave_pure_440,pure_tones,440,"{""frequencies_hz"": ""440""}",wsola,WSOLA,local waveform-similarity overlap-add,-12,26,0.603718820861678,223.23319604639448,446.46639209278896,0.9960330371472549
octave_pure_440,pure_tones,440,"{""frequencies_hz"": ""440""}",wsola,WSOLA,local waveform-similarity overlap-add,-12,27,0.626938775510204,223.252827832452,446.505655664904,0.9960047985703767
octave_pure_440,pure_tones,440,"{""frequencies_hz"": ""440""}",wsola,WSOLA,local waveform-similarity overlap-add,-12,28,0.6501587301587302,223.2565586317305,446.513117263461,0.9959895768128142
octave_pure_440,pure_tones,440,"{""frequencies_hz"": ""440""}",wsola,WSOLA,local waveform-similarity overlap-add,-12,29,0.6733786848072563,223.21502406978348,446.43004813956696,0.9960270263419366
octave_pure_440,pure_tones,440,"{""frequencies_hz"": ""440""}",wsola,WSOLA,local waveform-similarity overlap-add,-12,30,0.6965986394557823,223.19127173430996,446.38254346861993,0.9960512862037084
octave_pure_440,pure_tones,440,"{""frequencies_hz"": ""440""}",wsola,WSOLA,local waveform-similarity overlap-add,-12,31,0.7198185941043084,223.22062532788976,446.4412506557795,0.996022687710116
octave_pure_440,pure_tones,440,"{""frequencies_hz"": ""440""}",wsola,WSOLA,local waveform-similarity overlap-add,-12,32,0.7430385487528345,223.24311812491263,446.48623624982525,0.9960079706487425
octave_pure_440,pure_tones,440,"{""frequencies_hz"": ""440""}",wsola,WSOLA,local waveform-similarity overlap-add,-12,33,0.7662585034013606,223.22909599666315,446.4581919933263,0.9960290730058664
octave_pure_440,pure_tones,440,"{""frequencies_hz"": ""440""}",wsola,WSOLA,local waveform-similarity overlap-add,-12,34,0.7894784580498866,223.2176543958783,446.4353087917566,0.9960381823724896
octave_pure_440,pure_tones,440,"{""frequencies_hz"": ""440""}",wsola,WSOLA,local waveform-similarity overlap-add,-12,35,0.8126984126984127,223.22503048692636,446.4500609738527,0.9960277832810408
octave_pure_440,pure_tones,440,"{""frequencies_hz"": ""440""}",wsola,WSOLA,local waveform-similarity overlap-add,-12,36,0.8359183673469388,223.22991802291298,446.45983604582597,0.9960250727604559
octave_pure_440,pure_tones,440,"{""frequencies_hz"": ""440""}",wsola,WSOLA,local waveform-similarity overlap-add,-12,37,0.8591383219954648,223.22814705540674,446.4562941108135,0.9960327936415945
octave_pure_440,pure_tones,440,"{""frequencies_hz"": ""440""}",wsola,WSOLA,local waveform-similarity overlap-add,-12,38,0.8823582766439909,223.23890447772615,446.4778089554523,0.9960296286308905
octave_pure_440,pure_tones,440,"{""frequencies_hz"": ""440""}",wsola,WSOLA,local waveform-similarity overlap-add,-12,39,0.905578231292517,223.26428119294414,446.5285623858883,0.9960131072263676
octave_pure_440,pure_tones,440,"{""frequencies_hz"": ""440""}",wsola,WSOLA,local waveform-similarity overlap-add,-12,40,0.9287981859410431,223.28265947895088,446.56531895790175,0.9960025659676359
octave_pure_440,pure_tones,440,"{""frequencies_hz"": ""440""}",wsola,WSOLA,local waveform-similarity overlap-add,-12,41,0.9520181405895691,223.28238087203496,446.5647617440699,0.9960075538674238
octave_pure_440,pure_tones,440,"{""frequencies_hz"": ""440""}",wsola,WSOLA,local waveform-similarity overlap-add,-12,42,0.9752380952380952,223.27682044841345,446.5536408968269,0.9960131322745904
octave_pure_440,pure_tones,440,"{""frequencies_hz"": ""440""}",wsola,WSOLA,local waveform-similarity overlap-add,-12,43,0.9984580498866213,223.27427701318737,446.54855402637475,0.9960061134937891
octave_pure_440,pure_tones,440,"{""frequencies_hz"": ""440""}",wsola,WSOLA,local waveform-similarity overlap-add,-12,44,1.0216780045351475,223.2564405338297,446.5128810676594,0.9960106680372054
octave_pure_440,pure_tones,440,"{""frequencies_hz"": ""440""}",wsola,WSOLA,local waveform-similarity overlap-add,-12,45,1.0448979591836736,223.22380925926464,446.4476185185293,0.9960304297890257
octave_pure_440,pure_tones,440,"{""frequencies_hz"": ""440""}",wsola,WSOLA,local waveform-similarity overlap-add,-12,46,1.0681179138321995,223.2033000814571,446.4066001629142,0.9960372786833078
octave_pure_440,pure_tones,440,"{""frequencies_hz"": ""440""}",wsola,WSOLA,local waveform-similarity overlap-add,-12,47,1.0913378684807256,223.1989866508251,446.3979733016502,0.9960351437834032
octave_pure_440,pure_tones,440,"{""frequencies_hz"": ""440""}",wsola,WSOLA,local waveform-similarity overlap-add,-12,48,1.1145578231292517,223.2019655302802,446.4039310605604,0.9960363144177771
octave_pure_440,pure_tones,440,"{""frequencies_hz"": ""440""}",wsola,WSOLA,local waveform-similarity overlap-add,-12,49,1.1377777777777778,223.21544955392295,446.4308991078459,0.9960308324509975
octave_pure_440,pure_tones,440,"{""frequencies_hz"": ""440""}",wsola,WSOLA,local waveform-similarity overlap-add,-12,50,1.1609977324263039,223.23202887811405,446.4640577562281,0.996019422423016
octave_pure_440,pure_tones,440,"{""frequencies_hz"": ""440""}",wsola,WSOLA,local waveform-similarity overlap-add,-12,51,1.18421768707483,223.2328551350158,446.4657102700316,0.9960246725042823
octave_pure_440,pure_tones,440,"{""frequencies_hz"": ""440""}",wsola,WSOLA,local waveform-similarity overlap-add,-12,52,1.207437641723356,223.22823862211737,446.45647724423475,0.9960325222958836
octave_pure_440,pure_tones,440,"{""frequencies_hz"": ""440""}",wsola,WSOLA,local waveform-similarity overlap-add,-12,53,1.230657596371882,223.23317378885926,446.4663475777185,0.9960257745876689
octave_pure_440,pure_tones,440,"{""frequencies_hz"": ""440""}",wsola,WSOLA,local waveform-similarity overlap-add,-12,54,1.253877551020408,223.23534331236155,446.4706866247231,0.9960230941404363
octave_pure_440,pure_tones,440,"{""frequencies_hz"": ""440""}",wsola,WSOLA,local waveform-similarity overlap-add,-12,55,1.2770975056689342,223.22951341525558,446.45902683051116,0.9960308887634981
octave_pure_440,pure_tones,440,"{""frequencies_hz"": ""440""}",wsola,WSOLA,local waveform-similarity overlap-add,-12,56,1.3003174603174603,223.23237167253535,446.4647433450707,0.9960330225051932
octave_pure_440,pure_tones,440,"{""frequencies_hz"": ""440""}",wsola,WSOLA,local waveform-similarity overlap-add,-12,57,1.3235374149659864,223.25189551407226,446.5037910281445,0.9960170450318373
octave_pure_440,pure_tones,440,"{""frequencies_hz"": ""440""}",wsola,WSOLA,local waveform-similarity overlap-add,-12,58,1.3467573696145125,223.26189115062712,446.52378230125424,0.9960043281223762
octave_pure_440,pure_tones,440,"{""frequencies_hz"": ""440""}",wsola,WSOLA,local waveform-similarity overlap-add,-12,59,1.3699773242630386,223.24316895208045,446.4863379041609,0.9960225951120673
octave_pure_440,pure_tones,440,"{""frequencies_hz"": ""440""}",wsola,WSOLA,local waveform-similarity overlap-add,-12,60,1.3931972789115645,223.23415971723156,446.4683194344631,0.9960313890749196
octave_pure_440,pure_tones,440,"{""frequencies_hz"": ""440""}",wsola,WSOLA,local waveform-similarity overlap-add,-12,61,1.4164172335600906,223.25565962806544,446.5113192561309,0.9960003843439582
octave_pure_440,pure_tones,440,"{""frequencies_hz"": ""440""}",wsola,WSOLA,local waveform-similarity overlap-add,-12,62,1.4396371882086167,223.25321222158914,446.5064244431783,0.9959918793851629
octave_pure_440,pure_tones,440,"{""frequencies_hz"": ""440""}",wsola,WSOLA,local waveform-similarity overlap-add,-12,63,1.4628571428571429,223.20928670177724,446.4185734035545,0.9960327683492858
octave_pure_440,pure_tones,440,"{""frequencies_hz"": ""440""}",wsola,WSOLA,local waveform-similarity overlap-add,-12,64,1.486077097505669,223.19266450068298,446.38532900136596,0.9960498737659146
octave_pure_440,pure_tones,440,"{""frequencies_hz"": ""440""}",wsola,WSOLA,local waveform-similarity overlap-add,-12,65,1.509297052154195,223.22537019718058,446.45074039436116,0.9960184528648792
octave_pure_440,pure_tones,440,"{""frequencies_hz"": ""440""}",wsola,WSOLA,local waveform-similarity overlap-add,-12,66,1.5325170068027212,223.24288792220628,446.48577584441256,0.9960095122923944
octave_pure_440,pure_tones,440,"{""frequencies_hz"": ""440""}",wsola,WSOLA,local waveform-similarity overlap-add,-12,67,1.555736961451247,223.22659840871987,446.45319681743973,0.996031720015457
octave_pure_440,pure_tones,440,"{""frequencies_hz"": ""440""}",wsola,WSOLA,local waveform-similarity overlap-add,-12,68,1.5789569160997732,223.21782889020363,446.43565778040727,0.996037426633218
octave_pure_440,pure_tones,440,"{""frequencies_hz"": ""440""}",wsola,WSOLA,local waveform-similarity overlap-add,-12,69,1.6021768707482993,223.22622596995123,446.45245193990246,0.9960265862728752
octave_pure_440,pure_tones,440,"{""frequencies_hz"": ""440""}",wsola,WSOLA,local waveform-similarity overlap-add,-12,70,1.6253968253968254,223.22973061015713,446.45946122031427,0.996025873254498
octave_pure_440,pure_tones,440,"{""frequencies_hz"": ""440""}",wsola,WSOLA,local waveform-similarity overlap-add,-12,71,1.6486167800453515,223.22844449872323,446.45688899744647,0.9960333867205304
octave_pure_440,pure_tones,440,"{""frequencies_hz"": ""440""}",wsola,WSOLA,local waveform-similarity overlap-add,-12,72,1.6718367346938776,223.24163397290263,446.48326794580527,0.9960279936455915
octave_pure_440,pure_tones,440,"{""frequencies_hz"": ""440""}",wsola,WSOLA,local waveform-similarity overlap-add,-12,73,1.6950566893424037,223.26747702553186,446.5349540510637,0.996011022166437
octave_pure_440,pure_tones,440,"{""frequencies_hz"": ""440""}",wsola,WSOLA,local waveform-similarity overlap-add,-12,74,1.7182766439909296,223.28357562635966,446.5671512527193,0.9960024584035765
octave_pure_440,pure_tones,440,"{""frequencies_hz"": ""440""}",wsola,WSOLA,local waveform-similarity overlap-add,-12,75,1.7414965986394557,223.2815432436437,446.5630864872874,0.9960087579707805
octave_pure_440,pure_tones,440,"{""frequencies_hz"": ""440""}",wsola,WSOLA,local waveform-similarity overlap-add,-12,76,1.7647165532879818,223.2765170699847,446.5530341399694,0.9960127866881929
octave_pure_440,pure_tones,440,"{""frequencies_hz"": ""440""}",wsola,WSOLA,local waveform-similarity overlap-add,-12,77,1.787936507936508,223.27328822003795,446.5465764400759,0.9960054108100919
octave_pure_440,pure_tones,440,"{""frequencies_hz"": ""440""}",wsola,WSOLA,local waveform-similarity overlap-add,-12,78,1.811156462585034,223.25260337466653,446.50520674933307,0.9960129439546684
octave_pure_440,pure_tones,440,"{""frequencies_hz"": ""440""}",wsola,WSOLA,local waveform-similarity overlap-add,-12,79,1.8343764172335602,223.220104658026,446.440209316052,0.996032338859406
octave_pure_440,pure_tones,440,"{""frequencies_hz"": ""440""}",wsola,WSOLA,local waveform-similarity overlap-add,-12,80,1.8575963718820863,223.20238327567853,446.40476655135706,0.9960362227897455
octave_pure_440,pure_tones,440,"{""frequencies_hz"": ""440""}",wsola,WSOLA,local waveform-similarity overlap-add,-12,81,1.8808163265306121,223.22085278110444,446.4417055622089,0.995996746637953
octave_pure_440,pure_tones,440,"{""frequencies_hz"": ""440""}",wsola,WSOLA,local waveform-similarity overlap-add,-12,82,1.9040362811791383,223.4286064943879,446.8572129887758,0.9958712504538464
octave_pure_440,pure_tones,440,"{""frequencies_hz"": ""440""}",wsola,WSOLA,local waveform-similarity overlap-add,-12,83,1.9272562358276644,,,0.05931148176074819
octave_pure_440,pure_tones,440,"{""frequencies_hz"": ""440""}",wsola,WSOLA,local waveform-similarity overlap-add,-12,84,1.9504761904761905,,,0.0036502726486417067
octave_pure_440,pure_tones,440,"{""frequencies_hz"": ""440""}",wsola,WSOLA,local waveform-similarity overlap-add,-12,85,1.9736961451247166,,,0.000923252092277331
octave_pure_440,pure_tones,440,"{""frequencies_hz"": ""440""}",wsola,WSOLA,local waveform-similarity overlap-add,-12,86,1.9969160997732427,,,0.0005296683380716802
octave_pure_440,pure_tones,440,"{""frequencies_hz"": ""440""}",rubber_band,Rubber Band,local hybrid spectral/time-domain proxy,-12,0,0.0,654.0461601109627,1308.0923202219253,0.31469000164445815
octave_pure_440,pure_tones,440,"{""frequencies_hz"": ""440""}",rubber_band,Rubber Band,local hybrid spectral/time-domain proxy,-12,1,0.023219954648526078,654.0295822063614,1308.0591644127228,0.31535013161836317
octave_pure_440,pure_tones,440,"{""frequencies_hz"": ""440""}",rubber_band,Rubber Band,local hybrid spectral/time-domain proxy,-12,2,0.046439909297052155,653.9473667631146,1307.8947335262292,0.31996267244529886
octave_pure_440,pure_tones,440,"{""frequencies_hz"": ""440""}",rubber_band,Rubber Band,local hybrid spectral/time-domain proxy,-12,3,0.06965986394557823,653.3991757216207,1306.7983514432415,0.3867135271988042
octave_pure_440,pure_tones,440,"{""frequencies_hz"": ""440""}",rubber_band,Rubber Band,local hybrid spectral/time-domain proxy,-12,4,0.09287981859410431,,,0.9986702823834922
octave_pure_440,pure_tones,440,"{""frequencies_hz"": ""440""}",rubber_band,Rubber Band,local hybrid spectral/time-domain proxy,-12,5,0.11609977324263039,223.19672760659165,446.3934552131833,0.995515209552602
octave_pure_440,pure_tones,440,"{""frequencies_hz"": ""440""}",rubber_band,Rubber Band,local hybrid spectral/time-domain proxy,-12,6,0.13931972789115646,223.52179275109788,447.04358550219575,0.9954980701394962
octave_pure_440,pure_tones,440,"{""frequencies_hz"": ""440""}",rubber_band,Rubber Band,local hybrid spectral/time-domain proxy,-12,7,0.16253968253968254,223.44985137796237,446.89970275592475,0.9957966081390373
octave_pure_440,pure_tones,440,"{""frequencies_hz"": ""440""}",rubber_band,Rubber Band,local hybrid spectral/time-domain proxy,-12,8,0.18575963718820862,223.28142052763053,446.56284105526106,0.9960299988391995
octave_pure_440,pure_tones,440,"{""frequencies_hz"": ""440""}",rubber_band,Rubber Band,local hybrid spectral/time-domain proxy,-12,9,0.2089795918367347,223.26164133559251,446.52328267118503,0.9959956007754596
octave_pure_440,pure_tones,440,"{""frequencies_hz"": ""440""}",rubber_band,Rubber Band,local hybrid spectral/time-domain proxy,-12,10,0.23219954648526078,223.23489759806517,446.46979519613035,0.9959674901592742
octave_pure_440,pure_tones,440,"{""frequencies_hz"": ""440""}",rubber_band,Rubber Band,local hybrid spectral/time-domain proxy,-12,11,0.25541950113378686,223.1356072396478,446.2712144792956,0.9960221531350806
octave_pure_440,pure_tones,440,"{""frequencies_hz"": ""440""}",rubber_band,Rubber Band,local hybrid spectral/time-domain proxy,-12,12,0.2786394557823129,223.07827965147973,446.15655930295947,0.996034818421153
octave_pure_440,pure_tones,440,"{""frequencies_hz"": ""440""}",rubber_band,Rubber Band,local hybrid spectral/time-domain proxy,-12,13,0.301859410430839,223.09004064007317,446.18008128014634,0.9960068678292363
octave_pure_440,pure_tones,440,"{""frequencies_hz"": ""440""}",rubber_band,Rubber Band,local hybrid spectral/time-domain proxy,-12,14,0.3250793650793651,223.11440170633867,446.22880341267734,0.9960053791222
octave_pure_440,pure_tones,440,"{""frequencies_hz"": ""440""}",rubber_band,Rubber Band,local hybrid spectral/time-domain proxy,-12,15,0.34829931972789113,223.1455584813975,446.291116962795,0.9960193270333341
octave_pure_440,pure_tones,440,"{""frequencies_hz"": ""440""}",rubber_band,Rubber Band,local hybrid spectral/time-domain proxy,-12,16,0.37151927437641724,223.20412024945338,446.40824049890676,0.9960192103828721
octave_pure_440,pure_tones,440,"{""frequencies_hz"": ""440""}",rubber_band,Rubber Band,local hybrid spectral/time-domain proxy,-12,17,0.3947392290249433,223.27344140123742,446.54688280247484,0.9960189244555643
octave_pure_440,pure_tones,440,"{""frequencies_hz"": ""440""}",rubber_band,Rubber Band,local hybrid spectral/time-domain proxy,-12,18,0.4179591836734694,223.32597259184806,446.6519451836961,0.9960300219470509
octave_pure_440,pure_tones,440,"{""frequencies_hz"": ""440""}",rubber_band,Rubber Band,local hybrid spectral/time-domain proxy,-12,19,0.44117913832199546,223.3568483917596,446.7136967835192,0.996037307889923
octave_pure_440,pure_tones,440,"{""frequencies_hz"": ""440""}",rubber_band,Rubber Band,local hybrid spectral/time-domain proxy,-12,20,0.46439909297052157,223.36773183972198,446.73546367944397,0.9960256502679866
octave_pure_440,pure_tones,440,"{""frequencies_hz"": ""440""}",rubber_band,Rubber Band,local hybrid spectral/time-domain proxy,-12,21,0.4876190476190476,223.34673114984275,446.6934622996855,0.9960100338786226
octave_pure_440,pure_tones,440,"{""frequencies_hz"": ""440""}",rubber_band,Rubber Band,local hybrid spectral/time-domain proxy,-12,22,0.5108390022675737,223.29263123986428,446.58526247972856,0.9960063513411189
octave_pure_440,pure_tones,440,"{""frequencies_hz"": ""440""}",rubber_band,Rubber Band,local hybrid spectral/time-domain proxy,-12,23,0.5340589569160997,223.2303256513608,446.4606513027216,0.9960023114041437
octave_pure_440,pure_tones,440,"{""frequencies_hz"": ""440""}",rubber_band,Rubber Band,local hybrid spectral/time-domain proxy,-12,24,0.5572789115646258,223.1747310816168,446.3494621632336,0.9959942842847057
octave_pure_440,pure_tones,440,"{""frequencies_hz"": ""440""}",rubber_band,Rubber Band,local hybrid spectral/time-domain proxy,-12,25,0.5804988662131519,223.125165763973,446.250331527946,0.9960065011540122
octave_pure_440,pure_tones,440,"{""frequencies_hz"": ""440""}",rubber_band,Rubber Band,local hybrid spectral/time-domain proxy,-12,26,0.603718820861678,223.11353121593376,446.2270624318675,0.9960171925722261
octave_pure_440,pure_tones,440,"{""frequencies_hz"": ""440""}",rubber_band,Rubber Band,local hybrid spectral/time-domain proxy,-12,27,0.626938775510204,223.16296359292485,446.3259271858497,0.9959931648317345
octave_pure_440,pure_tones,440,"{""frequencies_hz"": ""440""}",rubber_band,Rubber Band,local hybrid spectral/time-domain proxy,-12,28,0.6501587301587302,223.22092773545447,446.44185547090893,0.9959832843726107
octave_pure_440,pure_tones,440,"{""frequencies_hz"": ""440""}",rubber_band,Rubber Band,local hybrid spectral/time-domain proxy,-12,29,0.6733786848072563,223.24460829224716,446.48921658449433,0.996025939055641
octave_pure_440,pure_tones,440,"{""frequencies_hz"": ""440""}",rubber_band,Rubber Band,local hybrid spectral/time-domain proxy,-12,30,0.6965986394557823,223.27874154355789,446.55748308711577,0.996054739659607
octave_pure_440,pure_tones,440,"{""frequencies_hz"": ""440""}",rubber_band,Rubber Band,local hybrid spectral/time-domain proxy,-12,31,0.7198185941043084,223.34477612747438,446.68955225494875,0.9960248700611207
octave_pure_440,pure_tones,440,"{""frequencies_hz"": ""440""}",rubber_band,Rubber Band,local hybrid spectral/time-domain proxy,-12,32,0.7430385487528345,223.36886455900384,446.7377291180077,0.9960080579794486
octave_pure_440,pure_tones,440,"{""frequencies_hz"": ""440""}",rubber_band,Rubber Band,local hybrid spectral/time-domain proxy,-12,33,0.7662585034013606,223.3192805966954,446.6385611933908,0.9960287698899004
octave_pure_440,pure_tones,440,"{""frequencies_hz"": ""440""}",rubber_band,Rubber Band,local hybrid spectral/time-domain proxy,-12,34,0.7894784580498866,223.2491897995969,446.4983795991938,0.9960348270931692
octave_pure_440,pure_tones,440,"{""frequencies_hz"": ""440""}",rubber_band,Rubber Band,local hybrid spectral/time-domain proxy,-12,35,0.8126984126984127,223.1921982770171,446.3843965540342,0.99601977055118
octave_pure_440,pure_tones,440,"{""frequencies_hz"": ""440""}",rubber_band,Rubber Band,local hybrid spectral/time-domain proxy,-12,36,0.8359183673469388,223.14303596546594,446.2860719309319,0.9960128760548645
octave_pure_440,pure_tones,440,"{""frequencies_hz"": ""440""}",rubber_band,Rubber Band,local hybrid spectral/time-domain proxy,-12,37,0.8591383219954648,223.10962628575302,446.21925257150605,0.9960176003302612
octave_pure_440,pure_tones,440,"{""frequencies_hz"": ""440""}",rubber_band,Rubber Band,local hybrid spectral/time-domain proxy,-12,38,0.8823582766439909,223.11630254731944,446.23260509463887,0.9960146029954848
octave_pure_440,pure_tones,440,"{""frequencies_hz"": ""440""}",rubber_band,Rubber Band,local hybrid spectral/time-domain proxy,-12,39,0.905578231292517,223.16601976189366,446.33203952378733,0.996001314496213
octave_pure_440,pure_tones,440,"{""frequencies_hz"": ""440""}",rubber_band,Rubber Band,local hybrid spectral/time-domain proxy,-12,40,0.9287981859410431,223.2343777525384,446.4687555050768,0.9959942332939377
octave_pure_440,pure_tones,440,"{""frequencies_hz"": ""440""}",rubber_band,Rubber Band,local hybrid spectral/time-domain proxy,-12,41,0.9520181405895691,223.29920956389665,446.5984191277933,0.9960022093839439
octave_pure_440,pure_tones,440,"{""frequencies_hz"": ""440""}",rubber_band,Rubber Band,local hybrid spectral/time-domain proxy,-12,42,0.9752380952380952,223.3566088499322,446.7132176998644,0.9960104879383403
octave_pure_440,pure_tones,440,"{""frequencies_hz"": ""440""}",rubber_band,Rubber Band,local hybrid spectral/time-domain proxy,-12,43,0.9984580498866213,223.39611728656334,446.7922345731267,0.996004623197904
octave_pure_440,pure_tones,440,"{""frequencies_hz"": ""440""}",rubber_band,Rubber Band,local hybrid spectral/time-domain proxy,-12,44,1.0216780045351475,223.38441947835892,446.76883895671784,0.996010349502342
octave_pure_440,pure_tones,440,"{""frequencies_hz"": ""440""}",rubber_band,Rubber Band,local hybrid spectral/time-domain proxy,-12,45,1.0448979591836736,223.32034807327466,446.6406961465493,0.9960307514705614
octave_pure_440,pure_tones,440,"{""frequencies_hz"": ""440""}",rubber_band,Rubber Band,local hybrid spectral/time-domain proxy,-12,46,1.0681179138321995,223.24349196361075,446.4869839272215,0.9960344204171465
octave_pure_440,pure_tones,440,"{""frequencies_hz"": ""440""}",rubber_band,Rubber Band,local hybrid spectral/time-domain proxy,-12,47,1.0913378684807256,223.17497434838242,446.34994869676484,0.9960267545074232
octave_pure_440,pure_tones,440,"{""frequencies_hz"": ""440""}",rubber_band,Rubber Band,local hybrid spectral/time-domain proxy,-12,48,1.1145578231292517,223.1223257372054,446.2446514744108,0.9960230024518183
octave_pure_440,pure_tones,440,"{""frequencies_hz"": ""440""}",rubber_band,Rubber Band,local hybrid spectral/time-domain proxy,-12,49,1.1377777777777778,223.10040099655686,446.2008019931137,0.9960155840315954
octave_pure_440,pure_tones,440,"{""frequencies_hz"": ""440""}",rubber_band,Rubber Band,local hybrid spectral/time-domain proxy,-12,50,1.1609977324263039,223.1082198839164,446.2164397678328,0.9960050729199884
octave_pure_440,pure_tones,440,"{""frequencies_hz"": ""440""}",rubber_band,Rubber Band,local hybrid spectral/time-domain proxy,-12,51,1.18421768707483,223.12941454984937,446.25882909969874,0.9960115047365454
octave_pure_440,pure_tones,440,"{""frequencies_hz"": ""440""}",rubber_band,Rubber Band,local hybrid spectral/time-domain proxy,-12,52,1.207437641723356,223.17033938985807,446.34067877971614,0.9960218533152781
octave_pure_440,pure_tones,440,"{""frequencies_hz"": ""440""}",rubber_band,Rubber Band,local hybrid spectral/time-domain proxy,-12,53,1.230657596371882,223.23707749548896,446.4741549909779,0.9960195156585886
octave_pure_440,pure_tones,440,"{""frequencies_hz"": ""440""}",rubber_band,Rubber Band,local hybrid spectral/time-domain proxy,-12,54,1.253877551020408,223.30315345604396,446.6063069120879,0.9960215614454352
octave_pure_440,pure_tones,440,"{""frequencies_hz"": ""440""}",rubber_band,Rubber Band,local hybrid spectral/time-domain proxy,-12,55,1.2770975056689342,223.344353717578,446.688707435156,0.9960335088942316
octave_pure_440,pure_tones,440,"{""frequencies_hz"": ""440""}",rubber_band,Rubber Band,local hybrid spectral/time-domain proxy,-12,56,1.3003174603174603,223.3619733271851,446.7239466543702,0.9960368394895748
octave_pure_440,pure_tones,440,"{""frequencies_hz"": ""440""}",rubber_band,Rubber Band,local hybrid spectral/time-domain proxy,-12,57,1.3235374149659864,223.35901631136286,446.71803262272573,0.9960174172373673
octave_pure_440,pure_tones,440,"{""frequencies_hz"": ""440""}",rubber_band,Rubber Band,local hybrid spectral/time-domain proxy,-12,58,1.3467573696145125,223.31586705857563,446.63173411715127,0.9959999818286182
octave_pure_440,pure_tones,440,"{""frequencies_hz"": ""440""}",rubber_band,Rubber Band,local hybrid spectral/time-domain proxy,-12,59,1.3699773242630386,223.23136600272008,446.46273200544016,0.996014366237804
octave_pure_440,pure_tones,440,"{""frequencies_hz"": ""440""}",rubber_band,Rubber Band,local hybrid spectral/time-domain proxy,-12,60,1.3931972789115645,223.16355024193737,446.32710048387474,0.9960202458866851
octave_pure_440,pure_tones,440,"{""frequencies_hz"": ""440""}",rubber_band,Rubber Band,local hybrid spectral/time-domain proxy,-12,61,1.4164172335600906,223.14441755678584,446.2888351135717,0.9959900386462062
octave_pure_440,pure_tones,440,"{""frequencies_hz"": ""440""}",rubber_band,Rubber Band,local hybrid spectral/time-domain proxy,-12,62,1.4396371882086167,223.12830052974888,446.25660105949777,0.9959812985357461
octave_pure_440,pure_tones,440,"{""frequencies_hz"": ""440""}",rubber_band,Rubber Band,local hybrid spectral/time-domain proxy,-12,63,1.4628571428571429,223.1009861903084,446.2019723806168,0.9960183440477497
octave_pure_440,pure_tones,440,"{""frequencies_hz"": ""440""}",rubber_band,Rubber Band,local hybrid spectral/time-domain proxy,-12,64,1.486077097505669,223.12517032997656,446.2503406599531,0.9960358918566862
octave_pure_440,pure_tones,440,"{""frequencies_hz"": ""440""}",rubber_band,Rubber Band,local hybrid spectral/time-domain proxy,-12,65,1.509297052154195,223.21669502736987,446.43339005473973,0.9960097187463592
octave_pure_440,pure_tones,440,"{""frequencies_hz"": ""440""}",rubber_band,Rubber Band,local hybrid spectral/time-domain proxy,-12,66,1.5325170068027212,223.29969212798363,446.59938425596727,0.9960063808414288
octave_pure_440,pure_tones,440,"{""frequencies_hz"": ""440""}",rubber_band,Rubber Band,local hybrid spectral/time-domain proxy,-12,67,1.555736961451247,223.33488927431046,446.6697785486209,0.9960344301151602
octave_pure_440,pure_tones,440,"{""frequencies_hz"": ""440""}",rubber_band,Rubber Band,local hybrid spectral/time-domain proxy,-12,68,1.5789569160997732,223.34729933239294,446.6945986647859,0.9960423096709895
octave_pure_440,pure_tones,440,"{""frequencies_hz"": ""440""}",rubber_band,Rubber Band,local hybrid spectral/time-domain proxy,-12,69,1.6021768707482993,223.34000877611876,446.68001755223753,0.9960288149626944
octave_pure_440,pure_tones,440,"{""frequencies_hz"": ""440""}",rubber_band,Rubber Band,local hybrid spectral/time-domain proxy,-12,70,1.6253968253968254,223.29565957227615,446.5913191445523,0.9960242245300764
octave_pure_440,pure_tones,440,"{""frequencies_hz"": ""440""}",rubber_band,Rubber Band,local hybrid spectral/time-domain proxy,-12,71,1.6486167800453515,223.23064855220525,446.4612971044105,0.9960275623936322
octave_pure_440,pure_tones,440,"{""frequencies_hz"": ""440""}",rubber_band,Rubber Band,local hybrid spectral/time-domain proxy,-12,72,1.6718367346938776,223.18230156410397,446.36460312820793,0.9960187333283046
octave_pure_440,pure_tones,440,"{""frequencies_hz"": ""440""}",rubber_band,Rubber Band,local hybrid spectral/time-domain proxy,-12,73,1.6950566893424037,223.16242939354706,446.3248587870941,0.9960006843071197
octave_pure_440,pure_tones,440,"{""frequencies_hz"": ""440""}",rubber_band,Rubber Band,local hybrid spectral/time-domain proxy,-12,74,1.7182766439909296,223.15859809114838,446.31719618229675,0.9959920500395572
octave_pure_440,pure_tones,440,"{""frequencies_hz"": ""440""}",rubber_band,Rubber Band,local hybrid spectral/time-domain proxy,-12,75,1.7414965986394557,223.16689882760141,446.33379765520283,0.9959981346626637
octave_pure_440,pure_tones,440,"{""frequencies_hz"": ""440""}",rubber_band,Rubber Band,local hybrid spectral/time-domain proxy,-12,76,1.7647165532879818,223.20018081169883,446.40036162339766,0.9960031650075841
octave_pure_440,pure_tones,440,"{""frequencies_hz"": ""440""}",rubber_band,Rubber Band,local hybrid spectral/time-domain proxy,-12,77,1.787936507936508,223.25592595766244,446.5118519153249,0.9959988591573401
octave_pure_440,pure_tones,440,"{""frequencies_hz"": ""440""}",rubber_band,Rubber Band,local hybrid spectral/time-domain proxy,-12,78,1.811156462585034,223.30142994331956,446.6028598866391,0.9960107725889177
octave_pure_440,pure_tones,440,"{""frequencies_hz"": ""440""}",rubber_band,Rubber Band,local hybrid spectral/time-domain proxy,-12,79,1.8343764172335602,223.323208442701,446.646416885402,0.9960350016938578
octave_pure_440,pure_tones,440,"{""frequencies_hz"": ""440""}",rubber_band,Rubber Band,local hybrid spectral/time-domain proxy,-12,80,1.8575963718820863,223.33189805757553,446.66379611515106,0.9960403646528287
octave_pure_440,pure_tones,440,"{""frequencies_hz"": ""440""}",rubber_band,Rubber Band,local hybrid spectral/time-domain proxy,-12,81,1.8808163265306121,223.34092688218323,446.68185376436645,0.9960004042995123
octave_pure_440,pure_tones,440,"{""frequencies_hz"": ""440""}",rubber_band,Rubber Band,local hybrid spectral/time-domain proxy,-12,82,1.9040362811791383,223.51099847967663,447.02199695935326,0.9958971987525937
octave_pure_440,pure_tones,440,"{""frequencies_hz"": ""440""}",rubber_band,Rubber Band,local hybrid spectral/time-domain proxy,-12,83,1.9272562358276644,,,0.05931070450987067
octave_pure_440,pure_tones,440,"{""frequencies_hz"": ""440""}",rubber_band,Rubber Band,local hybrid spectral/time-domain proxy,-12,84,1.9504761904761905,,,0.0036491605646997902
octave_pure_440,pure_tones,440,"{""frequencies_hz"": ""440""}",rubber_band,Rubber Band,local hybrid spectral/time-domain proxy,-12,85,1.9736961451247166,,,0.000922123046595149
octave_pure_440,pure_tones,440,"{""frequencies_hz"": ""440""}",rubber_band,Rubber Band,local hybrid spectral/time-domain proxy,-12,86,1.9969160997732427,,,0.0005285348774092075
octave_pure_440,pure_tones,440,"{""frequencies_hz"": ""440""}",psola,PSOLA,local pitch-synchronous overlap-add,-12,0,0.0,440.78518697558115,881.5703739511623,0.965373906309277
octave_pure_440,pure_tones,440,"{""frequencies_hz"": ""440""}",psola,PSOLA,local pitch-synchronous overlap-add,-12,1,0.023219954648526078,440.7850970139268,881.5701940278536,0.9746875687677659
octave_pure_440,pure_tones,440,"{""frequencies_hz"": ""440""}",psola,PSOLA,local pitch-synchronous overlap-add,-12,2,0.046439909297052155,440.7849806076174,881.5699612152348,0.9907431734589196
octave_pure_440,pure_tones,440,"{""frequencies_hz"": ""440""}",psola,PSOLA,local pitch-synchronous overlap-add,-12,3,0.06965986394557823,440.78499309227243,881.5699861845449,0.9982594050700522
octave_pure_440,pure_tones,440,"{""frequencies_hz"": ""440""}",psola,PSOLA,local pitch-synchronous overlap-add,-12,4,0.09287981859410431,440.78503118058774,881.5700623611755,0.9989708386918544
octave_pure_440,pure_tones,440,"{""frequencies_hz"": ""440""}",psola,PSOLA,local pitch-synchronous overlap-add,-12,5,0.11609977324263039,440.7850252539701,881.5700505079402,0.9989708390692489
octave_pure_440,pure_tones,440,"{""frequencies_hz"": ""440""}",psola,PSOLA,local pitch-synchronous overlap-add,-12,6,0.13931972789115646,440.7850201071745,881.570040214349,0.9989708368075003
octave_pure_440,pure_tones,440,"{""frequencies_hz"": ""440""}",psola,PSOLA,local pitch-synchronous overlap-add,-12,7,0.16253968253968254,440.7850149602418,881.5700299204836,0.998970837709772
octave_pure_440,pure_tones,440,"{""frequencies_hz"": ""440""}",psola,PSOLA,local pitch-synchronous overlap-add,-12,8,0.18575963718820862,440.785010449556,881.570020899112,0.9989708408371499
octave_pure_440,pure_tones,440,"{""frequencies_hz"": ""440""}",psola,PSOLA,local pitch-synchronous overlap-add,-12,9,0.2089795918367347,440.7850061788121,881.5700123576243,0.9989708400849551
octave_pure_440,pure_tones,440,"{""frequencies_hz"": ""440""}",psola,PSOLA,local pitch-synchronous overlap-add,-12,10,0.23219954648526078,440.7850021514628,881.5700043029256,0.9989708373192236
octave_pure_440,pure_tones,440,"{""frequencies_hz"": ""440""}",psola,PSOLA,local pitch-synchronous overlap-add,-12,11,0.25541950113378686,440.7849987683503,881.5699975367006,0.9989708374875073
octave_pure_440,pure_tones,440,"{""frequencies_hz"": ""440""}",psola,PSOLA,local pitch-synchronous overlap-add,-12,12,0.2786394557823129,440.78499532596277,881.5699906519255,0.9989708401036728
octave_pure_440,pure_tones,440,"{""frequencies_hz"": ""440""}",psola,PSOLA,local pitch-synchronous overlap-add,-12,13,0.301859410430839,440.7849926788608,881.5699853577216,0.9989708399285755
octave_pure_440,pure_tones,440,"{""frequencies_hz"": ""440""}",psola,PSOLA,local pitch-synchronous overlap-add,-12,14,0.3250793650793651,440.78498990951226,881.5699798190245,0.9989708372562602
octave_pure_440,pure_tones,440,"{""frequencies_hz"": ""440""}",psola,PSOLA,local pitch-synchronous overlap-add,-12,15,0.34829931972789113,440.7849878759565,881.569975751913,0.9989708367634101
octave_pure_440,pure_tones,440,"{""frequencies_hz"": ""440""}",psola,PSOLA,local pitch-synchronous overlap-add,-12,16,0.37151927437641724,440.784985861696,881.569971723392,0.9989708389923393
octave_pure_440,pure_tones,440,"{""frequencies_hz"": ""440""}",psola,PSOLA,local pitch-synchronous overlap-add,-12,17,0.3947392290249433,440.784984308558,881.569968617116,0.9989708397166527
octave_pure_440,pure_tones,440,"{""frequencies_hz"": ""440""}",psola,PSOLA,local pitch-synchronous overlap-add,-12,18,0.4179591836734694,440.78498313476575,881.5699662695315,0.9989708372245292
octave_pure_440,pure_tones,440,"{""frequencies_hz"": ""440""}",psola,PSOLA,local pitch-synchronous overlap-add,-12,19,0.44117913832199546,440.78498203680283,881.5699640736057,0.9989708361274008
octave_pure_440,pure_tones,440,"{""frequencies_hz"": ""440""}",psola,PSOLA,local pitch-synchronous overlap-add,-12,20,0.46439909297052157,440.7849816179201,881.5699632358402,0.9989708383352777
octave_pure_440,pure_tones,440,"{""frequencies_hz"": ""440""}",psola,PSOLA,local pitch-synchronous overlap-add,-12,21,0.4876190476190476,440.7849810784843,881.5699621569686,0.9989708400691149
octave_pure_440,pure_tones,440,"{""frequencies_hz"": ""440""}",psola,PSOLA,local pitch-synchronous overlap-add,-12,22,0.5108390022675737,440.7849812803534,881.5699625607068,0.9989708375537297
octave_pure_440,pure_tones,440,"{""frequencies_hz"": ""440""}",psola,PSOLA,local pitch-synchronous overlap-add,-12,23,0.5340589569160997,440.7849813713458,881.5699627426916,0.9989708360077397
octave_pure_440,pure_tones,440,"{""frequencies_hz"": ""440""}",psola,PSOLA,local pitch-synchronous overlap-add,-12,24,0.5572789115646258,440.7849821144033,881.5699642288066,0.9989708380375267
octave_pure_440,pure_tones,440,"{""frequencies_hz"": ""440""}",psola,PSOLA,local pitch-synchronous overlap-add,-12,25,0.5804988662131519,440.7849830108168,881.5699660216336,0.9989708403933607
octave_pure_440,pure_tones,440,"{""frequencies_hz"": ""440""}",psola,PSOLA,local pitch-synchronous overlap-add,-12,26,0.603718820861678,440.7849841614335,881.569968322867,0.9989708382212636
octave_pure_440,pure_tones,440,"{""frequencies_hz"": ""440""}",psola,PSOLA,local pitch-synchronous overlap-add,-12,27,0.626938775510204,440.7849858404497,881.5699716808994,0.9989708364373249
octave_pure_440,pure_tones,440,"{""frequencies_hz"": ""440""}",psola,PSOLA,local pitch-synchronous overlap-add,-12,28,0.6501587301587302,440.78498750751237,881.5699750150247,0.9989708379571738
octave_pure_440,pure_tones,440,"{""frequencies_hz"": ""440""}",psola,PSOLA,local pitch-synchronous overlap-add,-12,29,0.6733786848072563,440.78498993415735,881.5699798683147,0.9989708403899313
octave_pure_440,pure_tones,440,"{""frequencies_hz"": ""440""}",psola,PSOLA,local pitch-synchronous overlap-add,-12,30,0.6965986394557823,440.78499220147864,881.5699844029573,0.9989708390965698
octave_pure_440,pure_tones,440,"{""frequencies_hz"": ""440""}",psola,PSOLA,local pitch-synchronous overlap-add,-12,31,0.7198185941043084,440.7849952872927,881.5699905745854,0.9989708370523221
octave_pure_440,pure_tones,440,"{""frequencies_hz"": ""440""}",psola,PSOLA,local pitch-synchronous overlap-add,-12,32,0.7430385487528345,440.7849983199415,881.569996639883,0.9989708379574097
octave_pure_440,pure_tones,440,"{""frequencies_hz"": ""440""}",psola,PSOLA,local pitch-synchronous overlap-add,-12,33,0.7662585034013606,440.7850019233514,881.5700038467028,0.9989708404208428
octave_pure_440,pure_tones,440,"{""frequencies_hz"": ""440""}",psola,PSOLA,local pitch-synchronous overlap-add,-12,34,0.7894784580498866,440.78500584113846,881.5700116822769,0.9989708399886973
octave_pure_440,pure_tones,440,"{""frequencies_hz"": ""440""}",psola,PSOLA,local pitch-synchronous overlap-add,-12,35,0.8126984126984127,440.78500998150867,881.5700199630173,0.9989708373199755
octave_pure_440,pure_tones,440,"{""frequencies_hz"": ""440""}",psola,PSOLA,local pitch-synchronous overlap-add,-12,36,0.8359183673469388,440.78501476190337,881.5700295238067,0.9989708375260246
octave_pure_440,pure_tones,440,"{""frequencies_hz"": ""440""}",psola,PSOLA,local pitch-synchronous overlap-add,-12,37,0.8591383219954648,440.78501951272114,881.5700390254423,0.9989708400973096
octave_pure_440,pure_tones,440,"{""frequencies_hz"": ""440""}",psola,PSOLA,local pitch-synchronous overlap-add,-12,38,0.8823582766439909,440.7850251080096,881.5700502160192,0.9989708400890875
octave_pure_440,pure_tones,440,"{""frequencies_hz"": ""440""}",psola,PSOLA,local pitch-synchronous overlap-add,-12,39,0.905578231292517,440.78503055418275,881.5700611083655,0.9989708367128894
octave_pure_440,pure_tones,440,"{""frequencies_hz"": ""440""}",psola,PSOLA,local pitch-synchronous overlap-add,-12,40,0.9287981859410431,440.7850368305653,881.5700736611306,0.9989708325849787
octave_pure_440,pure_tones,440,"{""frequencies_hz"": ""440""}",psola,PSOLA,local pitch-synchronous overlap-add,-12,41,0.9520181405895691,440.78504330870163,881.5700866174033,0.998970791491293
octave_pure_440,pure_tones,440,"{""frequencies_hz"": ""440""}",psola,PSOLA,local pitch-synchronous overlap-add,-12,42,0.9752380952380952,440.7850493817981,881.5700987635962,0.9989706932191029
octave_pure_440,pure_tones,440,"{""frequencies_hz"": ""440""}",psola,PSOLA,local pitch-synchronous overlap-add,-12,43,0.9984580498866213,440.7850522729012,881.5701045458025,0.9989706272077243
octave_pure_440,pure_tones,440,"{""frequencies_hz"": ""440""}",psola,PSOLA,local pitch-synchronous overlap-add,-12,44,1.0216780045351475,440.7850499176252,881.5700998352504,0.9989706763501479
octave_pure_440,pure_tones,440,"{""frequencies_hz"": ""440""}",psola,PSOLA,local pitch-synchronous overlap-add,-12,45,1.0448979591836736,440.7850443334275,881.570088666855,0.9989707798898316
octave_pure_440,pure_tones,440,"{""frequencies_hz"": ""440""}",psola,PSOLA,local pitch-synchronous overlap-add,-12,46,1.0681179138321995,440.7850374824908,881.5700749649816,0.9989708334510323
octave_pure_440,pure_tones,440,"{""frequencies_hz"": ""440""}",psola,PSOLA,local pitch-synchronous overlap-add,-12,47,1.0913378684807256,440.78503158403976,881.5700631680795,0.9989708374549522
octave_pure_440,pure_tones,440,"{""frequencies_hz"": ""440""}",psola,PSOLA,local pitch-synchronous overlap-add,-12,48,1.1145578231292517,440.78502564292825,881.5700512858565,0.9989708363505782
octave_pure_440,pure_tones,440,"{""frequencies_hz"": ""440""}",psola,PSOLA,local pitch-synchronous overlap-add,-12,49,1.1377777777777778,440.7850203868433,881.5700407736866,0.9989708384999391
octave_pure_440,pure_tones,440,"{""frequencies_hz"": ""440""}",psola,PSOLA,local pitch-synchronous overlap-add,-12,50,1.1609977324263039,440.78501533382496,881.5700306676499,0.9989708405637928
octave_pure_440,pure_tones,440,"{""frequencies_hz"": ""440""}",psola,PSOLA,local pitch-synchronous overlap-add,-12,51,1.18421768707483,440.7850106486747,881.5700212973494,0.9989708388878019
octave_pure_440,pure_tones,440,"{""frequencies_hz"": ""440""}",psola,PSOLA,local pitch-synchronous overlap-add,-12,52,1.207437641723356,440.7850064919673,881.5700129839346,0.9989708369938272
octave_pure_440,pure_tones,440,"{""frequencies_hz"": ""440""}",psola,PSOLA,local pitch-synchronous overlap-add,-12,53,1.230657596371882,440.78500235367653,881.5700047073531,0.9989708383853216
octave_pure_440,pure_tones,440,"{""frequencies_hz"": ""440""}",psola,PSOLA,local pitch-synchronous overlap-add,-12,54,1.253877551020408,440.7849990442305,881.569998088461,0.9989708410809016
octave_pure_440,pure_tones,440,"{""frequencies_hz"": ""440""}",psola,PSOLA,local pitch-synchronous overlap-add,-12,55,1.2770975056689342,440.7849955375827,881.5699910751654,0.9989708393463796
octave_pure_440,pure_tones,440,"{""frequencies_hz"": ""440""}",psola,PSOLA,local pitch-synchronous overlap-add,-12,56,1.3003174603174603,440.7849928405888,881.5699856811776,0.9989708368564487
octave_pure_440,pure_tones,440,"{""frequencies_hz"": ""440""}",psola,PSOLA,local pitch-synchronous overlap-add,-12,57,1.3235374149659864,440.78499011629884,881.5699802325977,0.9989708376368733
octave_pure_440,pure_tones,440,"{""frequencies_hz"": ""440""}",psola,PSOLA,local pitch-synchronous overlap-add,-12,58,1.3467573696145125,440.7849879770069,881.5699759540138,0.9989708403929398
octave_pure_440,pure_tones,440,"{""frequencies_hz"": ""440""}",psola,PSOLA,local pitch-synchronous overlap-add,-12,59,1.3699773242630386,440.7849860536732,881.5699721073464,0.998970839176311
octave_pure_440,pure_tones,440,"{""frequencies_hz"": ""440""}",psola,PSOLA,local pitch-synchronous overlap-add,-12,60,1.3931972789115645,440.7849843521778,881.5699687043556,0.998970836519579
octave_pure_440,pure_tones,440,"{""frequencies_hz"": ""440""}",psola,PSOLA,local pitch-synchronous overlap-add,-12,61,1.4164172335600906,440.7849832552587,881.5699665105174,0.9989708368175308
octave_pure_440,pure_tones,440,"{""frequencies_hz"": ""440""}",psola,PSOLA,local pitch-synchronous overlap-add,-12,62,1.4396371882086167,440.7849820502412,881.5699641004824,0.9989708392456831
octave_pure_440,pure_tones,440,"{""frequencies_hz"": ""440""}",psola,PSOLA,local pitch-synchronous overlap-add,-12,63,1.4628571428571429,440.7849816397347,881.5699632794694,0.9989708390665972
octave_pure_440,pure_tones,440,"{""frequencies_hz"": ""440""}",psola,PSOLA,local pitch-synchronous overlap-add,-12,64,1.486077097505669,440.78498108090474,881.5699621618095,0.9989708365339282
octave_pure_440,pure_tones,440,"{""frequencies_hz"": ""440""}",psola,PSOLA,local pitch-synchronous overlap-add,-12,65,1.509297052154195,440.78498122595215,881.5699624519043,0.9989708363510006
octave_pure_440,pure_tones,440,"{""frequencies_hz"": ""440""}",psola,PSOLA,local pitch-synchronous overlap-add,-12,66,1.5325170068027212,440.7849813873564,881.5699627747128,0.9989708387937475
octave_pure_440,pure_tones,440,"{""frequencies_hz"": ""440""}",psola,PSOLA,local pitch-synchronous overlap-add,-12,67,1.555736961451247,440.7849820021529,881.5699640043058,0.9989708396982763
octave_pure_440,pure_tones,440,"{""frequencies_hz"": ""440""}",psola,PSOLA,local pitch-synchronous overlap-add,-12,68,1.5789569160997732,440.7849829695655,881.569965939131,0.99897083712743
octave_pure_440,pure_tones,440,"{""frequencies_hz"": ""440""}",psola,PSOLA,local pitch-synchronous overlap-add,-12,69,1.6021768707482993,440.7849840199982,881.5699680399964,0.9989708363916167
octave_pure_440,pure_tones,440,"{""frequencies_hz"": ""440""}",psola,PSOLA,local pitch-synchronous overlap-add,-12,70,1.6253968253968254,440.7849857720695,881.569971544139,0.9989708389829187
octave_pure_440,pure_tones,440,"{""frequencies_hz"": ""440""}",psola,PSOLA,local pitch-synchronous overlap-add,-12,71,1.6486167800453515,440.78498740092755,881.5699748018551,0.9989708406888193
octave_pure_440,pure_tones,440,"{""frequencies_hz"": ""440""}",psola,PSOLA,local pitch-synchronous overlap-add,-12,72,1.6718367346938776,440.78498977424334,881.5699795484867,0.9989708380573219
octave_pure_440,pure_tones,440,"{""frequencies_hz"": ""440""}",psola,PSOLA,local pitch-synchronous overlap-add,-12,73,1.6950566893424037,440.78499207491603,881.5699841498321,0.9989708367949038
octave_pure_440,pure_tones,440,"{""frequencies_hz"": ""440""}",psola,PSOLA,local pitch-synchronous overlap-add,-12,74,1.7182766439909296,440.78499504398104,881.5699900879621,0.9989708390445737
octave_pure_440,pure_tones,440,"{""frequencies_hz"": ""440""}",psola,PSOLA,local pitch-synchronous overlap-add,-12,75,1.7414965986394557,440.78499818141233,881.5699963628247,0.9989708410061034
octave_pure_440,pure_tones,440,"{""frequencies_hz"": ""440""}",psola,PSOLA,local pitch-synchronous overlap-add,-12,76,1.7647165532879818,440.7850016263884,881.5700032527768,0.9989708388044389
octave_pure_440,pure_tones,440,"{""frequencies_hz"": ""440""}",psola,PSOLA,local pitch-synchronous overlap-add,-12,77,1.787936507936508,440.7850056332882,881.5700112665764,0.9989708370749562
octave_pure_440,pure_tones,440,"{""frequencies_hz"": ""440""}",psola,PSOLA,local pitch-synchronous overlap-add,-12,78,1.811156462585034,440.78500964661265,881.5700192932253,0.9989708385526919
octave_pure_440,pure_tones,440,"{""frequencies_hz"": ""440""}",psola,PSOLA,local pitch-synchronous overlap-add,-12,79,1.8343764172335602,440.7850144518199,881.5700289036398,0.9989708405137117
octave_pure_440,pure_tones,440,"{""frequencies_hz"": ""440""}",psola,PSOLA,local pitch-synchronous overlap-add,-12,80,1.8575963718820863,440.78501915620325,881.5700383124065,0.9989708389602683
octave_pure_440,pure_tones,440,"{""frequencies_hz"": ""440""}",psola,PSOLA,local pitch-synchronous overlap-add,-12,81,1.8808163265306121,440.78502469073425,881.5700493814685,0.9989708365762453
octave_pure_440,pure_tones,440,"{""frequencies_hz"": ""440""}",psola,PSOLA,local pitch-synchronous overlap-add,-12,82,1.9040362811791383,440.78503021055667,881.5700604211133,0.998970837208102
octave_pure_440,pure_tones,440,"{""frequencies_hz"": ""440""}",psola,PSOLA,local pitch-synchronous overlap-add,-12,83,1.9272562358276644,440.78500090330357,881.5700018066071,0.9985554227670798
octave_pure_440,pure_tones,440,"{""frequencies_hz"": ""440""}",psola,PSOLA,local pitch-synchronous overlap-add,-12,84,1.9504761904761905,440.7849746331205,881.569949266241,0.9923727908560892
octave_pure_440,pure_tones,440,"{""frequencies_hz"": ""440""}",psola,PSOLA,local pitch-synchronous overlap-add,-12,85,1.9736961451247166,440.78507740672006,881.5701548134401,0.9768835367921538
octave_pure_440,pure_tones,440,"{""frequencies_hz"": ""440""}",psola,PSOLA,local pitch-synchronous overlap-add,-12,86,1.9969160997732427,440.7851850776769,881.5703701553538,0.9655593629920671
octave_pure_880,pure_tones,880,"{""frequencies_hz"": ""880""}",phase_vocoder,Phase Vocoder,local phase vocoder,-12,0,0.0,440.8484709317476,881.6969418634952,0.9385648576866659
octave_pure_880,pure_tones,880,"{""frequencies_hz"": ""880""}",phase_vocoder,Phase Vocoder,local phase vocoder,-12,1,0.023219954648526078,440.4268695239944,880.8537390479888,0.9568490150620551
octave_pure_880,pure_tones,880,"{""frequencies_hz"": ""880""}",phase_vocoder,Phase Vocoder,local phase vocoder,-12,2,0.046439909297052155,439.7447612431852,879.4895224863704,0.9860863510788266
octave_pure_880,pure_tones,880,"{""frequencies_hz"": ""880""}",phase_vocoder,Phase Vocoder,local phase vocoder,-12,3,0.06965986394557823,439.42373670134805,878.8474734026961,0.9977437402317267
octave_pure_880,pure_tones,880,"{""frequencies_hz"": ""880""}",phase_vocoder,Phase Vocoder,local phase vocoder,-12,4,0.09287981859410431,439.3473047834882,878.6946095669764,0.9986596214043517
octave_pure_880,pure_tones,880,"{""frequencies_hz"": ""880""}",phase_vocoder,Phase Vocoder,local phase vocoder,-12,5,0.11609977324263039,439.33047154404983,878.6609430880997,0.9986946603442887
octave_pure_880,pure_tones,880,"{""frequencies_hz"": ""880""}",phase_vocoder,Phase Vocoder,local phase vocoder,-12,6,0.13931972789115646,439.33555227702783,878.6711045540557,0.9987225800147551
octave_pure_880,pure_tones,880,"{""frequencies_hz"": ""880""}",phase_vocoder,Phase Vocoder,local phase vocoder,-12,7,0.16253968253968254,439.3374446999019,878.6748893998038,0.9987289795028548
octave_pure_880,pure_tones,880,"{""frequencies_hz"": ""880""}",phase_vocoder,Phase Vocoder,local phase vocoder,-12,8,0.18575963718820862,439.3374899012472,878.6749798024944,0.9987291834000779
octave_pure_880,pure_tones,880,"{""frequencies_hz"": ""880""}",phase_vocoder,Phase Vocoder,local phase vocoder,-12,9,0.2089795918367347,439.3374857962938,878.6749715925876,0.9987292236799862
octave_pure_880,pure_tones,880,"{""frequencies_hz"": ""880""}",phase_vocoder,Phase Vocoder,local phase vocoder,-12,10,0.23219954648526078,439.3374850309483,878.6749700618966,0.9987292385459839
octave_pure_880,pure_tones,880,"{""frequencies_hz"": ""880""}",phase_vocoder,Phase Vocoder,local phase vocoder,-12,11,0.25541950113378686,439.3374881259773,878.6749762519546,0.9987291998574266
octave_pure_880,pure_tones,880,"{""frequencies_hz"": ""880""}",phase_vocoder,Phase Vocoder,local phase vocoder,-12,12,0.2786394557823129,439.33749013621406,878.6749802724281,0.9987291642453382
octave_pure_880,pure_tones,880,"{""frequencies_hz"": ""880""}",phase_vocoder,Phase Vocoder,local phase vocoder,-12,13,0.301859410430839,439.3374833190487,878.6749666380974,0.9987292240278567
octave_pure_880,pure_tones,880,"{""frequencies_hz"": ""880""}",phase_vocoder,Phase Vocoder,local phase vocoder,-12,14,0.3250793650793651,439.33748786578815,878.6749757315763,0.9987292418561761
octave_pure_880,pure_tones,880,"{""frequencies_hz"": ""880""}",phase_vocoder,Phase Vocoder,local phase vocoder,-12,15,0.34829931972789113,439.3374883391442,878.6749766782884,0.9987291838259449
octave_pure_880,pure_tones,880,"{""frequencies_hz"": ""880""}",phase_vocoder,Phase Vocoder,local phase vocoder,-12,16,0.37151927437641724,439.3374874646528,878.6749749293056,0.9987291657652596
octave_pure_880,pure_tones,880,"{""frequencies_hz"": ""880""}",phase_vocoder,Phase Vocoder,local phase vocoder,-12,17,0.3947392290249433,439.33748591930095,878.6749718386019,0.9987291914071995
octave_pure_880,pure_tones,880,"{""frequencies_hz"": ""880""}",phase_vocoder,Phase Vocoder,local phase vocoder,-12,18,0.4179591836734694,439.33749016683777,878.6749803336755,0.9987291787371317
octave_pure_880,pure_tones,880,"{""frequencies_hz"": ""880""}",phase_vocoder,Phase Vocoder,local phase vocoder,-12,19,0.44117913832199546,439.33748556208883,878.6749711241777,0.9987292292638069
octave_pure_880,pure_tones,880,"{""frequencies_hz"": ""880""}",phase_vocoder,Phase Vocoder,local phase vocoder,-12,20,0.46439909297052157,439.33748496862756,878.6749699372551,0.9987292474814857
octave_pure_880,pure_tones,880,"{""frequencies_hz"": ""880""}",phase_vocoder,Phase Vocoder,local phase vocoder,-12,21,0.4876190476190476,439.3374883590118,878.6749767180236,0.9987292036917915
octave_pure_880,pure_tones,880,"{""frequencies_hz"": ""880""}",phase_vocoder,Phase Vocoder,local phase vocoder,-12,22,0.5108390022675737,439.337489780805,878.67497956161,0.9987291625639041
octave_pure_880,pure_tones,880,"{""frequencies_hz"": ""880""}",phase_vocoder,Phase Vocoder,local phase vocoder,-12,23,0.5340589569160997,439.3374834632998,878.6749669265996,0.9987292191048769
octave_pure_880,pure_tones,880,"{""frequencies_hz"": ""880""}",phase_vocoder,Phase Vocoder,local phase vocoder,-12,24,0.5572789115646258,439.3374879737067,878.6749759474134,0.9987292346764354
octave_pure_880,pure_tones,880,"{""frequencies_hz"": ""880""}",phase_vocoder,Phase Vocoder,local phase vocoder,-12,25,0.5804988662131519,439.33748815207855,878.6749763041571,0.9987291835949292
octave_pure_880,pure_tones,880,"{""frequencies_hz"": ""880""}",phase_vocoder,Phase Vocoder,local phase vocoder,-12,26,0.603718820861678,439.3374870484165,878.674974096833,0.9987291711659141
octave_pure_880,pure_tones,880,"{""frequencies_hz"": ""880""}",phase_vocoder,Phase Vocoder,local phase vocoder,-12,27,0.626938775510204,439.3374863356022,878.6749726712044,0.998729189498778
octave_pure_880,pure_tones,880,"{""frequencies_hz"": ""880""}",phase_vocoder,Phase Vocoder,local phase vocoder,-12,28,0.6501587301587302,439.3374904527186,878.6749809054372,0.9987291743532611
octave_pure_880,pure_tones,880,"{""frequencies_hz"": ""880""}",phase_vocoder,Phase Vocoder,local phase vocoder,-12,29,0.6733786848072563,439.33748541760355,878.6749708352071,0.9987292327876165
octave_pure_880,pure_tones,880,"{""frequencies_hz"": ""880""}",phase_vocoder,Phase Vocoder,local phase vocoder,-12,30,0.6965986394557823,439.33748499653854,878.6749699930771,0.998729253176372
octave_pure_880,pure_tones,880,"{""frequencies_hz"": ""880""}",phase_vocoder,Phase Vocoder,local phase vocoder,-12,31,0.7198185941043084,439.3374883463506,878.6749766927012,0.9987292057605509
octave_pure_880,pure_tones,880,"{""frequencies_hz"": ""880""}",phase_vocoder,Phase Vocoder,local phase vocoder,-12,32,0.7430385487528345,439.33748942054973,878.6749788410995,0.998729160744828
octave_pure_880,pure_tones,880,"{""frequencies_hz"": ""880""}",phase_vocoder,Phase Vocoder,local phase vocoder,-12,33,0.7662585034013606,439.3374836115998,878.6749672231996,0.9987292139877652
octave_pure_880,pure_tones,880,"{""frequencies_hz"": ""880""}",phase_vocoder,Phase Vocoder,local phase vocoder,-12,34,0.7894784580498866,439.33748840392224,878.6749768078445,0.9987292271134446
octave_pure_880,pure_tones,880,"{""frequencies_hz"": ""880""}",phase_vocoder,Phase Vocoder,local phase vocoder,-12,35,0.8126984126984127,439.33748809235914,878.6749761847183,0.9987291842114188
octave_pure_880,pure_tones,880,"{""frequencies_hz"": ""880""}",phase_vocoder,Phase Vocoder,local phase vocoder,-12,36,0.8359183673469388,439.3374866239549,878.6749732479097,0.9987291780135387
octave_pure_880,pure_tones,880,"{""frequencies_hz"": ""880""}",phase_vocoder,Phase Vocoder,local phase vocoder,-12,37,0.8591383219954648,439.3374865644062,878.6749731288124,0.9987291887838335
octave_pure_880,pure_tones,880,"{""frequencies_hz"": ""880""}",phase_vocoder,Phase Vocoder,local phase vocoder,-12,38,0.8823582766439909,439.33749024443864,878.6749804888773,0.9987291704217209
octave_pure_880,pure_tones,880,"{""frequencies_hz"": ""880""}",phase_vocoder,Phase Vocoder,local phase vocoder,-12,39,0.905578231292517,439.3374851309972,878.6749702619944,0.9987292348224045
octave_pure_880,pure_tones,880,"{""frequencies_hz"": ""880""}",phase_vocoder,Phase Vocoder,local phase vocoder,-12,40,0.9287981859410431,439.3374848704574,878.6749697409148,0.998729256700281
octave_pure_880,pure_tones,880,"{""frequencies_hz"": ""880""}",phase_vocoder,Phase Vocoder,local phase vocoder,-12,41,0.9520181405895691,439.3374885539769,878.6749771079539,0.9987292069442669
octave_pure_880,pure_tones,880,"{""frequencies_hz"": ""880""}",phase_vocoder,Phase Vocoder,local phase vocoder,-12,42,0.9752380952380952,439.33748931095454,878.6749786219091,0.9987291593299377
octave_pure_880,pure_tones,880,"{""frequencies_hz"": ""880""}",phase_vocoder,Phase Vocoder,local phase vocoder,-12,43,0.9984580498866213,439.33748411471765,878.6749682294353,0.9987292087083224
octave_pure_880,pure_tones,880,"{""frequencies_hz"": ""880""}",phase_vocoder,Phase Vocoder,local phase vocoder,-12,44,1.0216780045351475,439.33748909865983,878.6749781973197,0.9987292191000582
octave_pure_880,pure_tones,880,"{""frequencies_hz"": ""880""}",phase_vocoder,Phase Vocoder,local phase vocoder,-12,45,1.0448979591836736,439.3374879336457,878.6749758672914,0.9987291855247953
octave_pure_880,pure_tones,880,"{""frequencies_hz"": ""880""}",phase_vocoder,Phase Vocoder,local phase vocoder,-12,46,1.0681179138321995,439.33748628777346,878.6749725755469,0.9987291861603772
octave_pure_880,pure_tones,880,"{""frequencies_hz"": ""880""}",phase_vocoder,Phase Vocoder,local phase vocoder,-12,47,1.0913378684807256,439.3374866390958,878.6749732781916,0.998729189391473
octave_pure_880,pure_tones,880,"{""frequencies_hz"": ""880""}",phase_vocoder,Phase Vocoder,local phase vocoder,-12,48,1.1145578231292517,439.3374901618435,878.674980323687,0.99872916695122
octave_pure_880,pure_tones,880,"{""frequencies_hz"": ""880""}",phase_vocoder,Phase Vocoder,local phase vocoder,-12,49,1.1377777777777778,439.33748502341274,878.6749700468255,0.9987292353703204
octave_pure_880,pure_tones,880,"{""frequencies_hz"": ""880""}",phase_vocoder,Phase Vocoder,local phase vocoder,-12,50,1.1609977324263039,439.3374849091966,878.6749698183932,0.9987292578469784
octave_pure_880,pure_tones,880,"{""frequencies_hz"": ""880""}",phase_vocoder,Phase Vocoder,local phase vocoder,-12,51,1.18421768707483,439.33748878094843,878.6749775618969,0.9987292071265255
octave_pure_880,pure_tones,880,"{""frequencies_hz"": ""880""}",phase_vocoder,Phase Vocoder,local phase vocoder,-12,52,1.207437641723356,439.3374887399526,878.6749774799052,0.9987291584672998
octave_pure_880,pure_tones,880,"{""frequencies_hz"": ""880""}",phase_vocoder,Phase Vocoder,local phase vocoder,-12,53,1.230657596371882,439.33748421434603,878.6749684286921,0.9987292037312645
octave_pure_880,pure_tones,880,"{""frequencies_hz"": ""880""}",phase_vocoder,Phase Vocoder,local phase vocoder,-12,54,1.253877551020408,439.3374891600846,878.6749783201692,0.9987292115058201
octave_pure_880,pure_tones,880,"{""frequencies_hz"": ""880""}",phase_vocoder,Phase Vocoder,local phase vocoder,-12,55,1.2770975056689342,439.33748760110456,878.6749752022091,0.9987291882474222
octave_pure_880,pure_tones,880,"{""frequencies_hz"": ""880""}",phase_vocoder,Phase Vocoder,local phase vocoder,-12,56,1.3003174603174603,439.3374860469131,878.6749720938262,0.9987291962679775
octave_pure_880,pure_tones,880,"{""frequencies_hz"": ""880""}",phase_vocoder,Phase Vocoder,local phase vocoder,-12,57,1.3235374149659864,439.3374870177057,878.6749740354114,0.998729191794248
octave_pure_880,pure_tones,880,"{""frequencies_hz"": ""880""}",phase_vocoder,Phase Vocoder,local phase vocoder,-12,58,1.3467573696145125,439.33749049496333,878.6749809899267,0.9987291640493584
octave_pure_880,pure_tones,880,"{""frequencies_hz"": ""880""}",phase_vocoder,Phase Vocoder,local phase vocoder,-12,59,1.3699773242630386,439.33748508960855,878.6749701792171,0.9987292339466194
octave_pure_880,pure_tones,880,"{""frequencies_hz"": ""880""}",phase_vocoder,Phase Vocoder,local phase vocoder,-12,60,1.3931972789115645,439.33748520610715,878.6749704122143,0.9987292557716155
octave_pure_880,pure_tones,880,"{""frequencies_hz"": ""880""}",phase_vocoder,Phase Vocoder,local phase vocoder,-12,61,1.4164172335600906,439.33748880357166,878.6749776071433,0.9987292056770571
octave_pure_880,pure_tones,880,"{""frequencies_hz"": ""880""}",phase_vocoder,Phase Vocoder,local phase vocoder,-12,62,1.4396371882086167,439.3374881609983,878.6749763219966,0.9987291578362043
octave_pure_880,pure_tones,880,"{""frequencies_hz"": ""880""}",phase_vocoder,Phase Vocoder,local phase vocoder,-12,63,1.4628571428571429,439.33748440362115,878.6749688072423,0.9987291993000817
octave_pure_880,pure_tones,880,"{""frequencies_hz"": ""880""}",phase_vocoder,Phase Vocoder,local phase vocoder,-12,64,1.486077097505669,439.33748937748703,878.6749787549741,0.9987292045786386
octave_pure_880,pure_tones,880,"{""frequencies_hz"": ""880""}",phase_vocoder,Phase Vocoder,local phase vocoder,-12,65,1.509297052154195,439.3374875454918,878.6749750909836,0.9987291923850228
octave_pure_880,pure_tones,880,"{""frequencies_hz"": ""880""}",phase_vocoder,Phase Vocoder,local phase vocoder,-12,66,1.5325170068027212,439.3374856974028,878.6749713948057,0.9987292080811788
octave_pure_880,pure_tones,880,"{""frequencies_hz"": ""880""}",phase_vocoder,Phase Vocoder,local phase vocoder,-12,67,1.555736961451247,439.33748725741145,878.6749745148229,0.9987291956690674
octave_pure_880,pure_tones,880,"{""frequencies_hz"": ""880""}",phase_vocoder,Phase Vocoder,local phase vocoder,-12,68,1.5789569160997732,439.3374902914151,878.6749805828302,0.9987291618919906
octave_pure_880,pure_tones,880,"{""frequencies_hz"": ""880""}",phase_vocoder,Phase Vocoder,local phase vocoder,-12,69,1.6021768707482993,439.3374848877672,878.6749697755344,0.9987292312551398
octave_pure_880,pure_tones,880,"{""frequencies_hz"": ""880""}",phase_vocoder,Phase Vocoder,local phase vocoder,-12,70,1.6253968253968254,439.337485406434,878.674970812868,0.9987292518449777
octave_pure_880,pure_tones,880,"{""frequencies_hz"": ""880""}",phase_vocoder,Phase Vocoder,local phase vocoder,-12,71,1.6486167800453515,439.3374889069906,878.6749778139812,0.9987292038175091
octave_pure_880,pure_tones,880,"{""frequencies_hz"": ""880""}",phase_vocoder,Phase Vocoder,local phase vocoder,-12,72,1.6718367346938776,439.33748804130516,878.6749760826103,0.9987291581124592
octave_pure_880,pure_tones,880,"{""frequencies_hz"": ""880""}",phase_vocoder,Phase Vocoder,local phase vocoder,-12,73,1.6950566893424037,439.33748492576285,878.6749698515257,0.9987291956452838
octave_pure_880,pure_tones,880,"{""frequencies_hz"": ""880""}",phase_vocoder,Phase Vocoder,local phase vocoder,-12,74,1.7182766439909296,439.3374899080524,878.6749798161048,0.9987291980406271
octave_pure_880,pure_tones,880,"{""frequencies_hz"": ""880""}",phase_vocoder,Phase Vocoder,local phase vocoder,-12,75,1.7414965986394557,439.3374872781205,878.674974556241,0.9987291973480796
octave_pure_880,pure_tones,880,"{""frequencies_hz"": ""880""}",phase_vocoder,Phase Vocoder,local phase vocoder,-12,76,1.7647165532879818,439.33748511037584,878.6749702207517,0.9987292207325394
octave_pure_880,pure_tones,880,"{""frequencies_hz"": ""880""}",phase_vocoder,Phase Vocoder,local phase vocoder,-12,77,1.787936507936508,439.3374895366704,878.6749790733408,0.9987292096912821
octave_pure_880,pure_tones,880,"{""frequencies_hz"": ""880""}",phase_vocoder,Phase Vocoder,local phase vocoder,-12,78,1.811156462585034,439.3372874450654,878.6745748901308,0.9987297241767118
octave_pure_880,pure_tones,880,"{""frequencies_hz"": ""880""}",phase_vocoder,Phase Vocoder,local phase vocoder,-12,79,1.8343764172335602,439.33483762197443,878.6696752439489,0.9987330401427295
octave_pure_880,pure_tones,880,"{""frequencies_hz"": ""880""}",phase_vocoder,Phase Vocoder,local phase vocoder,-12,80,1.8575963718820863,439.3372827292219,878.6745654584438,0.9987396989483626
octave_pure_880,pure_tones,880,"{""frequencies_hz"": ""880""}",phase_vocoder,Phase Vocoder,local phase vocoder,-12,81,1.8808163265306121,439.3629645435731,878.7259290871463,0.9987314206966492
octave_pure_880,pure_tones,880,"{""frequencies_hz"": ""880""}",phase_vocoder,Phase Vocoder,local phase vocoder,-12,82,1.9040362811791383,439.3183638569669,878.6367277139339,0.998583207357764
octave_pure_880,pure_tones,880,"{""frequencies_hz"": ""880""}",phase_vocoder,Phase Vocoder,local phase vocoder,-12,83,1.9272562358276644,438.9939369633639,877.9878739267278,0.9980496874721021
octave_pure_880,pure_tones,880,"{""frequencies_hz"": ""880""}",phase_vocoder,Phase Vocoder,local phase vocoder,-12,84,1.9504761904761905,438.248904964717,876.497809929434,0.9962440123603209
octave_pure_880,pure_tones,880,"{""frequencies_hz"": ""880""}",phase_vocoder,Phase Vocoder,local phase vocoder,-12,85,1.9736961451247166,436.9277063624844,873.8554127249688,0.9907660518426409
octave_pure_880,pure_tones,880,"{""frequencies_hz"": ""880""}",phase_vocoder,Phase Vocoder,local phase vocoder,-12,86,1.9969160997732427,435.44125012844773,870.8825002568955,0.9849761404149517
octave_pure_880,pure_tones,880,"{""frequencies_hz"": ""880""}",wsola,WSOLA,local waveform-similarity overlap-add,-12,0,0.0,769.5986259027844,1539.1972518055688,0.1321079196378012
octave_pure_880,pure_tones,880,"{""frequencies_hz"": ""880""}",wsola,WSOLA,local waveform-similarity overlap-add,-12,1,0.023219954648526078,769.5929822620595,1539.185964524119,0.13264065592632482
octave_pure_880,pure_tones,880,"{""frequencies_hz"": ""880""}",wsola,WSOLA,local waveform-similarity overlap-add,-12,2,0.046439909297052155,769.5653696845357,1539.1307393690713,0.13638700167033363
octave_pure_880,pure_tones,880,"{""frequencies_hz"": ""880""}",wsola,WSOLA,local waveform-similarity overlap-add,-12,3,0.06965986394557823,769.3934822732149,1538.7869645464298,0.1930328904036467
octave_pure_880,pure_tones,880,"{""frequencies_hz"": ""880""}",wsola,WSOLA,local waveform-similarity overlap-add,-12,4,0.09287981859410431,669.7578479996072,1339.5156959992144,0.9992124990653095
octave_pure_880,pure_tones,880,"{""frequencies_hz"": ""880""}",wsola,WSOLA,local waveform-similarity overlap-add,-12,5,0.11609977324263039,447.9479844285298,895.8959688570596,0.9968307288521023
octave_pure_880,pure_tones,880,"{""frequencies_hz"": ""880""}",wsola,WSOLA,local waveform-similarity overlap-add,-12,6,0.13931972789115646,448.42368879915705,896.8473775983141,0.9966018107670209
octave_pure_880,pure_tones,880,"{""frequencies_hz"": ""880""}",wsola,WSOLA,local waveform-similarity overlap-add,-12,7,0.16253968253968254,448.40558534066207,896.8111706813241,0.9961969037562814
octave_pure_880,pure_tones,880,"{""frequencies_hz"": ""880""}",wsola,WSOLA,local waveform-similarity overlap-add,-12,8,0.18575963718820862,448.5504689164605,897.100937832921,0.9963368377980335
octave_pure_880,pure_tones,880,"{""frequencies_hz"": ""880""}",wsola,WSOLA,local waveform-similarity overlap-add,-12,9,0.2089795918367347,448.48006334192394,896.9601266838479,0.996701995738817
octave_pure_880,pure_tones,880,"{""frequencies_hz"": ""880""}",wsola,WSOLA,local waveform-similarity overlap-add,-12,10,0.23219954648526078,447.8468425067124,895.6936850134248,0.9968197751343478
octave_pure_880,pure_tones,880,"{""frequencies_hz"": ""880""}",wsola,WSOLA,local waveform-similarity overlap-add,-12,11,0.25541950113378686,447.7545829661419,895.5091659322838,0.9969690915516242
octave_pure_880,pure_tones,880,"{""frequencies_hz"": ""880""}",wsola,WSOLA,local waveform-similarity overlap-add,-12,12,0.2786394557823129,448.47657861656495,896.9531572331299,0.9969979420799652
octave_pure_880,pure_tones,880,"{""frequencies_hz"": ""880""}",wsola,WSOLA,local waveform-similarity overlap-add,-12,13,0.301859410430839,448.8584686775516,897.7169373551033,0.9964778606294935
octave_pure_880,pure_tones,880,"{""frequencies_hz"": ""880""}",wsola,WSOLA,local waveform-similarity overlap-add,-12,14,0.3250793650793651,448.9636920101698,897.9273840203396,0.9959187427476983
octave_pure_880,pure_tones,880,"{""frequencies_hz"": ""880""}",wsola,WSOLA,local waveform-similarity overlap-add,-12,15,0.34829931972789113,449.09978334608724,898.1995666921745,0.9961974054618524
octave_pure_880,pure_tones,880,"{""frequencies_hz"": ""880""}",wsola,WSOLA,local waveform-similarity overlap-add,-12,16,0.37151927437641724,448.75406577248094,897.5081315449619,0.9966385856630892
octave_pure_880,pure_tones,880,"{""frequencies_hz"": ""880""}",wsola,WSOLA,local waveform-similarity overlap-add,-12,17,0.3947392290249433,447.9860878247432,895.9721756494864,0.9967825814004554
octave_pure_880,pure_tones,880,"{""frequencies_hz"": ""880""}",wsola,WSOLA,local waveform-similarity overlap-add,-12,18,0.4179591836734694,448.15628131823905,896.3125626364781,0.9969157744048762
octave_pure_880,pure_tones,880,"{""frequencies_hz"": ""880""}",wsola,WSOLA,local waveform-similarity overlap-add,-12,19,0.44117913832199546,448.960313778274,897.920627556548,0.9967790728601037
octave_pure_880,pure_tones,880,"{""frequencies_hz"": ""880""}",wsola,WSOLA,local waveform-similarity overlap-add,-12,20,0.46439909297052157,449.2706359246501,898.5412718493002,0.9961082968975433
octave_pure_880,pure_tones,880,"{""frequencies_hz"": ""880""}",wsola,WSOLA,local waveform-similarity overlap-add,-12,21,0.4876190476190476,449.2674811363791,898.5349622727582,0.9957046576835744
octave_pure_880,pure_tones,880,"{""frequencies_hz"": ""880""}",wsola,WSOLA,local waveform-similarity overlap-add,-12,22,0.5108390022675737,449.15635243748244,898.3127048749649,0.9962129667316405
octave_pure_880,pure_tones,880,"{""frequencies_hz"": ""880""}",wsola,WSOLA,local waveform-similarity overlap-add,-12,23,0.5340589569160997,448.54244154221124,897.0848830844225,0.9966749877664263
octave_pure_880,pure_tones,880,"{""frequencies_hz"": ""880""}",wsola,WSOLA,local waveform-similarity overlap-add,-12,24,0.5572789115646258,447.81996379905485,895.6399275981097,0.9968132448263661
octave_pure_880,pure_tones,880,"{""frequencies_hz"": ""880""}",wsola,WSOLA,local waveform-similarity overlap-add,-12,25,0.5804988662131519,448.2740446859624,896.5480893719248,0.996910314740449
octave_pure_880,pure_tones,880,"{""frequencies_hz"": ""880""}",wsola,WSOLA,local waveform-similarity overlap-add,-12,26,0.603718820861678,449.0319398022995,898.063879604599,0.9966343917147233
octave_pure_880,pure_tones,880,"{""frequencies_hz"": ""880""}",wsola,WSOLA,local waveform-similarity overlap-add,-12,27,0.626938775510204,449.2820766128739,898.5641532257478,0.9959047473966779
octave_pure_880,pure_tones,880,"{""frequencies_hz"": ""880""}",wsola,WSOLA,local waveform-similarity overlap-add,-12,28,0.6501587301587302,449.39052310220717,898.7810462044143,0.9957052204544659
octave_pure_880,pure_tones,880,"{""frequencies_hz"": ""880""}",wsola,WSOLA,local waveform-similarity overlap-add,-12,29,0.6733786848072563,449.29867038758914,898.5973407751783,0.9962474592718077
octave_pure_880,pure_tones,880,"{""frequencies_hz"": ""880""}",wsola,WSOLA,local waveform-similarity overlap-add,-12,30,0.6965986394557823,448.594759872602,897.189519745204,0.9965767024761267
octave_pure_880,pure_tones,880,"{""frequencies_hz"": ""880""}",wsola,WSOLA,local waveform-similarity overlap-add,-12,31,0.7198185941043084,448.06909024025384,896.1381804805077,0.9967008239457688
octave_pure_880,pure_tones,880,"{""frequencies_hz"": ""880""}",wsola,WSOLA,local waveform-similarity overlap-add,-12,32,0.7430385487528345,448.8046912755043,897.6093825510086,0.9967708116359907
octave_pure_880,pure_tones,880,"{""frequencies_hz"": ""880""}",wsola,WSOLA,local waveform-similarity overlap-add,-12,33,0.7662585034013606,449.5510863740326,899.1021727480652,0.9963005114244006
octave_pure_880,pure_tones,880,"{""frequencies_hz"": ""880""}",wsola,WSOLA,local waveform-similarity overlap-add,-12,34,0.7894784580498866,449.7960846817414,899.5921693634828,0.9954531588725769
octave_pure_880,pure_tones,880,"{""frequencies_hz"": ""880""}",wsola,WSOLA,local waveform-similarity overlap-add,-12,35,0.8126984126984127,449.8299232431785,899.659846486357,0.9954044391479079
octave_pure_880,pure_tones,880,"{""frequencies_hz"": ""880""}",wsola,WSOLA,local waveform-similarity overlap-add,-12,36,0.8359183673469388,449.49800942360855,898.9960188472171,0.9959759825542783
octave_pure_880,pure_tones,880,"{""frequencies_hz"": ""880""}",wsola,WSOLA,local waveform-similarity overlap-add,-12,37,0.8591383219954648,448.65636108348156,897.3127221669631,0.996316510030785
octave_pure_880,pure_tones,880,"{""frequencies_hz"": ""880""}",wsola,WSOLA,local waveform-similarity overlap-add,-12,38,0.8823582766439909,448.45258150826845,896.9051630165369,0.9966490037029879
octave_pure_880,pure_tones,880,"{""frequencies_hz"": ""880""}",wsola,WSOLA,local waveform-similarity overlap-add,-12,39,0.905578231292517,449.3374879532575,898.674975906515,0.996721565128673
octave_pure_880,pure_tones,880,"{""frequencies_hz"": ""880""}",wsola,WSOLA,local waveform-similarity overlap-add,-12,40,0.9287981859410431,450.08255209752406,900.1651041950481,0.995959768281563
octave_pure_880,pure_tones,880,"{""frequencies_hz"": ""880""}",wsola,WSOLA,local waveform-similarity overlap-add,-12,41,0.9520181405895691,450.97226717183446,901.9445343436689,0.9946996499479644
octave_pure_880,pure_tones,880,"{""frequencies_hz"": ""880""}",wsola,WSOLA,local waveform-similarity overlap-add,-12,42,0.9752380952380952,452.84546854939725,905.6909370987945,0.9937101507650213
octave_pure_880,pure_tones,880,"{""frequencies_hz"": ""880""}",wsola,WSOLA,local waveform-similarity overlap-add,-12,43,0.9984580498866213,455.27822030230027,910.5564406046005,0.9934629878715598
octave_pure_880,pure_tones,880,"{""frequencies_hz"": ""880""}",wsola,WSOLA,local waveform-similarity overlap-add,-12,44,1.0216780045351475,457.4211650619955,914.842330123991,0.9958223288670331
octave_pure_880,pure_tones,880,"{""frequencies_hz"": ""880""}",wsola,WSOLA,local waveform-similarity overlap-add,-12,45,1.0448979591836736,458.159965314354,916.319930628708,0.9973165852617596
octave_pure_880,pure_tones,880,"{""frequencies_hz"": ""880""}",wsola,WSOLA,local waveform-similarity overlap-add,-12,46,1.0681179138321995,458.215188072309,916.430376144618,0.9980780316622938
octave_pure_880,pure_tones,880,"{""frequencies_hz"": ""880""}",wsola,WSOLA,local waveform-similarity overlap-add,-12,47,1.0913378684807256,458.6907868051259,917.3815736102518,0.9985761197213731
octave_pure_880,pure_tones,880,"{""frequencies_hz"": ""880""}",wsola,WSOLA,local waveform-similarity overlap-add,-12,48,1.1145578231292517,459.1406075491963,918.2812150983926,0.9988447718784793
octave_pure_880,pure_tones,880,"{""frequencies_hz"": ""880""}",wsola,WSOLA,local waveform-similarity overlap-add,-12,49,1.1377777777777778,459.0230742673265,918.046148534653,0.9988896709355098
octave_pure_880,pure_tones,880,"{""frequencies_hz"": ""880""}",wsola,WSOLA,local waveform-similarity overlap-add,-12,50,1.1609977324263039,458.8944928357038,917.7889856714075,0.9989319939947238
octave_pure_880,pure_tones,880,"{""frequencies_hz"": ""880""}",wsola,WSOLA,local waveform-similarity overlap-add,-12,51,1.18421768707483,459.0547688994617,918.1095377989234,0.9990234823225471
octave_pure_880,pure_tones,880,"{""frequencies_hz"": ""880""}",wsola,WSOLA,local waveform-similarity overlap-add,-12,52,1.207437641723356,459.16196229264403,918.3239245852881,0.9990648040967337
octave_pure_880,pure_tones,880,"{""frequencies_hz"": ""880""}",wsola,WSOLA,local waveform-similarity overlap-add,-12,53,1.230657596371882,459.0912410707062,918.1824821414124,0.9990539679554977
octave_pure_880,pure_tones,880,"{""frequencies_hz"": ""880""}",wsola,WSOLA,local waveform-similarity overlap-add,-12,54,1.253877551020408,459.0457911711174,918.0915823422348,0.9990564184627362
octave_pure_880,pure_tones,880,"{""frequencies_hz"": ""880""}",wsola,WSOLA,local waveform-similarity overlap-add,-12,55,1.2770975056689342,459.06026455914133,918.1205291182827,0.9990661445450967
octave_pure_880,pure_tones,880,"{""frequencies_hz"": ""880""}",wsola,WSOLA,local waveform-similarity overlap-add,-12,56,1.3003174603174603,459.0717931421945,918.143586284389,0.9990628109115509
octave_pure_880,pure_tones,880,"{""frequencies_hz"": ""880""}",wsola,WSOLA,local waveform-similarity overlap-add,-12,57,1.3235374149659864,459.1134086624799,918.2268173249598,0.9990633326787992
octave_pure_880,pure_tones,880,"{""frequencies_hz"": ""880""}",wsola,WSOLA,local waveform-similarity overlap-add,-12,58,1.3467573696145125,459.183672359954,918.367344719908,0.9990738994904675
octave_pure_880,pure_tones,880,"{""frequencies_hz"": ""880""}",wsola,WSOLA,local waveform-similarity overlap-add,-12,59,1.3699773242630386,459.19199363103417,918.3839872620683,0.9990751389180738
octave_pure_880,pure_tones,880,"{""frequencies_hz"": ""880""}",wsola,WSOLA,local waveform-similarity overlap-add,-12,60,1.3931972789115645,459.12879970326424,918.2575994065285,0.999065082501805
octave_pure_880,pure_tones,880,"{""frequencies_hz"": ""880""}",wsola,WSOLA,local waveform-similarity overlap-add,-12,61,1.4164172335600906,459.0871640646327,918.1743281292654,0.9990619891707088
octave_pure_880,pure_tones,880,"{""frequencies_hz"": ""880""}",wsola,WSOLA,local waveform-similarity overlap-add,-12,62,1.4396371882086167,459.0992771784695,918.198554356939,0.9990687534947509
octave_pure_880,pure_tones,880,"{""frequencies_hz"": ""880""}",wsola,WSOLA,local waveform-similarity overlap-add,-12,63,1.4628571428571429,459.1096742053316,918.2193484106632,0.9990711619191
octave_pure_880,pure_tones,880,"{""frequencies_hz"": ""880""}",wsola,WSOLA,local waveform-similarity overlap-add,-12,64,1.486077097505669,459.09561209902324,918.1912241980465,0.999067573462926
octave_pure_880,pure_tones,880,"{""frequencies_hz"": ""880""}",wsola,WSOLA,local waveform-similarity overlap-add,-12,65,1.509297052154195,459.08536280670825,918.1707256134165,0.9990669214342442
octave_pure_880,pure_tones,880,"{""frequencies_hz"": ""880""}",wsola,WSOLA,local waveform-similarity overlap-add,-12,66,1.5325170068027212,459.08051229567656,918.1610245913531,0.9990688918362514
octave_pure_880,pure_tones,880,"{""frequencies_hz"": ""880""}",wsola,WSOLA,local waveform-similarity overlap-add,-12,67,1.555736961451247,459.0614417503462,918.1228835006924,0.9990640589505415
octave_pure_880,pure_tones,880,"{""frequencies_hz"": ""880""}",wsola,WSOLA,local waveform-similarity overlap-add,-12,68,1.5789569160997732,459.06699085463265,918.1339817092653,0.9990580612201254
octave_pure_880,pure_tones,880,"{""frequencies_hz"": ""880""}",wsola,WSOLA,local waveform-similarity overlap-add,-12,69,1.6021768707482993,459.1423819194585,918.284763838917,0.9990657849742832
octave_pure_880,pure_tones,880,"{""frequencies_hz"": ""880""}",wsola,WSOLA,local waveform-similarity overlap-add,-12,70,1.6253968253968254,459.2150045939192,918.4300091878384,0.9990769405371919
octave_pure_880,pure_tones,880,"{""frequencies_hz"": ""880""}",wsola,WSOLA,local waveform-similarity overlap-add,-12,71,1.6486167800453515,459.18503014736,918.37006029472,0.9990719306951368
octave_pure_880,pure_tones,880,"{""frequencies_hz"": ""880""}",wsola,WSOLA,local waveform-similarity overlap-add,-12,72,1.6718367346938776,459.1018490618524,918.2036981237048,0.999060308254595
octave_pure_880,pure_tones,880,"{""frequencies_hz"": ""880""}",wsola,WSOLA,local waveform-similarity overlap-add,-12,73,1.6950566893424037,459.07516838464124,918.1503367692825,0.9990617889279886
octave_pure_880,pure_tones,880,"{""frequencies_hz"": ""880""}",wsola,WSOLA,local waveform-similarity overlap-add,-12,74,1.7182766439909296,459.1000987413664,918.2001974827328,0.9990697988409308
octave_pure_880,pure_tones,880,"{""frequencies_hz"": ""880""}",wsola,WSOLA,local waveform-similarity overlap-add,-12,75,1.7414965986394557,459.1118108466337,918.2236216932674,0.9990707763251281
octave_pure_880,pure_tones,880,"{""frequencies_hz"": ""880""}",wsola,WSOLA,local waveform-similarity overlap-add,-12,76,1.7647165532879818,459.1024750471032,918.2049500942064,0.9990685902644038
octave_pure_880,pure_tones,880,"{""frequencies_hz"": ""880""}",wsola,WSOLA,local waveform-similarity overlap-add,-12,77,1.787936507936508,459.09039449877326,918.1807889975465,0.9990688253602455
octave_pure_880,pure_tones,880,"{""frequencies_hz"": ""880""}",wsola,WSOLA,local waveform-similarity overlap-add,-12,78,1.811156462585034,459.06777717609737,918.1355543521947,0.9990680529759011
octave_pure_880,pure_tones,880,"{""frequencies_hz"": ""880""}",wsola,WSOLA,local waveform-similarity overlap-add,-12,79,1.8343764172335602,459.02931295096687,918.0586259019337,0.9990639919951958
octave_pure_880,pure_tones,880,"{""frequencies_hz"": ""880""}",wsola,WSOLA,local waveform-similarity overlap-add,-12,80,1.8575963718820863,458.9944609031851,917.9889218063702,0.9990605974122087
octave_pure_880,pure_tones,880,"{""frequencies_hz"": ""880""}",wsola,WSOLA,local waveform-similarity overlap-add,-12,81,1.8808163265306121,458.955807186314,917.911614372628,0.9990520058359468
octave_pure_880,pure_tones,880,"{""frequencies_hz"": ""880""}",wsola,WSOLA,local waveform-similarity overlap-add,-12,82,1.9040362811791383,458.7427881420035,917.485576284007,0.9990097054712765
octave_pure_880,pure_tones,880,"{""frequencies_hz"": ""880""}",wsola,WSOLA,local waveform-similarity overlap-add,-12,83,1.9272562358276644,,,0.04537474411552484
octave_pure_880,pure_tones,880,"{""frequencies_hz"": ""880""}",wsola,WSOLA,local waveform-similarity overlap-add,-12,84,1.9504761904761905,,,0.009900852030141702
octave_pure_880,pure_tones,880,"{""frequencies_hz"": ""880""}",wsola,WSOLA,local waveform-similarity overlap-add,-12,85,1.9736961451247166,,,0.00819534704840056
octave_pure_880,pure_tones,880,"{""frequencies_hz"": ""880""}",wsola,WSOLA,local waveform-similarity overlap-add,-12,86,1.9969160997732427,,,0.007948823358154134
octave_pure_880,pure_tones,880,"{""frequencies_hz"": ""880""}",rubber_band,Rubber Band,local hybrid spectral/time-domain proxy,-12,0,0.0,761.5770248658865,1523.154049731773,0.14035518228098243
octave_pure_880,pure_tones,880,"{""frequencies_hz"": ""880""}",rubber_band,Rubber Band,local hybrid spectral/time-domain proxy,-12,1,0.023219954648526078,761.5716362341684,1523.1432724683368,0.14089428534788037
octave_pure_880,pure_tones,880,"{""frequencies_hz"": ""880""}",rubber_band,Rubber Band,local hybrid spectral/time-domain proxy,-12,2,0.046439909297052155,761.5452743372563,1523.0905486745125,0.14468647183420283
octave_pure_880,pure_tones,880,"{""frequencies_hz"": ""880""}",rubber_band,Rubber Band,local hybrid spectral/time-domain proxy,-12,3,0.06965986394557823,761.3812902245811,1522.7625804491622,0.20196451830801343
octave_pure_880,pure_tones,880,"{""frequencies_hz"": ""880""}",rubber_band,Rubber Band,local hybrid spectral/time-domain proxy,-12,4,0.09287981859410431,678.5030226329346,1357.0060452658693,0.9991763071877128
octave_pure_880,pure_tones,880,"{""frequencies_hz"": ""880""}",rubber_band,Rubber Band,local hybrid spectral/time-domain proxy,-12,5,0.11609977324263039,448.05391787098074,896.1078357419615,0.9968858813655517
octave_pure_880,pure_tones,880,"{""frequencies_hz"": ""880""}",rubber_band,Rubber Band,local hybrid spectral/time-domain proxy,-12,6,0.13931972789115646,448.3122126611813,896.6244253223626,0.996549809033146
octave_pure_880,pure_tones,880,"{""frequencies_hz"": ""880""}",rubber_band,Rubber Band,local hybrid spectral/time-domain proxy,-12,7,0.16253968253968254,448.16259990068045,896.3251998013609,0.9961056494752062
octave_pure_880,pure_tones,880,"{""frequencies_hz"": ""880""}",rubber_band,Rubber Band,local hybrid spectral/time-domain proxy,-12,8,0.18575963718820862,448.39199244066856,896.7839848813371,0.996270559069023
octave_pure_880,pure_tones,880,"{""frequencies_hz"": ""880""}",rubber_band,Rubber Band,local hybrid spectral/time-domain proxy,-12,9,0.2089795918367347,448.5406915379092,897.0813830758184,0.9967186867162473
octave_pure_880,pure_tones,880,"{""frequencies_hz"": ""880""}",rubber_band,Rubber Band,local hybrid spectral/time-domain proxy,-12,10,0.23219954648526078,448.04669008201074,896.0933801640215,0.996910787925119
octave_pure_880,pure_tones,880,"{""frequencies_hz"": ""880""}",rubber_band,Rubber Band,local hybrid spectral/time-domain proxy,-12,11,0.25541950113378686,447.88704128647936,895.7740825729587,0.997035358619661
octave_pure_880,pure_tones,880,"{""frequencies_hz"": ""880""}",rubber_band,Rubber Band,local hybrid spectral/time-domain proxy,-12,12,0.2786394557823129,448.4116367044946,896.8232734089892,0.996965500181488
octave_pure_880,pure_tones,880,"{""frequencies_hz"": ""880""}",rubber_band,Rubber Band,local hybrid spectral/time-domain proxy,-12,13,0.301859410430839,448.63725739358216,897.2745147871643,0.9963952499088222
octave_pure_880,pure_tones,880,"{""frequencies_hz"": ""880""}",rubber_band,Rubber Band,local hybrid spectral/time-domain proxy,-12,14,0.3250793650793651,448.7803161298259,897.5606322596518,0.995861038562719
octave_pure_880,pure_tones,880,"{""frequencies_hz"": ""880""}",rubber_band,Rubber Band,local hybrid spectral/time-domain proxy,-12,15,0.34829931972789113,449.13921928917614,898.2784385783523,0.9961923738711905
octave_pure_880,pure_tones,880,"{""frequencies_hz"": ""880""}",rubber_band,Rubber Band,local hybrid spectral/time-domain proxy,-12,16,0.37151927437641724,448.9546826843374,897.9093653686748,0.9966999008272093
octave_pure_880,pure_tones,880,"{""frequencies_hz"": ""880""}",rubber_band,Rubber Band,local hybrid spectral/time-domain proxy,-12,17,0.3947392290249433,448.1296017192387,896.2592034384774,0.9968379545799727
octave_pure_880,pure_tones,880,"{""frequencies_hz"": ""880""}",rubber_band,Rubber Band,local hybrid spectral/time-domain proxy,-12,18,0.4179591836734694,448.1061687590736,896.2123375181473,0.9968897778119223
octave_pure_880,pure_tones,880,"{""frequencies_hz"": ""880""}",rubber_band,Rubber Band,local hybrid spectral/time-domain proxy,-12,19,0.44117913832199546,448.75611111109816,897.5122222221963,0.9966995882686365
octave_pure_880,pure_tones,880,"{""frequencies_hz"": ""880""}",rubber_band,Rubber Band,local hybrid spectral/time-domain proxy,-12,20,0.46439909297052157,449.08810872236495,898.1762174447299,0.9960567822554368
octave_pure_880,pure_tones,880,"{""frequencies_hz"": ""880""}",rubber_band,Rubber Band,local hybrid spectral/time-domain proxy,-12,21,0.4876190476190476,449.3000895779983,898.6001791559966,0.9956995385630942
octave_pure_880,pure_tones,880,"{""frequencies_hz"": ""880""}",rubber_band,Rubber Band,local hybrid spectral/time-domain proxy,-12,22,0.5108390022675737,449.36441825168305,898.7288365033661,0.9962570916705251
octave_pure_880,pure_tones,880,"{""frequencies_hz"": ""880""}",rubber_band,Rubber Band,local hybrid spectral/time-domain proxy,-12,23,0.5340589569160997,448.6943491731881,897.3886983463761,0.9967195726534209
octave_pure_880,pure_tones,880,"{""frequencies_hz"": ""880""}",rubber_band,Rubber Band,local hybrid spectral/time-domain proxy,-12,24,0.5572789115646258,447.7737230893735,895.547446178747,0.9967797087067809
octave_pure_880,pure_tones,880,"{""frequencies_hz"": ""880""}",rubber_band,Rubber Band,local hybrid spectral/time-domain proxy,-12,25,0.5804988662131519,448.07486493686116,896.1497298737223,0.9968140749270095
octave_pure_880,pure_tones,880,"{""frequencies_hz"": ""880""}",rubber_band,Rubber Band,local hybrid spectral/time-domain proxy,-12,26,0.603718820861678,448.84317206391364,897.6863441278273,0.9965631345916164
octave_pure_880,pure_tones,880,"{""frequencies_hz"": ""880""}",rubber_band,Rubber Band,local hybrid spectral/time-domain proxy,-12,27,0.626938775510204,449.2860831325596,898.5721662651192,0.995899343451738
octave_pure_880,pure_tones,880,"{""frequencies_hz"": ""880""}",rubber_band,Rubber Band,local hybrid spectral/time-domain proxy,-12,28,0.6501587301587302,449.6028518054784,899.2057036109568,0.995734184098968
octave_pure_880,pure_tones,880,"{""frequencies_hz"": ""880""}",rubber_band,Rubber Band,local hybrid spectral/time-domain proxy,-12,29,0.6733786848072563,449.4745442777646,898.9490885555292,0.9962823755960332
octave_pure_880,pure_tones,880,"{""frequencies_hz"": ""880""}",rubber_band,Rubber Band,local hybrid spectral/time-domain proxy,-12,30,0.6965986394557823,448.5578156203513,897.1156312407026,0.996545154946145
octave_pure_880,pure_tones,880,"{""frequencies_hz"": ""880""}",rubber_band,Rubber Band,local hybrid spectral/time-domain proxy,-12,31,0.7198185941043084,447.8630185138125,895.726037027625,0.9965966655890282
octave_pure_880,pure_tones,880,"{""frequencies_hz"": ""880""}",rubber_band,Rubber Band,local hybrid spectral/time-domain proxy,-12,32,0.7430385487528345,448.5990623934034,897.1981247868068,0.9966783079297159
octave_pure_880,pure_tones,880,"{""frequencies_hz"": ""880""}",rubber_band,Rubber Band,local hybrid spectral/time-domain proxy,-12,33,0.7662585034013606,449.52824294750945,899.0564858950189,0.9962849602488564
octave_pure_880,pure_tones,880,"{""frequencies_hz"": ""880""}",rubber_band,Rubber Band,local hybrid spectral/time-domain proxy,-12,34,0.7894784580498866,450.00844718294604,900.0168943658921,0.9954744659806798
octave_pure_880,pure_tones,880,"{""frequencies_hz"": ""880""}",rubber_band,Rubber Band,local hybrid spectral/time-domain proxy,-12,35,0.8126984126984127,450.0521799884074,900.1043599768147,0.9954242279192456
octave_pure_880,pure_tones,880,"{""frequencies_hz"": ""880""}",rubber_band,Rubber Band,local hybrid spectral/time-domain proxy,-12,36,0.8359183673469388,449.49130252983053,898.9826050596611,0.9959589951854154
octave_pure_880,pure_tones,880,"{""frequencies_hz"": ""880""}",rubber_band,Rubber Band,local hybrid spectral/time-domain proxy,-12,37,0.8591383219954648,448.44683848104,896.89367696208,0.9962290902212796
octave_pure_880,pure_tones,880,"{""frequencies_hz"": ""880""}",rubber_band,Rubber Band,local hybrid spectral/time-domain proxy,-12,38,0.8823582766439909,448.22783922260936,896.4556784452187,0.9965407357357403
octave_pure_880,pure_tones,880,"{""frequencies_hz"": ""880""}",rubber_band,Rubber Band,local hybrid spectral/time-domain proxy,-12,39,0.905578231292517,449.27867820738373,898.5573564147675,0.9966823429530935
octave_pure_880,pure_tones,880,"{""frequencies_hz"": ""880""}",rubber_band,Rubber Band,local hybrid spectral/time-domain proxy,-12,40,0.9287981859410431,450.25694704818903,900.5138940963781,0.9959820947934797
octave_pure_880,pure_tones,880,"{""frequencies_hz"": ""880""}",rubber_band,Rubber Band,local hybrid spectral/time-domain proxy,-12,41,0.9520181405895691,451.25137327966814,902.5027465593363,0.9947091384261704
octave_pure_880,pure_tones,880,"{""frequencies_hz"": ""880""}",rubber_band,Rubber Band,local hybrid spectral/time-domain proxy,-12,42,0.9752380952380952,452.94764695309146,905.8952939061829,0.9937203424687159
octave_pure_880,pure_tones,880,"{""frequencies_hz"": ""880""}",rubber_band,Rubber Band,local hybrid spectral/time-domain proxy,-12,43,0.9984580498866213,455.11267979528014,910.2253595905603,0.9932049532560708
octave_pure_880,pure_tones,880,"{""frequencies_hz"": ""880""}",rubber_band,Rubber Band,local hybrid spectral/time-domain proxy,-12,44,1.0216780045351475,457.14475573845306,914.2895114769061,0.9953787976366129
octave_pure_880,pure_tones,880,"{""frequencies_hz"": ""880""}",rubber_band,Rubber Band,local hybrid spectral/time-domain proxy,-12,45,1.0448979591836736,458.0179760154382,916.0359520308764,0.9970572983943826
octave_pure_880,pure_tones,880,"{""frequencies_hz"": ""880""}",rubber_band,Rubber Band,local hybrid spectral/time-domain proxy,-12,46,1.0681179138321995,458.2159217476686,916.4318434953371,0.9980516605403351
octave_pure_880,pure_tones,880,"{""frequencies_hz"": ""880""}",rubber_band,Rubber Band,local hybrid spectral/time-domain proxy,-12,47,1.0913378684807256,458.7322715883521,917.4645431767042,0.9986264785859386
octave_pure_880,pure_tones,880,"{""frequencies_hz"": ""880""}",rubber_band,Rubber Band,local hybrid spectral/time-domain proxy,-12,48,1.1145578231292517,459.1315720363563,918.2631440727126,0.9988254214229272
octave_pure_880,pure_tones,880,"{""frequencies_hz"": ""880""}",rubber_band,Rubber Band,local hybrid spectral/time-domain proxy,-12,49,1.1377777777777778,458.96707032685174,917.9341406537035,0.9987933433199849
octave_pure_880,pure_tones,880,"{""frequencies_hz"": ""880""}",rubber_band,Rubber Band,local hybrid spectral/time-domain proxy,-12,50,1.1609977324263039,458.83993425623197,917.6798685124639,0.9988334642908722
octave_pure_880,pure_tones,880,"{""frequencies_hz"": ""880""}",rubber_band,Rubber Band,local hybrid spectral/time-domain proxy,-12,51,1.18421768707483,459.02626127770174,918.0525225554035,0.9989659570515822
octave_pure_880,pure_tones,880,"{""frequencies_hz"": ""880""}",rubber_band,Rubber Band,local hybrid spectral/time-domain proxy,-12,52,1.207437641723356,459.15194075151203,918.3038815030241,0.9990372700332728
octave_pure_880,pure_tones,880,"{""frequencies_hz"": ""880""}",rubber_band,Rubber Band,local hybrid spectral/time-domain proxy,-12,53,1.230657596371882,459.07674690650884,918.1534938130177,0.9990235617355437
octave_pure_880,pure_tones,880,"{""frequencies_hz"": ""880""}",rubber_band,Rubber Band,local hybrid spectral/time-domain proxy,-12,54,1.253877551020408,459.0256264734886,918.0512529469772,0.9990153198768362
octave_pure_880,pure_tones,880,"{""frequencies_hz"": ""880""}",rubber_band,Rubber Band,local hybrid spectral/time-domain proxy,-12,55,1.2770975056689342,459.0333712700739,918.0667425401479,0.9990168442080426
octave_pure_880,pure_tones,880,"{""frequencies_hz"": ""880""}",rubber_band,Rubber Band,local hybrid spectral/time-domain proxy,-12,56,1.3003174603174603,459.05086204620244,918.1017240924049,0.9990200755694655
octave_pure_880,pure_tones,880,"{""frequencies_hz"": ""880""}",rubber_band,Rubber Band,local hybrid spectral/time-domain proxy,-12,57,1.3235374149659864,459.0950468945064,918.1900937890128,0.9990276795162637
octave_pure_880,pure_tones,880,"{""frequencies_hz"": ""880""}",rubber_band,Rubber Band,local hybrid spectral/time-domain proxy,-12,58,1.3467573696145125,459.17004144454717,918.3400828890943,0.9990430641079788
octave_pure_880,pure_tones,880,"{""frequencies_hz"": ""880""}",rubber_band,Rubber Band,local hybrid spectral/time-domain proxy,-12,59,1.3699773242630386,459.17139447940707,918.3427889588141,0.9990359086019487
octave_pure_880,pure_tones,880,"{""frequencies_hz"": ""880""}",rubber_band,Rubber Band,local hybrid spectral/time-domain proxy,-12,60,1.3931972789115645,459.1058216086313,918.2116432172626,0.9990203383618153
octave_pure_880,pure_tones,880,"{""frequencies_hz"": ""880""}",rubber_band,Rubber Band,local hybrid spectral/time-domain proxy,-12,61,1.4164172335600906,459.06397942235174,918.1279588447035,0.999017289441711
octave_pure_880,pure_tones,880,"{""frequencies_hz"": ""880""}",rubber_band,Rubber Band,local hybrid spectral/time-domain proxy,-12,62,1.4396371882086167,459.07920771404287,918.1584154280857,0.9990280477328775
octave_pure_880,pure_tones,880,"{""frequencies_hz"": ""880""}",rubber_band,Rubber Band,local hybrid spectral/time-domain proxy,-12,63,1.4628571428571429,459.0901699282179,918.1803398564358,0.9990308711135434
octave_pure_880,pure_tones,880,"{""frequencies_hz"": ""880""}",rubber_band,Rubber Band,local hybrid spectral/time-domain proxy,-12,64,1.486077097505669,459.0731944280931,918.1463888561861,0.9990238155060025
octave_pure_880,pure_tones,880,"{""frequencies_hz"": ""880""}",rubber_band,Rubber Band,local hybrid spectral/time-domain proxy,-12,65,1.509297052154195,459.0639883349456,918.1279766698912,0.9990229765632899
octave_pure_880,pure_tones,880,"{""frequencies_hz"": ""880""}",rubber_band,Rubber Band,local hybrid spectral/time-domain proxy,-12,66,1.5325170068027212,459.05799737714005,918.1159947542801,0.999025509977076
octave_pure_880,pure_tones,880,"{""frequencies_hz"": ""880""}",rubber_band,Rubber Band,local hybrid spectral/time-domain proxy,-12,67,1.555736961451247,459.0444861893254,918.0889723786509,0.9990263841977697
octave_pure_880,pure_tones,880,"{""frequencies_hz"": ""880""}",rubber_band,Rubber Band,local hybrid spectral/time-domain proxy,-12,68,1.5789569160997732,459.0465114872547,918.0930229745094,0.9990168464738625
octave_pure_880,pure_tones,880,"{""frequencies_hz"": ""880""}",rubber_band,Rubber Band,local hybrid spectral/time-domain proxy,-12,69,1.6021768707482993,459.1191633207685,918.238326641537,0.9990173586542394
octave_pure_880,pure_tones,880,"{""frequencies_hz"": ""880""}",rubber_band,Rubber Band,local hybrid spectral/time-domain proxy,-12,70,1.6253968253968254,459.18357560170153,918.3671512034031,0.9990187777230856
octave_pure_880,pure_tones,880,"{""frequencies_hz"": ""880""}",rubber_band,Rubber Band,local hybrid spectral/time-domain proxy,-12,71,1.6486167800453515,459.15917512074134,918.3183502414827,0.9990198976149923
octave_pure_880,pure_tones,880,"{""frequencies_hz"": ""880""}",rubber_band,Rubber Band,local hybrid spectral/time-domain proxy,-12,72,1.6718367346938776,459.08031127703805,918.1606225540761,0.9990167117115663
octave_pure_880,pure_tones,880,"{""frequencies_hz"": ""880""}",rubber_band,Rubber Band,local hybrid spectral/time-domain proxy,-12,73,1.6950566893424037,459.05672408410453,918.1134481682091,0.9990226557097646
octave_pure_880,pure_tones,880,"{""frequencies_hz"": ""880""}",rubber_band,Rubber Band,local hybrid spectral/time-domain proxy,-12,74,1.7182766439909296,459.07875154383004,918.1575030876601,0.9990274012080919
octave_pure_880,pure_tones,880,"{""frequencies_hz"": ""880""}",rubber_band,Rubber Band,local hybrid spectral/time-domain proxy,-12,75,1.7414965986394557,459.08906265646243,918.1781253129249,0.9990264564079286
octave_pure_880,pure_tones,880,"{""frequencies_hz"": ""880""}",rubber_band,Rubber Band,local hybrid spectral/time-domain proxy,-12,76,1.7647165532879818,459.0816650916582,918.1633301833164,0.9990264514196516
octave_pure_880,pure_tones,880,"{""frequencies_hz"": ""880""}",rubber_band,Rubber Band,local hybrid spectral/time-domain proxy,-12,77,1.787936507936508,459.0694083795899,918.1388167591798,0.999028059504846
octave_pure_880,pure_tones,880,"{""frequencies_hz"": ""880""}",rubber_band,Rubber Band,local hybrid spectral/time-domain proxy,-12,78,1.811156462585034,459.04992656233605,918.0998531246721,0.9990301107253867
octave_pure_880,pure_tones,880,"{""frequencies_hz"": ""880""}",rubber_band,Rubber Band,local hybrid spectral/time-domain proxy,-12,79,1.8343764172335602,459.00797198542716,918.0159439708543,0.9990230542906996
octave_pure_880,pure_tones,880,"{""frequencies_hz"": ""880""}",rubber_band,Rubber Band,local hybrid spectral/time-domain proxy,-12,80,1.8575963718820863,458.9753495337992,917.9506990675984,0.999020581267674
octave_pure_880,pure_tones,880,"{""frequencies_hz"": ""880""}",rubber_band,Rubber Band,local hybrid spectral/time-domain proxy,-12,81,1.8808163265306121,458.9324634788183,917.8649269576366,0.9990099618066579
octave_pure_880,pure_tones,880,"{""frequencies_hz"": ""880""}",rubber_band,Rubber Band,local hybrid spectral/time-domain proxy,-12,82,1.9040362811791383,458.7272898695873,917.4545797391746,0.9989753835158373
octave_pure_880,pure_tones,880,"{""frequencies_hz"": ""880""}",rubber_band,Rubber Band,local hybrid spectral/time-domain proxy,-12,83,1.9272562358276644,,,0.04537528212910971
octave_pure_880,pure_tones,880,"{""frequencies_hz"": ""880""}",rubber_band,Rubber Band,local hybrid spectral/time-domain proxy,-12,84,1.9504761904761905,,,0.00990142502828577
octave_pure_880,pure_tones,880,"{""frequencies_hz"": ""880""}",rubber_band,Rubber Band,local hybrid spectral/time-domain proxy,-12,85,1.9736961451247166,,,0.00819592003652272
octave_pure_880,pure_tones,880,"{""frequencies_hz"": ""880""}",rubber_band,Rubber Band,local hybrid spectral/time-domain proxy,-12,86,1.9969160997732427,,,0.00794939666237147
octave_pure_880,pure_tones,880,"{""frequencies_hz"": ""880""}",psola,PSOLA,local pitch-synchronous overlap-add,-12,0,0.0,881.5698215407092,1763.1396430814184,0.9831433981871479
octave_pure_880,pure_tones,880,"{""frequencies_hz"": ""880""}",psola,PSOLA,local pitch-synchronous overlap-add,-12,1,0.023219954648526078,881.5697813078541,1763.1395626157082,0.9876802846744811
octave_pure_880,pure_tones,880,"{""frequencies_hz"": ""880""}",psola,PSOLA,local pitch-synchronous overlap-add,-12,2,0.046439909297052155,881.5697070697101,1763.1394141394203,0.9956032804981833
octave_pure_880,pure_tones,880,"{""frequencies_hz"": ""880""}",psola,PSOLA,local pitch-synchronous overlap-add,-12,3,0.06965986394557823,881.5696552914167,1763.1393105828333,0.9993535418872591
octave_pure_880,pure_tones,880,"{""frequencies_hz"": ""880""}",psola,PSOLA,local pitch-synchronous overlap-add,-12,4,0.09287981859410431,881.5696112697156,1763.139222539431,0.9997060426662073
octave_pure_880,pure_tones,880,"{""frequencies_hz"": ""880""}",psola,PSOLA,local pitch-synchronous overlap-add,-12,5,0.11609977324263039,881.569559818972,1763.139119637944,0.999706044198465
octave_pure_880,pure_tones,880,"{""frequencies_hz"": ""880""}",psola,PSOLA,local pitch-synchronous overlap-add,-12,6,0.13931972789115646,881.5695113493878,1763.1390226987755,0.9997060458470075
octave_pure_880,pure_tones,880,"{""frequencies_hz"": ""880""}",psola,PSOLA,local pitch-synchronous overlap-add,-12,7,0.16253968253968254,881.5694657726651,1763.1389315453303,0.9997060470488874
octave_pure_880,pure_tones,880,"{""frequencies_hz"": ""880""}",psola,PSOLA,local pitch-synchronous overlap-add,-12,8,0.18575963718820862,881.5694230320025,1763.138846064005,0.9997060484434867
octave_pure_880,pure_tones,880,"{""frequencies_hz"": ""880""}",psola,PSOLA,local pitch-synchronous overlap-add,-12,9,0.2089795918367347,881.5693830669395,1763.138766133879,0.9997060498133662
octave_pure_880,pure_tones,880,"{""frequencies_hz"": ""880""}",psola,PSOLA,local pitch-synchronous overlap-add,-12,10,0.23219954648526078,881.5693458293432,1763.1386916586864,0.9997060513047625
octave_pure_880,pure_tones,880,"{""frequencies_hz"": ""880""}",psola,PSOLA,local pitch-synchronous overlap-add,-12,11,0.25541950113378686,881.5693113059939,1763.1386226119878,0.9997060528711736
octave_pure_880,pure_tones,880,"{""frequencies_hz"": ""880""}",psola,PSOLA,local pitch-synchronous overlap-add,-12,12,0.2786394557823129,881.569279504726,1763.138559009452,0.9997060545681934
octave_pure_880,pure_tones,880,"{""frequencies_hz"": ""880""}",psola,PSOLA,local pitch-synchronous overlap-add,-12,13,0.301859410430839,881.5692504609774,1763.1385009219548,0.9997060562989738
octave_pure_880,pure_tones,880,"{""frequencies_hz"": ""880""}",psola,PSOLA,local pitch-synchronous overlap-add,-12,14,0.3250793650793651,881.5692242483426,1763.1384484966852,0.9997060581240441
octave_pure_880,pure_tones,880,"{""frequencies_hz"": ""880""}",psola,PSOLA,local pitch-synchronous overlap-add,-12,15,0.34829931972789113,881.5692009472202,1763.1384018944404,0.999706059957862
octave_pure_880,pure_tones,880,"{""frequencies_hz"": ""880""}",psola,PSOLA,local pitch-synchronous overlap-add,-12,16,0.37151927437641724,881.5691806680554,1763.1383613361108,0.9997060616742768
octave_pure_880,pure_tones,880,"{""frequencies_hz"": ""880""}",psola,PSOLA,local pitch-synchronous overlap-add,-12,17,0.3947392290249433,881.5691635261464,1763.1383270522929,0.999706063478804
octave_pure_880,pure_tones,880,"{""frequencies_hz"": ""880""}",psola,PSOLA,local pitch-synchronous overlap-add,-12,18,0.4179591836734694,881.5691496164891,1763.1382992329782,0.9997060646940786
octave_pure_880,pure_tones,880,"{""frequencies_hz"": ""880""}",psola,PSOLA,local pitch-synchronous overlap-add,-12,19,0.44117913832199546,881.5691390725119,1763.1382781450238,0.9997060661541403
octave_pure_880,pure_tones,880,"{""frequencies_hz"": ""880""}",psola,PSOLA,local pitch-synchronous overlap-add,-12,20,0.46439909297052157,881.5691319370277,1763.1382638740554,0.9997060666038472
octave_pure_880,pure_tones,880,"{""frequencies_hz"": ""880""}",psola,PSOLA,local pitch-synchronous overlap-add,-12,21,0.4876190476190476,881.5691283157438,1763.1382566314876,0.9997060672665723
octave_pure_880,pure_tones,880,"{""frequencies_hz"": ""880""}",psola,PSOLA,local pitch-synchronous overlap-add,-12,22,0.5108390022675737,881.569128207899,1763.138256415798,0.9997060670047213
octave_pure_880,pure_tones,880,"{""frequencies_hz"": ""880""}",psola,PSOLA,local pitch-synchronous overlap-add,-12,23,0.5340589569160997,881.5691316341362,1763.1382632682723,0.9997060667299761
octave_pure_880,pure_tones,880,"{""frequencies_hz"": ""880""}",psola,PSOLA,local pitch-synchronous overlap-add,-12,24,0.5572789115646258,881.5691385573914,1763.1382771147828,0.9997060658138339
octave_pure_880,pure_tones,880,"{""frequencies_hz"": ""880""}",psola,PSOLA,local pitch-synchronous overlap-add,-12,25,0.5804988662131519,881.5691489177957,1763.1382978355914,0.999706064908568
octave_pure_880,pure_tones,880,"{""frequencies_hz"": ""880""}",psola,PSOLA,local pitch-synchronous overlap-add,-12,26,0.603718820861678,881.5691626163391,1763.1383252326782,0.9997060632826521
octave_pure_880,pure_tones,880,"{""frequencies_hz"": ""880""}",psola,PSOLA,local pitch-synchronous overlap-add,-12,27,0.626938775510204,881.5691795753114,1763.1383591506228,0.9997060620500979
octave_pure_880,pure_tones,880,"{""frequencies_hz"": ""880""}",psola,PSOLA,local pitch-synchronous overlap-add,-12,28,0.6501587301587302,881.5691996353595,1763.138399270719,0.9997060599126101
octave_pure_880,pure_tones,880,"{""frequencies_hz"": ""880""}",psola,PSOLA,local pitch-synchronous overlap-add,-12,29,0.6733786848072563,881.5692227358005,1763.138445471601,0.9997060584065881
octave_pure_880,pure_tones,880,"{""frequencies_hz"": ""880""}",psola,PSOLA,local pitch-synchronous overlap-add,-12,30,0.6965986394557823,881.5692487262764,1763.1384974525529,0.9997060562911102
octave_pure_880,pure_tones,880,"{""frequencies_hz"": ""880""}",psola,PSOLA,local pitch-synchronous overlap-add,-12,31,0.7198185941043084,881.5692775523505,1763.138555104701,0.9997060546572236
octave_pure_880,pure_tones,880,"{""frequencies_hz"": ""880""}",psola,PSOLA,local pitch-synchronous overlap-add,-12,32,0.7430385487528345,881.5693091352797,1763.1386182705594,0.9997060528984604
octave_pure_880,pure_tones,880,"{""frequencies_hz"": ""880""}",psola,PSOLA,local pitch-synchronous overlap-add,-12,33,0.7662585034013606,881.5693434384204,1763.138686876841,0.9997060514202889
octave_pure_880,pure_tones,880,"{""frequencies_hz"": ""880""}",psola,PSOLA,local pitch-synchronous overlap-add,-12,34,0.7894784580498866,881.5693804539482,1763.1387609078963,0.9997060499384217
octave_pure_880,pure_tones,880,"{""frequencies_hz"": ""880""}",psola,PSOLA,local pitch-synchronous overlap-add,-12,35,0.8126984126984127,881.5694201985391,1763.1388403970782,0.9997060486795475
octave_pure_880,pure_tones,880,"{""frequencies_hz"": ""880""}",psola,PSOLA,local pitch-synchronous overlap-add,-12,36,0.8359183673469388,881.5694627072879,1763.1389254145759,0.9997060472551682
octave_pure_880,pure_tones,880,"{""frequencies_hz"": ""880""}",psola,PSOLA,local pitch-synchronous overlap-add,-12,37,0.8591383219954648,881.5695080535367,1763.1390161070733,0.9997060459776715
octave_pure_880,pure_tones,880,"{""frequencies_hz"": ""880""}",psola,PSOLA,local pitch-synchronous overlap-add,-12,38,0.8823582766439909,881.5695562953665,1763.139112590733,0.9997060444366154
octave_pure_880,pure_tones,880,"{""frequencies_hz"": ""880""}",psola,PSOLA,local pitch-synchronous overlap-add,-12,39,0.905578231292517,881.5696075228255,1763.139215045651,0.9997060428300101
octave_pure_880,pure_tones,880,"{""frequencies_hz"": ""880""}",psola,PSOLA,local pitch-synchronous overlap-add,-12,40,0.9287981859410431,881.5696618084899,1763.1393236169797,0.9997060375791301
octave_pure_880,pure_tones,880,"{""frequencies_hz"": ""880""}",psola,PSOLA,local pitch-synchronous overlap-add,-12,41,0.9520181405895691,881.569718119095,1763.13943623819,0.9997059920181336
octave_pure_880,pure_tones,880,"{""frequencies_hz"": ""880""}",psola,PSOLA,local pitch-synchronous overlap-add,-12,42,0.9752380952380952,881.569767136079,1763.139534272158,0.9997058919680639
octave_pure_880,pure_tones,880,"{""frequencies_hz"": ""880""}",psola,PSOLA,local pitch-synchronous overlap-add,-12,43,0.9984580498866213,881.5697891931487,1763.1395783862974,0.9997058279332685
octave_pure_880,pure_tones,880,"{""frequencies_hz"": ""880""}",psola,PSOLA,local pitch-synchronous overlap-add,-12,44,1.0216780045351475,881.5697720580775,1763.139544116155,0.9997058786427354
octave_pure_880,pure_tones,880,"{""frequencies_hz"": ""880""}",psola,PSOLA,local pitch-synchronous overlap-add,-12,45,1.0448979591836736,881.5697254376901,1763.1394508753801,0.9997059807660788
octave_pure_880,pure_tones,880,"{""frequencies_hz"": ""880""}",psola,PSOLA,local pitch-synchronous overlap-add,-12,46,1.0681179138321995,881.5696693248489,1763.1393386496977,0.9997060350260203
octave_pure_880,pure_tones,880,"{""frequencies_hz"": ""880""}",psola,PSOLA,local pitch-synchronous overlap-add,-12,47,1.0913378684807256,881.5696146603318,1763.1392293206636,0.9997060424455821
octave_pure_880,pure_tones,880,"{""frequencies_hz"": ""880""}",psola,PSOLA,local pitch-synchronous overlap-add,-12,48,1.1145578231292517,881.5695630426407,1763.1391260852813,0.9997060442258917
octave_pure_880,pure_tones,880,"{""frequencies_hz"": ""880""}",psola,PSOLA,local pitch-synchronous overlap-add,-12,49,1.1377777777777778,881.5695144037575,1763.139028807515,0.9997060455526
octave_pure_880,pure_tones,880,"{""frequencies_hz"": ""880""}",psola,PSOLA,local pitch-synchronous overlap-add,-12,50,1.1609977324263039,881.5694686800327,1763.1389373600655,0.9997060472484767
octave_pure_880,pure_tones,880,"{""frequencies_hz"": ""880""}",psola,PSOLA,local pitch-synchronous overlap-add,-12,51,1.18421768707483,881.5694257671341,1763.1388515342683,0.9997060482659669
octave_pure_880,pure_tones,880,"{""frequencies_hz"": ""880""}",psola,PSOLA,local pitch-synchronous overlap-add,-12,52,1.207437641723356,881.5693856494315,1763.138771298863,0.9997060500435817
octave_pure_880,pure_tones,880,"{""frequencies_hz"": ""880""}",psola,PSOLA,local pitch-synchronous overlap-add,-12,53,1.230657596371882,881.5693482284483,1763.1386964568967,0.9997060510978892
octave_pure_880,pure_tones,880,"{""frequencies_hz"": ""880""}",psola,PSOLA,local pitch-synchronous overlap-add,-12,54,1.253877551020408,881.5693135358994,1763.1386270717987,0.9997060528830018
octave_pure_880,pure_tones,880,"{""frequencies_hz"": ""880""}",psola,PSOLA,local pitch-synchronous overlap-add,-12,55,1.2770975056689342,881.5692815490308,1763.1385630980617,0.999706054337416
octave_pure_880,pure_tones,880,"{""frequencies_hz"": ""880""}",psola,PSOLA,local pitch-synchronous overlap-add,-12,56,1.3003174603174603,881.5692523217682,1763.1385046435364,0.9997060561985764
octave_pure_880,pure_tones,880,"{""frequencies_hz"": ""880""}",psola,PSOLA,local pitch-synchronous overlap-add,-12,57,1.3235374149659864,881.5692259165721,1763.1384518331442,0.999706057949408
octave_pure_880,pure_tones,880,"{""frequencies_hz"": ""880""}",psola,PSOLA,local pitch-synchronous overlap-add,-12,58,1.3467573696145125,881.5692024199316,1763.1384048398631,0.999706059924319
octave_pure_880,pure_tones,880,"{""frequencies_hz"": ""880""}",psola,PSOLA,local pitch-synchronous overlap-add,-12,59,1.3699773242630386,881.5691819297259,1763.1383638594518,0.999706061573434
octave_pure_880,pure_tones,880,"{""frequencies_hz"": ""880""}",psola,PSOLA,local pitch-synchronous overlap-add,-12,60,1.3931972789115645,881.5691645720991,1763.1383291441982,0.9997060633883325
octave_pure_880,pure_tones,880,"{""frequencies_hz"": ""880""}",psola,PSOLA,local pitch-synchronous overlap-add,-12,61,1.4164172335600906,881.5691504389476,1763.1383008778953,0.9997060646434263
octave_pure_880,pure_tones,880,"{""frequencies_hz"": ""880""}",psola,PSOLA,local pitch-synchronous overlap-add,-12,62,1.4396371882086167,881.5691396585314,1763.1382793170628,0.9997060658923715
octave_pure_880,pure_tones,880,"{""frequencies_hz"": ""880""}",psola,PSOLA,local pitch-synchronous overlap-add,-12,63,1.4628571428571429,881.5691323001025,1763.138264600205,0.9997060666246593
octave_pure_880,pure_tones,880,"{""frequencies_hz"": ""880""}",psola,PSOLA,local pitch-synchronous overlap-add,-12,64,1.486077097505669,881.5691284389545,1763.138256877909,0.9997060670511063
octave_pure_880,pure_tones,880,"{""frequencies_hz"": ""880""}",psola,PSOLA,local pitch-synchronous overlap-add,-12,65,1.509297052154195,881.5691281086611,1763.1382562173221,0.9997060671780897
octave_pure_880,pure_tones,880,"{""frequencies_hz"": ""880""}",psola,PSOLA,local pitch-synchronous overlap-add,-12,66,1.5325170068027212,881.5691312986821,1763.1382625973642,0.9997060666761298
octave_pure_880,pure_tones,880,"{""frequencies_hz"": ""880""}",psola,PSOLA,local pitch-synchronous overlap-add,-12,67,1.555736961451247,881.5691379994204,1763.1382759988408,0.9997060661374128
octave_pure_880,pure_tones,880,"{""frequencies_hz"": ""880""}",psola,PSOLA,local pitch-synchronous overlap-add,-12,68,1.5789569160997732,881.5691481201428,1763.1382962402856,0.9997060648053991
octave_pure_880,pure_tones,880,"{""frequencies_hz"": ""880""}",psola,PSOLA,local pitch-synchronous overlap-add,-12,69,1.6021768707482993,881.5691616045453,1763.1383232090907,0.9997060635919206
octave_pure_880,pure_tones,880,"{""frequencies_hz"": ""880""}",psola,PSOLA,local pitch-synchronous overlap-add,-12,70,1.6253968253968254,881.5691783286011,1763.1383566572022,0.99970606179545
octave_pure_880,pure_tones,880,"{""frequencies_hz"": ""880""}",psola,PSOLA,local pitch-synchronous overlap-add,-12,71,1.6486167800453515,881.5691981919833,1763.1383963839667,0.9997060601410226
octave_pure_880,pure_tones,880,"{""frequencies_hz"": ""880""}",psola,PSOLA,local pitch-synchronous overlap-add,-12,72,1.6718367346938776,881.5692210814836,1763.1384421629673,0.9997060582172516
octave_pure_880,pure_tones,880,"{""frequencies_hz"": ""880""}",psola,PSOLA,local pitch-synchronous overlap-add,-12,73,1.6950566893424037,881.5692468945973,1763.1384937891946,0.9997060566134365
octave_pure_880,pure_tones,880,"{""frequencies_hz"": ""880""}",psola,PSOLA,local pitch-synchronous overlap-add,-12,74,1.7182766439909296,881.5692755293541,1763.1385510587081,0.9997060546337087
octave_pure_880,pure_tones,880,"{""frequencies_hz"": ""880""}",psola,PSOLA,local pitch-synchronous overlap-add,-12,75,1.7414965986394557,881.5693069493192,1763.1386138986384,0.9997060533662396
octave_pure_880,pure_tones,880,"{""frequencies_hz"": ""880""}",psola,PSOLA,local pitch-synchronous overlap-add,-12,76,1.7647165532879818,881.5693410652066,1763.1386821304131,0.999706051409494
octave_pure_880,pure_tones,880,"{""frequencies_hz"": ""880""}",psola,PSOLA,local pitch-synchronous overlap-add,-12,77,1.787936507936508,881.569377921869,1763.138755843738,0.9997060503044494
octave_pure_880,pure_tones,880,"{""frequencies_hz"": ""880""}",psola,PSOLA,local pitch-synchronous overlap-add,-12,78,1.811156462585034,881.5694174864061,1763.1388349728122,0.9997060485973774
octave_pure_880,pure_tones,880,"{""frequencies_hz"": ""880""}",psola,PSOLA,local pitch-synchronous overlap-add,-12,79,1.8343764172335602,881.5694598351342,1763.1389196702685,0.99970604741503
octave_pure_880,pure_tones,880,"{""frequencies_hz"": ""880""}",psola,PSOLA,local pitch-synchronous overlap-add,-12,80,1.8575963718820863,881.5695050139544,1763.1390100279089,0.999706045925076
octave_pure_880,pure_tones,880,"{""frequencies_hz"": ""880""}",psola,PSOLA,local pitch-synchronous overlap-add,-12,81,1.8808163265306121,881.5695530967522,1763.1391061935044,0.9997060446167704
octave_pure_880,pure_tones,880,"{""frequencies_hz"": ""880""}",psola,PSOLA,local pitch-synchronous overlap-add,-12,82,1.9040362811791383,881.5696041545146,1763.1392083090293,0.9997060428869925
octave_pure_880,pure_tones,880,"{""frequencies_hz"": ""880""}",psola,PSOLA,local pitch-synchronous overlap-add,-12,83,1.9272562358276644,881.569656015669,1763.139312031338,0.9995011517800583
octave_pure_880,pure_tones,880,"{""frequencies_hz"": ""880""}",psola,PSOLA,local pitch-synchronous overlap-add,-12,84,1.9504761904761905,881.5697099902616,1763.1394199805231,0.9964145713126566
octave_pure_880,pure_tones,880,"{""frequencies_hz"": ""880""}",psola,PSOLA,local pitch-synchronous overlap-add,-12,85,1.9736961451247166,881.5697659692471,1763.1395319384942,0.9887563076468205
octave_pure_880,pure_tones,880,"{""frequencies_hz"": ""880""}",psola,PSOLA,local pitch-synchronous overlap-add,-12,86,1.9969160997732427,881.5697971887565,1763.139594377513,0.9832333368821095
octave_mix_220_440,octave_mixtures,220 + 440,"{""frequencies_hz"": ""220,440""}",phase_vocoder,Phase Vocoder,local phase vocoder,-12,0,0.0,108.85438205407742,217.70876410815484,0.8976223638694831
octave_mix_220_440,octave_mixtures,220 + 440,"{""frequencies_hz"": ""220,440""}",phase_vocoder,Phase Vocoder,local phase vocoder,-12,1,0.023219954648526078,109.20368476163584,218.40736952327168,0.9231815676328242
octave_mix_220_440,octave_mixtures,220 + 440,"{""frequencies_hz"": ""220,440""}",phase_vocoder,Phase Vocoder,local phase vocoder,-12,2,0.046439909297052155,109.70743411868975,219.4148682373795,0.9649206489271934
octave_mix_220_440,octave_mixtures,220 + 440,"{""frequencies_hz"": ""220,440""}",phase_vocoder,Phase Vocoder,local phase vocoder,-12,3,0.06965986394557823,109.87660910423266,219.7532182084653,0.9815090394888024
octave_mix_220_440,octave_mixtures,220 + 440,"{""frequencies_hz"": ""220,440""}",phase_vocoder,Phase Vocoder,local phase vocoder,-12,4,0.09287981859410431,109.87195429135257,219.74390858270513,0.9830180312895066
octave_mix_220_440,octave_mixtures,220 + 440,"{""frequencies_hz"": ""220,440""}",phase_vocoder,Phase Vocoder,local phase vocoder,-12,5,0.11609977324263039,109.86301019619368,219.72602039238737,0.9836808972064173
octave_mix_220_440,octave_mixtures,220 + 440,"{""frequencies_hz"": ""220,440""}",phase_vocoder,Phase Vocoder,local phase vocoder,-12,6,0.13931972789115646,109.86272196341959,219.72544392683918,0.984097831069849
octave_mix_220_440,octave_mixtures,220 + 440,"{""frequencies_hz"": ""220,440""}",phase_vocoder,Phase Vocoder,local phase vocoder,-12,7,0.16253968253968254,109.8630080270299,219.7260160540598,0.9841865289279191
octave_mix_220_440,octave_mixtures,220 + 440,"{""frequencies_hz"": ""220,440""}",phase_vocoder,Phase Vocoder,local phase vocoder,-12,8,0.18575963718820862,109.86301213471033,219.72602426942066,0.9841909570718613
octave_mix_220_440,octave_mixtures,220 + 440,"{""frequencies_hz"": ""220,440""}",phase_vocoder,Phase Vocoder,local phase vocoder,-12,9,0.2089795918367347,109.86299926054653,219.72599852109306,0.9841895353851078
octave_mix_220_440,octave_mixtures,220 + 440,"{""frequencies_hz"": ""220,440""}",phase_vocoder,Phase Vocoder,local phase vocoder,-12,10,0.23219954648526078,109.86299394422089,219.72598788844178,0.9841907242026833
octave_mix_220_440,octave_mixtures,220 + 440,"{""frequencies_hz"": ""220,440""}",phase_vocoder,Phase Vocoder,local phase vocoder,-12,11,0.25541950113378686,109.8629957465751,219.7259914931502,0.9841896120799046
octave_mix_220_440,octave_mixtures,220 + 440,"{""frequencies_hz"": ""220,440""}",phase_vocoder,Phase Vocoder,local phase vocoder,-12,12,0.2786394557823129,109.8629969554518,219.7259939109036,0.9841900253699489
octave_mix_220_440,octave_mixtures,220 + 440,"{""frequencies_hz"": ""220,440""}",phase_vocoder,Phase Vocoder,local phase vocoder,-12,13,0.301859410430839,109.8630069059729,219.7260138119458,0.984190026924646
octave_mix_220_440,octave_mixtures,220 + 440,"{""frequencies_hz"": ""220,440""}",phase_vocoder,Phase Vocoder,local phase vocoder,-12,14,0.3250793650793651,109.86301373582619,219.72602747165237,0.9841898775541308
octave_mix_220_440,octave_mixtures,220 + 440,"{""frequencies_hz"": ""220,440""}",phase_vocoder,Phase Vocoder,local phase vocoder,-12,15,0.34829931972789113,109.86300936660447,219.72601873320895,0.9841907800729148
octave_mix_220_440,octave_mixtures,220 + 440,"{""frequencies_hz"": ""220,440""}",phase_vocoder,Phase Vocoder,local phase vocoder,-12,16,0.37151927437641724,109.86301036912816,219.72602073825632,0.9841897537742743
octave_mix_220_440,octave_mixtures,220 + 440,"{""frequencies_hz"": ""220,440""}",phase_vocoder,Phase Vocoder,local phase vocoder,-12,17,0.3947392290249433,109.86300994754099,219.72601989508198,0.9841911344749062
octave_mix_220_440,octave_mixtures,220 + 440,"{""frequencies_hz"": ""220,440""}",phase_vocoder,Phase Vocoder,local phase vocoder,-12,18,0.4179591836734694,109.86300381369415,219.7260076273883,0.9841893365460335
octave_mix_220_440,octave_mixtures,220 + 440,"{""frequencies_hz"": ""220,440""}",phase_vocoder,Phase Vocoder,local phase vocoder,-12,19,0.44117913832199546,109.86300529031622,219.72601058063245,0.9841907820674057
octave_mix_220_440,octave_mixtures,220 + 440,"{""frequencies_hz"": ""220,440""}",phase_vocoder,Phase Vocoder,local phase vocoder,-12,20,0.46439909297052157,109.8630073640221,219.7260147280442,0.984189420340639
octave_mix_220_440,octave_mixtures,220 + 440,"{""frequencies_hz"": ""220,440""}",phase_vocoder,Phase Vocoder,local phase vocoder,-12,21,0.4876190476190476,109.8630045527878,219.7260091055756,0.9841904107375787
octave_mix_220_440,octave_mixtures,220 + 440,"{""frequencies_hz"": ""220,440""}",phase_vocoder,Phase Vocoder,local phase vocoder,-12,22,0.5108390022675737,109.86301215411568,219.72602430823136,0.9841898090469888
octave_mix_220_440,octave_mixtures,220 + 440,"{""frequencies_hz"": ""220,440""}",phase_vocoder,Phase Vocoder,local phase vocoder,-12,23,0.5340589569160997,109.86301471952929,219.72602943905858,0.9841902131587402
octave_mix_220_440,octave_mixtures,220 + 440,"{""frequencies_hz"": ""220,440""}",phase_vocoder,Phase Vocoder,local phase vocoder,-12,24,0.5572789115646258,109.86301483656202,219.72602967312403,0.9841904697911842
octave_mix_220_440,octave_mixtures,220 + 440,"{""frequencies_hz"": ""220,440""}",phase_vocoder,Phase Vocoder,local phase vocoder,-12,25,0.5804988662131519,109.86302114214197,219.72604228428395,0.9841898141902935
octave_mix_220_440,octave_mixtures,220 + 440,"{""frequencies_hz"": ""220,440""}",phase_vocoder,Phase Vocoder,local phase vocoder,-12,26,0.603718820861678,109.86301952695788,219.72603905391577,0.9841907748627469
octave_mix_220_440,octave_mixtures,220 + 440,"{""frequencies_hz"": ""220,440""}",phase_vocoder,Phase Vocoder,local phase vocoder,-12,27,0.626938775510204,109.86301079228853,219.72602158457707,0.9841894196836123
octave_mix_220_440,octave_mixtures,220 + 440,"{""frequencies_hz"": ""220,440""}",phase_vocoder,Phase Vocoder,local phase vocoder,-12,28,0.6501587301587302,109.86300322789288,219.72600645578575,0.9841907907345518
octave_mix_220_440,octave_mixtures,220 + 440,"{""frequencies_hz"": ""220,440""}",phase_vocoder,Phase Vocoder,local phase vocoder,-12,29,0.6733786848072563,109.86298571543247,219.72597143086494,0.9841894272220278
octave_mix_220_440,octave_mixtures,220 + 440,"{""frequencies_hz"": ""220,440""}",phase_vocoder,Phase Vocoder,local phase vocoder,-12,30,0.6965986394557823,109.86298456421608,219.72596912843215,0.9841907093950043
octave_mix_220_440,octave_mixtures,220 + 440,"{""frequencies_hz"": ""220,440""}",phase_vocoder,Phase Vocoder,local phase vocoder,-12,31,0.7198185941043084,109.86299793941643,219.72599587883286,0.9841897120601188
octave_mix_220_440,octave_mixtures,220 + 440,"{""frequencies_hz"": ""220,440""}",phase_vocoder,Phase Vocoder,local phase vocoder,-12,32,0.7430385487528345,109.86300637977088,219.72601275954176,0.9841901092132878
octave_mix_220_440,octave_mixtures,220 + 440,"{""frequencies_hz"": ""220,440""}",phase_vocoder,Phase Vocoder,local phase vocoder,-12,33,0.7662585034013606,109.86301839828066,219.72603679656132,0.9841901483198608
octave_mix_220_440,octave_mixtures,220 + 440,"{""frequencies_hz"": ""220,440""}",phase_vocoder,Phase Vocoder,local phase vocoder,-12,34,0.7894784580498866,109.86302336613382,219.72604673226763,0.9841898905606521
octave_mix_220_440,octave_mixtures,220 + 440,"{""frequencies_hz"": ""220,440""}",phase_vocoder,Phase Vocoder,local phase vocoder,-12,35,0.8126984126984127,109.86301297209963,219.72602594419925,0.9841907230643732
octave_mix_220_440,octave_mixtures,220 + 440,"{""frequencies_hz"": ""220,440""}",phase_vocoder,Phase Vocoder,local phase vocoder,-12,36,0.8359183673469388,109.86300723174676,219.72601446349353,0.9841895964005046
octave_mix_220_440,octave_mixtures,220 + 440,"{""frequencies_hz"": ""220,440""}",phase_vocoder,Phase Vocoder,local phase vocoder,-12,37,0.8591383219954648,109.86300157199523,219.72600314399045,0.9841909937006903
octave_mix_220_440,octave_mixtures,220 + 440,"{""frequencies_hz"": ""220,440""}",phase_vocoder,Phase Vocoder,local phase vocoder,-12,38,0.8823582766439909,109.86299581310993,219.72599162621987,0.9841892604172279
octave_mix_220_440,octave_mixtures,220 + 440,"{""frequencies_hz"": ""220,440""}",phase_vocoder,Phase Vocoder,local phase vocoder,-12,39,0.905578231292517,109.8630024659863,219.7260049319726,0.9841907496764046
octave_mix_220_440,octave_mixtures,220 + 440,"{""frequencies_hz"": ""220,440""}",phase_vocoder,Phase Vocoder,local phase vocoder,-12,40,0.9287981859410431,109.8630110348558,219.7260220697116,0.9841894223260462
octave_mix_220_440,octave_mixtures,220 + 440,"{""frequencies_hz"": ""220,440""}",phase_vocoder,Phase Vocoder,local phase vocoder,-12,41,0.9520181405895691,109.86301398276285,219.7260279655257,0.984190399805067
octave_mix_220_440,octave_mixtures,220 + 440,"{""frequencies_hz"": ""220,440""}",phase_vocoder,Phase Vocoder,local phase vocoder,-12,42,0.9752380952380952,109.86302060927193,219.72604121854386,0.9841898422899115
octave_mix_220_440,octave_mixtures,220 + 440,"{""frequencies_hz"": ""220,440""}",phase_vocoder,Phase Vocoder,local phase vocoder,-12,43,0.9984580498866213,109.86301885839544,219.72603771679087,0.9841902667723145
octave_mix_220_440,octave_mixtures,220 + 440,"{""frequencies_hz"": ""220,440""}",phase_vocoder,Phase Vocoder,local phase vocoder,-12,44,1.0216780045351475,109.86301549596968,219.72603099193935,0.9841905603915644
octave_mix_220_440,octave_mixtures,220 + 440,"{""frequencies_hz"": ""220,440""}",phase_vocoder,Phase Vocoder,local phase vocoder,-12,45,1.0448979591836736,109.86301736115216,219.72603472230432,0.9841897952358402
octave_mix_220_440,octave_mixtures,220 + 440,"{""frequencies_hz"": ""220,440""}",phase_vocoder,Phase Vocoder,local phase vocoder,-12,46,1.0681179138321995,109.86300803031972,219.72601606063944,0.9841906827596277
octave_mix_220_440,octave_mixtures,220 + 440,"{""frequencies_hz"": ""220,440""}",phase_vocoder,Phase Vocoder,local phase vocoder,-12,47,1.0913378684807256,109.86299379154298,219.72598758308595,0.9841892373641217
octave_mix_220_440,octave_mixtures,220 + 440,"{""frequencies_hz"": ""220,440""}",phase_vocoder,Phase Vocoder,local phase vocoder,-12,48,1.1145578231292517,109.86299214097124,219.7259842819425,0.9841906169049784
octave_mix_220_440,octave_mixtures,220 + 440,"{""frequencies_hz"": ""220,440""}",phase_vocoder,Phase Vocoder,local phase vocoder,-12,49,1.1377777777777778,109.86298749673642,219.72597499347285,0.9841893109553062
octave_mix_220_440,octave_mixtures,220 + 440,"{""frequencies_hz"": ""220,440""}",phase_vocoder,Phase Vocoder,local phase vocoder,-12,50,1.1609977324263039,109.86299314701803,219.72598629403606,0.9841906173120949
octave_mix_220_440,octave_mixtures,220 + 440,"{""frequencies_hz"": ""220,440""}",phase_vocoder,Phase Vocoder,local phase vocoder,-12,51,1.18421768707483,109.86300883632408,219.72601767264817,0.9841897370387565
octave_mix_220_440,octave_mixtures,220 + 440,"{""frequencies_hz"": ""220,440""}",phase_vocoder,Phase Vocoder,local phase vocoder,-12,52,1.207437641723356,109.86301353133565,219.7260270626713,0.9841901346497891
octave_mix_220_440,octave_mixtures,220 + 440,"{""frequencies_hz"": ""220,440""}",phase_vocoder,Phase Vocoder,local phase vocoder,-12,53,1.230657596371882,109.86301973527696,219.72603947055393,0.9841901670776101
octave_mix_220_440,octave_mixtures,220 + 440,"{""frequencies_hz"": ""220,440""}",phase_vocoder,Phase Vocoder,local phase vocoder,-12,54,1.253877551020408,109.86302385465655,219.7260477093131,0.9841897771835316
octave_mix_220_440,octave_mixtures,220 + 440,"{""frequencies_hz"": ""220,440""}",phase_vocoder,Phase Vocoder,local phase vocoder,-12,55,1.2770975056689342,109.86301199047277,219.72602398094554,0.9841905727749158
octave_mix_220_440,octave_mixtures,220 + 440,"{""frequencies_hz"": ""220,440""}",phase_vocoder,Phase Vocoder,local phase vocoder,-12,56,1.3003174603174603,109.86300286157235,219.7260057231447,0.98418943199869
octave_mix_220_440,octave_mixtures,220 + 440,"{""frequencies_hz"": ""220,440""}",phase_vocoder,Phase Vocoder,local phase vocoder,-12,57,1.3235374149659864,109.86299535607331,219.72599071214663,0.9841908934074828
octave_mix_220_440,octave_mixtures,220 + 440,"{""frequencies_hz"": ""220,440""}",phase_vocoder,Phase Vocoder,local phase vocoder,-12,58,1.3467573696145125,109.86299224179156,219.72598448358312,0.984189257725875
octave_mix_220_440,octave_mixtures,220 + 440,"{""frequencies_hz"": ""220,440""}",phase_vocoder,Phase Vocoder,local phase vocoder,-12,59,1.3699773242630386,109.86300636876761,219.72601273753523,0.9841908327410802
octave_mix_220_440,octave_mixtures,220 + 440,"{""frequencies_hz"": ""220,440""}",phase_vocoder,Phase Vocoder,local phase vocoder,-12,60,1.3931972789115645,109.8630198081216,219.7260396162432,0.9841895309594288
octave_mix_220_440,octave_mixtures,220 + 440,"{""frequencies_hz"": ""220,440""}",phase_vocoder,Phase Vocoder,local phase vocoder,-12,61,1.4164172335600906,109.86302260169657,219.72604520339314,0.9841905025251005
octave_mix_220_440,octave_mixtures,220 + 440,"{""frequencies_hz"": ""220,440""}",phase_vocoder,Phase Vocoder,local phase vocoder,-12,62,1.4396371882086167,109.86302613823933,219.72605227647867,0.9841899452795616
octave_mix_220_440,octave_mixtures,220 + 440,"{""frequencies_hz"": ""220,440""}",phase_vocoder,Phase Vocoder,local phase vocoder,-12,63,1.4628571428571429,109.86301847292751,219.72603694585501,0.9841902234425474
octave_mix_220_440,octave_mixtures,220 + 440,"{""frequencies_hz"": ""220,440""}",phase_vocoder,Phase Vocoder,local phase vocoder,-12,64,1.486077097505669,109.86300553974453,219.72601107948907,0.9841904548915698
octave_mix_220_440,octave_mixtures,220 + 440,"{""frequencies_hz"": ""220,440""}",phase_vocoder,Phase Vocoder,local phase vocoder,-12,65,1.509297052154195,109.86300021527222,219.72600043054445,0.9841896665522823
octave_mix_220_440,octave_mixtures,220 + 440,"{""frequencies_hz"": ""220,440""}",phase_vocoder,Phase Vocoder,local phase vocoder,-12,66,1.5325170068027212,109.86299367199393,219.72598734398787,0.9841906390111327
octave_mix_220_440,octave_mixtures,220 + 440,"{""frequencies_hz"": ""220,440""}",phase_vocoder,Phase Vocoder,local phase vocoder,-12,67,1.555736961451247,109.86298963524348,219.72597927048696,0.9841891630036987
octave_mix_220_440,octave_mixtures,220 + 440,"{""frequencies_hz"": ""220,440""}",phase_vocoder,Phase Vocoder,local phase vocoder,-12,68,1.5789569160997732,109.86299714276655,219.7259942855331,0.9841905506802023
octave_mix_220_440,octave_mixtures,220 + 440,"{""frequencies_hz"": ""220,440""}",phase_vocoder,Phase Vocoder,local phase vocoder,-12,69,1.6021768707482993,109.86299964973304,219.72599929946608,0.984189342022141
octave_mix_220_440,octave_mixtures,220 + 440,"{""frequencies_hz"": ""220,440""}",phase_vocoder,Phase Vocoder,local phase vocoder,-12,70,1.6253968253968254,109.86300404767466,219.72600809534933,0.9841906960218864
octave_mix_220_440,octave_mixtures,220 + 440,"{""frequencies_hz"": ""220,440""}",phase_vocoder,Phase Vocoder,local phase vocoder,-12,71,1.6486167800453515,109.86301419272826,219.72602838545652,0.984189919538717
octave_mix_220_440,octave_mixtures,220 + 440,"{""frequencies_hz"": ""220,440""}",phase_vocoder,Phase Vocoder,local phase vocoder,-12,72,1.6718367346938776,109.86301595920747,219.72603191841495,0.9841902698010468
octave_mix_220_440,octave_mixtures,220 + 440,"{""frequencies_hz"": ""220,440""}",phase_vocoder,Phase Vocoder,local phase vocoder,-12,73,1.6950566893424037,109.86301929579584,219.72603859159167,0.9841901787748437
octave_mix_220_440,octave_mixtures,220 + 440,"{""frequencies_hz"": ""220,440""}",phase_vocoder,Phase Vocoder,local phase vocoder,-12,74,1.7182766439909296,109.86301936829356,219.72603873658713,0.9841896074474483
octave_mix_220_440,octave_mixtures,220 + 440,"{""frequencies_hz"": ""220,440""}",phase_vocoder,Phase Vocoder,local phase vocoder,-12,75,1.7414965986394557,109.86300349828034,219.72600699656067,0.9841904208560303
octave_mix_220_440,octave_mixtures,220 + 440,"{""frequencies_hz"": ""220,440""}",phase_vocoder,Phase Vocoder,local phase vocoder,-12,76,1.7647165532879818,109.86299773355833,219.72599546711666,0.9841893539884828
octave_mix_220_440,octave_mixtures,220 + 440,"{""frequencies_hz"": ""220,440""}",phase_vocoder,Phase Vocoder,local phase vocoder,-12,77,1.787936507936508,109.86299945436092,219.72599890872183,0.9841911250893546
octave_mix_220_440,octave_mixtures,220 + 440,"{""frequencies_hz"": ""220,440""}",phase_vocoder,Phase Vocoder,local phase vocoder,-12,78,1.811156462585034,109.86290323132314,219.7258064626463,0.9842002318799659
octave_mix_220_440,octave_mixtures,220 + 440,"{""frequencies_hz"": ""220,440""}",phase_vocoder,Phase Vocoder,local phase vocoder,-12,79,1.8343764172335602,109.8619797178828,219.7239594357656,0.9842656002823371
octave_mix_220_440,octave_mixtures,220 + 440,"{""frequencies_hz"": ""220,440""}",phase_vocoder,Phase Vocoder,local phase vocoder,-12,80,1.8575963718820863,109.86448039305036,219.7289607861007,0.9842426993528937
octave_mix_220_440,octave_mixtures,220 + 440,"{""frequencies_hz"": ""220,440""}",phase_vocoder,Phase Vocoder,local phase vocoder,-12,81,1.8808163265306121,109.88745479423721,219.77490958847443,0.9838661841131628
octave_mix_220_440,octave_mixtures,220 + 440,"{""frequencies_hz"": ""220,440""}",phase_vocoder,Phase Vocoder,local phase vocoder,-12,82,1.9040362811791383,109.89597567189989,219.79195134379978,0.9832192107517836
octave_mix_220_440,octave_mixtures,220 + 440,"{""frequencies_hz"": ""220,440""}",phase_vocoder,Phase Vocoder,local phase vocoder,-12,83,1.9272562358276644,109.74693896199291,219.49387792398582,0.9814350174038832
octave_mix_220_440,octave_mixtures,220 + 440,"{""frequencies_hz"": ""220,440""}",phase_vocoder,Phase Vocoder,local phase vocoder,-12,84,1.9504761904761905,109.2977514530356,218.5955029060712,0.9676474306922156
octave_mix_220_440,octave_mixtures,220 + 440,"{""frequencies_hz"": ""220,440""}",phase_vocoder,Phase Vocoder,local phase vocoder,-12,85,1.9736961451247166,108.56962233936281,217.13924467872562,0.9324708627437623
octave_mix_220_440,octave_mixtures,220 + 440,"{""frequencies_hz"": ""220,440""}",phase_vocoder,Phase Vocoder,local phase vocoder,-12,86,1.9969160997732427,108.03940390134152,216.07880780268303,0.9046855683836909
octave_mix_220_440,octave_mixtures,220 + 440,"{""frequencies_hz"": ""220,440""}",wsola,WSOLA,local waveform-similarity overlap-add,-12,0,0.0,681.2206587137273,1362.4413174274546,0.3153840520907916
octave_mix_220_440,octave_mixtures,220 + 440,"{""frequencies_hz"": ""220,440""}",wsola,WSOLA,local waveform-similarity overlap-add,-12,1,0.023219954648526078,681.2105694788364,1362.4211389576728,0.3161245732108012
octave_mix_220_440,octave_mixtures,220 + 440,"{""frequencies_hz"": ""220,440""}",wsola,WSOLA,local waveform-similarity overlap-add,-12,2,0.046439909297052155,681.1602640460123,1362.3205280920247,0.32129239126833725
octave_mix_220_440,octave_mixtures,220 + 440,"{""frequencies_hz"": ""220,440""}",wsola,WSOLA,local waveform-similarity overlap-add,-12,3,0.06965986394557823,680.8158596300725,1361.631719260145,0.395067643385559
octave_mix_220_440,octave_mixtures,220 + 440,"{""frequencies_hz"": ""220,440""}",wsola,WSOLA,local waveform-similarity overlap-add,-12,4,0.09287981859410431,,,0.9994285387680083
octave_mix_220_440,octave_mixtures,220 + 440,"{""frequencies_hz"": ""220,440""}",wsola,WSOLA,local waveform-similarity overlap-add,-12,5,0.11609977324263039,111.8581439912378,223.7162879824756,0.9513062935730799
octave_mix_220_440,octave_mixtures,220 + 440,"{""frequencies_hz"": ""220,440""}",wsola,WSOLA,local waveform-similarity overlap-add,-12,6,0.13931972789115646,111.99464862408632,223.98929724817265,0.9482620138485205
octave_mix_220_440,octave_mixtures,220 + 440,"{""frequencies_hz"": ""220,440""}",wsola,WSOLA,local waveform-similarity overlap-add,-12,7,0.16253968253968254,111.96035593306988,223.92071186613975,0.9513152314820835
octave_mix_220_440,octave_mixtures,220 + 440,"{""frequencies_hz"": ""220,440""}",wsola,WSOLA,local waveform-similarity overlap-add,-12,8,0.18575963718820862,111.92573553688472,223.85147107376943,0.9531657457883418
octave_mix_220_440,octave_mixtures,220 + 440,"{""frequencies_hz"": ""220,440""}",wsola,WSOLA,local waveform-similarity overlap-add,-12,9,0.2089795918367347,111.9975603498047,223.9951206996094,0.952722958228064
octave_mix_220_440,octave_mixtures,220 + 440,"{""frequencies_hz"": ""220,440""}",wsola,WSOLA,local waveform-similarity overlap-add,-12,10,0.23219954648526078,112.0798309375098,224.1596618750196,0.9528767543144666
octave_mix_220_440,octave_mixtures,220 + 440,"{""frequencies_hz"": ""220,440""}",wsola,WSOLA,local waveform-similarity overlap-add,-12,11,0.25541950113378686,112.0887042529896,224.1774085059792,0.9526766104155996
octave_mix_220_440,octave_mixtures,220 + 440,"{""frequencies_hz"": ""220,440""}",wsola,WSOLA,local waveform-similarity overlap-add,-12,12,0.2786394557823129,112.07842179217442,224.15684358434885,0.9517701080660664
octave_mix_220_440,octave_mixtures,220 + 440,"{""frequencies_hz"": ""220,440""}",wsola,WSOLA,local waveform-similarity overlap-add,-12,13,0.301859410430839,112.09440713768315,224.1888142753663,0.9520455231616094
octave_mix_220_440,octave_mixtures,220 + 440,"{""frequencies_hz"": ""220,440""}",wsola,WSOLA,local waveform-similarity overlap-add,-12,14,0.3250793650793651,112.10314730660792,224.20629461321585,0.9520892889469854
octave_mix_220_440,octave_mixtures,220 + 440,"{""frequencies_hz"": ""220,440""}",wsola,WSOLA,local waveform-similarity overlap-add,-12,15,0.34829931972789113,112.10686841087184,224.21373682174368,0.9515546421083522
octave_mix_220_440,octave_mixtures,220 + 440,"{""frequencies_hz"": ""220,440""}",wsola,WSOLA,local waveform-similarity overlap-add,-12,16,0.37151927437641724,112.12722024650525,224.2544404930105,0.9519270130454217
octave_mix_220_440,octave_mixtures,220 + 440,"{""frequencies_hz"": ""220,440""}",wsola,WSOLA,local waveform-similarity overlap-add,-12,17,0.3947392290249433,112.13867828659691,224.27735657319383,0.9517180908671726
octave_mix_220_440,octave_mixtures,220 + 440,"{""frequencies_hz"": ""220,440""}",wsola,WSOLA,local waveform-similarity overlap-add,-12,18,0.4179591836734694,112.13731222118682,224.27462444237364,0.9512223711519049
octave_mix_220_440,octave_mixtures,220 + 440,"{""frequencies_hz"": ""220,440""}",wsola,WSOLA,local waveform-similarity overlap-add,-12,19,0.44117913832199546,112.13784382661717,224.27568765323434,0.9518595531029924
octave_mix_220_440,octave_mixtures,220 + 440,"{""frequencies_hz"": ""220,440""}",wsola,WSOLA,local waveform-similarity overlap-add,-12,20,0.46439909297052157,112.12336502233393,224.24673004466786,0.9518355861794896
octave_mix_220_440,octave_mixtures,220 + 440,"{""frequencies_hz"": ""220,440""}",wsola,WSOLA,local waveform-similarity overlap-add,-12,21,0.4876190476190476,112.10374687026783,224.20749374053565,0.9515672495284964
octave_mix_220_440,octave_mixtures,220 + 440,"{""frequencies_hz"": ""220,440""}",wsola,WSOLA,local waveform-similarity overlap-add,-12,22,0.5108390022675737,112.10334314049891,224.20668628099781,0.9521186464396726
octave_mix_220_440,octave_mixtures,220 + 440,"{""frequencies_hz"": ""220,440""}",wsola,WSOLA,local waveform-similarity overlap-add,-12,23,0.5340589569160997,112.11091944055266,224.22183888110533,0.9517660053619732
octave_mix_220_440,octave_mixtures,220 + 440,"{""frequencies_hz"": ""220,440""}",wsola,WSOLA,local waveform-similarity overlap-add,-12,24,0.5572789115646258,112.1311073615666,224.2622147231332,0.9514272699451893
octave_mix_220_440,octave_mixtures,220 + 440,"{""frequencies_hz"": ""220,440""}",wsola,WSOLA,local waveform-similarity overlap-add,-12,25,0.5804988662131519,112.15610833975569,224.31221667951138,0.9518927455063335
octave_mix_220_440,octave_mixtures,220 + 440,"{""frequencies_hz"": ""220,440""}",wsola,WSOLA,local waveform-similarity overlap-add,-12,26,0.603718820861678,112.15529040928925,224.3105808185785,0.9514375380139631
octave_mix_220_440,octave_mixtures,220 + 440,"{""frequencies_hz"": ""220,440""}",wsola,WSOLA,local waveform-similarity overlap-add,-12,27,0.626938775510204,112.14418819104984,224.28837638209967,0.9513335334149176
octave_mix_220_440,octave_mixtures,220 + 440,"{""frequencies_hz"": ""220,440""}",wsola,WSOLA,local waveform-similarity overlap-add,-12,28,0.6501587301587302,112.13680581975105,224.2736116395021,0.9519996649493444
octave_mix_220_440,octave_mixtures,220 + 440,"{""frequencies_hz"": ""220,440""}",wsola,WSOLA,local waveform-similarity overlap-add,-12,29,0.6733786848072563,112.11653018265932,224.23306036531864,0.9516757971870075
octave_mix_220_440,octave_mixtures,220 + 440,"{""frequencies_hz"": ""220,440""}",wsola,WSOLA,local waveform-similarity overlap-add,-12,30,0.6965986394557823,112.10171784349689,224.20343568699377,0.95170919556018
octave_mix_220_440,octave_mixtures,220 + 440,"{""frequencies_hz"": ""220,440""}",wsola,WSOLA,local waveform-similarity overlap-add,-12,31,0.7198185941043084,112.10509627934793,224.21019255869587,0.952155316373031
octave_mix_220_440,octave_mixtures,220 + 440,"{""frequencies_hz"": ""220,440""}",wsola,WSOLA,local waveform-similarity overlap-add,-12,32,0.7430385487528345,112.11477529924034,224.22955059848067,0.9515653275413843
octave_mix_220_440,octave_mixtures,220 + 440,"{""frequencies_hz"": ""220,440""}",wsola,WSOLA,local waveform-similarity overlap-add,-12,33,0.7662585034013606,112.13819877303862,224.27639754607725,0.9515504763002155
octave_mix_220_440,octave_mixtures,220 + 440,"{""frequencies_hz"": ""220,440""}",wsola,WSOLA,local waveform-similarity overlap-add,-12,34,0.7894784580498866,112.15144742234574,224.30289484469148,0.9518273081639269
octave_mix_220_440,octave_mixtures,220 + 440,"{""frequencies_hz"": ""220,440""}",wsola,WSOLA,local waveform-similarity overlap-add,-12,35,0.8126984126984127,112.13968212158241,224.27936424316482,0.9511841040555443
octave_mix_220_440,octave_mixtures,220 + 440,"{""frequencies_hz"": ""220,440""}",wsola,WSOLA,local waveform-similarity overlap-add,-12,36,0.8359183673469388,112.14427395755582,224.28854791511165,0.951417628171727
octave_mix_220_440,octave_mixtures,220 + 440,"{""frequencies_hz"": ""220,440""}",wsola,WSOLA,local waveform-similarity overlap-add,-12,37,0.8591383219954648,112.1580801166429,224.3161602332858,0.9518523009630631
octave_mix_220_440,octave_mixtures,220 + 440,"{""frequencies_hz"": ""220,440""}",wsola,WSOLA,local waveform-similarity overlap-add,-12,38,0.8823582766439909,112.14262962388354,224.28525924776707,0.9514187891551785
octave_mix_220_440,octave_mixtures,220 + 440,"{""frequencies_hz"": ""220,440""}",wsola,WSOLA,local waveform-similarity overlap-add,-12,39,0.905578231292517,112.12005555288545,224.2401111057709,0.9518485945293688
octave_mix_220_440,octave_mixtures,220 + 440,"{""frequencies_hz"": ""220,440""}",wsola,WSOLA,local waveform-similarity overlap-add,-12,40,0.9287981859410431,112.11139066852857,224.22278133705714,0.9521369539716934
octave_mix_220_440,octave_mixtures,220 + 440,"{""frequencies_hz"": ""220,440""}",wsola,WSOLA,local waveform-similarity overlap-add,-12,41,0.9520181405895691,112.11370065179254,224.22740130358508,0.9515815983328171
octave_mix_220_440,octave_mixtures,220 + 440,"{""frequencies_hz"": ""220,440""}",wsola,WSOLA,local waveform-similarity overlap-add,-12,42,0.9752380952380952,112.12779985259901,224.25559970519802,0.9518714016171156
octave_mix_220_440,octave_mixtures,220 + 440,"{""frequencies_hz"": ""220,440""}",wsola,WSOLA,local waveform-similarity overlap-add,-12,43,0.9984580498866213,112.13020806417163,224.26041612834325,0.9517761703485618
octave_mix_220_440,octave_mixtures,220 + 440,"{""frequencies_hz"": ""220,440""}",wsola,WSOLA,local waveform-similarity overlap-add,-12,44,1.0216780045351475,112.12718291664221,224.25436583328442,0.9511354751927884
octave_mix_220_440,octave_mixtures,220 + 440,"{""frequencies_hz"": ""220,440""}",wsola,WSOLA,local waveform-similarity overlap-add,-12,45,1.0448979591836736,112.1471145865405,224.294229173081,0.9516479853382296
octave_mix_220_440,octave_mixtures,220 + 440,"{""frequencies_hz"": ""220,440""}",wsola,WSOLA,local waveform-similarity overlap-add,-12,46,1.0681179138321995,112.15660043590032,224.31320087180063,0.9517464513445444
octave_mix_220_440,octave_mixtures,220 + 440,"{""frequencies_hz"": ""220,440""}",wsola,WSOLA,local waveform-similarity overlap-add,-12,47,1.0913378684807256,112.1349017747631,224.2698035495262,0.951423344778443
octave_mix_220_440,octave_mixtures,220 + 440,"{""frequencies_hz"": ""220,440""}",wsola,WSOLA,local waveform-similarity overlap-add,-12,48,1.1145578231292517,112.1147033345941,224.2294066691882,0.952048777824401
octave_mix_220_440,octave_mixtures,220 + 440,"{""frequencies_hz"": ""220,440""}",wsola,WSOLA,local waveform-similarity overlap-add,-12,49,1.1377777777777778,112.1048738517143,224.2097477034286,0.951965437556761
octave_mix_220_440,octave_mixtures,220 + 440,"{""frequencies_hz"": ""220,440""}",wsola,WSOLA,local waveform-similarity overlap-add,-12,50,1.1609977324263039,112.11136079481085,224.2227215896217,0.9516093115753806
octave_mix_220_440,octave_mixtures,220 + 440,"{""frequencies_hz"": ""220,440""}",wsola,WSOLA,local waveform-similarity overlap-add,-12,51,1.18421768707483,112.1351573409847,224.2703146819694,0.9521510606826006
octave_mix_220_440,octave_mixtures,220 + 440,"{""frequencies_hz"": ""220,440""}",wsola,WSOLA,local waveform-similarity overlap-add,-12,52,1.207437641723356,112.13505104056465,224.2701020811293,0.9519006589122045
octave_mix_220_440,octave_mixtures,220 + 440,"{""frequencies_hz"": ""220,440""}",wsola,WSOLA,local waveform-similarity overlap-add,-12,53,1.230657596371882,112.11559528777534,224.23119057555067,0.9516387812552691
octave_mix_220_440,octave_mixtures,220 + 440,"{""frequencies_hz"": ""220,440""}",wsola,WSOLA,local waveform-similarity overlap-add,-12,54,1.253877551020408,112.11421741591839,224.22843483183678,0.9522187662730353
octave_mix_220_440,octave_mixtures,220 + 440,"{""frequencies_hz"": ""220,440""}",wsola,WSOLA,local waveform-similarity overlap-add,-12,55,1.2770975056689342,112.11412848191239,224.22825696382478,0.9518973598576872
octave_mix_220_440,octave_mixtures,220 + 440,"{""frequencies_hz"": ""220,440""}",wsola,WSOLA,local waveform-similarity overlap-add,-12,56,1.3003174603174603,112.10543507733377,224.21087015466753,0.9518332721532508
octave_mix_220_440,octave_mixtures,220 + 440,"{""frequencies_hz"": ""220,440""}",wsola,WSOLA,local waveform-similarity overlap-add,-12,57,1.3235374149659864,112.10101038853271,224.20202077706543,0.9525633944720083
octave_mix_220_440,octave_mixtures,220 + 440,"{""frequencies_hz"": ""220,440""}",wsola,WSOLA,local waveform-similarity overlap-add,-12,58,1.3467573696145125,112.08693037385277,224.17386074770553,0.9522927114684048
octave_mix_220_440,octave_mixtures,220 + 440,"{""frequencies_hz"": ""220,440""}",wsola,WSOLA,local waveform-similarity overlap-add,-12,59,1.3699773242630386,112.0732121222494,224.1464242444988,0.9522548948230826
octave_mix_220_440,octave_mixtures,220 + 440,"{""frequencies_hz"": ""220,440""}",wsola,WSOLA,local waveform-similarity overlap-add,-12,60,1.3931972789115645,112.07663602200287,224.15327204400575,0.9526147661356223
octave_mix_220_440,octave_mixtures,220 + 440,"{""frequencies_hz"": ""220,440""}",wsola,WSOLA,local waveform-similarity overlap-add,-12,61,1.4164172335600906,112.0788476283379,224.1576952566758,0.9519715473805963
octave_mix_220_440,octave_mixtures,220 + 440,"{""frequencies_hz"": ""220,440""}",wsola,WSOLA,local waveform-similarity overlap-add,-12,62,1.4396371882086167,112.0843990708712,224.1687981417424,0.9519817772020346
octave_mix_220_440,octave_mixtures,220 + 440,"{""frequencies_hz"": ""220,440""}",wsola,WSOLA,local waveform-similarity overlap-add,-12,63,1.4628571428571429,112.09743277851358,224.19486555702716,0.9524146067572113
octave_mix_220_440,octave_mixtures,220 + 440,"{""frequencies_hz"": ""220,440""}",wsola,WSOLA,local waveform-similarity overlap-add,-12,64,1.486077097505669,112.09566929349708,224.19133858699416,0.9519155305139694
octave_mix_220_440,octave_mixtures,220 + 440,"{""frequencies_hz"": ""220,440""}",wsola,WSOLA,local waveform-similarity overlap-add,-12,65,1.509297052154195,112.08555234602258,224.17110469204516,0.9521958007922965
octave_mix_220_440,octave_mixtures,220 + 440,"{""frequencies_hz"": ""220,440""}",wsola,WSOLA,local waveform-similarity overlap-add,-12,66,1.5325170068027212,112.07957645223274,224.1591529044655,0.9528077948061365
octave_mix_220_440,octave_mixtures,220 + 440,"{""frequencies_hz"": ""220,440""}",wsola,WSOLA,local waveform-similarity overlap-add,-12,67,1.555736961451247,112.06940945853889,224.13881891707777,0.9542708240696034
octave_mix_220_440,octave_mixtures,220 + 440,"{""frequencies_hz"": ""220,440""}",wsola,WSOLA,local waveform-similarity overlap-add,-12,68,1.5789569160997732,112.07434352906816,224.14868705813632,0.9605578294035811
octave_mix_220_440,octave_mixtures,220 + 440,"{""frequencies_hz"": ""220,440""}",wsola,WSOLA,local waveform-similarity overlap-add,-12,69,1.6021768707482993,112.09010560434723,224.18021120869446,0.9659431012768628
octave_mix_220_440,octave_mixtures,220 + 440,"{""frequencies_hz"": ""220,440""}",wsola,WSOLA,local waveform-similarity overlap-add,-12,70,1.6253968253968254,112.08428948645533,224.16857897291067,0.9632879834862027
octave_mix_220_440,octave_mixtures,220 + 440,"{""frequencies_hz"": ""220,440""}",wsola,WSOLA,local waveform-similarity overlap-add,-12,71,1.6486167800453515,112.09277045480556,224.18554090961112,0.9581940949199509
octave_mix_220_440,octave_mixtures,220 + 440,"{""frequencies_hz"": ""220,440""}",wsola,WSOLA,local waveform-similarity overlap-add,-12,72,1.6718367346938776,112.1469800923401,224.2939601846802,0.9616482214403085
octave_mix_220_440,octave_mixtures,220 + 440,"{""frequencies_hz"": ""220,440""}",wsola,WSOLA,local waveform-similarity overlap-add,-12,73,1.6950566893424037,112.16972631116322,224.33945262232643,0.966049017293775
octave_mix_220_440,octave_mixtures,220 + 440,"{""frequencies_hz"": ""220,440""}",wsola,WSOLA,local waveform-similarity overlap-add,-12,74,1.7182766439909296,112.13109935225381,224.26219870450763,0.9626616857542423
octave_mix_220_440,octave_mixtures,220 + 440,"{""frequencies_hz"": ""220,440""}",wsola,WSOLA,local waveform-similarity overlap-add,-12,75,1.7414965986394557,112.11259773565517,224.22519547131034,0.9582207729453509
octave_mix_220_440,octave_mixtures,220 + 440,"{""frequencies_hz"": ""220,440""}",wsola,WSOLA,local waveform-similarity overlap-add,-12,76,1.7647165532879818,112.14479924787398,224.28959849574795,0.9623860467882891
octave_mix_220_440,octave_mixtures,220 + 440,"{""frequencies_hz"": ""220,440""}",wsola,WSOLA,local waveform-similarity overlap-add,-12,77,1.787936507936508,112.13868638268895,224.2773727653779,0.9658951183449175
octave_mix_220_440,octave_mixtures,220 + 440,"{""frequencies_hz"": ""220,440""}",wsola,WSOLA,local waveform-similarity overlap-add,-12,78,1.811156462585034,112.09298745813508,224.18597491627017,0.9616407084517643
octave_mix_220_440,octave_mixtures,220 + 440,"{""frequencies_hz"": ""220,440""}",wsola,WSOLA,local waveform-similarity overlap-add,-12,79,1.8343764172335602,112.10186102891922,224.20372205783843,0.9581613829692109
octave_mix_220_440,octave_mixtures,220 + 440,"{""frequencies_hz"": ""220,440""}",wsola,WSOLA,local waveform-similarity overlap-add,-12,80,1.8575963718820863,112.15021670711683,224.30043341423365,0.9631934863711976
octave_mix_220_440,octave_mixtures,220 + 440,"{""frequencies_hz"": ""220,440""}",wsola,WSOLA,local waveform-similarity overlap-add,-12,81,1.8808163265306121,112.14145601897589,224.28291203795177,0.9658413859418901
octave_mix_220_440,octave_mixtures,220 + 440,"{""frequencies_hz"": ""220,440""}",wsola,WSOLA,local waveform-similarity overlap-add,-12,82,1.9040362811791383,112.17073676083632,224.34147352167264,0.962683240658088
octave_mix_220_440,octave_mixtures,220 + 440,"{""frequencies_hz"": ""220,440""}",wsola,WSOLA,local waveform-similarity overlap-add,-12,83,1.9272562358276644,,,0.05879907953464054
octave_mix_220_440,octave_mixtures,220 + 440,"{""frequencies_hz"": ""220,440""}",wsola,WSOLA,local waveform-similarity overlap-add,-12,84,1.9504761904761905,,,0.0033307758062342315
octave_mix_220_440,octave_mixtures,220 + 440,"{""frequencies_hz"": ""220,440""}",wsola,WSOLA,local waveform-similarity overlap-add,-12,85,1.9736961451247166,,,0.0006139770892427177
octave_mix_220_440,octave_mixtures,220 + 440,"{""frequencies_hz"": ""220,440""}",wsola,WSOLA,local waveform-similarity overlap-add,-12,86,1.9969160997732427,,,0.00022174215485655938
octave_mix_220_440,octave_mixtures,220 + 440,"{""frequencies_hz"": ""220,440""}",rubber_band,Rubber Band,local hybrid spectral/time-domain proxy,-12,0,0.0,,,0.056197657276933634
octave_mix_220_440,octave_mixtures,220 + 440,"{""frequencies_hz"": ""220,440""}",rubber_band,Rubber Band,local hybrid spectral/time-domain proxy,-12,1,0.023219954648526078,,,0.05638069383474163
octave_mix_220_440,octave_mixtures,220 + 440,"{""frequencies_hz"": ""220,440""}",rubber_band,Rubber Band,local hybrid spectral/time-domain proxy,-12,2,0.046439909297052155,,,0.0576898755196485
octave_mix_220_440,octave_mixtures,220 + 440,"{""frequencies_hz"": ""220,440""}",rubber_band,Rubber Band,local hybrid spectral/time-domain proxy,-12,3,0.06965986394557823,,,0.07869903036390032
octave_mix_220_440,octave_mixtures,220 + 440,"{""frequencies_hz"": ""220,440""}",rubber_band,Rubber Band,local hybrid spectral/time-domain proxy,-12,4,0.09287981859410431,,,0.9922157873074396
octave_mix_220_440,octave_mixtures,220 + 440,"{""frequencies_hz"": ""220,440""}",rubber_band,Rubber Band,local hybrid spectral/time-domain proxy,-12,5,0.11609977324263039,112.03230574214518,224.06461148429037,0.9404430945376787
octave_mix_220_440,octave_mixtures,220 + 440,"{""frequencies_hz"": ""220,440""}",rubber_band,Rubber Band,local hybrid spectral/time-domain proxy,-12,6,0.13931972789115646,112.21074204978922,224.42148409957844,0.9366890964332291
octave_mix_220_440,octave_mixtures,220 + 440,"{""frequencies_hz"": ""220,440""}",rubber_band,Rubber Band,local hybrid spectral/time-domain proxy,-12,7,0.16253968253968254,112.19396157440399,224.38792314880797,0.9417078985516847
octave_mix_220_440,octave_mixtures,220 + 440,"{""frequencies_hz"": ""220,440""}",rubber_band,Rubber Band,local hybrid spectral/time-domain proxy,-12,8,0.18575963718820862,112.18330494458507,224.36660988917015,0.9450290155917744
octave_mix_220_440,octave_mixtures,220 + 440,"{""frequencies_hz"": ""220,440""}",rubber_band,Rubber Band,local hybrid spectral/time-domain proxy,-12,9,0.2089795918367347,112.26167081370178,224.52334162740357,0.945063024683022
octave_mix_220_440,octave_mixtures,220 + 440,"{""frequencies_hz"": ""220,440""}",rubber_band,Rubber Band,local hybrid spectral/time-domain proxy,-12,10,0.23219954648526078,112.30777657479184,224.6155531495837,0.9454538947755673
octave_mix_220_440,octave_mixtures,220 + 440,"{""frequencies_hz"": ""220,440""}",rubber_band,Rubber Band,local hybrid spectral/time-domain proxy,-12,11,0.25541950113378686,112.27868800595722,224.55737601191444,0.9451137158722004
octave_mix_220_440,octave_mixtures,220 + 440,"{""frequencies_hz"": ""220,440""}",rubber_band,Rubber Band,local hybrid spectral/time-domain proxy,-12,12,0.2786394557823129,112.27503322256503,224.55006644513006,0.9445274328798873
octave_mix_220_440,octave_mixtures,220 + 440,"{""frequencies_hz"": ""220,440""}",rubber_band,Rubber Band,local hybrid spectral/time-domain proxy,-12,13,0.301859410430839,112.3176125501478,224.6352251002956,0.9456983280220824
octave_mix_220_440,octave_mixtures,220 + 440,"{""frequencies_hz"": ""220,440""}",rubber_band,Rubber Band,local hybrid spectral/time-domain proxy,-12,14,0.3250793650793651,112.3419744602821,224.6839489205642,0.9455776447293313
octave_mix_220_440,octave_mixtures,220 + 440,"{""frequencies_hz"": ""220,440""}",rubber_band,Rubber Band,local hybrid spectral/time-domain proxy,-12,15,0.34829931972789113,112.36859898042613,224.73719796085226,0.9439298186588487
octave_mix_220_440,octave_mixtures,220 + 440,"{""frequencies_hz"": ""220,440""}",rubber_band,Rubber Band,local hybrid spectral/time-domain proxy,-12,16,0.37151927437641724,112.4364125573566,224.8728251147132,0.9439289099017711
octave_mix_220_440,octave_mixtures,220 + 440,"{""frequencies_hz"": ""220,440""}",rubber_band,Rubber Band,local hybrid spectral/time-domain proxy,-12,17,0.3947392290249433,112.50892701715713,225.01785403431427,0.9439550875851107
octave_mix_220_440,octave_mixtures,220 + 440,"{""frequencies_hz"": ""220,440""}",rubber_band,Rubber Band,local hybrid spectral/time-domain proxy,-12,18,0.4179591836734694,112.56006334203535,225.1201266840707,0.9435188629911774
octave_mix_220_440,octave_mixtures,220 + 440,"{""frequencies_hz"": ""220,440""}",rubber_band,Rubber Band,local hybrid spectral/time-domain proxy,-12,19,0.44117913832199546,112.58462618809432,225.16925237618864,0.9438345816259464
octave_mix_220_440,octave_mixtures,220 + 440,"{""frequencies_hz"": ""220,440""}",rubber_band,Rubber Band,local hybrid spectral/time-domain proxy,-12,20,0.46439909297052157,112.56493099912417,225.12986199824834,0.9427265474887431
octave_mix_220_440,octave_mixtures,220 + 440,"{""frequencies_hz"": ""220,440""}",rubber_band,Rubber Band,local hybrid spectral/time-domain proxy,-12,21,0.4876190476190476,112.52913501565672,225.05827003131344,0.9420842930798458
octave_mix_220_440,octave_mixtures,220 + 440,"{""frequencies_hz"": ""220,440""}",rubber_band,Rubber Band,local hybrid spectral/time-domain proxy,-12,22,0.5108390022675737,112.5138322081646,225.0276644163292,0.9438128908778505
octave_mix_220_440,octave_mixtures,220 + 440,"{""frequencies_hz"": ""220,440""}",rubber_band,Rubber Band,local hybrid spectral/time-domain proxy,-12,23,0.5340589569160997,112.49639971467738,224.99279942935476,0.9442201628871061
octave_mix_220_440,octave_mixtures,220 + 440,"{""frequencies_hz"": ""220,440""}",rubber_band,Rubber Band,local hybrid spectral/time-domain proxy,-12,24,0.5572789115646258,112.46712246136983,224.93424492273965,0.9439093731099703
octave_mix_220_440,octave_mixtures,220 + 440,"{""frequencies_hz"": ""220,440""}",rubber_band,Rubber Band,local hybrid spectral/time-domain proxy,-12,25,0.5804988662131519,112.4282965374339,224.8565930748678,0.9444171664416932
octave_mix_220_440,octave_mixtures,220 + 440,"{""frequencies_hz"": ""220,440""}",rubber_band,Rubber Band,local hybrid spectral/time-domain proxy,-12,26,0.603718820861678,112.38101138798817,224.76202277597633,0.9440964747445927
octave_mix_220_440,octave_mixtures,220 + 440,"{""frequencies_hz"": ""220,440""}",rubber_band,Rubber Band,local hybrid spectral/time-domain proxy,-12,27,0.626938775510204,112.36309291114513,224.72618582229026,0.94458261299876
octave_mix_220_440,octave_mixtures,220 + 440,"{""frequencies_hz"": ""220,440""}",rubber_band,Rubber Band,local hybrid spectral/time-domain proxy,-12,28,0.6501587301587302,112.3795946137552,224.7591892275104,0.945440847129742
octave_mix_220_440,octave_mixtures,220 + 440,"{""frequencies_hz"": ""220,440""}",rubber_band,Rubber Band,local hybrid spectral/time-domain proxy,-12,29,0.6733786848072563,112.40323766987682,224.80647533975363,0.9440256598726113
octave_mix_220_440,octave_mixtures,220 + 440,"{""frequencies_hz"": ""220,440""}",rubber_band,Rubber Band,local hybrid spectral/time-domain proxy,-12,30,0.6965986394557823,112.4593173706711,224.9186347413422,0.9430358395287278
octave_mix_220_440,octave_mixtures,220 + 440,"{""frequencies_hz"": ""220,440""}",rubber_band,Rubber Band,local hybrid spectral/time-domain proxy,-12,31,0.7198185941043084,112.54920379544177,225.09840759088354,0.9436148255931432
octave_mix_220_440,octave_mixtures,220 + 440,"{""frequencies_hz"": ""220,440""}",rubber_band,Rubber Band,local hybrid spectral/time-domain proxy,-12,32,0.7430385487528345,112.62229789262369,225.24459578524738,0.9431950934670535
octave_mix_220_440,octave_mixtures,220 + 440,"{""frequencies_hz"": ""220,440""}",rubber_band,Rubber Band,local hybrid spectral/time-domain proxy,-12,33,0.7662585034013606,112.64985107814658,225.29970215629316,0.9431936559825141
octave_mix_220_440,octave_mixtures,220 + 440,"{""frequencies_hz"": ""220,440""}",rubber_band,Rubber Band,local hybrid spectral/time-domain proxy,-12,34,0.7894784580498866,112.61529275116959,225.23058550233918,0.943137446112869
octave_mix_220_440,octave_mixtures,220 + 440,"{""frequencies_hz"": ""220,440""}",rubber_band,Rubber Band,local hybrid spectral/time-domain proxy,-12,35,0.8126984126984127,112.54292668730412,225.08585337460823,0.9421115194970976
octave_mix_220_440,octave_mixtures,220 + 440,"{""frequencies_hz"": ""220,440""}",rubber_band,Rubber Band,local hybrid spectral/time-domain proxy,-12,36,0.8359183673469388,112.49812588095203,224.99625176190406,0.9432999009269855
octave_mix_220_440,octave_mixtures,220 + 440,"{""frequencies_hz"": ""220,440""}",rubber_band,Rubber Band,local hybrid spectral/time-domain proxy,-12,37,0.8591383219954648,112.47324372372957,224.94648744745913,0.9447531621965904
octave_mix_220_440,octave_mixtures,220 + 440,"{""frequencies_hz"": ""220,440""}",rubber_band,Rubber Band,local hybrid spectral/time-domain proxy,-12,38,0.8823582766439909,112.43433069326683,224.86866138653366,0.9441497919751584
octave_mix_220_440,octave_mixtures,220 + 440,"{""frequencies_hz"": ""220,440""}",rubber_band,Rubber Band,local hybrid spectral/time-domain proxy,-12,39,0.905578231292517,112.40657561168838,224.81315122337676,0.9442082340610165
octave_mix_220_440,octave_mixtures,220 + 440,"{""frequencies_hz"": ""220,440""}",rubber_band,Rubber Band,local hybrid spectral/time-domain proxy,-12,40,0.9287981859410431,112.39798326992832,224.79596653985664,0.944488370687498
octave_mix_220_440,octave_mixtures,220 + 440,"{""frequencies_hz"": ""220,440""}",rubber_band,Rubber Band,local hybrid spectral/time-domain proxy,-12,41,0.9520181405895691,112.40156182716123,224.80312365432246,0.9442106201455485
octave_mix_220_440,octave_mixtures,220 + 440,"{""frequencies_hz"": ""220,440""}",rubber_band,Rubber Band,local hybrid spectral/time-domain proxy,-12,42,0.9752380952380952,112.42702937012042,224.85405874024084,0.944947361888478
octave_mix_220_440,octave_mixtures,220 + 440,"{""frequencies_hz"": ""220,440""}",rubber_band,Rubber Band,local hybrid spectral/time-domain proxy,-12,43,0.9984580498866213,112.45519760082547,224.91039520165094,0.9443592622937395
octave_mix_220_440,octave_mixtures,220 + 440,"{""frequencies_hz"": ""220,440""}",rubber_band,Rubber Band,local hybrid spectral/time-domain proxy,-12,44,1.0216780045351475,112.4902889132621,224.9805778265242,0.9425543475242499
octave_mix_220_440,octave_mixtures,220 + 440,"{""frequencies_hz"": ""220,440""}",rubber_band,Rubber Band,local hybrid spectral/time-domain proxy,-12,45,1.0448979591836736,112.55789301455626,225.1157860291125,0.9430135897948594
octave_mix_220_440,octave_mixtures,220 + 440,"{""frequencies_hz"": ""220,440""}",rubber_band,Rubber Band,local hybrid spectral/time-domain proxy,-12,46,1.0681179138321995,112.61483659745817,225.22967319491633,0.9435417462504421
octave_mix_220_440,octave_mixtures,220 + 440,"{""frequencies_hz"": ""220,440""}",rubber_band,Rubber Band,local hybrid spectral/time-domain proxy,-12,47,1.0913378684807256,112.62093576325125,225.2418715265025,0.9431649348383658
octave_mix_220_440,octave_mixtures,220 + 440,"{""frequencies_hz"": ""220,440""}",rubber_band,Rubber Band,local hybrid spectral/time-domain proxy,-12,48,1.1145578231292517,112.58015504318244,225.1603100863649,0.9436219568618989
octave_mix_220_440,octave_mixtures,220 + 440,"{""frequencies_hz"": ""220,440""}",rubber_band,Rubber Band,local hybrid spectral/time-domain proxy,-12,49,1.1377777777777778,112.50137311856665,225.0027462371333,0.9432072082835975
octave_mix_220_440,octave_mixtures,220 + 440,"{""frequencies_hz"": ""220,440""}",rubber_band,Rubber Band,local hybrid spectral/time-domain proxy,-12,50,1.1609977324263039,112.42821325571482,224.85642651142965,0.943339446308641
octave_mix_220_440,octave_mixtures,220 + 440,"{""frequencies_hz"": ""220,440""}",rubber_band,Rubber Band,local hybrid spectral/time-domain proxy,-12,51,1.18421768707483,112.39599338566393,224.79198677132786,0.9451219033373471
octave_mix_220_440,octave_mixtures,220 + 440,"{""frequencies_hz"": ""220,440""}",rubber_band,Rubber Band,local hybrid spectral/time-domain proxy,-12,52,1.207437641723356,112.37677042994255,224.7535408598851,0.9450522661464397
octave_mix_220_440,octave_mixtures,220 + 440,"{""frequencies_hz"": ""220,440""}",rubber_band,Rubber Band,local hybrid spectral/time-domain proxy,-12,53,1.230657596371882,112.37454871849168,224.74909743698336,0.9440848352154148
octave_mix_220_440,octave_mixtures,220 + 440,"{""frequencies_hz"": ""220,440""}",rubber_band,Rubber Band,local hybrid spectral/time-domain proxy,-12,54,1.253877551020408,112.40750882320424,224.81501764640848,0.9443578317349257
octave_mix_220_440,octave_mixtures,220 + 440,"{""frequencies_hz"": ""220,440""}",rubber_band,Rubber Band,local hybrid spectral/time-domain proxy,-12,55,1.2770975056689342,112.44805604052564,224.89611208105129,0.9439719188181412
octave_mix_220_440,octave_mixtures,220 + 440,"{""frequencies_hz"": ""220,440""}",rubber_band,Rubber Band,local hybrid spectral/time-domain proxy,-12,56,1.3003174603174603,112.48675105703016,224.97350211406032,0.9439074219848672
octave_mix_220_440,octave_mixtures,220 + 440,"{""frequencies_hz"": ""220,440""}",rubber_band,Rubber Band,local hybrid spectral/time-domain proxy,-12,57,1.3235374149659864,112.51583380272224,225.03166760544448,0.9441739471943147
octave_mix_220_440,octave_mixtures,220 + 440,"{""frequencies_hz"": ""220,440""}",rubber_band,Rubber Band,local hybrid spectral/time-domain proxy,-12,58,1.3467573696145125,112.52014206150149,225.04028412300298,0.9425343456699812
octave_mix_220_440,octave_mixtures,220 + 440,"{""frequencies_hz"": ""220,440""}",rubber_band,Rubber Band,local hybrid spectral/time-domain proxy,-12,59,1.3699773242630386,112.5417966390774,225.0835932781548,0.9420796944261399
octave_mix_220_440,octave_mixtures,220 + 440,"{""frequencies_hz"": ""220,440""}",rubber_band,Rubber Band,local hybrid spectral/time-domain proxy,-12,60,1.3931972789115645,112.58544863829287,225.17089727658575,0.9435198248953454
octave_mix_220_440,octave_mixtures,220 + 440,"{""frequencies_hz"": ""220,440""}",rubber_band,Rubber Band,local hybrid spectral/time-domain proxy,-12,61,1.4164172335600906,112.58270444546046,225.16540889092093,0.9434898856209234
octave_mix_220_440,octave_mixtures,220 + 440,"{""frequencies_hz"": ""220,440""}",rubber_band,Rubber Band,local hybrid spectral/time-domain proxy,-12,62,1.4396371882086167,112.52885329750798,225.05770659501596,0.9435802503682448
octave_mix_220_440,octave_mixtures,220 + 440,"{""frequencies_hz"": ""220,440""}",rubber_band,Rubber Band,local hybrid spectral/time-domain proxy,-12,63,1.4628571428571429,112.45686774825556,224.91373549651112,0.9440074704233403
octave_mix_220_440,octave_mixtures,220 + 440,"{""frequencies_hz"": ""220,440""}",rubber_band,Rubber Band,local hybrid spectral/time-domain proxy,-12,64,1.486077097505669,112.37752270920504,224.75504541841008,0.9436583233963808
octave_mix_220_440,octave_mixtures,220 + 440,"{""frequencies_hz"": ""220,440""}",rubber_band,Rubber Band,local hybrid spectral/time-domain proxy,-12,65,1.509297052154195,112.32731371361034,224.65462742722067,0.9448050646125701
octave_mix_220_440,octave_mixtures,220 + 440,"{""frequencies_hz"": ""220,440""}",rubber_band,Rubber Band,local hybrid spectral/time-domain proxy,-12,66,1.5325170068027212,112.31708100440594,224.63416200881187,0.9456415472364995
octave_mix_220_440,octave_mixtures,220 + 440,"{""frequencies_hz"": ""220,440""}",rubber_band,Rubber Band,local hybrid spectral/time-domain proxy,-12,67,1.555736961451247,112.32554149102148,224.65108298204296,0.944329147082629
octave_mix_220_440,octave_mixtures,220 + 440,"{""frequencies_hz"": ""220,440""}",rubber_band,Rubber Band,local hybrid spectral/time-domain proxy,-12,68,1.5789569160997732,112.36809526810607,224.73619053621215,0.9439942190432692
octave_mix_220_440,octave_mixtures,220 + 440,"{""frequencies_hz"": ""220,440""}",rubber_band,Rubber Band,local hybrid spectral/time-domain proxy,-12,69,1.6021768707482993,112.4362077108337,224.8724154216674,0.9443651180833644
octave_mix_220_440,octave_mixtures,220 + 440,"{""frequencies_hz"": ""220,440""}",rubber_band,Rubber Band,local hybrid spectral/time-domain proxy,-12,70,1.6253968253968254,112.49098999452443,224.98197998904885,0.9438845378486129
octave_mix_220_440,octave_mixtures,220 + 440,"{""frequencies_hz"": ""220,440""}",rubber_band,Rubber Band,local hybrid spectral/time-domain proxy,-12,71,1.6486167800453515,112.52267084997457,225.04534169994915,0.9441697753379363
octave_mix_220_440,octave_mixtures,220 + 440,"{""frequencies_hz"": ""220,440""}",rubber_band,Rubber Band,local hybrid spectral/time-domain proxy,-12,72,1.6718367346938776,112.52166551433425,225.0433310286685,0.9435237441583609
octave_mix_220_440,octave_mixtures,220 + 440,"{""frequencies_hz"": ""220,440""}",rubber_band,Rubber Band,local hybrid spectral/time-domain proxy,-12,73,1.6950566893424037,112.49742637642781,224.99485275285562,0.9422828205890774
octave_mix_220_440,octave_mixtures,220 + 440,"{""frequencies_hz"": ""220,440""}",rubber_band,Rubber Band,local hybrid spectral/time-domain proxy,-12,74,1.7182766439909296,112.49024830908066,224.9804966181613,0.9435789647201361
octave_mix_220_440,octave_mixtures,220 + 440,"{""frequencies_hz"": ""220,440""}",rubber_band,Rubber Band,local hybrid spectral/time-domain proxy,-12,75,1.7414965986394557,112.48610769985952,224.97221539971903,0.9444872768136283
octave_mix_220_440,octave_mixtures,220 + 440,"{""frequencies_hz"": ""220,440""}",rubber_band,Rubber Band,local hybrid spectral/time-domain proxy,-12,76,1.7647165532879818,112.45908733666052,224.91817467332103,0.9440237093694362
octave_mix_220_440,octave_mixtures,220 + 440,"{""frequencies_hz"": ""220,440""}",rubber_band,Rubber Band,local hybrid spectral/time-domain proxy,-12,77,1.787936507936508,112.42015197312938,224.84030394625876,0.9444591472563025
octave_mix_220_440,octave_mixtures,220 + 440,"{""frequencies_hz"": ""220,440""}",rubber_band,Rubber Band,local hybrid spectral/time-domain proxy,-12,78,1.811156462585034,112.36763254644501,224.73526509289002,0.9449833576720512
octave_mix_220_440,octave_mixtures,220 + 440,"{""frequencies_hz"": ""220,440""}",rubber_band,Rubber Band,local hybrid spectral/time-domain proxy,-12,79,1.8343764172335602,112.32411669929382,224.64823339858765,0.9496314608729857
octave_mix_220_440,octave_mixtures,220 + 440,"{""frequencies_hz"": ""220,440""}",rubber_band,Rubber Band,local hybrid spectral/time-domain proxy,-12,80,1.8575963718820863,112.34252300817582,224.68504601635163,0.9592743638311054
octave_mix_220_440,octave_mixtures,220 + 440,"{""frequencies_hz"": ""220,440""}",rubber_band,Rubber Band,local hybrid spectral/time-domain proxy,-12,81,1.8808163265306121,112.38389145019922,224.76778290039843,0.9624585195279152
octave_mix_220_440,octave_mixtures,220 + 440,"{""frequencies_hz"": ""220,440""}",rubber_band,Rubber Band,local hybrid spectral/time-domain proxy,-12,82,1.9040362811791383,112.45782937484509,224.91565874969018,0.9573350240797375
octave_mix_220_440,octave_mixtures,220 + 440,"{""frequencies_hz"": ""220,440""}",rubber_band,Rubber Band,local hybrid spectral/time-domain proxy,-12,83,1.9272562358276644,,,0.0849836471372016
octave_mix_220_440,octave_mixtures,220 + 440,"{""frequencies_hz"": ""220,440""}",rubber_band,Rubber Band,local hybrid spectral/time-domain proxy,-12,84,1.9504761904761905,,,0.02355392402285737
octave_mix_220_440,octave_mixtures,220 + 440,"{""frequencies_hz"": ""220,440""}",rubber_band,Rubber Band,local hybrid spectral/time-domain proxy,-12,85,1.9736961451247166,,,0.020519010551857803
octave_mix_220_440,octave_mixtures,220 + 440,"{""frequencies_hz"": ""220,440""}",rubber_band,Rubber Band,local hybrid spectral/time-domain proxy,-12,86,1.9969160997732427,,,0.02008043445334481
octave_mix_220_440,octave_mixtures,220 + 440,"{""frequencies_hz"": ""220,440""}",psola,PSOLA,local pitch-synchronous overlap-add,-12,0,0.0,220.38846795281287,440.77693590562575,0.9268199798862816
octave_mix_220_440,octave_mixtures,220 + 440,"{""frequencies_hz"": ""220,440""}",psola,PSOLA,local pitch-synchronous overlap-add,-12,1,0.023219954648526078,220.3882205988411,440.7764411976822,0.9463884518329749
octave_mix_220_440,octave_mixtures,220 + 440,"{""frequencies_hz"": ""220,440""}",psola,PSOLA,local pitch-synchronous overlap-add,-12,2,0.046439909297052155,220.38792379054362,440.77584758108725,0.9793146829938407
octave_mix_220_440,octave_mixtures,220 + 440,"{""frequencies_hz"": ""220,440""}",psola,PSOLA,local pitch-synchronous overlap-add,-12,3,0.06965986394557823,220.3879777067858,440.7759554135716,0.99447552860839
octave_mix_220_440,octave_mixtures,220 + 440,"{""frequencies_hz"": ""220,440""}",psola,PSOLA,local pitch-synchronous overlap-add,-12,4,0.09287981859410431,220.38809768823154,440.7761953764631,0.9959654928432877
octave_mix_220_440,octave_mixtures,220 + 440,"{""frequencies_hz"": ""220,440""}",psola,PSOLA,local pitch-synchronous overlap-add,-12,5,0.11609977324263039,220.38810070792735,440.7762014158547,0.9959654871314435
octave_mix_220_440,octave_mixtures,220 + 440,"{""frequencies_hz"": ""220,440""}",psola,PSOLA,local pitch-synchronous overlap-add,-12,6,0.13931972789115646,220.38810201083874,440.7762040216775,0.9959654264277017
octave_mix_220_440,octave_mixtures,220 + 440,"{""frequencies_hz"": ""220,440""}",psola,PSOLA,local pitch-synchronous overlap-add,-12,7,0.16253968253968254,220.38810704918828,440.77621409837656,0.9959653628496843
octave_mix_220_440,octave_mixtures,220 + 440,"{""frequencies_hz"": ""220,440""}",psola,PSOLA,local pitch-synchronous overlap-add,-12,8,0.18575963718820862,220.3881135074893,440.7762270149786,0.9959653139465922
octave_mix_220_440,octave_mixtures,220 + 440,"{""frequencies_hz"": ""220,440""}",psola,PSOLA,local pitch-synchronous overlap-add,-12,9,0.2089795918367347,220.3881169073714,440.7762338147428,0.9959652887419109
octave_mix_220_440,octave_mixtures,220 + 440,"{""frequencies_hz"": ""220,440""}",psola,PSOLA,local pitch-synchronous overlap-add,-12,10,0.23219954648526078,220.38812114247563,440.77624228495125,0.9959652908476683
octave_mix_220_440,octave_mixtures,220 + 440,"{""frequencies_hz"": ""220,440""}",psola,PSOLA,local pitch-synchronous overlap-add,-12,11,0.25541950113378686,220.38812923692146,440.7762584738429,0.9959653103351971
octave_mix_220_440,octave_mixtures,220 + 440,"{""frequencies_hz"": ""220,440""}",psola,PSOLA,local pitch-synchronous overlap-add,-12,12,0.2786394557823129,220.38813620753857,440.77627241507713,0.9959653240941637
octave_mix_220_440,octave_mixtures,220 + 440,"{""frequencies_hz"": ""220,440""}",psola,PSOLA,local pitch-synchronous overlap-add,-12,13,0.301859410430839,220.38814082210916,440.77628164421833,0.9959652933328227
octave_mix_220_440,octave_mixtures,220 + 440,"{""frequencies_hz"": ""220,440""}",psola,PSOLA,local pitch-synchronous overlap-add,-12,14,0.3250793650793651,220.3881487343714,440.7762974687428,0.9959652215006519
octave_mix_220_440,octave_mixtures,220 + 440,"{""frequencies_hz"": ""220,440""}",psola,PSOLA,local pitch-synchronous overlap-add,-12,15,0.34829931972789113,220.38815895530124,440.7763179106025,0.9959651248622555
octave_mix_220_440,octave_mixtures,220 + 440,"{""frequencies_hz"": ""220,440""}",psola,PSOLA,local pitch-synchronous overlap-add,-12,16,0.37151927437641724,220.38816629150855,440.7763325830171,0.9959650326785123
octave_mix_220_440,octave_mixtures,220 + 440,"{""frequencies_hz"": ""220,440""}",psola,PSOLA,local pitch-synchronous overlap-add,-12,17,0.3947392290249433,220.38817350801628,440.77634701603256,0.9959649649893352
octave_mix_220_440,octave_mixtures,220 + 440,"{""frequencies_hz"": ""220,440""}",psola,PSOLA,local pitch-synchronous overlap-add,-12,18,0.4179591836734694,220.3881846971677,440.7763693943354,0.9959649264362089
octave_mix_220_440,octave_mixtures,220 + 440,"{""frequencies_hz"": ""220,440""}",psola,PSOLA,local pitch-synchronous overlap-add,-12,19,0.44117913832199546,220.38819555592423,440.77639111184845,0.9959649058232444
octave_mix_220_440,octave_mixtures,220 + 440,"{""frequencies_hz"": ""220,440""}",psola,PSOLA,local pitch-synchronous overlap-add,-12,20,0.46439909297052157,220.38820358167737,440.77640716335475,0.99596489039926
octave_mix_220_440,octave_mixtures,220 + 440,"{""frequencies_hz"": ""220,440""}",psola,PSOLA,local pitch-synchronous overlap-add,-12,21,0.4876190476190476,220.3882141238597,440.7764282477194,0.9959648565304231
octave_mix_220_440,octave_mixtures,220 + 440,"{""frequencies_hz"": ""220,440""}",psola,PSOLA,local pitch-synchronous overlap-add,-12,22,0.5108390022675737,220.38822770276943,440.77645540553885,0.9959647729174117
octave_mix_220_440,octave_mixtures,220 + 440,"{""frequencies_hz"": ""220,440""}",psola,PSOLA,local pitch-synchronous overlap-add,-12,23,0.5340589569160997,220.38823879789607,440.77647759579213,0.995964648212003
octave_mix_220_440,octave_mixtures,220 + 440,"{""frequencies_hz"": ""220,440""}",psola,PSOLA,local pitch-synchronous overlap-add,-12,24,0.5572789115646258,220.38824890293273,440.77649780586546,0.9959645223383045
octave_mix_220_440,octave_mixtures,220 + 440,"{""frequencies_hz"": ""220,440""}",psola,PSOLA,local pitch-synchronous overlap-add,-12,25,0.5804988662131519,220.3882628534112,440.7765257068224,0.9959644162105625
octave_mix_220_440,octave_mixtures,220 + 440,"{""frequencies_hz"": ""220,440""}",psola,PSOLA,local pitch-synchronous overlap-add,-12,26,0.603718820861678,220.38827735491193,440.77655470982387,0.9959643323664505
octave_mix_220_440,octave_mixtures,220 + 440,"{""frequencies_hz"": ""220,440""}",psola,PSOLA,local pitch-synchronous overlap-add,-12,27,0.626938775510204,220.38828874395662,440.77657748791324,0.9959642703163144
octave_mix_220_440,octave_mixtures,220 + 440,"{""frequencies_hz"": ""220,440""}",psola,PSOLA,local pitch-synchronous overlap-add,-12,28,0.6501587301587302,220.3883016769919,440.7766033539838,0.9959642261983642
octave_mix_220_440,octave_mixtures,220 + 440,"{""frequencies_hz"": ""220,440""}",psola,PSOLA,local pitch-synchronous overlap-add,-12,29,0.6733786848072563,220.3883181304608,440.7766362609216,0.9959641783677113
octave_mix_220_440,octave_mixtures,220 + 440,"{""frequencies_hz"": ""220,440""}",psola,PSOLA,local pitch-synchronous overlap-add,-12,30,0.6965986394557823,220.38833262836144,440.7766652567229,0.9959640815139895
octave_mix_220_440,octave_mixtures,220 + 440,"{""frequencies_hz"": ""220,440""}",psola,PSOLA,local pitch-synchronous overlap-add,-12,31,0.7198185941043084,220.38834537966127,440.77669075932255,0.9959639455504166
octave_mix_220_440,octave_mixtures,220 + 440,"{""frequencies_hz"": ""220,440""}",psola,PSOLA,local pitch-synchronous overlap-add,-12,32,0.7430385487528345,220.3883616337709,440.7767232675418,0.9959637940672119
octave_mix_220_440,octave_mixtures,220 + 440,"{""frequencies_hz"": ""220,440""}",psola,PSOLA,local pitch-synchronous overlap-add,-12,33,0.7662585034013606,220.3883792867709,440.7767585735418,0.995963648629547
octave_mix_220_440,octave_mixtures,220 + 440,"{""frequencies_hz"": ""220,440""}",psola,PSOLA,local pitch-synchronous overlap-add,-12,34,0.7894784580498866,220.3883937401344,440.7767874802688,0.9959635227770091
octave_mix_220_440,octave_mixtures,220 + 440,"{""frequencies_hz"": ""220,440""}",psola,PSOLA,local pitch-synchronous overlap-add,-12,35,0.8126984126984127,220.38840875822737,440.77681751645474,0.9959634272904365
octave_mix_220_440,octave_mixtures,220 + 440,"{""frequencies_hz"": ""220,440""}",psola,PSOLA,local pitch-synchronous overlap-add,-12,36,0.8359183673469388,220.38842747569205,440.7768549513841,0.9959633508917809
octave_mix_220_440,octave_mixtures,220 + 440,"{""frequencies_hz"": ""220,440""}",psola,PSOLA,local pitch-synchronous overlap-add,-12,37,0.8591383219954648,220.38844492452137,440.77688984904273,0.9959632741809535
octave_mix_220_440,octave_mixtures,220 + 440,"{""frequencies_hz"": ""220,440""}",psola,PSOLA,local pitch-synchronous overlap-add,-12,38,0.8823582766439909,220.38845987372875,440.7769197474575,0.9959631769766591
octave_mix_220_440,octave_mixtures,220 + 440,"{""frequencies_hz"": ""220,440""}",psola,PSOLA,local pitch-synchronous overlap-add,-12,39,0.905578231292517,220.38847771249334,440.7769554249867,0.9959630356630949
octave_mix_220_440,octave_mixtures,220 + 440,"{""frequencies_hz"": ""220,440""}",psola,PSOLA,local pitch-synchronous overlap-add,-12,40,0.9287981859410431,220.3884977284025,440.776995456805,0.9959628544345209
octave_mix_220_440,octave_mixtures,220 + 440,"{""frequencies_hz"": ""220,440""}",psola,PSOLA,local pitch-synchronous overlap-add,-12,41,0.9520181405895691,220.38851481711282,440.77702963422564,0.9959625751734147
octave_mix_220_440,octave_mixtures,220 + 440,"{""frequencies_hz"": ""220,440""}",psola,PSOLA,local pitch-synchronous overlap-add,-12,42,0.9752380952380952,220.38853177957026,440.7770635591405,0.995962188994467
octave_mix_220_440,octave_mixtures,220 + 440,"{""frequencies_hz"": ""220,440""}",psola,PSOLA,local pitch-synchronous overlap-add,-12,43,0.9984580498866213,220.38855265980678,440.77710531961355,0.9959619170777636
octave_mix_220_440,octave_mixtures,220 + 440,"{""frequencies_hz"": ""220,440""}",psola,PSOLA,local pitch-synchronous overlap-add,-12,44,1.0216780045351475,220.3885730005285,440.777146001057,0.9959619342775359
octave_mix_220_440,octave_mixtures,220 + 440,"{""frequencies_hz"": ""220,440""}",psola,PSOLA,local pitch-synchronous overlap-add,-12,45,1.0448979591836736,220.3885902936778,440.7771805873556,0.9959620907295667
octave_mix_220_440,octave_mixtures,220 + 440,"{""frequencies_hz"": ""220,440""}",psola,PSOLA,local pitch-synchronous overlap-add,-12,46,1.0681179138321995,220.38860997418993,440.77721994837987,0.9959621380342076
octave_mix_220_440,octave_mixtures,220 + 440,"{""frequencies_hz"": ""220,440""}",psola,PSOLA,local pitch-synchronous overlap-add,-12,47,1.0913378684807256,220.38863254003255,440.7772650800651,0.9959620334603031
octave_mix_220_440,octave_mixtures,220 + 440,"{""frequencies_hz"": ""220,440""}",psola,PSOLA,local pitch-synchronous overlap-add,-12,48,1.1145578231292517,220.3886524200204,440.7773048400408,0.9959618755628882
octave_mix_220_440,octave_mixtures,220 + 440,"{""frequencies_hz"": ""220,440""}",psola,PSOLA,local pitch-synchronous overlap-add,-12,49,1.1377777777777778,220.38867084000137,440.77734168000273,0.995961708949499
octave_mix_220_440,octave_mixtures,220 + 440,"{""frequencies_hz"": ""220,440""}",psola,PSOLA,local pitch-synchronous overlap-add,-12,50,1.1609977324263039,220.3886926853929,440.7773853707858,0.9959615608851673
octave_mix_220_440,octave_mixtures,220 + 440,"{""frequencies_hz"": ""220,440""}",psola,PSOLA,local pitch-synchronous overlap-add,-12,51,1.18421768707483,220.38871468099921,440.77742936199843,0.9959614321299683
octave_mix_220_440,octave_mixtures,220 + 440,"{""frequencies_hz"": ""220,440""}",psola,PSOLA,local pitch-synchronous overlap-add,-12,52,1.207437641723356,220.38873313749565,440.7774662749913,0.9959613240030188
octave_mix_220_440,octave_mixtures,220 + 440,"{""frequencies_hz"": ""220,440""}",psola,PSOLA,local pitch-synchronous overlap-add,-12,53,1.230657596371882,220.3887526210515,440.777505242103,0.9959612330977781
octave_mix_220_440,octave_mixtures,220 + 440,"{""frequencies_hz"": ""220,440""}",psola,PSOLA,local pitch-synchronous overlap-add,-12,54,1.253877551020408,220.38877507935325,440.7775501587065,0.9959611473611877
octave_mix_220_440,octave_mixtures,220 + 440,"{""frequencies_hz"": ""220,440""}",psola,PSOLA,local pitch-synchronous overlap-add,-12,55,1.2770975056689342,220.3887951917852,440.7775903835704,0.9959610396746889
octave_mix_220_440,octave_mixtures,220 + 440,"{""frequencies_hz"": ""220,440""}",psola,PSOLA,local pitch-synchronous overlap-add,-12,56,1.3003174603174603,220.38881287179768,440.77762574359537,0.995960889788715
octave_mix_220_440,octave_mixtures,220 + 440,"{""frequencies_hz"": ""220,440""}",psola,PSOLA,local pitch-synchronous overlap-add,-12,57,1.3235374149659864,220.38883351994406,440.7776670398881,0.9959607286369438
octave_mix_220_440,octave_mixtures,220 + 440,"{""frequencies_hz"": ""220,440""}",psola,PSOLA,local pitch-synchronous overlap-add,-12,58,1.3467573696145125,220.38885498116906,440.7777099623381,0.9959605721681041
octave_mix_220_440,octave_mixtures,220 + 440,"{""frequencies_hz"": ""220,440""}",psola,PSOLA,local pitch-synchronous overlap-add,-12,59,1.3699773242630386,220.38887263871567,440.77774527743134,0.9959604333641232
octave_mix_220_440,octave_mixtures,220 + 440,"{""frequencies_hz"": ""220,440""}",psola,PSOLA,local pitch-synchronous overlap-add,-12,60,1.3931972789115645,220.38889024027864,440.7777804805573,0.9959603249304322
octave_mix_220_440,octave_mixtures,220 + 440,"{""frequencies_hz"": ""220,440""}",psola,PSOLA,local pitch-synchronous overlap-add,-12,61,1.4164172335600906,220.38891087274752,440.77782174549503,0.9959602339840129
octave_mix_220_440,octave_mixtures,220 + 440,"{""frequencies_hz"": ""220,440""}",psola,PSOLA,local pitch-synchronous overlap-add,-12,62,1.4396371882086167,220.38892955742998,440.77785911485995,0.995960142180748
octave_mix_220_440,octave_mixtures,220 + 440,"{""frequencies_hz"": ""220,440""}",psola,PSOLA,local pitch-synchronous overlap-add,-12,63,1.4628571428571429,220.388945022797,440.777890045594,0.9959600471812564
octave_mix_220_440,octave_mixtures,220 + 440,"{""frequencies_hz"": ""220,440""}",psola,PSOLA,local pitch-synchronous overlap-add,-12,64,1.486077097505669,220.3889626656668,440.7779253313336,0.995959927052571
octave_mix_220_440,octave_mixtures,220 + 440,"{""frequencies_hz"": ""220,440""}",psola,PSOLA,local pitch-synchronous overlap-add,-12,65,1.509297052154195,220.38898173476596,440.7779634695319,0.9959597843003902
octave_mix_220_440,octave_mixtures,220 + 440,"{""frequencies_hz"": ""220,440""}",psola,PSOLA,local pitch-synchronous overlap-add,-12,66,1.5325170068027212,220.38899694701183,440.77799389402367,0.9959596368768475
octave_mix_220_440,octave_mixtures,220 + 440,"{""frequencies_hz"": ""220,440""}",psola,PSOLA,local pitch-synchronous overlap-add,-12,67,1.555736961451247,220.38901099034823,440.77802198069645,0.995959512855836
octave_mix_220_440,octave_mixtures,220 + 440,"{""frequencies_hz"": ""220,440""}",psola,PSOLA,local pitch-synchronous overlap-add,-12,68,1.5789569160997732,220.3890279120862,440.7780558241724,0.9959594193380149
octave_mix_220_440,octave_mixtures,220 + 440,"{""frequencies_hz"": ""220,440""}",psola,PSOLA,local pitch-synchronous overlap-add,-12,69,1.6021768707482993,220.38904344623666,440.7780868924733,0.9959593410134707
octave_mix_220_440,octave_mixtures,220 + 440,"{""frequencies_hz"": ""220,440""}",psola,PSOLA,local pitch-synchronous overlap-add,-12,70,1.6253968253968254,220.38905503813876,440.7781100762775,0.9959592601737062
octave_mix_220_440,octave_mixtures,220 + 440,"{""frequencies_hz"": ""220,440""}",psola,PSOLA,local pitch-synchronous overlap-add,-12,71,1.6486167800453515,220.3890679409824,440.7781358819648,0.9959591874730213
octave_mix_220_440,octave_mixtures,220 + 440,"{""frequencies_hz"": ""220,440""}",psola,PSOLA,local pitch-synchronous overlap-add,-12,72,1.6718367346938776,220.38908267899333,440.77816535798667,0.9959591085639545
octave_mix_220_440,octave_mixtures,220 + 440,"{""frequencies_hz"": ""220,440""}",psola,PSOLA,local pitch-synchronous overlap-add,-12,73,1.6950566893424037,220.38909367682857,440.77818735365713,0.9959589948847886
octave_mix_220_440,octave_mixtures,220 + 440,"{""frequencies_hz"": ""220,440""}",psola,PSOLA,local pitch-synchronous overlap-add,-12,74,1.7182766439909296,220.38910253864896,440.7782050772979,0.9959588805671885
octave_mix_220_440,octave_mixtures,220 + 440,"{""frequencies_hz"": ""220,440""}",psola,PSOLA,local pitch-synchronous overlap-add,-12,75,1.7414965986394557,220.38911399502732,440.77822799005463,0.9959587896449612
octave_mix_220_440,octave_mixtures,220 + 440,"{""frequencies_hz"": ""220,440""}",psola,PSOLA,local pitch-synchronous overlap-add,-12,76,1.7647165532879818,220.38912464094938,440.77824928189875,0.9959587225836514
octave_mix_220_440,octave_mixtures,220 + 440,"{""frequencies_hz"": ""220,440""}",psola,PSOLA,local pitch-synchronous overlap-add,-12,77,1.787936507936508,220.38913093556013,440.77826187112026,0.9959586727093176
octave_mix_220_440,octave_mixtures,220 + 440,"{""frequencies_hz"": ""220,440""}",psola,PSOLA,local pitch-synchronous overlap-add,-12,78,1.811156462585034,220.38913759230218,440.77827518460435,0.9959586315678093
octave_mix_220_440,octave_mixtures,220 + 440,"{""frequencies_hz"": ""220,440""}",psola,PSOLA,local pitch-synchronous overlap-add,-12,79,1.8343764172335602,220.3891463446616,440.7782926893232,0.9959585902158419
octave_mix_220_440,octave_mixtures,220 + 440,"{""frequencies_hz"": ""220,440""}",psola,PSOLA,local pitch-synchronous overlap-add,-12,80,1.8575963718820863,220.38915178856846,440.7783035771369,0.9959585447521558
octave_mix_220_440,octave_mixtures,220 + 440,"{""frequencies_hz"": ""220,440""}",psola,PSOLA,local pitch-synchronous overlap-add,-12,81,1.8808163265306121,220.389154188485,440.77830837697,0.9959584808032012
octave_mix_220_440,octave_mixtures,220 + 440,"{""frequencies_hz"": ""220,440""}",psola,PSOLA,local pitch-synchronous overlap-add,-12,82,1.9040362811791383,220.3891588394174,440.7783176788348,0.9959584160393948
octave_mix_220_440,octave_mixtures,220 + 440,"{""frequencies_hz"": ""220,440""}",psola,PSOLA,local pitch-synchronous overlap-add,-12,83,1.9272562358276644,220.38892043638972,440.77784087277945,0.9950698506339472
octave_mix_220_440,octave_mixtures,220 + 440,"{""frequencies_hz"": ""220,440""}",psola,PSOLA,local pitch-synchronous overlap-add,-12,84,1.9504761904761905,220.3858519545742,440.7717039091484,0.9826127900395195
octave_mix_220_440,octave_mixtures,220 + 440,"{""frequencies_hz"": ""220,440""}",psola,PSOLA,local pitch-synchronous overlap-add,-12,85,1.9736961451247166,220.3778577376571,440.7557154753142,0.951001533214949
octave_mix_220_440,octave_mixtures,220 + 440,"{""frequencies_hz"": ""220,440""}",psola,PSOLA,local pitch-synchronous overlap-add,-12,86,1.9969160997732427,220.37153619951857,440.74307239903715,0.9272915754065303
octave_mix_440_880,octave_mixtures,440 + 880,"{""frequencies_hz"": ""440,880""}",phase_vocoder,Phase Vocoder,local phase vocoder,-12,0,0.0,220.0969459077127,440.1938918154254,0.9295894775560491
octave_mix_440_880,octave_mixtures,440 + 880,"{""frequencies_hz"": ""440,880""}",phase_vocoder,Phase Vocoder,local phase vocoder,-12,1,0.023219954648526078,219.991071372496,439.982142744992,0.95038886489106
octave_mix_440_880,octave_mixtures,440 + 880,"{""frequencies_hz"": ""440,880""}",phase_vocoder,Phase Vocoder,local phase vocoder,-12,2,0.046439909297052155,219.81569118860776,439.6313823772155,0.9821140863613458
octave_mix_440_880,octave_mixtures,440 + 880,"{""frequencies_hz"": ""440,880""}",phase_vocoder,Phase Vocoder,local phase vocoder,-12,3,0.06965986394557823,219.71792196768618,439.43584393537236,0.9940734670897874
octave_mix_440_880,octave_mixtures,440 + 880,"{""frequencies_hz"": ""440,880""}",phase_vocoder,Phase Vocoder,local phase vocoder,-12,4,0.09287981859410431,219.6810529857982,439.3621059715964,0.995042534352319
octave_mix_440_880,octave_mixtures,440 + 880,"{""frequencies_hz"": ""440,880""}",phase_vocoder,Phase Vocoder,local phase vocoder,-12,5,0.11609977324263039,219.67107122516236,439.34214245032473,0.9952241536926176
octave_mix_440_880,octave_mixtures,440 + 880,"{""frequencies_hz"": ""440,880""}",phase_vocoder,Phase Vocoder,local phase vocoder,-12,6,0.13931972789115646,219.67362897890067,439.34725795780133,0.9953392353463119
octave_mix_440_880,octave_mixtures,440 + 880,"{""frequencies_hz"": ""440,880""}",phase_vocoder,Phase Vocoder,local phase vocoder,-12,7,0.16253968253968254,219.67463650339226,439.34927300678453,0.9953626376418372
octave_mix_440_880,octave_mixtures,440 + 880,"{""frequencies_hz"": ""440,880""}",phase_vocoder,Phase Vocoder,local phase vocoder,-12,8,0.18575963718820862,219.67465965206466,439.3493193041293,0.9953633629299958
octave_mix_440_880,octave_mixtures,440 + 880,"{""frequencies_hz"": ""440,880""}",phase_vocoder,Phase Vocoder,local phase vocoder,-12,9,0.2089795918367347,219.6746598331107,439.3493196662214,0.9953634320481564
octave_mix_440_880,octave_mixtures,440 + 880,"{""frequencies_hz"": ""440,880""}",phase_vocoder,Phase Vocoder,local phase vocoder,-12,10,0.23219954648526078,219.67465909718425,439.3493181943685,0.9953635102015427
octave_mix_440_880,octave_mixtures,440 + 880,"{""frequencies_hz"": ""440,880""}",phase_vocoder,Phase Vocoder,local phase vocoder,-12,11,0.25541950113378686,219.67465770618475,439.3493154123695,0.9953635024721511
octave_mix_440_880,octave_mixtures,440 + 880,"{""frequencies_hz"": ""440,880""}",phase_vocoder,Phase Vocoder,local phase vocoder,-12,12,0.2786394557823129,219.67466065334037,439.34932130668074,0.9953634140358718
octave_mix_440_880,octave_mixtures,440 + 880,"{""frequencies_hz"": ""440,880""}",phase_vocoder,Phase Vocoder,local phase vocoder,-12,13,0.301859410430839,219.67466013534695,439.3493202706939,0.995363537374235
octave_mix_440_880,octave_mixtures,440 + 880,"{""frequencies_hz"": ""440,880""}",phase_vocoder,Phase Vocoder,local phase vocoder,-12,14,0.3250793650793651,219.67466042274438,439.34932084548876,0.9953635931209937
octave_mix_440_880,octave_mixtures,440 + 880,"{""frequencies_hz"": ""440,880""}",phase_vocoder,Phase Vocoder,local phase vocoder,-12,15,0.34829931972789113,219.67465886232688,439.34931772465376,0.9953634595004681
octave_mix_440_880,octave_mixtures,440 + 880,"{""frequencies_hz"": ""440,880""}",phase_vocoder,Phase Vocoder,local phase vocoder,-12,16,0.37151927437641724,219.67466077757146,439.3493215551429,0.9953633364514567
octave_mix_440_880,octave_mixtures,440 + 880,"{""frequencies_hz"": ""440,880""}",phase_vocoder,Phase Vocoder,local phase vocoder,-12,17,0.3947392290249433,219.67466014110656,439.3493202822131,0.9953633768852687
octave_mix_440_880,octave_mixtures,440 + 880,"{""frequencies_hz"": ""440,880""}",phase_vocoder,Phase Vocoder,local phase vocoder,-12,18,0.4179591836734694,219.67466038368264,439.34932076736527,0.9953633591976003
octave_mix_440_880,octave_mixtures,440 + 880,"{""frequencies_hz"": ""440,880""}",phase_vocoder,Phase Vocoder,local phase vocoder,-12,19,0.44117913832199546,219.67465870028698,439.34931740057397,0.9953634503479375
octave_mix_440_880,octave_mixtures,440 + 880,"{""frequencies_hz"": ""440,880""}",phase_vocoder,Phase Vocoder,local phase vocoder,-12,20,0.46439909297052157,219.67465937263512,439.34931874527024,0.9953635271711427
octave_mix_440_880,octave_mixtures,440 + 880,"{""frequencies_hz"": ""440,880""}",phase_vocoder,Phase Vocoder,local phase vocoder,-12,21,0.4876190476190476,219.67465914616142,439.34931829232283,0.9953635097891188
octave_mix_440_880,octave_mixtures,440 + 880,"{""frequencies_hz"": ""440,880""}",phase_vocoder,Phase Vocoder,local phase vocoder,-12,22,0.5108390022675737,219.6746605439175,439.349321087835,0.9953634177280412
octave_mix_440_880,octave_mixtures,440 + 880,"{""frequencies_hz"": ""440,880""}",phase_vocoder,Phase Vocoder,local phase vocoder,-12,23,0.5340589569160997,219.67465937314896,439.3493187462979,0.9953635284996754
octave_mix_440_880,octave_mixtures,440 + 880,"{""frequencies_hz"": ""440,880""}",phase_vocoder,Phase Vocoder,local phase vocoder,-12,24,0.5572789115646258,219.67465973957908,439.34931947915817,0.9953635714622563
octave_mix_440_880,octave_mixtures,440 + 880,"{""frequencies_hz"": ""440,880""}",phase_vocoder,Phase Vocoder,local phase vocoder,-12,25,0.5804988662131519,219.6746578827407,439.3493157654814,0.99536345814351
octave_mix_440_880,octave_mixtures,440 + 880,"{""frequencies_hz"": ""440,880""}",phase_vocoder,Phase Vocoder,local phase vocoder,-12,26,0.603718820861678,219.6746600730575,439.349320146115,0.9953633498208513
octave_mix_440_880,octave_mixtures,440 + 880,"{""frequencies_hz"": ""440,880""}",phase_vocoder,Phase Vocoder,local phase vocoder,-12,27,0.626938775510204,219.6746606600609,439.3493213201218,0.9953633707328181
octave_mix_440_880,octave_mixtures,440 + 880,"{""frequencies_hz"": ""440,880""}",phase_vocoder,Phase Vocoder,local phase vocoder,-12,28,0.6501587301587302,219.67466033632587,439.34932067265174,0.9953633506768519
octave_mix_440_880,octave_mixtures,440 + 880,"{""frequencies_hz"": ""440,880""}",phase_vocoder,Phase Vocoder,local phase vocoder,-12,29,0.6733786848072563,219.67465817957782,439.34931635915564,0.9953634670737204
octave_mix_440_880,octave_mixtures,440 + 880,"{""frequencies_hz"": ""440,880""}",phase_vocoder,Phase Vocoder,local phase vocoder,-12,30,0.6965986394557823,219.67466069867416,439.3493213973483,0.9953635459848879
octave_mix_440_880,octave_mixtures,440 + 880,"{""frequencies_hz"": ""440,880""}",phase_vocoder,Phase Vocoder,local phase vocoder,-12,31,0.7198185941043084,219.67466133616372,439.34932267232745,0.9953635179398148
octave_mix_440_880,octave_mixtures,440 + 880,"{""frequencies_hz"": ""440,880""}",phase_vocoder,Phase Vocoder,local phase vocoder,-12,32,0.7430385487528345,219.6746606254758,439.3493212509516,0.9953634235210163
octave_mix_440_880,octave_mixtures,440 + 880,"{""frequencies_hz"": ""440,880""}",phase_vocoder,Phase Vocoder,local phase vocoder,-12,33,0.7662585034013606,219.67465837338113,439.34931674676227,0.9953635237040154
octave_mix_440_880,octave_mixtures,440 + 880,"{""frequencies_hz"": ""440,880""}",phase_vocoder,Phase Vocoder,local phase vocoder,-12,34,0.7894784580498866,219.6746598440137,439.3493196880274,0.9953635517556734
octave_mix_440_880,octave_mixtures,440 + 880,"{""frequencies_hz"": ""440,880""}",phase_vocoder,Phase Vocoder,local phase vocoder,-12,35,0.8126984126984127,219.67465822875042,439.34931645750083,0.995363458663728
octave_mix_440_880,octave_mixtures,440 + 880,"{""frequencies_hz"": ""440,880""}",phase_vocoder,Phase Vocoder,local phase vocoder,-12,36,0.8359183673469388,219.6746594719378,439.3493189438756,0.9953633670221393
octave_mix_440_880,octave_mixtures,440 + 880,"{""frequencies_hz"": ""440,880""}",phase_vocoder,Phase Vocoder,local phase vocoder,-12,37,0.8591383219954648,219.67466001964937,439.34932003929873,0.9953633633346505
octave_mix_440_880,octave_mixtures,440 + 880,"{""frequencies_hz"": ""440,880""}",phase_vocoder,Phase Vocoder,local phase vocoder,-12,38,0.8823582766439909,219.67465943901374,439.3493188780275,0.9953633322139649
octave_mix_440_880,octave_mixtures,440 + 880,"{""frequencies_hz"": ""440,880""}",phase_vocoder,Phase Vocoder,local phase vocoder,-12,39,0.905578231292517,219.6746574079818,439.3493148159636,0.9953634730739696
octave_mix_440_880,octave_mixtures,440 + 880,"{""frequencies_hz"": ""440,880""}",phase_vocoder,Phase Vocoder,local phase vocoder,-12,40,0.9287981859410431,219.6746609555743,439.3493219111486,0.9953635592358686
octave_mix_440_880,octave_mixtures,440 + 880,"{""frequencies_hz"": ""440,880""}",phase_vocoder,Phase Vocoder,local phase vocoder,-12,41,0.9520181405895691,219.67466216350633,439.34932432701265,0.9953635199735393
octave_mix_440_880,octave_mixtures,440 + 880,"{""frequencies_hz"": ""440,880""}",phase_vocoder,Phase Vocoder,local phase vocoder,-12,42,0.9752380952380952,219.67466046079895,439.3493209215979,0.9953634238441826
octave_mix_440_880,octave_mixtures,440 + 880,"{""frequencies_hz"": ""440,880""}",phase_vocoder,Phase Vocoder,local phase vocoder,-12,43,0.9984580498866213,219.67465864907686,439.3493172981537,0.9953635195363257
octave_mix_440_880,octave_mixtures,440 + 880,"{""frequencies_hz"": ""440,880""}",phase_vocoder,Phase Vocoder,local phase vocoder,-12,44,1.0216780045351475,219.67466155146397,439.34932310292794,0.9953635372743027
octave_mix_440_880,octave_mixtures,440 + 880,"{""frequencies_hz"": ""440,880""}",phase_vocoder,Phase Vocoder,local phase vocoder,-12,45,1.0448979591836736,219.6746594306338,439.3493188612676,0.9953634654509264
octave_mix_440_880,octave_mixtures,440 + 880,"{""frequencies_hz"": ""440,880""}",phase_vocoder,Phase Vocoder,local phase vocoder,-12,46,1.0681179138321995,219.6746590179099,439.3493180358198,0.9953633936692703
octave_mix_440_880,octave_mixtures,440 + 880,"{""frequencies_hz"": ""440,880""}",phase_vocoder,Phase Vocoder,local phase vocoder,-12,47,1.0913378684807256,219.67465931026882,439.34931862053764,0.9953633673660346
octave_mix_440_880,octave_mixtures,440 + 880,"{""frequencies_hz"": ""440,880""}",phase_vocoder,Phase Vocoder,local phase vocoder,-12,48,1.1145578231292517,219.67465933653904,439.3493186730781,0.9953633185106068
octave_mix_440_880,octave_mixtures,440 + 880,"{""frequencies_hz"": ""440,880""}",phase_vocoder,Phase Vocoder,local phase vocoder,-12,49,1.1377777777777778,219.67465747182382,439.34931494364764,0.9953634738760784
octave_mix_440_880,octave_mixtures,440 + 880,"{""frequencies_hz"": ""440,880""}",phase_vocoder,Phase Vocoder,local phase vocoder,-12,50,1.1609977324263039,219.6746607325942,439.3493214651884,0.9953635626640528
octave_mix_440_880,octave_mixtures,440 + 880,"{""frequencies_hz"": ""440,880""}",phase_vocoder,Phase Vocoder,local phase vocoder,-12,51,1.18421768707483,219.6746614797769,439.3493229595538,0.9953635120038333
octave_mix_440_880,octave_mixtures,440 + 880,"{""frequencies_hz"": ""440,880""}",phase_vocoder,Phase Vocoder,local phase vocoder,-12,52,1.207437641723356,219.67465898032157,439.34931796064313,0.9953634159569066
octave_mix_440_880,octave_mixtures,440 + 880,"{""frequencies_hz"": ""440,880""}",phase_vocoder,Phase Vocoder,local phase vocoder,-12,53,1.230657596371882,219.67465823347297,439.34931646694594,0.9953635122552696
octave_mix_440_880,octave_mixtures,440 + 880,"{""frequencies_hz"": ""440,880""}",phase_vocoder,Phase Vocoder,local phase vocoder,-12,54,1.253877551020408,219.67466247390007,439.34932494780014,0.9953635237987749
octave_mix_440_880,octave_mixtures,440 + 880,"{""frequencies_hz"": ""440,880""}",phase_vocoder,Phase Vocoder,local phase vocoder,-12,55,1.2770975056689342,219.67466009566394,439.3493201913279,0.9953634696603286
octave_mix_440_880,octave_mixtures,440 + 880,"{""frequencies_hz"": ""440,880""}",phase_vocoder,Phase Vocoder,local phase vocoder,-12,56,1.3003174603174603,219.6746589805294,439.3493179610588,0.9953634168963155
octave_mix_440_880,octave_mixtures,440 + 880,"{""frequencies_hz"": ""440,880""}",phase_vocoder,Phase Vocoder,local phase vocoder,-12,57,1.3235374149659864,219.67466024385737,439.34932048771475,0.9953633757194645
octave_mix_440_880,octave_mixtures,440 + 880,"{""frequencies_hz"": ""440,880""}",phase_vocoder,Phase Vocoder,local phase vocoder,-12,58,1.3467573696145125,219.67466086171294,439.3493217234259,0.9953633134015623
octave_mix_440_880,octave_mixtures,440 + 880,"{""frequencies_hz"": ""440,880""}",phase_vocoder,Phase Vocoder,local phase vocoder,-12,59,1.3699773242630386,219.67465786458087,439.34931572916173,0.9953634764906981
octave_mix_440_880,octave_mixtures,440 + 880,"{""frequencies_hz"": ""440,880""}",phase_vocoder,Phase Vocoder,local phase vocoder,-12,60,1.3931972789115645,219.67466014324378,439.34932028648757,0.9953635628031482
octave_mix_440_880,octave_mixtures,440 + 880,"{""frequencies_hz"": ""440,880""}",phase_vocoder,Phase Vocoder,local phase vocoder,-12,61,1.4164172335600906,219.67466068914214,439.3493213782843,0.9953635023780545
octave_mix_440_880,octave_mixtures,440 + 880,"{""frequencies_hz"": ""440,880""}",phase_vocoder,Phase Vocoder,local phase vocoder,-12,62,1.4396371882086167,219.67465804741164,439.3493160948233,0.9953634076913447
octave_mix_440_880,octave_mixtures,440 + 880,"{""frequencies_hz"": ""440,880""}",phase_vocoder,Phase Vocoder,local phase vocoder,-12,63,1.4628571428571429,219.67465802941365,439.3493160588273,0.9953635034014807
octave_mix_440_880,octave_mixtures,440 + 880,"{""frequencies_hz"": ""440,880""}",phase_vocoder,Phase Vocoder,local phase vocoder,-12,64,1.486077097505669,219.6746626928629,439.3493253857258,0.9953635067277709
octave_mix_440_880,octave_mixtures,440 + 880,"{""frequencies_hz"": ""440,880""}",phase_vocoder,Phase Vocoder,local phase vocoder,-12,65,1.509297052154195,219.6746595883597,439.3493191767194,0.9953634686614524
octave_mix_440_880,octave_mixtures,440 + 880,"{""frequencies_hz"": ""440,880""}",phase_vocoder,Phase Vocoder,local phase vocoder,-12,66,1.5325170068027212,219.67465802467453,439.34931604934906,0.9953634353448535
octave_mix_440_880,octave_mixtures,440 + 880,"{""frequencies_hz"": ""440,880""}",phase_vocoder,Phase Vocoder,local phase vocoder,-12,67,1.555736961451247,219.67466099311713,439.34932198623426,0.995363382684107
octave_mix_440_880,octave_mixtures,440 + 880,"{""frequencies_hz"": ""440,880""}",phase_vocoder,Phase Vocoder,local phase vocoder,-12,68,1.5789569160997732,219.67466234933744,439.3493246986749,0.9953633078931392
octave_mix_440_880,octave_mixtures,440 + 880,"{""frequencies_hz"": ""440,880""}",phase_vocoder,Phase Vocoder,local phase vocoder,-12,69,1.6021768707482993,219.67465816814834,439.3493163362967,0.9953634740938228
octave_mix_440_880,octave_mixtures,440 + 880,"{""frequencies_hz"": ""440,880""}",phase_vocoder,Phase Vocoder,local phase vocoder,-12,70,1.6253968253968254,219.67465988751565,439.3493197750313,0.9953635591948268
octave_mix_440_880,octave_mixtures,440 + 880,"{""frequencies_hz"": ""440,880""}",phase_vocoder,Phase Vocoder,local phase vocoder,-12,71,1.6486167800453515,219.6746612776419,439.3493225552838,0.995363497632209
octave_mix_440_880,octave_mixtures,440 + 880,"{""frequencies_hz"": ""440,880""}",phase_vocoder,Phase Vocoder,local phase vocoder,-12,72,1.6718367346938776,219.67465838349108,439.34931676698216,0.995363408389462
octave_mix_440_880,octave_mixtures,440 + 880,"{""frequencies_hz"": ""440,880""}",phase_vocoder,Phase Vocoder,local phase vocoder,-12,73,1.6950566893424037,219.6746575863716,439.3493151727432,0.995363497708978
octave_mix_440_880,octave_mixtures,440 + 880,"{""frequencies_hz"": ""440,880""}",phase_vocoder,Phase Vocoder,local phase vocoder,-12,74,1.7182766439909296,219.67466226355074,439.3493245271015,0.9953634872014017
octave_mix_440_880,octave_mixtures,440 + 880,"{""frequencies_hz"": ""440,880""}",phase_vocoder,Phase Vocoder,local phase vocoder,-12,75,1.7414965986394557,219.6746591278488,439.3493182556976,0.9953634648275055
octave_mix_440_880,octave_mixtures,440 + 880,"{""frequencies_hz"": ""440,880""}",phase_vocoder,Phase Vocoder,local phase vocoder,-12,76,1.7647165532879818,219.67465735513758,439.34931471027517,0.9953634525076195
octave_mix_440_880,octave_mixtures,440 + 880,"{""frequencies_hz"": ""440,880""}",phase_vocoder,Phase Vocoder,local phase vocoder,-12,77,1.787936507936508,219.6746624820777,439.3493249641554,0.9953634159361355
octave_mix_440_880,octave_mixtures,440 + 880,"{""frequencies_hz"": ""440,880""}",phase_vocoder,Phase Vocoder,local phase vocoder,-12,78,1.811156462585034,219.6745496316342,439.3490992632684,0.9953654154303049
octave_mix_440_880,octave_mixtures,440 + 880,"{""frequencies_hz"": ""440,880""}",phase_vocoder,Phase Vocoder,local phase vocoder,-12,79,1.8343764172335602,219.67322863234693,439.34645726469387,0.9953785244213644
octave_mix_440_880,octave_mixtures,440 + 880,"{""frequencies_hz"": ""440,880""}",phase_vocoder,Phase Vocoder,local phase vocoder,-12,80,1.8575963718820863,219.6750473580842,439.3500947161684,0.9953900555797772
octave_mix_440_880,octave_mixtures,440 + 880,"{""frequencies_hz"": ""440,880""}",phase_vocoder,Phase Vocoder,local phase vocoder,-12,81,1.8808163265306121,219.69379960523526,439.3875992104705,0.9953410023831679
octave_mix_440_880,octave_mixtures,440 + 880,"{""frequencies_hz"": ""440,880""}",phase_vocoder,Phase Vocoder,local phase vocoder,-12,82,1.9040362811791383,219.68088854382478,439.36177708764956,0.994959562157346
octave_mix_440_880,octave_mixtures,440 + 880,"{""frequencies_hz"": ""440,880""}",phase_vocoder,Phase Vocoder,local phase vocoder,-12,83,1.9272562358276644,219.49834367092575,438.9966873418515,0.9934131114647606
octave_mix_440_880,octave_mixtures,440 + 880,"{""frequencies_hz"": ""440,880""}",phase_vocoder,Phase Vocoder,local phase vocoder,-12,84,1.9504761904761905,218.9662890377222,437.9325780754444,0.9873716839495714
octave_mix_440_880,octave_mixtures,440 + 880,"{""frequencies_hz"": ""440,880""}",phase_vocoder,Phase Vocoder,local phase vocoder,-12,85,1.9736961451247166,217.83573794992552,435.67147589985103,0.9684247776291822
octave_mix_440_880,octave_mixtures,440 + 880,"{""frequencies_hz"": ""440,880""}",phase_vocoder,Phase Vocoder,local phase vocoder,-12,86,1.9969160997732427,216.60118692163337,433.20237384326674,0.950457822020311
octave_mix_440_880,octave_mixtures,440 + 880,"{""frequencies_hz"": ""440,880""}",wsola,WSOLA,local waveform-similarity overlap-add,-12,0,0.0,744.0018820731614,1488.0037641463227,0.18757198441894188
octave_mix_440_880,octave_mixtures,440 + 880,"{""frequencies_hz"": ""440,880""}",wsola,WSOLA,local waveform-similarity overlap-add,-12,1,0.023219954648526078,743.99595962135,1487.9919192427,0.1881597451299295
octave_mix_440_880,octave_mixtures,440 + 880,"{""frequencies_hz"": ""440,880""}",wsola,WSOLA,local waveform-similarity overlap-add,-12,2,0.046439909297052155,743.9667630815883,1487.9335261631766,0.1922831494918884
octave_mix_440_880,octave_mixtures,440 + 880,"{""frequencies_hz"": ""440,880""}",wsola,WSOLA,local waveform-similarity overlap-add,-12,3,0.06965986394557823,743.777770063618,1487.555540127236,0.25373657547355977
octave_mix_440_880,octave_mixtures,440 + 880,"{""frequencies_hz"": ""440,880""}",wsola,WSOLA,local waveform-similarity overlap-add,-12,4,0.09287981859410431,120.11823946750381,240.23647893500763,0.9994681069258192
octave_mix_440_880,octave_mixtures,440 + 880,"{""frequencies_hz"": ""440,880""}",wsola,WSOLA,local waveform-similarity overlap-add,-12,5,0.11609977324263039,223.53590946356192,447.07181892712384,0.9930624211449458
octave_mix_440_880,octave_mixtures,440 + 880,"{""frequencies_hz"": ""440,880""}",wsola,WSOLA,local waveform-similarity overlap-add,-12,6,0.13931972789115646,223.6480198494482,447.2960396988964,0.9928395904566407
octave_mix_440_880,octave_mixtures,440 + 880,"{""frequencies_hz"": ""440,880""}",wsola,WSOLA,local waveform-similarity overlap-add,-12,7,0.16253968253968254,223.49021932957234,446.9804386591447,0.9933299657727628
octave_mix_440_880,octave_mixtures,440 + 880,"{""frequencies_hz"": ""440,880""}",wsola,WSOLA,local waveform-similarity overlap-add,-12,8,0.18575963718820862,223.48436399399804,446.9687279879961,0.9936305361096529
octave_mix_440_880,octave_mixtures,440 + 880,"{""frequencies_hz"": ""440,880""}",wsola,WSOLA,local waveform-similarity overlap-add,-12,9,0.2089795918367347,223.53047884984363,447.06095769968726,0.9939112311705646
octave_mix_440_880,octave_mixtures,440 + 880,"{""frequencies_hz"": ""440,880""}",wsola,WSOLA,local waveform-similarity overlap-add,-12,10,0.23219954648526078,223.37644047810235,446.7528809562047,0.9946118433998109
octave_mix_440_880,octave_mixtures,440 + 880,"{""frequencies_hz"": ""440,880""}",wsola,WSOLA,local waveform-similarity overlap-add,-12,11,0.25541950113378686,223.3015284214973,446.6030568429946,0.994954985323974
octave_mix_440_880,octave_mixtures,440 + 880,"{""frequencies_hz"": ""440,880""}",wsola,WSOLA,local waveform-similarity overlap-add,-12,12,0.2786394557823129,223.40819988572122,446.81639977144243,0.9947491316433792
octave_mix_440_880,octave_mixtures,440 + 880,"{""frequencies_hz"": ""440,880""}",wsola,WSOLA,local waveform-similarity overlap-add,-12,13,0.301859410430839,223.3779382037454,446.7558764074908,0.9948635608988065
octave_mix_440_880,octave_mixtures,440 + 880,"{""frequencies_hz"": ""440,880""}",wsola,WSOLA,local waveform-similarity overlap-add,-12,14,0.3250793650793651,223.2893809910294,446.5787619820588,0.9951252328109713
octave_mix_440_880,octave_mixtures,440 + 880,"{""frequencies_hz"": ""440,880""}",wsola,WSOLA,local waveform-similarity overlap-add,-12,15,0.34829931972789113,223.36236598316282,446.72473196632563,0.9950244365525901
octave_mix_440_880,octave_mixtures,440 + 880,"{""frequencies_hz"": ""440,880""}",wsola,WSOLA,local waveform-similarity overlap-add,-12,16,0.37151927437641724,223.38431412135301,446.76862824270603,0.9950697541107161
octave_mix_440_880,octave_mixtures,440 + 880,"{""frequencies_hz"": ""440,880""}",wsola,WSOLA,local waveform-similarity overlap-add,-12,17,0.3947392290249433,223.25237774775258,446.50475549550515,0.9954712743481594
octave_mix_440_880,octave_mixtures,440 + 880,"{""frequencies_hz"": ""440,880""}",wsola,WSOLA,local waveform-similarity overlap-add,-12,18,0.4179591836734694,223.22159061684198,446.44318123368396,0.9955813992237236
octave_mix_440_880,octave_mixtures,440 + 880,"{""frequencies_hz"": ""440,880""}",wsola,WSOLA,local waveform-similarity overlap-add,-12,19,0.44117913832199546,223.29363439159152,446.58726878318305,0.9954352548998506
octave_mix_440_880,octave_mixtures,440 + 880,"{""frequencies_hz"": ""440,880""}",wsola,WSOLA,local waveform-similarity overlap-add,-12,20,0.46439909297052157,223.25810440480782,446.51620880961565,0.9955569383392691
octave_mix_440_880,octave_mixtures,440 + 880,"{""frequencies_hz"": ""440,880""}",wsola,WSOLA,local waveform-similarity overlap-add,-12,21,0.4876190476190476,223.20345718981295,446.4069143796259,0.9957086236901153
octave_mix_440_880,octave_mixtures,440 + 880,"{""frequencies_hz"": ""440,880""}",wsola,WSOLA,local waveform-similarity overlap-add,-12,22,0.5108390022675737,223.24238369292192,446.48476738584384,0.9956331954795972
octave_mix_440_880,octave_mixtures,440 + 880,"{""frequencies_hz"": ""440,880""}",wsola,WSOLA,local waveform-similarity overlap-add,-12,23,0.5340589569160997,223.24117006980362,446.48234013960723,0.9956682331171768
octave_mix_440_880,octave_mixtures,440 + 880,"{""frequencies_hz"": ""440,880""}",wsola,WSOLA,local waveform-similarity overlap-add,-12,24,0.5572789115646258,223.1824287651779,446.3648575303558,0.9958413029720758
octave_mix_440_880,octave_mixtures,440 + 880,"{""frequencies_hz"": ""440,880""}",wsola,WSOLA,local waveform-similarity overlap-add,-12,25,0.5804988662131519,223.2007842149949,446.4015684299898,0.9958206280173552
octave_mix_440_880,octave_mixtures,440 + 880,"{""frequencies_hz"": ""440,880""}",wsola,WSOLA,local waveform-similarity overlap-add,-12,26,0.603718820861678,223.2432953708337,446.4865907416674,0.9957485848973402
octave_mix_440_880,octave_mixtures,440 + 880,"{""frequencies_hz"": ""440,880""}",wsola,WSOLA,local waveform-similarity overlap-add,-12,27,0.626938775510204,223.21642929598855,446.4328585919771,0.9958435844562892
octave_mix_440_880,octave_mixtures,440 + 880,"{""frequencies_hz"": ""440,880""}",wsola,WSOLA,local waveform-similarity overlap-add,-12,28,0.6501587301587302,223.20255177599162,446.40510355198325,0.995883453789088
octave_mix_440_880,octave_mixtures,440 + 880,"{""frequencies_hz"": ""440,880""}",wsola,WSOLA,local waveform-similarity overlap-add,-12,29,0.6733786848072563,223.23081825450578,446.46163650901156,0.9958030957463755
octave_mix_440_880,octave_mixtures,440 + 880,"{""frequencies_hz"": ""440,880""}",wsola,WSOLA,local waveform-similarity overlap-add,-12,30,0.6965986394557823,223.21362812701858,446.42725625403716,0.9958357837114526
octave_mix_440_880,octave_mixtures,440 + 880,"{""frequencies_hz"": ""440,880""}",wsola,WSOLA,local waveform-similarity overlap-add,-12,31,0.7198185941043084,223.18868770435003,446.37737540870006,0.9958936872136844
octave_mix_440_880,octave_mixtures,440 + 880,"{""frequencies_hz"": ""440,880""}",wsola,WSOLA,local waveform-similarity overlap-add,-12,32,0.7430385487528345,223.23002098212103,446.46004196424207,0.9957938103651524
octave_mix_440_880,octave_mixtures,440 + 880,"{""frequencies_hz"": ""440,880""}",wsola,WSOLA,local waveform-similarity overlap-add,-12,33,0.7662585034013606,223.25258799967682,446.50517599935364,0.99574691828565
octave_mix_440_880,octave_mixtures,440 + 880,"{""frequencies_hz"": ""440,880""}",wsola,WSOLA,local waveform-similarity overlap-add,-12,34,0.7894784580498866,223.22075045566405,446.4415009113281,0.9958354080035516
octave_mix_440_880,octave_mixtures,440 + 880,"{""frequencies_hz"": ""440,880""}",wsola,WSOLA,local waveform-similarity overlap-add,-12,35,0.8126984126984127,223.23093772801568,446.46187545603135,0.995812137306241
octave_mix_440_880,octave_mixtures,440 + 880,"{""frequencies_hz"": ""440,880""}",wsola,WSOLA,local waveform-similarity overlap-add,-12,36,0.8359183673469388,223.26496144192978,446.52992288385957,0.9957259353776434
octave_mix_440_880,octave_mixtures,440 + 880,"{""frequencies_hz"": ""440,880""}",wsola,WSOLA,local waveform-similarity overlap-add,-12,37,0.8591383219954648,223.23214992185893,446.46429984371787,0.9958058010402883
octave_mix_440_880,octave_mixtures,440 + 880,"{""frequencies_hz"": ""440,880""}",wsola,WSOLA,local waveform-similarity overlap-add,-12,38,0.8823582766439909,223.1875076658052,446.3750153316104,0.995919338217876
octave_mix_440_880,octave_mixtures,440 + 880,"{""frequencies_hz"": ""440,880""}",wsola,WSOLA,local waveform-similarity overlap-add,-12,39,0.905578231292517,223.2076187546969,446.4152375093938,0.9958926788195663
octave_mix_440_880,octave_mixtures,440 + 880,"{""frequencies_hz"": ""440,880""}",wsola,WSOLA,local waveform-similarity overlap-add,-12,40,0.9287981859410431,223.23580129615453,446.47160259230907,0.9958654993118381
octave_mix_440_880,octave_mixtures,440 + 880,"{""frequencies_hz"": ""440,880""}",wsola,WSOLA,local waveform-similarity overlap-add,-12,41,0.9520181405895691,223.2379508307132,446.4759016614264,0.9958956017441422
octave_mix_440_880,octave_mixtures,440 + 880,"{""frequencies_hz"": ""440,880""}",wsola,WSOLA,local waveform-similarity overlap-add,-12,42,0.9752380952380952,223.25017712607828,446.50035425215657,0.9958801376444024
octave_mix_440_880,octave_mixtures,440 + 880,"{""frequencies_hz"": ""440,880""}",wsola,WSOLA,local waveform-similarity overlap-add,-12,43,0.9984580498866213,223.26292598825154,446.5258519765031,0.9958538369587617
octave_mix_440_880,octave_mixtures,440 + 880,"{""frequencies_hz"": ""440,880""}",wsola,WSOLA,local waveform-similarity overlap-add,-12,44,1.0216780045351475,223.25130209369087,446.50260418738173,0.9958814031976546
octave_mix_440_880,octave_mixtures,440 + 880,"{""frequencies_hz"": ""440,880""}",wsola,WSOLA,local waveform-similarity overlap-add,-12,45,1.0448979591836736,223.23836580340307,446.47673160680614,0.9959055058181328
octave_mix_440_880,octave_mixtures,440 + 880,"{""frequencies_hz"": ""440,880""}",wsola,WSOLA,local waveform-similarity overlap-add,-12,46,1.0681179138321995,223.2413586702215,446.482717340443,0.9958895388011627
octave_mix_440_880,octave_mixtures,440 + 880,"{""frequencies_hz"": ""440,880""}",wsola,WSOLA,local waveform-similarity overlap-add,-12,47,1.0913378684807256,223.23880718727952,446.47761437455904,0.9958888527410703
octave_mix_440_880,octave_mixtures,440 + 880,"{""frequencies_hz"": ""440,880""}",wsola,WSOLA,local waveform-similarity overlap-add,-12,48,1.1145578231292517,223.22533566542714,446.4506713308543,0.9959117720432045
octave_mix_440_880,octave_mixtures,440 + 880,"{""frequencies_hz"": ""440,880""}",wsola,WSOLA,local waveform-similarity overlap-add,-12,49,1.1377777777777778,223.21809751994488,446.43619503988975,0.9959177358287125
octave_mix_440_880,octave_mixtures,440 + 880,"{""frequencies_hz"": ""440,880""}",wsola,WSOLA,local waveform-similarity overlap-add,-12,50,1.1609977324263039,223.21760210476674,446.4352042095335,0.9959147929683758
octave_mix_440_880,octave_mixtures,440 + 880,"{""frequencies_hz"": ""440,880""}",wsola,WSOLA,local waveform-similarity overlap-add,-12,51,1.18421768707483,223.21881218196344,446.4376243639269,0.9959128901132551
octave_mix_440_880,octave_mixtures,440 + 880,"{""frequencies_hz"": ""440,880""}",wsola,WSOLA,local waveform-similarity overlap-add,-12,52,1.207437641723356,223.21981445989712,446.43962891979425,0.9958924314494827
octave_mix_440_880,octave_mixtures,440 + 880,"{""frequencies_hz"": ""440,880""}",wsola,WSOLA,local waveform-similarity overlap-add,-12,53,1.230657596371882,223.1979448546237,446.3958897092474,0.9959043119195405
octave_mix_440_880,octave_mixtures,440 + 880,"{""frequencies_hz"": ""440,880""}",wsola,WSOLA,local waveform-similarity overlap-add,-12,54,1.253877551020408,223.16572998519294,446.3314599703859,0.9959517969731657
octave_mix_440_880,octave_mixtures,440 + 880,"{""frequencies_hz"": ""440,880""}",wsola,WSOLA,local waveform-similarity overlap-add,-12,55,1.2770975056689342,223.18758071641759,446.37516143283517,0.9958966210989572
octave_mix_440_880,octave_mixtures,440 + 880,"{""frequencies_hz"": ""440,880""}",wsola,WSOLA,local waveform-similarity overlap-add,-12,56,1.3003174603174603,223.23613760961948,446.47227521923895,0.995787157006575
octave_mix_440_880,octave_mixtures,440 + 880,"{""frequencies_hz"": ""440,880""}",wsola,WSOLA,local waveform-similarity overlap-add,-12,57,1.3235374149659864,223.22623975031308,446.45247950062617,0.995815950131075
octave_mix_440_880,octave_mixtures,440 + 880,"{""frequencies_hz"": ""440,880""}",wsola,WSOLA,local waveform-similarity overlap-add,-12,58,1.3467573696145125,223.19299767843526,446.3859953568705,0.9959029724499684
octave_mix_440_880,octave_mixtures,440 + 880,"{""frequencies_hz"": ""440,880""}",wsola,WSOLA,local waveform-similarity overlap-add,-12,59,1.3699773242630386,223.21250319631673,446.42500639263346,0.9958682789485831
octave_mix_440_880,octave_mixtures,440 + 880,"{""frequencies_hz"": ""440,880""}",wsola,WSOLA,local waveform-similarity overlap-add,-12,60,1.3931972789115645,223.23379394929847,446.46758789859695,0.9958352302092088
octave_mix_440_880,octave_mixtures,440 + 880,"{""frequencies_hz"": ""440,880""}",wsola,WSOLA,local waveform-similarity overlap-add,-12,61,1.4164172335600906,223.21643713045404,446.4328742609081,0.9958913290601685
octave_mix_440_880,octave_mixtures,440 + 880,"{""frequencies_hz"": ""440,880""}",wsola,WSOLA,local waveform-similarity overlap-add,-12,62,1.4396371882086167,223.21550596734693,446.43101193469386,0.995894807865903
octave_mix_440_880,octave_mixtures,440 + 880,"{""frequencies_hz"": ""440,880""}",wsola,WSOLA,local waveform-similarity overlap-add,-12,63,1.4628571428571429,223.23167463678132,446.46334927356264,0.9958570051193069
octave_mix_440_880,octave_mixtures,440 + 880,"{""frequencies_hz"": ""440,880""}",wsola,WSOLA,local waveform-similarity overlap-add,-12,64,1.486077097505669,223.21998163508908,446.43996327017817,0.9958873052541658
octave_mix_440_880,octave_mixtures,440 + 880,"{""frequencies_hz"": ""440,880""}",wsola,WSOLA,local waveform-similarity overlap-add,-12,65,1.509297052154195,223.19873593055766,446.3974718611153,0.9959243777741824
octave_mix_440_880,octave_mixtures,440 + 880,"{""frequencies_hz"": ""440,880""}",wsola,WSOLA,local waveform-similarity overlap-add,-12,66,1.5325170068027212,223.18740549645466,446.3748109929093,0.9959129425448505
octave_mix_440_880,octave_mixtures,440 + 880,"{""frequencies_hz"": ""440,880""}",wsola,WSOLA,local waveform-similarity overlap-add,-12,67,1.555736961451247,223.15678012515315,446.3135602503063,0.995941760749839
octave_mix_440_880,octave_mixtures,440 + 880,"{""frequencies_hz"": ""440,880""}",wsola,WSOLA,local waveform-similarity overlap-add,-12,68,1.5789569160997732,223.12788191146723,446.25576382293445,0.9959830481291859
octave_mix_440_880,octave_mixtures,440 + 880,"{""frequencies_hz"": ""440,880""}",wsola,WSOLA,local waveform-similarity overlap-add,-12,69,1.6021768707482993,223.14342648108575,446.2868529621715,0.9959472833397933
octave_mix_440_880,octave_mixtures,440 + 880,"{""frequencies_hz"": ""440,880""}",wsola,WSOLA,local waveform-similarity overlap-add,-12,70,1.6253968253968254,223.16555794909496,446.3311158981899,0.9959126565347008
octave_mix_440_880,octave_mixtures,440 + 880,"{""frequencies_hz"": ""440,880""}",wsola,WSOLA,local waveform-similarity overlap-add,-12,71,1.6486167800453515,223.15674858801947,446.31349717603894,0.9959471091353059
octave_mix_440_880,octave_mixtures,440 + 880,"{""frequencies_hz"": ""440,880""}",wsola,WSOLA,local waveform-similarity overlap-add,-12,72,1.6718367346938776,223.15262788842696,446.3052557768539,0.9959513150327157
octave_mix_440_880,octave_mixtures,440 + 880,"{""frequencies_hz"": ""440,880""}",wsola,WSOLA,local waveform-similarity overlap-add,-12,73,1.6950566893424037,223.1581173458549,446.3162346917098,0.9959144194781133
octave_mix_440_880,octave_mixtures,440 + 880,"{""frequencies_hz"": ""440,880""}",wsola,WSOLA,local waveform-similarity overlap-add,-12,74,1.7182766439909296,223.13786441418253,446.27572882836506,0.9959480802204123
octave_mix_440_880,octave_mixtures,440 + 880,"{""frequencies_hz"": ""440,880""}",wsola,WSOLA,local waveform-similarity overlap-add,-12,75,1.7414965986394557,223.1430421227569,446.2860842455138,0.9959417516561464
octave_mix_440_880,octave_mixtures,440 + 880,"{""frequencies_hz"": ""440,880""}",wsola,WSOLA,local waveform-similarity overlap-add,-12,76,1.7647165532879818,223.2024160129588,446.4048320259176,0.9958113855051561
octave_mix_440_880,octave_mixtures,440 + 880,"{""frequencies_hz"": ""440,880""}",wsola,WSOLA,local waveform-similarity overlap-add,-12,77,1.787936507936508,223.22284195227624,446.4456839045525,0.9957698679586375
octave_mix_440_880,octave_mixtures,440 + 880,"{""frequencies_hz"": ""440,880""}",wsola,WSOLA,local waveform-similarity overlap-add,-12,78,1.811156462585034,223.1862510972061,446.3725021944122,0.9958697253558111
octave_mix_440_880,octave_mixtures,440 + 880,"{""frequencies_hz"": ""440,880""}",wsola,WSOLA,local waveform-similarity overlap-add,-12,79,1.8343764172335602,223.18958291965015,446.3791658393003,0.9958851888690794
octave_mix_440_880,octave_mixtures,440 + 880,"{""frequencies_hz"": ""440,880""}",wsola,WSOLA,local waveform-similarity overlap-add,-12,80,1.8575963718820863,223.22677626080682,446.45355252161363,0.9958282449449953
octave_mix_440_880,octave_mixtures,440 + 880,"{""frequencies_hz"": ""440,880""}",wsola,WSOLA,local waveform-similarity overlap-add,-12,81,1.8808163265306121,223.2447795117105,446.489559023421,0.9958274905163036
octave_mix_440_880,octave_mixtures,440 + 880,"{""frequencies_hz"": ""440,880""}",wsola,WSOLA,local waveform-similarity overlap-add,-12,82,1.9040362811791383,223.47960688126412,446.95921376252824,0.9954684608001081
octave_mix_440_880,octave_mixtures,440 + 880,"{""frequencies_hz"": ""440,880""}",wsola,WSOLA,local waveform-similarity overlap-add,-12,83,1.9272562358276644,476.7543347231899,953.5086694463798,0.1221813205382203
octave_mix_440_880,octave_mixtures,440 + 880,"{""frequencies_hz"": ""440,880""}",wsola,WSOLA,local waveform-similarity overlap-add,-12,84,1.9504761904761905,,,0.04478608727694978
octave_mix_440_880,octave_mixtures,440 + 880,"{""frequencies_hz"": ""440,880""}",wsola,WSOLA,local waveform-similarity overlap-add,-12,85,1.9736961451247166,,,0.04085277137765035
octave_mix_440_880,octave_mixtures,440 + 880,"{""frequencies_hz"": ""440,880""}",wsola,WSOLA,local waveform-similarity overlap-add,-12,86,1.9969160997732427,,,0.040280030661418276
octave_mix_440_880,octave_mixtures,440 + 880,"{""frequencies_hz"": ""440,880""}",rubber_band,Rubber Band,local hybrid spectral/time-domain proxy,-12,0,0.0,734.1984761934439,1468.3969523868877,0.1991569741923972
octave_mix_440_880,octave_mixtures,440 + 880,"{""frequencies_hz"": ""440,880""}",rubber_band,Rubber Band,local hybrid spectral/time-domain proxy,-12,1,0.023219954648526078,734.1925378682123,1468.3850757364246,0.19974762334650875
octave_mix_440_880,octave_mixtures,440 + 880,"{""frequencies_hz"": ""440,880""}",rubber_band,Rubber Band,local hybrid spectral/time-domain proxy,-12,2,0.046439909297052155,734.1632792153914,1468.3265584307828,0.20389185682441363
octave_mix_440_880,octave_mixtures,440 + 880,"{""frequencies_hz"": ""440,880""}",rubber_band,Rubber Band,local hybrid spectral/time-domain proxy,-12,3,0.06965986394557823,733.9744450681268,1467.9488901362536,0.2655751960631758
octave_mix_440_880,octave_mixtures,440 + 880,"{""frequencies_hz"": ""440,880""}",rubber_band,Rubber Band,local hybrid spectral/time-domain proxy,-12,4,0.09287981859410431,143.78881102999495,287.5776220599899,0.9994379987005699
octave_mix_440_880,octave_mixtures,440 + 880,"{""frequencies_hz"": ""440,880""}",rubber_band,Rubber Band,local hybrid spectral/time-domain proxy,-12,5,0.11609977324263039,223.59573320411258,447.19146640822515,0.9929110168348785
octave_mix_440_880,octave_mixtures,440 + 880,"{""frequencies_hz"": ""440,880""}",rubber_band,Rubber Band,local hybrid spectral/time-domain proxy,-12,6,0.13931972789115646,223.65903314017217,447.31806628034434,0.9926516262936754
octave_mix_440_880,octave_mixtures,440 + 880,"{""frequencies_hz"": ""440,880""}",rubber_band,Rubber Band,local hybrid spectral/time-domain proxy,-12,7,0.16253968253968254,223.46995325536773,446.93990651073545,0.9931603689495482
octave_mix_440_880,octave_mixtures,440 + 880,"{""frequencies_hz"": ""440,880""}",rubber_band,Rubber Band,local hybrid spectral/time-domain proxy,-12,8,0.18575963718820862,223.4797132316661,446.9594264633322,0.993480789880693
octave_mix_440_880,octave_mixtures,440 + 880,"{""frequencies_hz"": ""440,880""}",rubber_band,Rubber Band,local hybrid spectral/time-domain proxy,-12,9,0.2089795918367347,223.56991019837312,447.13982039674625,0.9937913586720716
octave_mix_440_880,octave_mixtures,440 + 880,"{""frequencies_hz"": ""440,880""}",rubber_band,Rubber Band,local hybrid spectral/time-domain proxy,-12,10,0.23219954648526078,223.43478357169812,446.86956714339624,0.9945515298952724
octave_mix_440_880,octave_mixtures,440 + 880,"{""frequencies_hz"": ""440,880""}",rubber_band,Rubber Band,local hybrid spectral/time-domain proxy,-12,11,0.25541950113378686,223.3241147199843,446.6482294399686,0.9949359530316376
octave_mix_440_880,octave_mixtures,440 + 880,"{""frequencies_hz"": ""440,880""}",rubber_band,Rubber Band,local hybrid spectral/time-domain proxy,-12,12,0.2786394557823129,223.36180754569966,446.7236150913993,0.9947553055663252
octave_mix_440_880,octave_mixtures,440 + 880,"{""frequencies_hz"": ""440,880""}",rubber_band,Rubber Band,local hybrid spectral/time-domain proxy,-12,13,0.301859410430839,223.28331026821968,446.56662053643936,0.9948730790888194
octave_mix_440_880,octave_mixtures,440 + 880,"{""frequencies_hz"": ""440,880""}",rubber_band,Rubber Band,local hybrid spectral/time-domain proxy,-12,14,0.3250793650793651,223.20582279510435,446.4116455902087,0.9951168122500625
octave_mix_440_880,octave_mixtures,440 + 880,"{""frequencies_hz"": ""440,880""}",rubber_band,Rubber Band,local hybrid spectral/time-domain proxy,-12,15,0.34829931972789113,223.337616397504,446.675232795008,0.9950086795295209
octave_mix_440_880,octave_mixtures,440 + 880,"{""frequencies_hz"": ""440,880""}",rubber_band,Rubber Band,local hybrid spectral/time-domain proxy,-12,16,0.37151927437641724,223.4238258199796,446.8476516399592,0.9950419668889768
octave_mix_440_880,octave_mixtures,440 + 880,"{""frequencies_hz"": ""440,880""}",rubber_band,Rubber Band,local hybrid spectral/time-domain proxy,-12,17,0.3947392290249433,223.3047423430926,446.6094846861852,0.9954441576561265
octave_mix_440_880,octave_mixtures,440 + 880,"{""frequencies_hz"": ""440,880""}",rubber_band,Rubber Band,local hybrid spectral/time-domain proxy,-12,18,0.4179591836734694,223.2399408297907,446.4798816595814,0.9955447933737884
octave_mix_440_880,octave_mixtures,440 + 880,"{""frequencies_hz"": ""440,880""}",rubber_band,Rubber Band,local hybrid spectral/time-domain proxy,-12,19,0.44117913832199546,223.27654445642776,446.5530889128555,0.9953810513712406
octave_mix_440_880,octave_mixtures,440 + 880,"{""frequencies_hz"": ""440,880""}",rubber_band,Rubber Band,local hybrid spectral/time-domain proxy,-12,20,0.46439909297052157,223.2430405431634,446.4860810863268,0.9955102262605116
octave_mix_440_880,octave_mixtures,440 + 880,"{""frequencies_hz"": ""440,880""}",rubber_band,Rubber Band,local hybrid spectral/time-domain proxy,-12,21,0.4876190476190476,223.22505842028033,446.45011684056067,0.9956816193848972
octave_mix_440_880,octave_mixtures,440 + 880,"{""frequencies_hz"": ""440,880""}",rubber_band,Rubber Band,local hybrid spectral/time-domain proxy,-12,22,0.5108390022675737,223.29427939581456,446.5885587916291,0.9956152513745771
octave_mix_440_880,octave_mixtures,440 + 880,"{""frequencies_hz"": ""440,880""}",rubber_band,Rubber Band,local hybrid spectral/time-domain proxy,-12,23,0.5340589569160997,223.27299570332536,446.5459914066507,0.9956550225884593
octave_mix_440_880,octave_mixtures,440 + 880,"{""frequencies_hz"": ""440,880""}",rubber_band,Rubber Band,local hybrid spectral/time-domain proxy,-12,24,0.5572789115646258,223.1525202978236,446.3050405956472,0.9958217241974587
octave_mix_440_880,octave_mixtures,440 + 880,"{""frequencies_hz"": ""440,880""}",rubber_band,Rubber Band,local hybrid spectral/time-domain proxy,-12,25,0.5804988662131519,223.11792268662302,446.23584537324604,0.9957954867218619
octave_mix_440_880,octave_mixtures,440 + 880,"{""frequencies_hz"": ""440,880""}",rubber_band,Rubber Band,local hybrid spectral/time-domain proxy,-12,26,0.603718820861678,223.15525937433108,446.31051874866216,0.9957284375635023
octave_mix_440_880,octave_mixtures,440 + 880,"{""frequencies_hz"": ""440,880""}",rubber_band,Rubber Band,local hybrid spectral/time-domain proxy,-12,27,0.626938775510204,223.1767128135695,446.353425627139,0.9958275736699238
octave_mix_440_880,octave_mixtures,440 + 880,"{""frequencies_hz"": ""440,880""}",rubber_band,Rubber Band,local hybrid spectral/time-domain proxy,-12,28,0.6501587301587302,223.22610722536268,446.45221445072536,0.995875335343997
octave_mix_440_880,octave_mixtures,440 + 880,"{""frequencies_hz"": ""440,880""}",rubber_band,Rubber Band,local hybrid spectral/time-domain proxy,-12,29,0.6733786848072563,223.28263262130318,446.56526524260636,0.9957927978259998
octave_mix_440_880,octave_mixtures,440 + 880,"{""frequencies_hz"": ""440,880""}",rubber_band,Rubber Band,local hybrid spectral/time-domain proxy,-12,30,0.6965986394557823,223.2410460194598,446.4820920389196,0.9958168598335768
octave_mix_440_880,octave_mixtures,440 + 880,"{""frequencies_hz"": ""440,880""}",rubber_band,Rubber Band,local hybrid spectral/time-domain proxy,-12,31,0.7198185941043084,223.17730829605492,446.35461659210983,0.9958656505710999
octave_mix_440_880,octave_mixtures,440 + 880,"{""frequencies_hz"": ""440,880""}",rubber_band,Rubber Band,local hybrid spectral/time-domain proxy,-12,32,0.7430385487528345,223.20981216940265,446.4196243388053,0.9957579296152032
octave_mix_440_880,octave_mixtures,440 + 880,"{""frequencies_hz"": ""440,880""}",rubber_band,Rubber Band,local hybrid spectral/time-domain proxy,-12,33,0.7662585034013606,223.26320554360484,446.5264110872097,0.9957173079794758
octave_mix_440_880,octave_mixtures,440 + 880,"{""frequencies_hz"": ""440,880""}",rubber_band,Rubber Band,local hybrid spectral/time-domain proxy,-12,34,0.7894784580498866,223.26728179013833,446.53456358027665,0.995823174578657
octave_mix_440_880,octave_mixtures,440 + 880,"{""frequencies_hz"": ""440,880""}",rubber_band,Rubber Band,local hybrid spectral/time-domain proxy,-12,35,0.8126984126984127,223.27157353066775,446.5431470613355,0.9958051281808202
octave_mix_440_880,octave_mixtures,440 + 880,"{""frequencies_hz"": ""440,880""}",rubber_band,Rubber Band,local hybrid spectral/time-domain proxy,-12,36,0.8359183673469388,223.24993741795626,446.4998748359125,0.9957137229366677
octave_mix_440_880,octave_mixtures,440 + 880,"{""frequencies_hz"": ""440,880""}",rubber_band,Rubber Band,local hybrid spectral/time-domain proxy,-12,37,0.8591383219954648,223.15688880776977,446.31377761553955,0.995782190866208
octave_mix_440_880,octave_mixtures,440 + 880,"{""frequencies_hz"": ""440,880""}",rubber_band,Rubber Band,local hybrid spectral/time-domain proxy,-12,38,0.8823582766439909,223.09653280693473,446.19306561386946,0.9958866523363886
octave_mix_440_880,octave_mixtures,440 + 880,"{""frequencies_hz"": ""440,880""}",rubber_band,Rubber Band,local hybrid spectral/time-domain proxy,-12,39,0.905578231292517,223.15485934012517,446.30971868025034,0.9958690615111366
octave_mix_440_880,octave_mixtures,440 + 880,"{""frequencies_hz"": ""440,880""}",rubber_band,Rubber Band,local hybrid spectral/time-domain proxy,-12,40,0.9287981859410431,223.24792769193772,446.49585538387544,0.9958540788566131
octave_mix_440_880,octave_mixtures,440 + 880,"{""frequencies_hz"": ""440,880""}",rubber_band,Rubber Band,local hybrid spectral/time-domain proxy,-12,41,0.9520181405895691,223.2878541780911,446.5757083561822,0.9958884986024734
octave_mix_440_880,octave_mixtures,440 + 880,"{""frequencies_hz"": ""440,880""}",rubber_band,Rubber Band,local hybrid spectral/time-domain proxy,-12,42,0.9752380952380952,223.2840060610268,446.5680121220536,0.9958643928485126
octave_mix_440_880,octave_mixtures,440 + 880,"{""frequencies_hz"": ""440,880""}",rubber_band,Rubber Band,local hybrid spectral/time-domain proxy,-12,43,0.9984580498866213,223.2568775739688,446.5137551479376,0.995825659118213
octave_mix_440_880,octave_mixtures,440 + 880,"{""frequencies_hz"": ""440,880""}",rubber_band,Rubber Band,local hybrid spectral/time-domain proxy,-12,44,1.0216780045351475,223.23017263985366,446.4603452797073,0.9958509184481358
octave_mix_440_880,octave_mixtures,440 + 880,"{""frequencies_hz"": ""440,880""}",rubber_band,Rubber Band,local hybrid spectral/time-domain proxy,-12,45,1.0448979591836736,223.24323561195055,446.4864712239011,0.9958831848717273
octave_mix_440_880,octave_mixtures,440 + 880,"{""frequencies_hz"": ""440,880""}",rubber_band,Rubber Band,local hybrid spectral/time-domain proxy,-12,46,1.0681179138321995,223.28417701403157,446.56835402806314,0.9958777666393851
octave_mix_440_880,octave_mixtures,440 + 880,"{""frequencies_hz"": ""440,880""}",rubber_band,Rubber Band,local hybrid spectral/time-domain proxy,-12,47,1.0913378684807256,223.28221795893072,446.56443591786143,0.9958817402119777
octave_mix_440_880,octave_mixtures,440 + 880,"{""frequencies_hz"": ""440,880""}",rubber_band,Rubber Band,local hybrid spectral/time-domain proxy,-12,48,1.1145578231292517,223.21781924904164,446.4356384980833,0.9958983319050989
octave_mix_440_880,octave_mixtures,440 + 880,"{""frequencies_hz"": ""440,880""}",rubber_band,Rubber Band,local hybrid spectral/time-domain proxy,-12,49,1.1377777777777778,223.14913404665603,446.29826809331206,0.9958933356310539
octave_mix_440_880,octave_mixtures,440 + 880,"{""frequencies_hz"": ""440,880""}",rubber_band,Rubber Band,local hybrid spectral/time-domain proxy,-12,50,1.1609977324263039,223.12595564067016,446.2519112813403,0.995886230938608
octave_mix_440_880,octave_mixtures,440 + 880,"{""frequencies_hz"": ""440,880""}",rubber_band,Rubber Band,local hybrid spectral/time-domain proxy,-12,51,1.18421768707483,223.160305978595,446.32061195719,0.9958908373686435
octave_mix_440_880,octave_mixtures,440 + 880,"{""frequencies_hz"": ""440,880""}",rubber_band,Rubber Band,local hybrid spectral/time-domain proxy,-12,52,1.207437641723356,223.2257042075752,446.4514084151504,0.9958827310518197
octave_mix_440_880,octave_mixtures,440 + 880,"{""frequencies_hz"": ""440,880""}",rubber_band,Rubber Band,local hybrid spectral/time-domain proxy,-12,53,1.230657596371882,223.2472339945098,446.4944679890196,0.9959016612807607
octave_mix_440_880,octave_mixtures,440 + 880,"{""frequencies_hz"": ""440,880""}",rubber_band,Rubber Band,local hybrid spectral/time-domain proxy,-12,54,1.253877551020408,223.20477561083476,446.4095512216695,0.9959450464878552
octave_mix_440_880,octave_mixtures,440 + 880,"{""frequencies_hz"": ""440,880""}",rubber_band,Rubber Band,local hybrid spectral/time-domain proxy,-12,55,1.2770975056689342,223.18712127672626,446.3742425534525,0.9958730620032149
octave_mix_440_880,octave_mixtures,440 + 880,"{""frequencies_hz"": ""440,880""}",rubber_band,Rubber Band,local hybrid spectral/time-domain proxy,-12,56,1.3003174603174603,223.21400919069137,446.42801838138274,0.99575090191571
octave_mix_440_880,octave_mixtures,440 + 880,"{""frequencies_hz"": ""440,880""}",rubber_band,Rubber Band,local hybrid spectral/time-domain proxy,-12,57,1.3235374149659864,223.2241443710908,446.4482887421816,0.9957870546593806
octave_mix_440_880,octave_mixtures,440 + 880,"{""frequencies_hz"": ""440,880""}",rubber_band,Rubber Band,local hybrid spectral/time-domain proxy,-12,58,1.3467573696145125,223.2305182533128,446.4610365066256,0.9958922432952012
octave_mix_440_880,octave_mixtures,440 + 880,"{""frequencies_hz"": ""440,880""}",rubber_band,Rubber Band,local hybrid spectral/time-domain proxy,-12,59,1.3699773242630386,223.2614686447905,446.522937289581,0.9958637908335488
octave_mix_440_880,octave_mixtures,440 + 880,"{""frequencies_hz"": ""440,880""}",rubber_band,Rubber Band,local hybrid spectral/time-domain proxy,-12,60,1.3931972789115645,223.24034523959875,446.4806904791975,0.9958249901763396
octave_mix_440_880,octave_mixtures,440 + 880,"{""frequencies_hz"": ""440,880""}",rubber_band,Rubber Band,local hybrid spectral/time-domain proxy,-12,61,1.4164172335600906,223.15850413630346,446.3170082726069,0.9958689021578502
octave_mix_440_880,octave_mixtures,440 + 880,"{""frequencies_hz"": ""440,880""}",rubber_band,Rubber Band,local hybrid spectral/time-domain proxy,-12,62,1.4396371882086167,223.12380663006056,446.2476132601211,0.9958662357086564
octave_mix_440_880,octave_mixtures,440 + 880,"{""frequencies_hz"": ""440,880""}",rubber_band,Rubber Band,local hybrid spectral/time-domain proxy,-12,63,1.4628571428571429,223.1618223876197,446.3236447752394,0.9958348145690945
octave_mix_440_880,octave_mixtures,440 + 880,"{""frequencies_hz"": ""440,880""}",rubber_band,Rubber Band,local hybrid spectral/time-domain proxy,-12,64,1.486077097505669,223.2121015608384,446.4242031216768,0.9958754648277177
octave_mix_440_880,octave_mixtures,440 + 880,"{""frequencies_hz"": ""440,880""}",rubber_band,Rubber Band,local hybrid spectral/time-domain proxy,-12,65,1.509297052154195,223.24267192824666,446.48534385649333,0.9959208170161657
octave_mix_440_880,octave_mixtures,440 + 880,"{""frequencies_hz"": ""440,880""}",rubber_band,Rubber Band,local hybrid spectral/time-domain proxy,-12,66,1.5325170068027212,223.23250998101912,446.46501996203824,0.9959046675716381
octave_mix_440_880,octave_mixtures,440 + 880,"{""frequencies_hz"": ""440,880""}",rubber_band,Rubber Band,local hybrid spectral/time-domain proxy,-12,67,1.555736961451247,223.16413398823224,446.3282679764645,0.9959211409092166
octave_mix_440_880,octave_mixtures,440 + 880,"{""frequencies_hz"": ""440,880""}",rubber_band,Rubber Band,local hybrid spectral/time-domain proxy,-12,68,1.5789569160997732,223.10647579981813,446.21295159963626,0.9959543085551646
octave_mix_440_880,octave_mixtures,440 + 880,"{""frequencies_hz"": ""440,880""}",rubber_band,Rubber Band,local hybrid spectral/time-domain proxy,-12,69,1.6021768707482993,223.13219498640373,446.26438997280746,0.9959205394365348
octave_mix_440_880,octave_mixtures,440 + 880,"{""frequencies_hz"": ""440,880""}",rubber_band,Rubber Band,local hybrid spectral/time-domain proxy,-12,70,1.6253968253968254,223.19328547978165,446.3865709595633,0.9958985635909661
octave_mix_440_880,octave_mixtures,440 + 880,"{""frequencies_hz"": ""440,880""}",rubber_band,Rubber Band,local hybrid spectral/time-domain proxy,-12,71,1.6486167800453515,223.20800656296885,446.4160131259377,0.9959455829035898
octave_mix_440_880,octave_mixtures,440 + 880,"{""frequencies_hz"": ""440,880""}",rubber_band,Rubber Band,local hybrid spectral/time-domain proxy,-12,72,1.6718367346938776,223.17645606285058,446.35291212570115,0.9959458690338087
octave_mix_440_880,octave_mixtures,440 + 880,"{""frequencies_hz"": ""440,880""}",rubber_band,Rubber Band,local hybrid spectral/time-domain proxy,-12,73,1.6950566893424037,223.11887922035294,446.2377584407059,0.9958932456667248
octave_mix_440_880,octave_mixtures,440 + 880,"{""frequencies_hz"": ""440,880""}",rubber_band,Rubber Band,local hybrid spectral/time-domain proxy,-12,74,1.7182766439909296,223.05059960807372,446.10119921614745,0.995911522845285
octave_mix_440_880,octave_mixtures,440 + 880,"{""frequencies_hz"": ""440,880""}",rubber_band,Rubber Band,local hybrid spectral/time-domain proxy,-12,75,1.7414965986394557,223.05806135747176,446.1161227149435,0.9959054937517543
octave_mix_440_880,octave_mixtures,440 + 880,"{""frequencies_hz"": ""440,880""}",rubber_band,Rubber Band,local hybrid spectral/time-domain proxy,-12,76,1.7647165532879818,223.16858455688003,446.33716911376007,0.995792160324429
octave_mix_440_880,octave_mixtures,440 + 880,"{""frequencies_hz"": ""440,880""}",rubber_band,Rubber Band,local hybrid spectral/time-domain proxy,-12,77,1.787936507936508,223.25236738314754,446.5047347662951,0.9957617931275631
octave_mix_440_880,octave_mixtures,440 + 880,"{""frequencies_hz"": ""440,880""}",rubber_band,Rubber Band,local hybrid spectral/time-domain proxy,-12,78,1.811156462585034,223.23784113222297,446.47568226444594,0.995864186428575
octave_mix_440_880,octave_mixtures,440 + 880,"{""frequencies_hz"": ""440,880""}",rubber_band,Rubber Band,local hybrid spectral/time-domain proxy,-12,79,1.8343764172335602,223.2131707272698,446.4263414545396,0.9958681615667229
octave_mix_440_880,octave_mixtures,440 + 880,"{""frequencies_hz"": ""440,880""}",rubber_band,Rubber Band,local hybrid spectral/time-domain proxy,-12,80,1.8575963718820863,223.21233776767968,446.42467553535937,0.995795734150634
octave_mix_440_880,octave_mixtures,440 + 880,"{""frequencies_hz"": ""440,880""}",rubber_band,Rubber Band,local hybrid spectral/time-domain proxy,-12,81,1.8808163265306121,223.2237843087703,446.4475686175406,0.9957946512578162
octave_mix_440_880,octave_mixtures,440 + 880,"{""frequencies_hz"": ""440,880""}",rubber_band,Rubber Band,local hybrid spectral/time-domain proxy,-12,82,1.9040362811791383,223.4856631508067,446.9713263016134,0.9954437739628312
octave_mix_440_880,octave_mixtures,440 + 880,"{""frequencies_hz"": ""440,880""}",rubber_band,Rubber Band,local hybrid spectral/time-domain proxy,-12,83,1.9272562358276644,,,0.10304471525890017
octave_mix_440_880,octave_mixtures,440 + 880,"{""frequencies_hz"": ""440,880""}",rubber_band,Rubber Band,local hybrid spectral/time-domain proxy,-12,84,1.9504761904761905,,,0.02673235636665279
octave_mix_440_880,octave_mixtures,440 + 880,"{""frequencies_hz"": ""440,880""}",rubber_band,Rubber Band,local hybrid spectral/time-domain proxy,-12,85,1.9736961451247166,,,0.02287967914843818
octave_mix_440_880,octave_mixtures,440 + 880,"{""frequencies_hz"": ""440,880""}",rubber_band,Rubber Band,local hybrid spectral/time-domain proxy,-12,86,1.9969160997732427,,,0.02232057504609432
octave_mix_440_880,octave_mixtures,440 + 880,"{""frequencies_hz"": ""440,880""}",psola,PSOLA,local pitch-synchronous overlap-add,-12,0,0.0,440.77275906130933,881.5455181226187,0.965258715464636
octave_mix_440_880,octave_mixtures,440 + 880,"{""frequencies_hz"": ""440,880""}",psola,PSOLA,local pitch-synchronous overlap-add,-12,1,0.023219954648526078,440.7727060439573,881.5454120879147,0.9745718791315909
octave_mix_440_880,octave_mixtures,440 + 880,"{""frequencies_hz"": ""440,880""}",psola,PSOLA,local pitch-synchronous overlap-add,-12,2,0.046439909297052155,440.772643886586,881.545287773172,0.9906454924799097
octave_mix_440_880,octave_mixtures,440 + 880,"{""frequencies_hz"": ""440,880""}",psola,PSOLA,local pitch-synchronous overlap-add,-12,3,0.06965986394557823,440.77267080720463,881.5453416144093,0.9981855392784018
octave_mix_440_880,octave_mixtures,440 + 880,"{""frequencies_hz"": ""440,880""}",psola,PSOLA,local pitch-synchronous overlap-add,-12,4,0.09287981859410431,440.772720204341,881.545440408682,0.9989007381508402
octave_mix_440_880,octave_mixtures,440 + 880,"{""frequencies_hz"": ""440,880""}",psola,PSOLA,local pitch-synchronous overlap-add,-12,5,0.11609977324263039,440.7727464637011,881.5454929274022,0.9989007074775748
octave_mix_440_880,octave_mixtures,440 + 880,"{""frequencies_hz"": ""440,880""}",psola,PSOLA,local pitch-synchronous overlap-add,-12,6,0.13931972789115646,440.7727784853365,881.545556970673,0.9989006597155263
octave_mix_440_880,octave_mixtures,440 + 880,"{""frequencies_hz"": ""440,880""}",psola,PSOLA,local pitch-synchronous overlap-add,-12,7,0.16253968253968254,440.7728153135167,881.5456306270333,0.9989006007274857
octave_mix_440_880,octave_mixtures,440 + 880,"{""frequencies_hz"": ""440,880""}",psola,PSOLA,local pitch-synchronous overlap-add,-12,8,0.18575963718820862,440.7728575639615,881.545715127923,0.9989005303060338
octave_mix_440_880,octave_mixtures,440 + 880,"{""frequencies_hz"": ""440,880""}",psola,PSOLA,local pitch-synchronous overlap-add,-12,9,0.2089795918367347,440.7729048140324,881.5458096280648,0.9989004422482008
octave_mix_440_880,octave_mixtures,440 + 880,"{""frequencies_hz"": ""440,880""}",psola,PSOLA,local pitch-synchronous overlap-add,-12,10,0.23219954648526078,440.7729569495433,881.5459138990866,0.9989003352992989
octave_mix_440_880,octave_mixtures,440 + 880,"{""frequencies_hz"": ""440,880""}",psola,PSOLA,local pitch-synchronous overlap-add,-12,11,0.25541950113378686,440.77301426185824,881.5460285237165,0.9989002180155058
octave_mix_440_880,octave_mixtures,440 + 880,"{""frequencies_hz"": ""440,880""}",psola,PSOLA,local pitch-synchronous overlap-add,-12,12,0.2786394557823129,440.77307593344347,881.5461518668869,0.9989000898940211
octave_mix_440_880,octave_mixtures,440 + 880,"{""frequencies_hz"": ""440,880""}",psola,PSOLA,local pitch-synchronous overlap-add,-12,13,0.301859410430839,440.7731427570266,881.5462855140532,0.9988999472305629
octave_mix_440_880,octave_mixtures,440 + 880,"{""frequencies_hz"": ""440,880""}",psola,PSOLA,local pitch-synchronous overlap-add,-12,14,0.3250793650793651,440.77321356056797,881.5464271211359,0.9988997859762291
octave_mix_440_880,octave_mixtures,440 + 880,"{""frequencies_hz"": ""440,880""}",psola,PSOLA,local pitch-synchronous overlap-add,-12,15,0.34829931972789113,440.7732891297021,881.5465782594042,0.9988996138431748
octave_mix_440_880,octave_mixtures,440 + 880,"{""frequencies_hz"": ""440,880""}",psola,PSOLA,local pitch-synchronous overlap-add,-12,16,0.37151927437641724,440.77336847844634,881.5467369568927,0.9988994327774504
octave_mix_440_880,octave_mixtures,440 + 880,"{""frequencies_hz"": ""440,880""}",psola,PSOLA,local pitch-synchronous overlap-add,-12,17,0.3947392290249433,440.7734518806018,881.5469037612036,0.9988992398884904
octave_mix_440_880,octave_mixtures,440 + 880,"{""frequencies_hz"": ""440,880""}",psola,PSOLA,local pitch-synchronous overlap-add,-12,18,0.4179591836734694,440.7735389271502,881.5470778543004,0.9988990301251452
octave_mix_440_880,octave_mixtures,440 + 880,"{""frequencies_hz"": ""440,880""}",psola,PSOLA,local pitch-synchronous overlap-add,-12,19,0.44117913832199546,440.773629102655,881.54725820531,0.9988988099028254
octave_mix_440_880,octave_mixtures,440 + 880,"{""frequencies_hz"": ""440,880""}",psola,PSOLA,local pitch-synchronous overlap-add,-12,20,0.46439909297052157,440.77372263449433,881.5474452689887,0.9988985832854982
octave_mix_440_880,octave_mixtures,440 + 880,"{""frequencies_hz"": ""440,880""}",psola,PSOLA,local pitch-synchronous overlap-add,-12,21,0.4876190476190476,440.773818354711,881.547636709422,0.9988983495752851
octave_mix_440_880,octave_mixtures,440 + 880,"{""frequencies_hz"": ""440,880""}",psola,PSOLA,local pitch-synchronous overlap-add,-12,22,0.5108390022675737,440.7739167679297,881.5478335358594,0.998898100421529
octave_mix_440_880,octave_mixtures,440 + 880,"{""frequencies_hz"": ""440,880""}",psola,PSOLA,local pitch-synchronous overlap-add,-12,23,0.5340589569160997,440.7740165024405,881.548033004881,0.998897844051682
octave_mix_440_880,octave_mixtures,440 + 880,"{""frequencies_hz"": ""440,880""}",psola,PSOLA,local pitch-synchronous overlap-add,-12,24,0.5572789115646258,440.77411788983784,881.5482357796757,0.9988975846745798
octave_mix_440_880,octave_mixtures,440 + 880,"{""frequencies_hz"": ""440,880""}",psola,PSOLA,local pitch-synchronous overlap-add,-12,25,0.5804988662131519,440.77421979175057,881.5484395835011,0.998897322036352
octave_mix_440_880,octave_mixtures,440 + 880,"{""frequencies_hz"": ""440,880""}",psola,PSOLA,local pitch-synchronous overlap-add,-12,26,0.603718820861678,440.7743219098685,881.548643819737,0.9988970523164659
octave_mix_440_880,octave_mixtures,440 + 880,"{""frequencies_hz"": ""440,880""}",psola,PSOLA,local pitch-synchronous overlap-add,-12,27,0.626938775510204,440.7744237094581,881.5488474189162,0.9988967780739576
octave_mix_440_880,octave_mixtures,440 + 880,"{""frequencies_hz"": ""440,880""}",psola,PSOLA,local pitch-synchronous overlap-add,-12,28,0.6501587301587302,440.77452409004803,881.5490481800961,0.9988965061508989
octave_mix_440_880,octave_mixtures,440 + 880,"{""frequencies_hz"": ""440,880""}",psola,PSOLA,local pitch-synchronous overlap-add,-12,29,0.6733786848072563,440.77462309088895,881.5492461817779,0.9988962370593637
octave_mix_440_880,octave_mixtures,440 + 880,"{""frequencies_hz"": ""440,880""}",psola,PSOLA,local pitch-synchronous overlap-add,-12,30,0.6965986394557823,440.7747190829087,881.5494381658174,0.9988959690997891
octave_mix_440_880,octave_mixtures,440 + 880,"{""frequencies_hz"": ""440,880""}",psola,PSOLA,local pitch-synchronous overlap-add,-12,31,0.7198185941043084,440.7748123115591,881.5496246231182,0.9988957032185042
octave_mix_440_880,octave_mixtures,440 + 880,"{""frequencies_hz"": ""440,880""}",psola,PSOLA,local pitch-synchronous overlap-add,-12,32,0.7430385487528345,440.7749011216075,881.549802243215,0.9988954462284091
octave_mix_440_880,octave_mixtures,440 + 880,"{""frequencies_hz"": ""440,880""}",psola,PSOLA,local pitch-synchronous overlap-add,-12,33,0.7662585034013606,440.7749854380064,881.5499708760128,0.9988951997260821
octave_mix_440_880,octave_mixtures,440 + 880,"{""frequencies_hz"": ""440,880""}",psola,PSOLA,local pitch-synchronous overlap-add,-12,34,0.7894784580498866,440.7750641783788,881.5501283567576,0.9988949642104382
octave_mix_440_880,octave_mixtures,440 + 880,"{""frequencies_hz"": ""440,880""}",psola,PSOLA,local pitch-synchronous overlap-add,-12,35,0.8126984126984127,440.7751365826278,881.5502731652556,0.9988947365510435
octave_mix_440_880,octave_mixtures,440 + 880,"{""frequencies_hz"": ""440,880""}",psola,PSOLA,local pitch-synchronous overlap-add,-12,36,0.8359183673469388,440.77520235301847,881.5504047060369,0.9988945263589276
octave_mix_440_880,octave_mixtures,440 + 880,"{""frequencies_hz"": ""440,880""}",psola,PSOLA,local pitch-synchronous overlap-add,-12,37,0.8591383219954648,440.77526015520704,881.5505203104141,0.9988943340271841
octave_mix_440_880,octave_mixtures,440 + 880,"{""frequencies_hz"": ""440,880""}",psola,PSOLA,local pitch-synchronous overlap-add,-12,38,0.8823582766439909,440.77531031843523,881.5506206368705,0.9988941608203855
octave_mix_440_880,octave_mixtures,440 + 880,"{""frequencies_hz"": ""440,880""}",psola,PSOLA,local pitch-synchronous overlap-add,-12,39,0.905578231292517,440.7753512954364,881.5507025908728,0.9988940024127869
octave_mix_440_880,octave_mixtures,440 + 880,"{""frequencies_hz"": ""440,880""}",psola,PSOLA,local pitch-synchronous overlap-add,-12,40,0.9287981859410431,440.77538363567817,881.5507672713563,0.9988938591842063
octave_mix_440_880,octave_mixtures,440 + 880,"{""frequencies_hz"": ""440,880""}",psola,PSOLA,local pitch-synchronous overlap-add,-12,41,0.9520181405895691,440.7754066202596,881.5508132405192,0.9988936450045924
octave_mix_440_880,octave_mixtures,440 + 880,"{""frequencies_hz"": ""440,880""}",psola,PSOLA,local pitch-synchronous overlap-add,-12,42,0.9752380952380952,440.7754207528754,881.5508415057508,0.9988933262365941
octave_mix_440_880,octave_mixtures,440 + 880,"{""frequencies_hz"": ""440,880""}",psola,PSOLA,local pitch-synchronous overlap-add,-12,43,0.9984580498866213,440.77542549417325,881.5508509883465,0.9988931414832981
octave_mix_440_880,octave_mixtures,440 + 880,"{""frequencies_hz"": ""440,880""}",psola,PSOLA,local pitch-synchronous overlap-add,-12,44,1.0216780045351475,440.7754200626122,881.5508401252245,0.9988932901753551
octave_mix_440_880,octave_mixtures,440 + 880,"{""frequencies_hz"": ""440,880""}",psola,PSOLA,local pitch-synchronous overlap-add,-12,45,1.0448979591836736,440.7754054764301,881.5508109528602,0.9988936160386411
octave_mix_440_880,octave_mixtures,440 + 880,"{""frequencies_hz"": ""440,880""}",psola,PSOLA,local pitch-synchronous overlap-add,-12,46,1.0681179138321995,440.77538145156313,881.5507629031263,0.9988938539786384
octave_mix_440_880,octave_mixtures,440 + 880,"{""frequencies_hz"": ""440,880""}",psola,PSOLA,local pitch-synchronous overlap-add,-12,47,1.0913378684807256,440.7753489603605,881.550697920721,0.9988940032099127
octave_mix_440_880,octave_mixtures,440 + 880,"{""frequencies_hz"": ""440,880""}",psola,PSOLA,local pitch-synchronous overlap-add,-12,48,1.1145578231292517,440.7753069932122,881.5506139864244,0.9988941596738091
octave_mix_440_880,octave_mixtures,440 + 880,"{""frequencies_hz"": ""440,880""}",psola,PSOLA,local pitch-synchronous overlap-add,-12,49,1.1377777777777778,440.7752567113754,881.5505134227508,0.9988943386540818
octave_mix_440_880,octave_mixtures,440 + 880,"{""frequencies_hz"": ""440,880""}",psola,PSOLA,local pitch-synchronous overlap-add,-12,50,1.1609977324263039,440.77519815973574,881.5503963194715,0.9988945338784561
octave_mix_440_880,octave_mixtures,440 + 880,"{""frequencies_hz"": ""440,880""}",psola,PSOLA,local pitch-synchronous overlap-add,-12,51,1.18421768707483,440.7751320813444,881.5502641626888,0.9988947445412915
octave_mix_440_880,octave_mixtures,440 + 880,"{""frequencies_hz"": ""440,880""}",psola,PSOLA,local pitch-synchronous overlap-add,-12,52,1.207437641723356,440.7750593198158,881.5501186396316,0.9988949692142172
octave_mix_440_880,octave_mixtures,440 + 880,"{""frequencies_hz"": ""440,880""}",psola,PSOLA,local pitch-synchronous overlap-add,-12,53,1.230657596371882,440.7749800268101,881.5499600536202,0.9988952098108643
octave_mix_440_880,octave_mixtures,440 + 880,"{""frequencies_hz"": ""440,880""}",psola,PSOLA,local pitch-synchronous overlap-add,-12,54,1.253877551020408,440.77489574154515,881.5497914830903,0.9988954600755791
octave_mix_440_880,octave_mixtures,440 + 880,"{""frequencies_hz"": ""440,880""}",psola,PSOLA,local pitch-synchronous overlap-add,-12,55,1.2770975056689342,440.7748062531058,881.5496125062116,0.9988957158415691
octave_mix_440_880,octave_mixtures,440 + 880,"{""frequencies_hz"": ""440,880""}",psola,PSOLA,local pitch-synchronous overlap-add,-12,56,1.3003174603174603,440.77471326209235,881.5494265241847,0.9988959790392783
octave_mix_440_880,octave_mixtures,440 + 880,"{""frequencies_hz"": ""440,880""}",psola,PSOLA,local pitch-synchronous overlap-add,-12,57,1.3235374149659864,440.77461670020983,881.5492334004197,0.9988962496246422
octave_mix_440_880,octave_mixtures,440 + 880,"{""frequencies_hz"": ""440,880""}",psola,PSOLA,local pitch-synchronous overlap-add,-12,58,1.3467573696145125,440.77451789161586,881.5490357832317,0.9988965247363459
octave_mix_440_880,octave_mixtures,440 + 880,"{""frequencies_hz"": ""440,880""}",psola,PSOLA,local pitch-synchronous overlap-add,-12,59,1.3699773242630386,440.77441726023915,881.5488345204783,0.9988967936723004
octave_mix_440_880,octave_mixtures,440 + 880,"{""frequencies_hz"": ""440,880""}",psola,PSOLA,local pitch-synchronous overlap-add,-12,60,1.3931972789115645,440.77431542084884,881.5486308416977,0.9988970640883852
octave_mix_440_880,octave_mixtures,440 + 880,"{""frequencies_hz"": ""440,880""}",psola,PSOLA,local pitch-synchronous overlap-add,-12,61,1.4164172335600906,440.774213487017,881.548426974034,0.9988973350110629
octave_mix_440_880,octave_mixtures,440 + 880,"{""frequencies_hz"": ""440,880""}",psola,PSOLA,local pitch-synchronous overlap-add,-12,62,1.4396371882086167,440.7741113099063,881.5482226198126,0.9988976034402722
octave_mix_440_880,octave_mixtures,440 + 880,"{""frequencies_hz"": ""440,880""}",psola,PSOLA,local pitch-synchronous overlap-add,-12,63,1.4628571428571429,440.7740104116246,881.5480208232492,0.998897861718299
octave_mix_440_880,octave_mixtures,440 + 880,"{""frequencies_hz"": ""440,880""}",psola,PSOLA,local pitch-synchronous overlap-add,-12,64,1.486077097505669,440.77391034580506,881.5478206916101,0.9988981132490826
octave_mix_440_880,octave_mixtures,440 + 880,"{""frequencies_hz"": ""440,880""}",psola,PSOLA,local pitch-synchronous overlap-add,-12,65,1.509297052154195,440.77381247920346,881.5476249584069,0.9988983605714461
octave_mix_440_880,octave_mixtures,440 + 880,"{""frequencies_hz"": ""440,880""}",psola,PSOLA,local pitch-synchronous overlap-add,-12,66,1.5325170068027212,440.77371660357153,881.5474332071431,0.9988986012014459
octave_mix_440_880,octave_mixtures,440 + 880,"{""frequencies_hz"": ""440,880""}",psola,PSOLA,local pitch-synchronous overlap-add,-12,67,1.555736961451247,440.77362346741825,881.5472469348365,0.9988988282249847
octave_mix_440_880,octave_mixtures,440 + 880,"{""frequencies_hz"": ""440,880""}",psola,PSOLA,local pitch-synchronous overlap-add,-12,68,1.5789569160997732,440.7735334698214,881.5470669396428,0.9988990432299063
octave_mix_440_880,octave_mixtures,440 + 880,"{""frequencies_hz"": ""440,880""}",psola,PSOLA,local pitch-synchronous overlap-add,-12,69,1.6021768707482993,440.77344653501245,881.5468930700249,0.9988992500855679
octave_mix_440_880,octave_mixtures,440 + 880,"{""frequencies_hz"": ""440,880""}",psola,PSOLA,local pitch-synchronous overlap-add,-12,70,1.6253968253968254,440.7733636626884,881.5467273253768,0.9988994488240691
octave_mix_440_880,octave_mixtures,440 + 880,"{""frequencies_hz"": ""440,880""}",psola,PSOLA,local pitch-synchronous overlap-add,-12,71,1.6486167800453515,440.77328418755343,881.5465683751069,0.998899631949644
octave_mix_440_880,octave_mixtures,440 + 880,"{""frequencies_hz"": ""440,880""}",psola,PSOLA,local pitch-synchronous overlap-add,-12,72,1.6718367346938776,440.7732093472848,881.5464186945696,0.9988997987989384
octave_mix_440_880,octave_mixtures,440 + 880,"{""frequencies_hz"": ""440,880""}",psola,PSOLA,local pitch-synchronous overlap-add,-12,73,1.6950566893424037,440.77313839234387,881.5462767846877,0.9988999552944088
octave_mix_440_880,octave_mixtures,440 + 880,"{""frequencies_hz"": ""440,880""}",psola,PSOLA,local pitch-synchronous overlap-add,-12,74,1.7182766439909296,440.7730722549345,881.546144509869,0.9989001023044753
octave_mix_440_880,octave_mixtures,440 + 880,"{""frequencies_hz"": ""440,880""}",psola,PSOLA,local pitch-synchronous overlap-add,-12,75,1.7414965986394557,440.7730106411488,881.5460212822976,0.9989002352912542
octave_mix_440_880,octave_mixtures,440 + 880,"{""frequencies_hz"": ""440,880""}",psola,PSOLA,local pitch-synchronous overlap-add,-12,76,1.7647165532879818,440.7729537475158,881.5459074950317,0.9989003474159046
octave_mix_440_880,octave_mixtures,440 + 880,"{""frequencies_hz"": ""440,880""}",psola,PSOLA,local pitch-synchronous overlap-add,-12,77,1.787936507936508,440.77290198989203,881.5458039797841,0.9989004481372926
octave_mix_440_880,octave_mixtures,440 + 880,"{""frequencies_hz"": ""440,880""}",psola,PSOLA,local pitch-synchronous overlap-add,-12,78,1.811156462585034,440.7728548595999,881.5457097191997,0.9989005383711844
octave_mix_440_880,octave_mixtures,440 + 880,"{""frequencies_hz"": ""440,880""}",psola,PSOLA,local pitch-synchronous overlap-add,-12,79,1.8343764172335602,440.77281328944207,881.5456265788841,0.9989006145307329
octave_mix_440_880,octave_mixtures,440 + 880,"{""frequencies_hz"": ""440,880""}",psola,PSOLA,local pitch-synchronous overlap-add,-12,80,1.8575963718820863,440.7727763759096,881.5455527518192,0.9989006707379102
octave_mix_440_880,octave_mixtures,440 + 880,"{""frequencies_hz"": ""440,880""}",psola,PSOLA,local pitch-synchronous overlap-add,-12,81,1.8808163265306121,440.7727451648924,881.5454903297848,0.9989007125549203
octave_mix_440_880,octave_mixtures,440 + 880,"{""frequencies_hz"": ""440,880""}",psola,PSOLA,local pitch-synchronous overlap-add,-12,82,1.9040362811791383,440.77271884039175,881.5454376807835,0.9989007431396859
octave_mix_440_880,octave_mixtures,440 + 880,"{""frequencies_hz"": ""440,880""}",psola,PSOLA,local pitch-synchronous overlap-add,-12,83,1.9272562358276644,440.77267544209735,881.5453508841947,0.9984832730476729
octave_mix_440_880,octave_mixtures,440 + 880,"{""frequencies_hz"": ""440,880""}",psola,PSOLA,local pitch-synchronous overlap-add,-12,84,1.9504761904761905,440.77263990140926,881.5452798028185,0.9922810804219179
octave_mix_440_880,octave_mixtures,440 + 880,"{""frequencies_hz"": ""440,880""}",psola,PSOLA,local pitch-synchronous overlap-add,-12,85,1.9736961451247166,440.7726931004389,881.5453862008778,0.9767735269596647
octave_mix_440_880,octave_mixtures,440 + 880,"{""frequencies_hz"": ""440,880""}",psola,PSOLA,local pitch-synchronous overlap-add,-12,86,1.9969160997732427,440.7727565839697,881.5455131679394,0.9654498705650666
octave_mix_220_440_880,octave_mixtures,220 + 440 + 880,"{""frequencies_hz"": ""220,440,880""}",phase_vocoder,Phase Vocoder,local phase vocoder,-12,0,0.0,109.94663900525276,219.89327801050553,0.843643602659378
octave_mix_220_440_880,octave_mixtures,220 + 440 + 880,"{""frequencies_hz"": ""220,440,880""}",phase_vocoder,Phase Vocoder,local phase vocoder,-12,1,0.023219954648526078,109.92553228129951,219.85106456259902,0.8871003073487417
octave_mix_220_440_880,octave_mixtures,220 + 440 + 880,"{""frequencies_hz"": ""220,440,880""}",phase_vocoder,Phase Vocoder,local phase vocoder,-12,2,0.046439909297052155,109.88807793500806,219.7761558700161,0.9545268422996024
octave_mix_220_440_880,octave_mixtures,220 + 440 + 880,"{""frequencies_hz"": ""220,440,880""}",phase_vocoder,Phase Vocoder,local phase vocoder,-12,3,0.06965986394557823,109.86041714265693,219.72083428531386,0.9805900935992005
octave_mix_220_440_880,octave_mixtures,220 + 440 + 880,"{""frequencies_hz"": ""220,440,880""}",phase_vocoder,Phase Vocoder,local phase vocoder,-12,4,0.09287981859410431,109.84448211473364,219.68896422946727,0.982896976590318
octave_mix_220_440_880,octave_mixtures,220 + 440 + 880,"{""frequencies_hz"": ""220,440,880""}",phase_vocoder,Phase Vocoder,local phase vocoder,-12,5,0.11609977324263039,109.83917554762417,219.67835109524833,0.9835657718295296
octave_mix_220_440_880,octave_mixtures,220 + 440 + 880,"{""frequencies_hz"": ""220,440,880""}",phase_vocoder,Phase Vocoder,local phase vocoder,-12,6,0.13931972789115646,109.84005125758407,219.68010251516813,0.9839801569937575
octave_mix_220_440_880,octave_mixtures,220 + 440 + 880,"{""frequencies_hz"": ""220,440,880""}",phase_vocoder,Phase Vocoder,local phase vocoder,-12,7,0.16253968253968254,109.84047057366075,219.6809411473215,0.9840687021506306
octave_mix_220_440_880,octave_mixtures,220 + 440 + 880,"{""frequencies_hz"": ""220,440,880""}",phase_vocoder,Phase Vocoder,local phase vocoder,-12,8,0.18575963718820862,109.8404791885289,219.6809583770578,0.9840726133256505
octave_mix_220_440_880,octave_mixtures,220 + 440 + 880,"{""frequencies_hz"": ""220,440,880""}",phase_vocoder,Phase Vocoder,local phase vocoder,-12,9,0.2089795918367347,109.84047555482785,219.6809511096557,0.9840717207947546
octave_mix_220_440_880,octave_mixtures,220 + 440 + 880,"{""frequencies_hz"": ""220,440,880""}",phase_vocoder,Phase Vocoder,local phase vocoder,-12,10,0.23219954648526078,109.84047463216119,219.68094926432238,0.984072672792401
octave_mix_220_440_880,octave_mixtures,220 + 440 + 880,"{""frequencies_hz"": ""220,440,880""}",phase_vocoder,Phase Vocoder,local phase vocoder,-12,11,0.25541950113378686,109.84047499597506,219.68094999195011,0.9840719052653513
octave_mix_220_440_880,octave_mixtures,220 + 440 + 880,"{""frequencies_hz"": ""220,440,880""}",phase_vocoder,Phase Vocoder,local phase vocoder,-12,12,0.2786394557823129,109.84047580809847,219.68095161619695,0.9840720228133768
octave_mix_220_440_880,octave_mixtures,220 + 440 + 880,"{""frequencies_hz"": ""220,440,880""}",phase_vocoder,Phase Vocoder,local phase vocoder,-12,13,0.301859410430839,109.84047911400724,219.68095822801448,0.9840722768243201
octave_mix_220_440_880,octave_mixtures,220 + 440 + 880,"{""frequencies_hz"": ""220,440,880""}",phase_vocoder,Phase Vocoder,local phase vocoder,-12,14,0.3250793650793651,109.84048151632524,219.68096303265048,0.9840722590838775
octave_mix_220_440_880,octave_mixtures,220 + 440 + 880,"{""frequencies_hz"": ""220,440,880""}",phase_vocoder,Phase Vocoder,local phase vocoder,-12,15,0.34829931972789113,109.84047835195778,219.68095670391557,0.9840725750557154
octave_mix_220_440_880,octave_mixtures,220 + 440 + 880,"{""frequencies_hz"": ""220,440,880""}",phase_vocoder,Phase Vocoder,local phase vocoder,-12,16,0.37151927437641724,109.84047932522823,219.68095865045646,0.9840717065637063
octave_mix_220_440_880,octave_mixtures,220 + 440 + 880,"{""frequencies_hz"": ""220,440,880""}",phase_vocoder,Phase Vocoder,local phase vocoder,-12,17,0.3947392290249433,109.84047982865563,219.68095965731126,0.984072722399581
octave_mix_220_440_880,octave_mixtures,220 + 440 + 880,"{""frequencies_hz"": ""220,440,880""}",phase_vocoder,Phase Vocoder,local phase vocoder,-12,18,0.4179591836734694,109.84047844146177,219.68095688292354,0.9840714989344044
octave_mix_220_440_880,octave_mixtures,220 + 440 + 880,"{""frequencies_hz"": ""220,440,880""}",phase_vocoder,Phase Vocoder,local phase vocoder,-12,19,0.44117913832199546,109.84047857984518,219.68095715969037,0.9840725799251955
octave_mix_220_440_880,octave_mixtures,220 + 440 + 880,"{""frequencies_hz"": ""220,440,880""}",phase_vocoder,Phase Vocoder,local phase vocoder,-12,20,0.46439909297052157,109.84047816831273,219.68095633662546,0.9840718118709546
octave_mix_220_440_880,octave_mixtures,220 + 440 + 880,"{""frequencies_hz"": ""220,440,880""}",phase_vocoder,Phase Vocoder,local phase vocoder,-12,21,0.4876190476190476,109.84047647245558,219.68095294491116,0.9840724214641611
octave_mix_220_440_880,octave_mixtures,220 + 440 + 880,"{""frequencies_hz"": ""220,440,880""}",phase_vocoder,Phase Vocoder,local phase vocoder,-12,22,0.5108390022675737,109.84047981301988,219.68095962603977,0.9840719420240063
octave_mix_220_440_880,octave_mixtures,220 + 440 + 880,"{""frequencies_hz"": ""220,440,880""}",phase_vocoder,Phase Vocoder,local phase vocoder,-12,23,0.5340589569160997,109.84047999364967,219.68095998729933,0.9840724403571631
octave_mix_220_440_880,octave_mixtures,220 + 440 + 880,"{""frequencies_hz"": ""220,440,880""}",phase_vocoder,Phase Vocoder,local phase vocoder,-12,24,0.5572789115646258,109.84047937873247,219.68095875746494,0.9840726372448242
octave_mix_220_440_880,octave_mixtures,220 + 440 + 880,"{""frequencies_hz"": ""220,440,880""}",phase_vocoder,Phase Vocoder,local phase vocoder,-12,25,0.5804988662131519,109.84048120966074,219.68096241932147,0.9840720008871414
octave_mix_220_440_880,octave_mixtures,220 + 440 + 880,"{""frequencies_hz"": ""220,440,880""}",phase_vocoder,Phase Vocoder,local phase vocoder,-12,26,0.603718820861678,109.84048175573854,219.68096351147707,0.9840724814703246
octave_mix_220_440_880,octave_mixtures,220 + 440 + 880,"{""frequencies_hz"": ""220,440,880""}",phase_vocoder,Phase Vocoder,local phase vocoder,-12,27,0.626938775510204,109.84047921056352,219.68095842112703,0.9840716041859288
octave_mix_220_440_880,octave_mixtures,220 + 440 + 880,"{""frequencies_hz"": ""220,440,880""}",phase_vocoder,Phase Vocoder,local phase vocoder,-12,28,0.6501587301587302,109.84047737251102,219.68095474502204,0.984072459045683
octave_mix_220_440_880,octave_mixtures,220 + 440 + 880,"{""frequencies_hz"": ""220,440,880""}",phase_vocoder,Phase Vocoder,local phase vocoder,-12,29,0.6733786848072563,109.84047299016584,219.68094598033167,0.9840717144631745
octave_mix_220_440_880,octave_mixtures,220 + 440 + 880,"{""frequencies_hz"": ""220,440,880""}",phase_vocoder,Phase Vocoder,local phase vocoder,-12,30,0.6965986394557823,109.84047494088162,219.68094988176324,0.9840727013370918
octave_mix_220_440_880,octave_mixtures,220 + 440 + 880,"{""frequencies_hz"": ""220,440,880""}",phase_vocoder,Phase Vocoder,local phase vocoder,-12,31,0.7198185941043084,109.84047839451956,219.68095678903913,0.9840719619898071
octave_mix_220_440_880,octave_mixtures,220 + 440 + 880,"{""frequencies_hz"": ""220,440,880""}",phase_vocoder,Phase Vocoder,local phase vocoder,-12,32,0.7430385487528345,109.84047806013778,219.68095612027557,0.9840721074421297
octave_mix_220_440_880,octave_mixtures,220 + 440 + 880,"{""frequencies_hz"": ""220,440,880""}",phase_vocoder,Phase Vocoder,local phase vocoder,-12,33,0.7662585034013606,109.84048004871029,219.68096009742058,0.984072350082315
octave_mix_220_440_880,octave_mixtures,220 + 440 + 880,"{""frequencies_hz"": ""220,440,880""}",phase_vocoder,Phase Vocoder,local phase vocoder,-12,34,0.7894784580498866,109.84048289341399,219.68096578682798,0.9840721877067958
octave_mix_220_440_880,octave_mixtures,220 + 440 + 880,"{""frequencies_hz"": ""220,440,880""}",phase_vocoder,Phase Vocoder,local phase vocoder,-12,35,0.8126984126984127,109.84047902707601,219.68095805415203,0.9840725544164989
octave_mix_220_440_880,octave_mixtures,220 + 440 + 880,"{""frequencies_hz"": ""220,440,880""}",phase_vocoder,Phase Vocoder,local phase vocoder,-12,36,0.8359183673469388,109.84047783345603,219.68095566691207,0.9840716949630146
octave_mix_220_440_880,octave_mixtures,220 + 440 + 880,"{""frequencies_hz"": ""220,440,880""}",phase_vocoder,Phase Vocoder,local phase vocoder,-12,37,0.8591383219954648,109.84047702857866,219.68095405715732,0.9840726112349941
octave_mix_220_440_880,octave_mixtures,220 + 440 + 880,"{""frequencies_hz"": ""220,440,880""}",phase_vocoder,Phase Vocoder,local phase vocoder,-12,38,0.8823582766439909,109.84047500436202,219.68095000872404,0.9840714038847393
octave_mix_220_440_880,octave_mixtures,220 + 440 + 880,"{""frequencies_hz"": ""220,440,880""}",phase_vocoder,Phase Vocoder,local phase vocoder,-12,39,0.905578231292517,109.84047641567145,219.6809528313429,0.9840726210680165
octave_mix_220_440_880,octave_mixtures,220 + 440 + 880,"{""frequencies_hz"": ""220,440,880""}",phase_vocoder,Phase Vocoder,local phase vocoder,-12,40,0.9287981859410431,109.84047968160631,219.68095936321262,0.9840718758107915
octave_mix_220_440_880,octave_mixtures,220 + 440 + 880,"{""frequencies_hz"": ""220,440,880""}",phase_vocoder,Phase Vocoder,local phase vocoder,-12,41,0.9520181405895691,109.840480779828,219.680961559656,0.9840724218249568
octave_mix_220_440_880,octave_mixtures,220 + 440 + 880,"{""frequencies_hz"": ""220,440,880""}",phase_vocoder,Phase Vocoder,local phase vocoder,-12,42,0.9752380952380952,109.84048288770711,219.68096577541422,0.984071988046824
octave_mix_220_440_880,octave_mixtures,220 + 440 + 880,"{""frequencies_hz"": ""220,440,880""}",phase_vocoder,Phase Vocoder,local phase vocoder,-12,43,0.9984580498866213,109.8404815950983,219.6809631901966,0.9840724546367228
octave_mix_220_440_880,octave_mixtures,220 + 440 + 880,"{""frequencies_hz"": ""220,440,880""}",phase_vocoder,Phase Vocoder,local phase vocoder,-12,44,1.0216780045351475,109.84048046172437,219.68096092344874,0.9840725811451484
octave_mix_220_440_880,octave_mixtures,220 + 440 + 880,"{""frequencies_hz"": ""220,440,880""}",phase_vocoder,Phase Vocoder,local phase vocoder,-12,45,1.0448979591836736,109.84048055098485,219.6809611019697,0.9840719599022826
octave_mix_220_440_880,octave_mixtures,220 + 440 + 880,"{""frequencies_hz"": ""220,440,880""}",phase_vocoder,Phase Vocoder,local phase vocoder,-12,46,1.0681179138321995,109.84047869202175,219.6809573840435,0.9840724974587868
octave_mix_220_440_880,octave_mixtures,220 + 440 + 880,"{""frequencies_hz"": ""220,440,880""}",phase_vocoder,Phase Vocoder,local phase vocoder,-12,47,1.0913378684807256,109.84047524426684,219.68095048853368,0.984071484321252
octave_mix_220_440_880,octave_mixtures,220 + 440 + 880,"{""frequencies_hz"": ""220,440,880""}",phase_vocoder,Phase Vocoder,local phase vocoder,-12,48,1.1145578231292517,109.8404749391766,219.6809498783532,0.9840722999896945
octave_mix_220_440_880,octave_mixtures,220 + 440 + 880,"{""frequencies_hz"": ""220,440,880""}",phase_vocoder,Phase Vocoder,local phase vocoder,-12,49,1.1377777777777778,109.84047302799608,219.68094605599217,0.984071674628905
octave_mix_220_440_880,octave_mixtures,220 + 440 + 880,"{""frequencies_hz"": ""220,440,880""}",phase_vocoder,Phase Vocoder,local phase vocoder,-12,50,1.1609977324263039,109.84047575972848,219.68095151945695,0.984072685850293
octave_mix_220_440_880,octave_mixtures,220 + 440 + 880,"{""frequencies_hz"": ""220,440,880""}",phase_vocoder,Phase Vocoder,local phase vocoder,-12,51,1.18421768707483,109.84047955031735,219.6809591006347,0.9840719795400096
octave_mix_220_440_880,octave_mixtures,220 + 440 + 880,"{""frequencies_hz"": ""220,440,880""}",phase_vocoder,Phase Vocoder,local phase vocoder,-12,52,1.207437641723356,109.84047874218975,219.6809574843795,0.9840721458787267
octave_mix_220_440_880,octave_mixtures,220 + 440 + 880,"{""frequencies_hz"": ""220,440,880""}",phase_vocoder,Phase Vocoder,local phase vocoder,-12,53,1.230657596371882,109.8404809010312,219.6809618020624,0.9840723560937751
octave_mix_220_440_880,octave_mixtures,220 + 440 + 880,"{""frequencies_hz"": ""220,440,880""}",phase_vocoder,Phase Vocoder,local phase vocoder,-12,54,1.253877551020408,109.84048439530612,219.68096879061224,0.9840720547715784
octave_mix_220_440_880,octave_mixtures,220 + 440 + 880,"{""frequencies_hz"": ""220,440,880""}",phase_vocoder,Phase Vocoder,local phase vocoder,-12,55,1.2770975056689342,109.84047942042794,219.68095884085588,0.9840724671515929
octave_mix_220_440_880,octave_mixtures,220 + 440 + 880,"{""frequencies_hz"": ""220,440,880""}",phase_vocoder,Phase Vocoder,local phase vocoder,-12,56,1.3003174603174603,109.84047632155733,219.68095264311467,0.9840716733204988
octave_mix_220_440_880,octave_mixtures,220 + 440 + 880,"{""frequencies_hz"": ""220,440,880""}",phase_vocoder,Phase Vocoder,local phase vocoder,-12,57,1.3235374149659864,109.84047572315764,219.68095144631528,0.9840725573250505
octave_mix_220_440_880,octave_mixtures,220 + 440 + 880,"{""frequencies_hz"": ""220,440,880""}",phase_vocoder,Phase Vocoder,local phase vocoder,-12,58,1.3467573696145125,109.84047558904834,219.68095117809668,0.9840713515912272
octave_mix_220_440_880,octave_mixtures,220 + 440 + 880,"{""frequencies_hz"": ""220,440,880""}",phase_vocoder,Phase Vocoder,local phase vocoder,-12,59,1.3699773242630386,109.84047867420033,219.68095734840065,0.9840726844128463
octave_mix_220_440_880,octave_mixtures,220 + 440 + 880,"{""frequencies_hz"": ""220,440,880""}",phase_vocoder,Phase Vocoder,local phase vocoder,-12,60,1.3931972789115645,109.84048174281679,219.68096348563358,0.9840719574811148
octave_mix_220_440_880,octave_mixtures,220 + 440 + 880,"{""frequencies_hz"": ""220,440,880""}",phase_vocoder,Phase Vocoder,local phase vocoder,-12,61,1.4164172335600906,109.84048159527444,219.68096319054888,0.9840724384571703
octave_mix_220_440_880,octave_mixtures,220 + 440 + 880,"{""frequencies_hz"": ""220,440,880""}",phase_vocoder,Phase Vocoder,local phase vocoder,-12,62,1.4396371882086167,109.84048273060927,219.68096546121853,0.984072008243946
octave_mix_220_440_880,octave_mixtures,220 + 440 + 880,"{""frequencies_hz"": ""220,440,880""}",phase_vocoder,Phase Vocoder,local phase vocoder,-12,63,1.4628571428571429,109.84048107550338,219.68096215100675,0.984072391758025
octave_mix_220_440_880,octave_mixtures,220 + 440 + 880,"{""frequencies_hz"": ""220,440,880""}",phase_vocoder,Phase Vocoder,local phase vocoder,-12,64,1.486077097505669,109.84047842381446,219.68095684762892,0.98407245664647
octave_mix_220_440_880,octave_mixtures,220 + 440 + 880,"{""frequencies_hz"": ""220,440,880""}",phase_vocoder,Phase Vocoder,local phase vocoder,-12,65,1.509297052154195,109.840476605378,219.680953210756,0.9840718821488301
octave_mix_220_440_880,octave_mixtures,220 + 440 + 880,"{""frequencies_hz"": ""220,440,880""}",phase_vocoder,Phase Vocoder,local phase vocoder,-12,66,1.5325170068027212,109.84047507012933,219.68095014025866,0.9840725419404164
octave_mix_220_440_880,octave_mixtures,220 + 440 + 880,"{""frequencies_hz"": ""220,440,880""}",phase_vocoder,Phase Vocoder,local phase vocoder,-12,67,1.555736961451247,109.84047484678928,219.68094969357855,0.9840714431110634
octave_mix_220_440_880,octave_mixtures,220 + 440 + 880,"{""frequencies_hz"": ""220,440,880""}",phase_vocoder,Phase Vocoder,local phase vocoder,-12,68,1.5789569160997732,109.84047708525097,219.68095417050193,0.9840722343988582
octave_mix_220_440_880,octave_mixtures,220 + 440 + 880,"{""frequencies_hz"": ""220,440,880""}",phase_vocoder,Phase Vocoder,local phase vocoder,-12,69,1.6021768707482993,109.84047586882055,219.6809517376411,0.984071728751401
octave_mix_220_440_880,octave_mixtures,220 + 440 + 880,"{""frequencies_hz"": ""220,440,880""}",phase_vocoder,Phase Vocoder,local phase vocoder,-12,70,1.6253968253968254,109.8404779250144,219.6809558500288,0.984072760713051
octave_mix_220_440_880,octave_mixtures,220 + 440 + 880,"{""frequencies_hz"": ""220,440,880""}",phase_vocoder,Phase Vocoder,local phase vocoder,-12,71,1.6486167800453515,109.84048115075439,219.68096230150877,0.9840720699445153
octave_mix_220_440_880,octave_mixtures,220 + 440 + 880,"{""frequencies_hz"": ""220,440,880""}",phase_vocoder,Phase Vocoder,local phase vocoder,-12,72,1.6718367346938776,109.84047906877814,219.68095813755627,0.984072217026392
octave_mix_220_440_880,octave_mixtures,220 + 440 + 880,"{""frequencies_hz"": ""220,440,880""}",phase_vocoder,Phase Vocoder,local phase vocoder,-12,73,1.6950566893424037,109.84047970245689,219.68095940491378,0.9840723300246504
octave_mix_220_440_880,octave_mixtures,220 + 440 + 880,"{""frequencies_hz"": ""220,440,880""}",phase_vocoder,Phase Vocoder,local phase vocoder,-12,74,1.7182766439909296,109.84048263558591,219.68096527117183,0.9840718673912247
octave_mix_220_440_880,octave_mixtures,220 + 440 + 880,"{""frequencies_hz"": ""220,440,880""}",phase_vocoder,Phase Vocoder,local phase vocoder,-12,75,1.7414965986394557,109.84047743310208,219.68095486620416,0.9840723589529219
octave_mix_220_440_880,octave_mixtures,220 + 440 + 880,"{""frequencies_hz"": ""220,440,880""}",phase_vocoder,Phase Vocoder,local phase vocoder,-12,76,1.7647165532879818,109.8404755261059,219.6809510522118,0.9840716933817162
octave_mix_220_440_880,octave_mixtures,220 + 440 + 880,"{""frequencies_hz"": ""220,440,880""}",phase_vocoder,Phase Vocoder,local phase vocoder,-12,77,1.787936507936508,109.84047840914621,219.68095681829243,0.9840727724718339
octave_mix_220_440_880,octave_mixtures,220 + 440 + 880,"{""frequencies_hz"": ""220,440,880""}",phase_vocoder,Phase Vocoder,local phase vocoder,-12,78,1.811156462585034,109.84041631250072,219.68083262500144,0.9840820331444786
octave_mix_220_440_880,octave_mixtures,220 + 440 + 880,"{""frequencies_hz"": ""220,440,880""}",phase_vocoder,Phase Vocoder,local phase vocoder,-12,79,1.8343764172335602,109.8397280084783,219.6794560169566,0.9841489780718025
octave_mix_220_440_880,octave_mixtures,220 + 440 + 880,"{""frequencies_hz"": ""220,440,880""}",phase_vocoder,Phase Vocoder,local phase vocoder,-12,80,1.8575963718820863,109.8408095906238,219.6816191812476,0.9841657045040177
octave_mix_220_440_880,octave_mixtures,220 + 440 + 880,"{""frequencies_hz"": ""220,440,880""}",phase_vocoder,Phase Vocoder,local phase vocoder,-12,81,1.8808163265306121,109.85165155225745,219.7033031045149,0.9838197707313835
octave_mix_220_440_880,octave_mixtures,220 + 440 + 880,"{""frequencies_hz"": ""220,440,880""}",phase_vocoder,Phase Vocoder,local phase vocoder,-12,82,1.9040362811791383,109.84664309012489,219.69328618024977,0.9827188194471612
octave_mix_220_440_880,octave_mixtures,220 + 440 + 880,"{""frequencies_hz"": ""220,440,880""}",phase_vocoder,Phase Vocoder,local phase vocoder,-12,83,1.9272562358276644,109.75144225492261,219.50288450984522,0.9796576543865888
octave_mix_220_440_880,octave_mixtures,220 + 440 + 880,"{""frequencies_hz"": ""220,440,880""}",phase_vocoder,Phase Vocoder,local phase vocoder,-12,84,1.9504761904761905,109.49079577456716,218.98159154913432,0.9658886814466295
octave_mix_220_440_880,octave_mixtures,220 + 440 + 880,"{""frequencies_hz"": ""220,440,880""}",phase_vocoder,Phase Vocoder,local phase vocoder,-12,85,1.9736961451247166,108.9869537751104,217.9739075502208,0.9332863222418721
octave_mix_220_440_880,octave_mixtures,220 + 440 + 880,"{""frequencies_hz"": ""220,440,880""}",phase_vocoder,Phase Vocoder,local phase vocoder,-12,86,1.9969160997732427,108.4660639796454,216.9321279592908,0.9059310694226231
octave_mix_220_440_880,octave_mixtures,220 + 440 + 880,"{""frequencies_hz"": ""220,440,880""}",wsola,WSOLA,local waveform-similarity overlap-add,-12,0,0.0,739.6453247770744,1479.2906495541488,0.21194817772778837
octave_mix_220_440_880,octave_mixtures,220 + 440 + 880,"{""frequencies_hz"": ""220,440,880""}",wsola,WSOLA,local waveform-similarity overlap-add,-12,1,0.023219954648526078,739.6402846897927,1479.2805693795854,0.2125863977829087
octave_mix_220_440_880,octave_mixtures,220 + 440 + 880,"{""frequencies_hz"": ""220,440,880""}",wsola,WSOLA,local waveform-similarity overlap-add,-12,2,0.046439909297052155,739.6152882421026,1479.2305764842051,0.2170588138442874
octave_mix_220_440_880,octave_mixtures,220 + 440 + 880,"{""frequencies_hz"": ""220,440,880""}",wsola,WSOLA,local waveform-similarity overlap-add,-12,3,0.06965986394557823,739.4486105791736,1478.8972211583473,0.2830188028501199
octave_mix_220_440_880,octave_mixtures,220 + 440 + 880,"{""frequencies_hz"": ""220,440,880""}",wsola,WSOLA,local waveform-similarity overlap-add,-12,4,0.09287981859410431,,,0.999606301832342
octave_mix_220_440_880,octave_mixtures,220 + 440 + 880,"{""frequencies_hz"": ""220,440,880""}",wsola,WSOLA,local waveform-similarity overlap-add,-12,5,0.11609977324263039,111.83216253893718,223.66432507787437,0.9535325767879002
octave_mix_220_440_880,octave_mixtures,220 + 440 + 880,"{""frequencies_hz"": ""220,440,880""}",wsola,WSOLA,local waveform-similarity overlap-add,-12,6,0.13931972789115646,111.89125883009385,223.7825176601877,0.9516914229393526
octave_mix_220_440_880,octave_mixtures,220 + 440 + 880,"{""frequencies_hz"": ""220,440,880""}",wsola,WSOLA,local waveform-similarity overlap-add,-12,7,0.16253968253968254,111.79649443715988,223.59298887431976,0.9545193420984898
octave_mix_220_440_880,octave_mixtures,220 + 440 + 880,"{""frequencies_hz"": ""220,440,880""}",wsola,WSOLA,local waveform-similarity overlap-add,-12,8,0.18575963718820862,111.75920021725429,223.51840043450858,0.9572486925324876
octave_mix_220_440_880,octave_mixtures,220 + 440 + 880,"{""frequencies_hz"": ""220,440,880""}",wsola,WSOLA,local waveform-similarity overlap-add,-12,9,0.2089795918367347,111.76896845310003,223.53793690620006,0.9598570688238763
octave_mix_220_440_880,octave_mixtures,220 + 440 + 880,"{""frequencies_hz"": ""220,440,880""}",wsola,WSOLA,local waveform-similarity overlap-add,-12,10,0.23219954648526078,111.71022322275846,223.42044644551692,0.9652887499333934
octave_mix_220_440_880,octave_mixtures,220 + 440 + 880,"{""frequencies_hz"": ""220,440,880""}",wsola,WSOLA,local waveform-similarity overlap-add,-12,11,0.25541950113378686,111.67901134749069,223.35802269498137,0.9692711956993229
octave_mix_220_440_880,octave_mixtures,220 + 440 + 880,"{""frequencies_hz"": ""220,440,880""}",wsola,WSOLA,local waveform-similarity overlap-add,-12,12,0.2786394557823129,111.72507098033654,223.45014196067308,0.9671933359488786
octave_mix_220_440_880,octave_mixtures,220 + 440 + 880,"{""frequencies_hz"": ""220,440,880""}",wsola,WSOLA,local waveform-similarity overlap-add,-12,13,0.301859410430839,111.74643686579714,223.49287373159427,0.9642660536215337
octave_mix_220_440_880,octave_mixtures,220 + 440 + 880,"{""frequencies_hz"": ""220,440,880""}",wsola,WSOLA,local waveform-similarity overlap-add,-12,14,0.3250793650793651,111.74403563151148,223.48807126302296,0.96708484810662
octave_mix_220_440_880,octave_mixtures,220 + 440 + 880,"{""frequencies_hz"": ""220,440,880""}",wsola,WSOLA,local waveform-similarity overlap-add,-12,15,0.34829931972789113,111.76018866836482,223.52037733672964,0.9696298164011077
octave_mix_220_440_880,octave_mixtures,220 + 440 + 880,"{""frequencies_hz"": ""220,440,880""}",wsola,WSOLA,local waveform-similarity overlap-add,-12,16,0.37151927437641724,111.76121516362984,223.52243032725968,0.9663103054183049
octave_mix_220_440_880,octave_mixtures,220 + 440 + 880,"{""frequencies_hz"": ""220,440,880""}",wsola,WSOLA,local waveform-similarity overlap-add,-12,17,0.3947392290249433,111.75717210073594,223.51434420147189,0.9611691214434951
octave_mix_220_440_880,octave_mixtures,220 + 440 + 880,"{""frequencies_hz"": ""220,440,880""}",wsola,WSOLA,local waveform-similarity overlap-add,-12,18,0.4179591836734694,111.77410170733744,223.54820341467487,0.9593224586015301
octave_mix_220_440_880,octave_mixtures,220 + 440 + 880,"{""frequencies_hz"": ""220,440,880""}",wsola,WSOLA,local waveform-similarity overlap-add,-12,19,0.44117913832199546,111.78348904708676,223.56697809417352,0.958651426126472
octave_mix_220_440_880,octave_mixtures,220 + 440 + 880,"{""frequencies_hz"": ""220,440,880""}",wsola,WSOLA,local waveform-similarity overlap-add,-12,20,0.46439909297052157,111.80231173940986,223.60462347881972,0.9581271439969027
octave_mix_220_440_880,octave_mixtures,220 + 440 + 880,"{""frequencies_hz"": ""220,440,880""}",wsola,WSOLA,local waveform-similarity overlap-add,-12,21,0.4876190476190476,111.8327852373299,223.6655704746598,0.9583604292249885
octave_mix_220_440_880,octave_mixtures,220 + 440 + 880,"{""frequencies_hz"": ""220,440,880""}",wsola,WSOLA,local waveform-similarity overlap-add,-12,22,0.5108390022675737,111.81772650221573,223.63545300443147,0.9581258339039621
octave_mix_220_440_880,octave_mixtures,220 + 440 + 880,"{""frequencies_hz"": ""220,440,880""}",wsola,WSOLA,local waveform-similarity overlap-add,-12,23,0.5340589569160997,111.78343805791381,223.56687611582763,0.9580841946908153
octave_mix_220_440_880,octave_mixtures,220 + 440 + 880,"{""frequencies_hz"": ""220,440,880""}",wsola,WSOLA,local waveform-similarity overlap-add,-12,24,0.5572789115646258,111.78713009229955,223.5742601845991,0.9588257712070419
octave_mix_220_440_880,octave_mixtures,220 + 440 + 880,"{""frequencies_hz"": ""220,440,880""}",wsola,WSOLA,local waveform-similarity overlap-add,-12,25,0.5804988662131519,111.77786931074994,223.55573862149987,0.9589154258392745
octave_mix_220_440_880,octave_mixtures,220 + 440 + 880,"{""frequencies_hz"": ""220,440,880""}",wsola,WSOLA,local waveform-similarity overlap-add,-12,26,0.603718820861678,111.75667474945648,223.51334949891296,0.9589189250141051
octave_mix_220_440_880,octave_mixtures,220 + 440 + 880,"{""frequencies_hz"": ""220,440,880""}",wsola,WSOLA,local waveform-similarity overlap-add,-12,27,0.626938775510204,111.777414093481,223.554828186962,0.9592922571422301
octave_mix_220_440_880,octave_mixtures,220 + 440 + 880,"{""frequencies_hz"": ""220,440,880""}",wsola,WSOLA,local waveform-similarity overlap-add,-12,28,0.6501587301587302,111.78208433102903,223.56416866205805,0.9591256242335909
octave_mix_220_440_880,octave_mixtures,220 + 440 + 880,"{""frequencies_hz"": ""220,440,880""}",wsola,WSOLA,local waveform-similarity overlap-add,-12,29,0.6733786848072563,111.74939258401888,223.49878516803776,0.9593902562017249
octave_mix_220_440_880,octave_mixtures,220 + 440 + 880,"{""frequencies_hz"": ""220,440,880""}",wsola,WSOLA,local waveform-similarity overlap-add,-12,30,0.6965986394557823,111.74970675538104,223.49941351076208,0.9601188256710126
octave_mix_220_440_880,octave_mixtures,220 + 440 + 880,"{""frequencies_hz"": ""220,440,880""}",wsola,WSOLA,local waveform-similarity overlap-add,-12,31,0.7198185941043084,111.76386238427061,223.52772476854122,0.9601123348566735
octave_mix_220_440_880,octave_mixtures,220 + 440 + 880,"{""frequencies_hz"": ""220,440,880""}",wsola,WSOLA,local waveform-similarity overlap-add,-12,32,0.7430385487528345,111.74610912656144,223.49221825312287,0.9602509002121689
octave_mix_220_440_880,octave_mixtures,220 + 440 + 880,"{""frequencies_hz"": ""220,440,880""}",wsola,WSOLA,local waveform-similarity overlap-add,-12,33,0.7662585034013606,111.73092423196304,223.4618484639261,0.9605063636255017
octave_mix_220_440_880,octave_mixtures,220 + 440 + 880,"{""frequencies_hz"": ""220,440,880""}",wsola,WSOLA,local waveform-similarity overlap-add,-12,34,0.7894784580498866,111.7334011408689,223.4668022817378,0.9602158040238333
octave_mix_220_440_880,octave_mixtures,220 + 440 + 880,"{""frequencies_hz"": ""220,440,880""}",wsola,WSOLA,local waveform-similarity overlap-add,-12,35,0.8126984126984127,111.72873514224531,223.45747028449063,0.960512584866189
octave_mix_220_440_880,octave_mixtures,220 + 440 + 880,"{""frequencies_hz"": ""220,440,880""}",wsola,WSOLA,local waveform-similarity overlap-add,-12,36,0.8359183673469388,111.72432059727451,223.44864119454903,0.9608988880396059
octave_mix_220_440_880,octave_mixtures,220 + 440 + 880,"{""frequencies_hz"": ""220,440,880""}",wsola,WSOLA,local waveform-similarity overlap-add,-12,37,0.8591383219954648,111.73061827432163,223.46123654864326,0.9605800408679792
octave_mix_220_440_880,octave_mixtures,220 + 440 + 880,"{""frequencies_hz"": ""220,440,880""}",wsola,WSOLA,local waveform-similarity overlap-add,-12,38,0.8823582766439909,111.73026505198357,223.46053010396713,0.9606593020745945
octave_mix_220_440_880,octave_mixtures,220 + 440 + 880,"{""frequencies_hz"": ""220,440,880""}",wsola,WSOLA,local waveform-similarity overlap-add,-12,39,0.905578231292517,111.72039816260228,223.44079632520456,0.9606041764192286
octave_mix_220_440_880,octave_mixtures,220 + 440 + 880,"{""frequencies_hz"": ""220,440,880""}",wsola,WSOLA,local waveform-similarity overlap-add,-12,40,0.9287981859410431,111.73141156733797,223.46282313467594,0.9600724910789643
octave_mix_220_440_880,octave_mixtures,220 + 440 + 880,"{""frequencies_hz"": ""220,440,880""}",wsola,WSOLA,local waveform-similarity overlap-add,-12,41,0.9520181405895691,111.76804557853359,223.53609115706718,0.96022472987078
octave_mix_220_440_880,octave_mixtures,220 + 440 + 880,"{""frequencies_hz"": ""220,440,880""}",wsola,WSOLA,local waveform-similarity overlap-add,-12,42,0.9752380952380952,111.78184870400239,223.56369740800477,0.9602058356830098
octave_mix_220_440_880,octave_mixtures,220 + 440 + 880,"{""frequencies_hz"": ""220,440,880""}",wsola,WSOLA,local waveform-similarity overlap-add,-12,43,0.9984580498866213,111.77082001093387,223.54164002186775,0.9597497489401583
octave_mix_220_440_880,octave_mixtures,220 + 440 + 880,"{""frequencies_hz"": ""220,440,880""}",wsola,WSOLA,local waveform-similarity overlap-add,-12,44,1.0216780045351475,111.77780972606993,223.55561945213987,0.9599749252660865
octave_mix_220_440_880,octave_mixtures,220 + 440 + 880,"{""frequencies_hz"": ""220,440,880""}",wsola,WSOLA,local waveform-similarity overlap-add,-12,45,1.0448979591836736,111.78774759237669,223.57549518475338,0.9599880535067077
octave_mix_220_440_880,octave_mixtures,220 + 440 + 880,"{""frequencies_hz"": ""220,440,880""}",wsola,WSOLA,local waveform-similarity overlap-add,-12,46,1.0681179138321995,111.78357598759743,223.56715197519486,0.9597436789580389
octave_mix_220_440_880,octave_mixtures,220 + 440 + 880,"{""frequencies_hz"": ""220,440,880""}",wsola,WSOLA,local waveform-similarity overlap-add,-12,47,1.0913378684807256,111.79039365472637,223.58078730945275,0.9601047951967577
octave_mix_220_440_880,octave_mixtures,220 + 440 + 880,"{""frequencies_hz"": ""220,440,880""}",wsola,WSOLA,local waveform-similarity overlap-add,-12,48,1.1145578231292517,111.78399208265898,223.56798416531797,0.9599732355938123
octave_mix_220_440_880,octave_mixtures,220 + 440 + 880,"{""frequencies_hz"": ""220,440,880""}",wsola,WSOLA,local waveform-similarity overlap-add,-12,49,1.1377777777777778,111.74611470210965,223.4922294042193,0.9596676787506765
octave_mix_220_440_880,octave_mixtures,220 + 440 + 880,"{""frequencies_hz"": ""220,440,880""}",wsola,WSOLA,local waveform-similarity overlap-add,-12,50,1.1609977324263039,111.7339358508382,223.4678717016764,0.9601487575431421
octave_mix_220_440_880,octave_mixtures,220 + 440 + 880,"{""frequencies_hz"": ""220,440,880""}",wsola,WSOLA,local waveform-similarity overlap-add,-12,51,1.18421768707483,111.74791579917459,223.49583159834918,0.9602484988383876
octave_mix_220_440_880,octave_mixtures,220 + 440 + 880,"{""frequencies_hz"": ""220,440,880""}",wsola,WSOLA,local waveform-similarity overlap-add,-12,52,1.207437641723356,111.73967570572565,223.4793514114513,0.9602337510496044
octave_mix_220_440_880,octave_mixtures,220 + 440 + 880,"{""frequencies_hz"": ""220,440,880""}",wsola,WSOLA,local waveform-similarity overlap-add,-12,53,1.230657596371882,111.72704253997293,223.45408507994586,0.960677733102474
octave_mix_220_440_880,octave_mixtures,220 + 440 + 880,"{""frequencies_hz"": ""220,440,880""}",wsola,WSOLA,local waveform-similarity overlap-add,-12,54,1.253877551020408,111.73505658572739,223.47011317145478,0.9605434311522567
octave_mix_220_440_880,octave_mixtures,220 + 440 + 880,"{""frequencies_hz"": ""220,440,880""}",wsola,WSOLA,local waveform-similarity overlap-add,-12,55,1.2770975056689342,111.75194499731644,223.50388999463289,0.960463536508549
octave_mix_220_440_880,octave_mixtures,220 + 440 + 880,"{""frequencies_hz"": ""220,440,880""}",wsola,WSOLA,local waveform-similarity overlap-add,-12,56,1.3003174603174603,111.7605146289677,223.5210292579354,0.960736589280855
octave_mix_220_440_880,octave_mixtures,220 + 440 + 880,"{""frequencies_hz"": ""220,440,880""}",wsola,WSOLA,local waveform-similarity overlap-add,-12,57,1.3235374149659864,111.74681187698866,223.49362375397732,0.9609487644760887
octave_mix_220_440_880,octave_mixtures,220 + 440 + 880,"{""frequencies_hz"": ""220,440,880""}",wsola,WSOLA,local waveform-similarity overlap-add,-12,58,1.3467573696145125,111.72125235327948,223.44250470655896,0.9641191356391008
octave_mix_220_440_880,octave_mixtures,220 + 440 + 880,"{""frequencies_hz"": ""220,440,880""}",wsola,WSOLA,local waveform-similarity overlap-add,-12,59,1.3699773242630386,111.71494757722297,223.42989515444594,0.9690463939293216
octave_mix_220_440_880,octave_mixtures,220 + 440 + 880,"{""frequencies_hz"": ""220,440,880""}",wsola,WSOLA,local waveform-similarity overlap-add,-12,60,1.3931972789115645,111.71573854638552,223.43147709277105,0.9691168854023349
octave_mix_220_440_880,octave_mixtures,220 + 440 + 880,"{""frequencies_hz"": ""220,440,880""}",wsola,WSOLA,local waveform-similarity overlap-add,-12,61,1.4164172335600906,111.72082709691253,223.44165419382506,0.9650496866818713
octave_mix_220_440_880,octave_mixtures,220 + 440 + 880,"{""frequencies_hz"": ""220,440,880""}",wsola,WSOLA,local waveform-similarity overlap-add,-12,62,1.4396371882086167,111.75727782582145,223.5145556516429,0.9655051029887702
octave_mix_220_440_880,octave_mixtures,220 + 440 + 880,"{""frequencies_hz"": ""220,440,880""}",wsola,WSOLA,local waveform-similarity overlap-add,-12,63,1.4628571428571429,111.78675235468593,223.57350470937186,0.9695749763875605
octave_mix_220_440_880,octave_mixtures,220 + 440 + 880,"{""frequencies_hz"": ""220,440,880""}",wsola,WSOLA,local waveform-similarity overlap-add,-12,64,1.486077097505669,111.76424029649647,223.52848059299293,0.9689401730172494
octave_mix_220_440_880,octave_mixtures,220 + 440 + 880,"{""frequencies_hz"": ""220,440,880""}",wsola,WSOLA,local waveform-similarity overlap-add,-12,65,1.509297052154195,111.73576467009276,223.47152934018553,0.9648511096019198
octave_mix_220_440_880,octave_mixtures,220 + 440 + 880,"{""frequencies_hz"": ""220,440,880""}",wsola,WSOLA,local waveform-similarity overlap-add,-12,66,1.5325170068027212,111.75138235955168,223.50276471910337,0.9659195427903948
octave_mix_220_440_880,octave_mixtures,220 + 440 + 880,"{""frequencies_hz"": ""220,440,880""}",wsola,WSOLA,local waveform-similarity overlap-add,-12,67,1.555736961451247,111.7566017648455,223.513203529691,0.9696836586570228
octave_mix_220_440_880,octave_mixtures,220 + 440 + 880,"{""frequencies_hz"": ""220,440,880""}",wsola,WSOLA,local waveform-similarity overlap-add,-12,68,1.5789569160997732,111.73184069323015,223.4636813864603,0.9682072615954143
octave_mix_220_440_880,octave_mixtures,220 + 440 + 880,"{""frequencies_hz"": ""220,440,880""}",wsola,WSOLA,local waveform-similarity overlap-add,-12,69,1.6021768707482993,111.74974471218187,223.49948942436373,0.9628763044590131
octave_mix_220_440_880,octave_mixtures,220 + 440 + 880,"{""frequencies_hz"": ""220,440,880""}",wsola,WSOLA,local waveform-similarity overlap-add,-12,70,1.6253968253968254,111.7971696079823,223.5943392159646,0.959974136497272
octave_mix_220_440_880,octave_mixtures,220 + 440 + 880,"{""frequencies_hz"": ""220,440,880""}",wsola,WSOLA,local waveform-similarity overlap-add,-12,71,1.6486167800453515,111.78956015830872,223.57912031661743,0.9589864742795035
octave_mix_220_440_880,octave_mixtures,220 + 440 + 880,"{""frequencies_hz"": ""220,440,880""}",wsola,WSOLA,local waveform-similarity overlap-add,-12,72,1.6718367346938776,111.7776436734766,223.5552873469532,0.9580210301126842
octave_mix_220_440_880,octave_mixtures,220 + 440 + 880,"{""frequencies_hz"": ""220,440,880""}",wsola,WSOLA,local waveform-similarity overlap-add,-12,73,1.6950566893424037,111.8149748623529,223.6299497247058,0.9580871706641094
octave_mix_220_440_880,octave_mixtures,220 + 440 + 880,"{""frequencies_hz"": ""220,440,880""}",wsola,WSOLA,local waveform-similarity overlap-add,-12,74,1.7182766439909296,111.81852080906008,223.63704161812015,0.9581111820464857
octave_mix_220_440_880,octave_mixtures,220 + 440 + 880,"{""frequencies_hz"": ""220,440,880""}",wsola,WSOLA,local waveform-similarity overlap-add,-12,75,1.7414965986394557,111.77793143184881,223.55586286369763,0.9578538568303923
octave_mix_220_440_880,octave_mixtures,220 + 440 + 880,"{""frequencies_hz"": ""220,440,880""}",wsola,WSOLA,local waveform-similarity overlap-add,-12,76,1.7647165532879818,111.7733192870975,223.546638574195,0.9584305355267532
octave_mix_220_440_880,octave_mixtures,220 + 440 + 880,"{""frequencies_hz"": ""220,440,880""}",wsola,WSOLA,local waveform-similarity overlap-add,-12,77,1.787936507936508,111.77575000829187,223.55150001658373,0.9586696914923252
octave_mix_220_440_880,octave_mixtures,220 + 440 + 880,"{""frequencies_hz"": ""220,440,880""}",wsola,WSOLA,local waveform-similarity overlap-add,-12,78,1.811156462585034,111.75561716691165,223.5112343338233,0.9584398218662215
octave_mix_220_440_880,octave_mixtures,220 + 440 + 880,"{""frequencies_hz"": ""220,440,880""}",wsola,WSOLA,local waveform-similarity overlap-add,-12,79,1.8343764172335602,111.76232013404712,223.52464026809423,0.9586438802825025
octave_mix_220_440_880,octave_mixtures,220 + 440 + 880,"{""frequencies_hz"": ""220,440,880""}",wsola,WSOLA,local waveform-similarity overlap-add,-12,80,1.8575963718820863,111.77431273153451,223.54862546306902,0.9584355816454128
octave_mix_220_440_880,octave_mixtures,220 + 440 + 880,"{""frequencies_hz"": ""220,440,880""}",wsola,WSOLA,local waveform-similarity overlap-add,-12,81,1.8808163265306121,111.77065942015038,223.54131884030076,0.9587083273275976
octave_mix_220_440_880,octave_mixtures,220 + 440 + 880,"{""frequencies_hz"": ""220,440,880""}",wsola,WSOLA,local waveform-similarity overlap-add,-12,82,1.9040362811791383,111.87175544350244,223.74351088700487,0.9613480812797441
octave_mix_220_440_880,octave_mixtures,220 + 440 + 880,"{""frequencies_hz"": ""220,440,880""}",wsola,WSOLA,local waveform-similarity overlap-add,-12,83,1.9272562358276644,711.5930484894184,1423.1860969788368,0.16677523471918107
octave_mix_220_440_880,octave_mixtures,220 + 440 + 880,"{""frequencies_hz"": ""220,440,880""}",wsola,WSOLA,local waveform-similarity overlap-add,-12,84,1.9504761904761905,,,0.09083272239244944
octave_mix_220_440_880,octave_mixtures,220 + 440 + 880,"{""frequencies_hz"": ""220,440,880""}",wsola,WSOLA,local waveform-similarity overlap-add,-12,85,1.9736961451247166,,,0.08698697496219633
octave_mix_220_440_880,octave_mixtures,220 + 440 + 880,"{""frequencies_hz"": ""220,440,880""}",wsola,WSOLA,local waveform-similarity overlap-add,-12,86,1.9969160997732427,,,0.08643002075716577
octave_mix_220_440_880,octave_mixtures,220 + 440 + 880,"{""frequencies_hz"": ""220,440,880""}",rubber_band,Rubber Band,local hybrid spectral/time-domain proxy,-12,0,0.0,529.6595603960825,1059.319120792165,0.42756488401590986
octave_mix_220_440_880,octave_mixtures,220 + 440 + 880,"{""frequencies_hz"": ""220,440,880""}",rubber_band,Rubber Band,local hybrid spectral/time-domain proxy,-12,1,0.023219954648526078,529.6639066126305,1059.327813225261,0.42825273489131277
octave_mix_220_440_880,octave_mixtures,220 + 440 + 880,"{""frequencies_hz"": ""220,440,880""}",rubber_band,Rubber Band,local hybrid spectral/time-domain proxy,-12,2,0.046439909297052155,529.6840645565716,1059.3681291131431,0.4330754801732273
octave_mix_220_440_880,octave_mixtures,220 + 440 + 880,"{""frequencies_hz"": ""220,440,880""}",rubber_band,Rubber Band,local hybrid spectral/time-domain proxy,-12,3,0.06965986394557823,529.7737667243724,1059.5475334487448,0.5014426122169082
octave_mix_220_440_880,octave_mixtures,220 + 440 + 880,"{""frequencies_hz"": ""220,440,880""}",rubber_band,Rubber Band,local hybrid spectral/time-domain proxy,-12,4,0.09287981859410431,251.10597295421812,502.21194590843623,0.9991062291518467
octave_mix_220_440_880,octave_mixtures,220 + 440 + 880,"{""frequencies_hz"": ""220,440,880""}",rubber_band,Rubber Band,local hybrid spectral/time-domain proxy,-12,5,0.11609977324263039,111.82464542721873,223.64929085443745,0.9491435807742868
octave_mix_220_440_880,octave_mixtures,220 + 440 + 880,"{""frequencies_hz"": ""220,440,880""}",rubber_band,Rubber Band,local hybrid spectral/time-domain proxy,-12,6,0.13931972789115646,111.85358678989621,223.70717357979242,0.9462044307467619
octave_mix_220_440_880,octave_mixtures,220 + 440 + 880,"{""frequencies_hz"": ""220,440,880""}",rubber_band,Rubber Band,local hybrid spectral/time-domain proxy,-12,7,0.16253968253968254,111.75889506996374,223.51779013992748,0.9494818545454998
octave_mix_220_440_880,octave_mixtures,220 + 440 + 880,"{""frequencies_hz"": ""220,440,880""}",rubber_band,Rubber Band,local hybrid spectral/time-domain proxy,-12,8,0.18575963718820862,111.73924191741743,223.47848383483486,0.9523433395802018
octave_mix_220_440_880,octave_mixtures,220 + 440 + 880,"{""frequencies_hz"": ""220,440,880""}",rubber_band,Rubber Band,local hybrid spectral/time-domain proxy,-12,9,0.2089795918367347,111.79382211801466,223.58764423602932,0.9530936550957814
octave_mix_220_440_880,octave_mixtures,220 + 440 + 880,"{""frequencies_hz"": ""220,440,880""}",rubber_band,Rubber Band,local hybrid spectral/time-domain proxy,-12,10,0.23219954648526078,111.77934382574823,223.55868765149646,0.9538433596312752
octave_mix_220_440_880,octave_mixtures,220 + 440 + 880,"{""frequencies_hz"": ""220,440,880""}",rubber_band,Rubber Band,local hybrid spectral/time-domain proxy,-12,11,0.25541950113378686,111.72491835552385,223.4498367110477,0.9540649253447672
octave_mix_220_440_880,octave_mixtures,220 + 440 + 880,"{""frequencies_hz"": ""220,440,880""}",rubber_band,Rubber Band,local hybrid spectral/time-domain proxy,-12,12,0.2786394557823129,111.73204814282533,223.46409628565067,0.9539534367772621
octave_mix_220_440_880,octave_mixtures,220 + 440 + 880,"{""frequencies_hz"": ""220,440,880""}",rubber_band,Rubber Band,local hybrid spectral/time-domain proxy,-12,13,0.301859410430839,111.75214904030882,223.50429808061764,0.9546114934584438
octave_mix_220_440_880,octave_mixtures,220 + 440 + 880,"{""frequencies_hz"": ""220,440,880""}",rubber_band,Rubber Band,local hybrid spectral/time-domain proxy,-12,14,0.3250793650793651,111.75130176508378,223.50260353016756,0.9541683299295193
octave_mix_220_440_880,octave_mixtures,220 + 440 + 880,"{""frequencies_hz"": ""220,440,880""}",rubber_band,Rubber Band,local hybrid spectral/time-domain proxy,-12,15,0.34829931972789113,111.80395282342496,223.60790564684993,0.9525989419363544
octave_mix_220_440_880,octave_mixtures,220 + 440 + 880,"{""frequencies_hz"": ""220,440,880""}",rubber_band,Rubber Band,local hybrid spectral/time-domain proxy,-12,16,0.37151927437641724,111.90071019615641,223.80142039231282,0.9518152066886161
octave_mix_220_440_880,octave_mixtures,220 + 440 + 880,"{""frequencies_hz"": ""220,440,880""}",rubber_band,Rubber Band,local hybrid spectral/time-domain proxy,-12,17,0.3947392290249433,111.94471641812157,223.88943283624315,0.9506501606656385
octave_mix_220_440_880,octave_mixtures,220 + 440 + 880,"{""frequencies_hz"": ""220,440,880""}",rubber_band,Rubber Band,local hybrid spectral/time-domain proxy,-12,18,0.4179591836734694,111.95898354665188,223.91796709330376,0.9493190800405523
octave_mix_220_440_880,octave_mixtures,220 + 440 + 880,"{""frequencies_hz"": ""220,440,880""}",rubber_band,Rubber Band,local hybrid spectral/time-domain proxy,-12,19,0.44117913832199546,111.97904806198311,223.95809612396621,0.9490352408639706
octave_mix_220_440_880,octave_mixtures,220 + 440 + 880,"{""frequencies_hz"": ""220,440,880""}",rubber_band,Rubber Band,local hybrid spectral/time-domain proxy,-12,20,0.46439909297052157,111.9609740444912,223.9219480889824,0.9481102791534154
octave_mix_220_440_880,octave_mixtures,220 + 440 + 880,"{""frequencies_hz"": ""220,440,880""}",rubber_band,Rubber Band,local hybrid spectral/time-domain proxy,-12,21,0.4876190476190476,111.94727207391148,223.89454414782296,0.9478143963829835
octave_mix_220_440_880,octave_mixtures,220 + 440 + 880,"{""frequencies_hz"": ""220,440,880""}",rubber_band,Rubber Band,local hybrid spectral/time-domain proxy,-12,22,0.5108390022675737,111.98492048222802,223.96984096445604,0.9494567978144104
octave_mix_220_440_880,octave_mixtures,220 + 440 + 880,"{""frequencies_hz"": ""220,440,880""}",rubber_band,Rubber Band,local hybrid spectral/time-domain proxy,-12,23,0.5340589569160997,111.97252036784661,223.94504073569323,0.9509209676277404
octave_mix_220_440_880,octave_mixtures,220 + 440 + 880,"{""frequencies_hz"": ""220,440,880""}",rubber_band,Rubber Band,local hybrid spectral/time-domain proxy,-12,24,0.5572789115646258,111.91730628801331,223.83461257602661,0.955354457907333
octave_mix_220_440_880,octave_mixtures,220 + 440 + 880,"{""frequencies_hz"": ""220,440,880""}",rubber_band,Rubber Band,local hybrid spectral/time-domain proxy,-12,25,0.5804988662131519,111.94801598846556,223.8960319769311,0.9623873672794565
octave_mix_220_440_880,octave_mixtures,220 + 440 + 880,"{""frequencies_hz"": ""220,440,880""}",rubber_band,Rubber Band,local hybrid spectral/time-domain proxy,-12,26,0.603718820861678,111.98651566085987,223.97303132171973,0.9630419296542384
octave_mix_220_440_880,octave_mixtures,220 + 440 + 880,"{""frequencies_hz"": ""220,440,880""}",rubber_band,Rubber Band,local hybrid spectral/time-domain proxy,-12,27,0.626938775510204,111.98227204268298,223.96454408536596,0.9570405469090864
octave_mix_220_440_880,octave_mixtures,220 + 440 + 880,"{""frequencies_hz"": ""220,440,880""}",rubber_band,Rubber Band,local hybrid spectral/time-domain proxy,-12,28,0.6501587301587302,112.03544072731698,224.07088145463396,0.9562787244584352
octave_mix_220_440_880,octave_mixtures,220 + 440 + 880,"{""frequencies_hz"": ""220,440,880""}",rubber_band,Rubber Band,local hybrid spectral/time-domain proxy,-12,29,0.6733786848072563,112.09196116029447,224.18392232058895,0.9624040411367785
octave_mix_220_440_880,octave_mixtures,220 + 440 + 880,"{""frequencies_hz"": ""220,440,880""}",rubber_band,Rubber Band,local hybrid spectral/time-domain proxy,-12,30,0.6965986394557823,112.01347994574856,224.0269598914971,0.9629373186127165
octave_mix_220_440_880,octave_mixtures,220 + 440 + 880,"{""frequencies_hz"": ""220,440,880""}",rubber_band,Rubber Band,local hybrid spectral/time-domain proxy,-12,31,0.7198185941043084,111.91641671547019,223.83283343094038,0.9556790738952011
octave_mix_220_440_880,octave_mixtures,220 + 440 + 880,"{""frequencies_hz"": ""220,440,880""}",rubber_band,Rubber Band,local hybrid spectral/time-domain proxy,-12,32,0.7430385487528345,111.99119895108458,223.98239790216917,0.9498891937692054
octave_mix_220_440_880,octave_mixtures,220 + 440 + 880,"{""frequencies_hz"": ""220,440,880""}",rubber_band,Rubber Band,local hybrid spectral/time-domain proxy,-12,33,0.7662585034013606,112.09137474003317,224.18274948006635,0.9485394341530835
octave_mix_220_440_880,octave_mixtures,220 + 440 + 880,"{""frequencies_hz"": ""220,440,880""}",rubber_band,Rubber Band,local hybrid spectral/time-domain proxy,-12,34,0.7894784580498866,112.10647891792087,224.21295783584173,0.9473450178711784
octave_mix_220_440_880,octave_mixtures,220 + 440 + 880,"{""frequencies_hz"": ""220,440,880""}",rubber_band,Rubber Band,local hybrid spectral/time-domain proxy,-12,35,0.8126984126984127,112.10521780011494,224.21043560022989,0.9475196917815959
octave_mix_220_440_880,octave_mixtures,220 + 440 + 880,"{""frequencies_hz"": ""220,440,880""}",rubber_band,Rubber Band,local hybrid spectral/time-domain proxy,-12,36,0.8359183673469388,112.06457314339019,224.12914628678038,0.948644550057427
octave_mix_220_440_880,octave_mixtures,220 + 440 + 880,"{""frequencies_hz"": ""220,440,880""}",rubber_band,Rubber Band,local hybrid spectral/time-domain proxy,-12,37,0.8591383219954648,111.94828063346709,223.89656126693419,0.9492503976456624
octave_mix_220_440_880,octave_mixtures,220 + 440 + 880,"{""frequencies_hz"": ""220,440,880""}",rubber_band,Rubber Band,local hybrid spectral/time-domain proxy,-12,38,0.8823582766439909,111.88226214992595,223.7645242998519,0.950698657122241
octave_mix_220_440_880,octave_mixtures,220 + 440 + 880,"{""frequencies_hz"": ""220,440,880""}",rubber_band,Rubber Band,local hybrid spectral/time-domain proxy,-12,39,0.905578231292517,111.89893891210191,223.79787782420382,0.9515767191766416
octave_mix_220_440_880,octave_mixtures,220 + 440 + 880,"{""frequencies_hz"": ""220,440,880""}",rubber_band,Rubber Band,local hybrid spectral/time-domain proxy,-12,40,0.9287981859410431,111.89584291458166,223.79168582916333,0.9510904271972067
octave_mix_220_440_880,octave_mixtures,220 + 440 + 880,"{""frequencies_hz"": ""220,440,880""}",rubber_band,Rubber Band,local hybrid spectral/time-domain proxy,-12,41,0.9520181405895691,111.8969961277514,223.7939922555028,0.9515073346756772
octave_mix_220_440_880,octave_mixtures,220 + 440 + 880,"{""frequencies_hz"": ""220,440,880""}",rubber_band,Rubber Band,local hybrid spectral/time-domain proxy,-12,42,0.9752380952380952,111.91437190703759,223.82874381407518,0.9521835444936759
octave_mix_220_440_880,octave_mixtures,220 + 440 + 880,"{""frequencies_hz"": ""220,440,880""}",rubber_band,Rubber Band,local hybrid spectral/time-domain proxy,-12,43,0.9984580498866213,111.86403195888298,223.72806391776595,0.9522088499603885
octave_mix_220_440_880,octave_mixtures,220 + 440 + 880,"{""frequencies_hz"": ""220,440,880""}",rubber_band,Rubber Band,local hybrid spectral/time-domain proxy,-12,44,1.0216780045351475,111.7926429854223,223.5852859708446,0.95280472184825
octave_mix_220_440_880,octave_mixtures,220 + 440 + 880,"{""frequencies_hz"": ""220,440,880""}",rubber_band,Rubber Band,local hybrid spectral/time-domain proxy,-12,45,1.0448979591836736,111.78596348907959,223.57192697815918,0.9529506036588015
octave_mix_220_440_880,octave_mixtures,220 + 440 + 880,"{""frequencies_hz"": ""220,440,880""}",rubber_band,Rubber Band,local hybrid spectral/time-domain proxy,-12,46,1.0681179138321995,111.80291078495625,223.6058215699125,0.9530197634255773
octave_mix_220_440_880,octave_mixtures,220 + 440 + 880,"{""frequencies_hz"": ""220,440,880""}",rubber_band,Rubber Band,local hybrid spectral/time-domain proxy,-12,47,1.0913378684807256,111.80302144437005,223.6060428887401,0.9543131458100155
octave_mix_220_440_880,octave_mixtures,220 + 440 + 880,"{""frequencies_hz"": ""220,440,880""}",rubber_band,Rubber Band,local hybrid spectral/time-domain proxy,-12,48,1.1145578231292517,111.80140422199982,223.60280844399963,0.9548744586519791
octave_mix_220_440_880,octave_mixtures,220 + 440 + 880,"{""frequencies_hz"": ""220,440,880""}",rubber_band,Rubber Band,local hybrid spectral/time-domain proxy,-12,49,1.1377777777777778,111.79751268641581,223.59502537283163,0.9547012789702655
octave_mix_220_440_880,octave_mixtures,220 + 440 + 880,"{""frequencies_hz"": ""220,440,880""}",rubber_band,Rubber Band,local hybrid spectral/time-domain proxy,-12,50,1.1609977324263039,111.78146126276273,223.56292252552547,0.9549999722428862
octave_mix_220_440_880,octave_mixtures,220 + 440 + 880,"{""frequencies_hz"": ""220,440,880""}",rubber_band,Rubber Band,local hybrid spectral/time-domain proxy,-12,51,1.18421768707483,111.77163981601863,223.54327963203727,0.9546148407640854
octave_mix_220_440_880,octave_mixtures,220 + 440 + 880,"{""frequencies_hz"": ""220,440,880""}",rubber_band,Rubber Band,local hybrid spectral/time-domain proxy,-12,52,1.207437641723356,111.79803737427515,223.5960747485503,0.9541890960341824
octave_mix_220_440_880,octave_mixtures,220 + 440 + 880,"{""frequencies_hz"": ""220,440,880""}",rubber_band,Rubber Band,local hybrid spectral/time-domain proxy,-12,53,1.230657596371882,111.83884355653709,223.67768711307417,0.9542088342419353
octave_mix_220_440_880,octave_mixtures,220 + 440 + 880,"{""frequencies_hz"": ""220,440,880""}",rubber_band,Rubber Band,local hybrid spectral/time-domain proxy,-12,54,1.253877551020408,111.84592885568716,223.69185771137433,0.9529881237771125
octave_mix_220_440_880,octave_mixtures,220 + 440 + 880,"{""frequencies_hz"": ""220,440,880""}",rubber_band,Rubber Band,local hybrid spectral/time-domain proxy,-12,55,1.2770975056689342,111.84991340829913,223.69982681659826,0.9519812761267842
octave_mix_220_440_880,octave_mixtures,220 + 440 + 880,"{""frequencies_hz"": ""220,440,880""}",rubber_band,Rubber Band,local hybrid spectral/time-domain proxy,-12,56,1.3003174603174603,111.87382177421885,223.7476435484377,0.9523210678103328
octave_mix_220_440_880,octave_mixtures,220 + 440 + 880,"{""frequencies_hz"": ""220,440,880""}",rubber_band,Rubber Band,local hybrid spectral/time-domain proxy,-12,57,1.3235374149659864,111.8720536144411,223.7441072288822,0.95299350691378
octave_mix_220_440_880,octave_mixtures,220 + 440 + 880,"{""frequencies_hz"": ""220,440,880""}",rubber_band,Rubber Band,local hybrid spectral/time-domain proxy,-12,58,1.3467573696145125,111.86468722322522,223.72937444645044,0.9577084451547159
octave_mix_220_440_880,octave_mixtures,220 + 440 + 880,"{""frequencies_hz"": ""220,440,880""}",rubber_band,Rubber Band,local hybrid spectral/time-domain proxy,-12,59,1.3699773242630386,111.89486508972438,223.78973017944875,0.9645147091784089
octave_mix_220_440_880,octave_mixtures,220 + 440 + 880,"{""frequencies_hz"": ""220,440,880""}",rubber_band,Rubber Band,local hybrid spectral/time-domain proxy,-12,60,1.3931972789115645,111.88956594442209,223.77913188884418,0.9643221199431528
octave_mix_220_440_880,octave_mixtures,220 + 440 + 880,"{""frequencies_hz"": ""220,440,880""}",rubber_band,Rubber Band,local hybrid spectral/time-domain proxy,-12,61,1.4164172335600906,111.83764956961583,223.67529913923167,0.9574045048132429
octave_mix_220_440_880,octave_mixtures,220 + 440 + 880,"{""frequencies_hz"": ""220,440,880""}",rubber_band,Rubber Band,local hybrid spectral/time-domain proxy,-12,62,1.4396371882086167,111.83375986710055,223.6675197342011,0.9531089439516579
octave_mix_220_440_880,octave_mixtures,220 + 440 + 880,"{""frequencies_hz"": ""220,440,880""}",rubber_band,Rubber Band,local hybrid spectral/time-domain proxy,-12,63,1.4628571428571429,111.85031085364254,223.70062170728508,0.9528286558609698
octave_mix_220_440_880,octave_mixtures,220 + 440 + 880,"{""frequencies_hz"": ""220,440,880""}",rubber_band,Rubber Band,local hybrid spectral/time-domain proxy,-12,64,1.486077097505669,111.84596404101926,223.69192808203852,0.953498620121971
octave_mix_220_440_880,octave_mixtures,220 + 440 + 880,"{""frequencies_hz"": ""220,440,880""}",rubber_band,Rubber Band,local hybrid spectral/time-domain proxy,-12,65,1.509297052154195,111.8958818347813,223.7917636695626,0.9588264524647756
octave_mix_220_440_880,octave_mixtures,220 + 440 + 880,"{""frequencies_hz"": ""220,440,880""}",rubber_band,Rubber Band,local hybrid spectral/time-domain proxy,-12,66,1.5325170068027212,111.97090394795315,223.9418078959063,0.9646753710534479
octave_mix_220_440_880,octave_mixtures,220 + 440 + 880,"{""frequencies_hz"": ""220,440,880""}",rubber_band,Rubber Band,local hybrid spectral/time-domain proxy,-12,67,1.555736961451247,111.95899591067331,223.91799182134662,0.9625213661224655
octave_mix_220_440_880,octave_mixtures,220 + 440 + 880,"{""frequencies_hz"": ""220,440,880""}",rubber_band,Rubber Band,local hybrid spectral/time-domain proxy,-12,68,1.5789569160997732,111.9340166169471,223.8680332338942,0.956337577066316
octave_mix_220_440_880,octave_mixtures,220 + 440 + 880,"{""frequencies_hz"": ""220,440,880""}",rubber_band,Rubber Band,local hybrid spectral/time-domain proxy,-12,69,1.6021768707482993,111.98738841169191,223.97477682338382,0.9586138414795592
octave_mix_220_440_880,octave_mixtures,220 + 440 + 880,"{""frequencies_hz"": ""220,440,880""}",rubber_band,Rubber Band,local hybrid spectral/time-domain proxy,-12,70,1.6253968253968254,111.99402666927412,223.98805333854824,0.9637149008597611
octave_mix_220_440_880,octave_mixtures,220 + 440 + 880,"{""frequencies_hz"": ""220,440,880""}",rubber_band,Rubber Band,local hybrid spectral/time-domain proxy,-12,71,1.6486167800453515,111.91428405048087,223.82856810096175,0.9611732555088519
octave_mix_220_440_880,octave_mixtures,220 + 440 + 880,"{""frequencies_hz"": ""220,440,880""}",rubber_band,Rubber Band,local hybrid spectral/time-domain proxy,-12,72,1.6718367346938776,111.92372919017681,223.84745838035363,0.9538088037848527
octave_mix_220_440_880,octave_mixtures,220 + 440 + 880,"{""frequencies_hz"": ""220,440,880""}",rubber_band,Rubber Band,local hybrid spectral/time-domain proxy,-12,73,1.6950566893424037,112.02848726570569,224.05697453141138,0.9503193037407048
octave_mix_220_440_880,octave_mixtures,220 + 440 + 880,"{""frequencies_hz"": ""220,440,880""}",rubber_band,Rubber Band,local hybrid spectral/time-domain proxy,-12,74,1.7182766439909296,112.04428922554388,224.08857845108776,0.9482849259986792
octave_mix_220_440_880,octave_mixtures,220 + 440 + 880,"{""frequencies_hz"": ""220,440,880""}",rubber_band,Rubber Band,local hybrid spectral/time-domain proxy,-12,75,1.7414965986394557,112.04099109342657,224.08198218685314,0.9457102425752959
octave_mix_220_440_880,octave_mixtures,220 + 440 + 880,"{""frequencies_hz"": ""220,440,880""}",rubber_band,Rubber Band,local hybrid spectral/time-domain proxy,-12,76,1.7647165532879818,112.1131438604576,224.2262877209152,0.9449905003558383
octave_mix_220_440_880,octave_mixtures,220 + 440 + 880,"{""frequencies_hz"": ""220,440,880""}",rubber_band,Rubber Band,local hybrid spectral/time-domain proxy,-12,77,1.787936507936508,112.16084458764212,224.32168917528423,0.9446024580930671
octave_mix_220_440_880,octave_mixtures,220 + 440 + 880,"{""frequencies_hz"": ""220,440,880""}",rubber_band,Rubber Band,local hybrid spectral/time-domain proxy,-12,78,1.811156462585034,112.15348750888808,224.30697501777615,0.9442004988292253
octave_mix_220_440_880,octave_mixtures,220 + 440 + 880,"{""frequencies_hz"": ""220,440,880""}",rubber_band,Rubber Band,local hybrid spectral/time-domain proxy,-12,79,1.8343764172335602,112.14850626253723,224.29701252507445,0.944852065784228
octave_mix_220_440_880,octave_mixtures,220 + 440 + 880,"{""frequencies_hz"": ""220,440,880""}",rubber_band,Rubber Band,local hybrid spectral/time-domain proxy,-12,80,1.8575963718820863,112.10443474453854,224.20886948907707,0.9443943784157712
octave_mix_220_440_880,octave_mixtures,220 + 440 + 880,"{""frequencies_hz"": ""220,440,880""}",rubber_band,Rubber Band,local hybrid spectral/time-domain proxy,-12,81,1.8808163265306121,112.05013657666686,224.10027315333372,0.9445593861300554
octave_mix_220_440_880,octave_mixtures,220 + 440 + 880,"{""frequencies_hz"": ""220,440,880""}",rubber_band,Rubber Band,local hybrid spectral/time-domain proxy,-12,82,1.9040362811791383,112.12599788497528,224.25199576995055,0.9505093052858484
octave_mix_220_440_880,octave_mixtures,220 + 440 + 880,"{""frequencies_hz"": ""220,440,880""}",rubber_band,Rubber Band,local hybrid spectral/time-domain proxy,-12,83,1.9272562358276644,752.077213032258,1504.154426064516,0.1678138234898534
octave_mix_220_440_880,octave_mixtures,220 + 440 + 880,"{""frequencies_hz"": ""220,440,880""}",rubber_band,Rubber Band,local hybrid spectral/time-domain proxy,-12,84,1.9504761904761905,,,0.09014306179620554
octave_mix_220_440_880,octave_mixtures,220 + 440 + 880,"{""frequencies_hz"": ""220,440,880""}",rubber_band,Rubber Band,local hybrid spectral/time-domain proxy,-12,85,1.9736961451247166,,,0.08620464836406443
octave_mix_220_440_880,octave_mixtures,220 + 440 + 880,"{""frequencies_hz"": ""220,440,880""}",rubber_band,Rubber Band,local hybrid spectral/time-domain proxy,-12,86,1.9969160997732427,,,0.08563454055917194
octave_mix_220_440_880,octave_mixtures,220 + 440 + 880,"{""frequencies_hz"": ""220,440,880""}",psola,PSOLA,local pitch-synchronous overlap-add,-12,0,0.0,220.3850325631204,440.7700651262408,0.926632494492658
octave_mix_220_440_880,octave_mixtures,220 + 440 + 880,"{""frequencies_hz"": ""220,440,880""}",psola,PSOLA,local pitch-synchronous overlap-add,-12,1,0.023219954648526078,220.38485040344082,440.76970080688164,0.9461928851503909
octave_mix_220_440_880,octave_mixtures,220 + 440 + 880,"{""frequencies_hz"": ""220,440,880""}",psola,PSOLA,local pitch-synchronous overlap-add,-12,2,0.046439909297052155,220.3846324827924,440.7692649655848,0.9791132368204157
octave_mix_220_440_880,octave_mixtures,220 + 440 + 880,"{""frequencies_hz"": ""220,440,880""}",psola,PSOLA,local pitch-synchronous overlap-add,-12,3,0.06965986394557823,220.38467459740735,440.7693491948147,0.9942768695522793
octave_mix_220_440_880,octave_mixtures,220 + 440 + 880,"{""frequencies_hz"": ""220,440,880""}",psola,PSOLA,local pitch-synchronous overlap-add,-12,4,0.09287981859410431,220.38476613475598,440.76953226951196,0.995768448407218
octave_mix_220_440_880,octave_mixtures,220 + 440 + 880,"{""frequencies_hz"": ""220,440,880""}",psola,PSOLA,local pitch-synchronous overlap-add,-12,5,0.11609977324263039,220.38477007884413,440.76954015768825,0.9957684731336566
octave_mix_220_440_880,octave_mixtures,220 + 440 + 880,"{""frequencies_hz"": ""220,440,880""}",psola,PSOLA,local pitch-synchronous overlap-add,-12,6,0.13931972789115646,220.38477163506283,440.76954327012567,0.9957684034798046
octave_mix_220_440_880,octave_mixtures,220 + 440 + 880,"{""frequencies_hz"": ""220,440,880""}",psola,PSOLA,local pitch-synchronous overlap-add,-12,7,0.16253968253968254,220.38477618027125,440.7695523605425,0.9957683031300174
octave_mix_220_440_880,octave_mixtures,220 + 440 + 880,"{""frequencies_hz"": ""220,440,880""}",psola,PSOLA,local pitch-synchronous overlap-add,-12,8,0.18575963718820862,220.38478138942673,440.76956277885347,0.9957681849610402
octave_mix_220_440_880,octave_mixtures,220 + 440 + 880,"{""frequencies_hz"": ""220,440,880""}",psola,PSOLA,local pitch-synchronous overlap-add,-12,9,0.2089795918367347,220.38478279365245,440.7695655873049,0.9957680500561966
octave_mix_220_440_880,octave_mixtures,220 + 440 + 880,"{""frequencies_hz"": ""220,440,880""}",psola,PSOLA,local pitch-synchronous overlap-add,-12,10,0.23219954648526078,220.384784365252,440.769568730504,0.9957679082512028
octave_mix_220_440_880,octave_mixtures,220 + 440 + 880,"{""frequencies_hz"": ""220,440,880""}",psola,PSOLA,local pitch-synchronous overlap-add,-12,11,0.25541950113378686,220.38478908451202,440.76957816902404,0.995767754412046
octave_mix_220_440_880,octave_mixtures,220 + 440 + 880,"{""frequencies_hz"": ""220,440,880""}",psola,PSOLA,local pitch-synchronous overlap-add,-12,12,0.2786394557823129,220.38479184563474,440.7695836912695,0.9957675553065414
octave_mix_220_440_880,octave_mixtures,220 + 440 + 880,"{""frequencies_hz"": ""220,440,880""}",psola,PSOLA,local pitch-synchronous overlap-add,-12,13,0.301859410430839,220.3847915879353,440.7695831758706,0.9957672826287013
octave_mix_220_440_880,octave_mixtures,220 + 440 + 880,"{""frequencies_hz"": ""220,440,880""}",psola,PSOLA,local pitch-synchronous overlap-add,-12,14,0.3250793650793651,220.38479385767573,440.76958771535146,0.995766937986925
octave_mix_220_440_880,octave_mixtures,220 + 440 + 880,"{""frequencies_hz"": ""220,440,880""}",psola,PSOLA,local pitch-synchronous overlap-add,-12,15,0.34829931972789113,220.3847976441534,440.7695952883068,0.9957665448407638
octave_mix_220_440_880,octave_mixtures,220 + 440 + 880,"{""frequencies_hz"": ""220,440,880""}",psola,PSOLA,local pitch-synchronous overlap-add,-12,16,0.37151927437641724,220.38479779202362,440.76959558404724,0.9957661188087378
octave_mix_220_440_880,octave_mixtures,220 + 440 + 880,"{""frequencies_hz"": ""220,440,880""}",psola,PSOLA,local pitch-synchronous overlap-add,-12,17,0.3947392290249433,220.38479719045503,440.76959438091006,0.9957656833549907
octave_mix_220_440_880,octave_mixtures,220 + 440 + 880,"{""frequencies_hz"": ""220,440,880""}",psola,PSOLA,local pitch-synchronous overlap-add,-12,18,0.4179591836734694,220.3847998784046,440.7695997568092,0.9957652504175869
octave_mix_220_440_880,octave_mixtures,220 + 440 + 880,"{""frequencies_hz"": ""220,440,880""}",psola,PSOLA,local pitch-synchronous overlap-add,-12,19,0.44117913832199546,220.38480145105405,440.7696029021081,0.9957648013291526
octave_mix_220_440_880,octave_mixtures,220 + 440 + 880,"{""frequencies_hz"": ""220,440,880""}",psola,PSOLA,local pitch-synchronous overlap-add,-12,20,0.46439909297052157,220.3847995146312,440.7695990292624,0.9957643156179126
octave_mix_220_440_880,octave_mixtures,220 + 440 + 880,"{""frequencies_hz"": ""220,440,880""}",psola,PSOLA,local pitch-synchronous overlap-add,-12,21,0.4876190476190476,220.3847994318415,440.769598863683,0.9957637869437982
octave_mix_220_440_880,octave_mixtures,220 + 440 + 880,"{""frequencies_hz"": ""220,440,880""}",psola,PSOLA,local pitch-synchronous overlap-add,-12,22,0.5108390022675737,220.3848015882227,440.7696031764454,0.9957631807078816
octave_mix_220_440_880,octave_mixtures,220 + 440 + 880,"{""frequencies_hz"": ""220,440,880""}",psola,PSOLA,local pitch-synchronous overlap-add,-12,23,0.5340589569160997,220.38480051204655,440.7696010240931,0.9957625050066817
octave_mix_220_440_880,octave_mixtures,220 + 440 + 880,"{""frequencies_hz"": ""220,440,880""}",psola,PSOLA,local pitch-synchronous overlap-add,-12,24,0.5572789115646258,220.38479781735057,440.76959563470115,0.9957617978672207
octave_mix_220_440_880,octave_mixtures,220 + 440 + 880,"{""frequencies_hz"": ""220,440,880""}",psola,PSOLA,local pitch-synchronous overlap-add,-12,25,0.5804988662131519,220.38479834834342,440.76959669668685,0.9957610873871904
octave_mix_220_440_880,octave_mixtures,220 + 440 + 880,"{""frequencies_hz"": ""220,440,880""}",psola,PSOLA,local pitch-synchronous overlap-add,-12,26,0.603718820861678,220.38479866554076,440.7695973310815,0.9957603709790962
octave_mix_220_440_880,octave_mixtures,220 + 440 + 880,"{""frequencies_hz"": ""220,440,880""}",psola,PSOLA,local pitch-synchronous overlap-add,-12,27,0.626938775510204,220.38479521396673,440.76959042793345,0.9957596400245553
octave_mix_220_440_880,octave_mixtures,220 + 440 + 880,"{""frequencies_hz"": ""220,440,880""}",psola,PSOLA,local pitch-synchronous overlap-add,-12,28,0.6501587301587302,220.38479278210482,440.76958556420965,0.9957588961594713
octave_mix_220_440_880,octave_mixtures,220 + 440 + 880,"{""frequencies_hz"": ""220,440,880""}",psola,PSOLA,local pitch-synchronous overlap-add,-12,29,0.6733786848072563,220.38479315243836,440.7695863048767,0.9957581199397016
octave_mix_220_440_880,octave_mixtures,220 + 440 + 880,"{""frequencies_hz"": ""220,440,880""}",psola,PSOLA,local pitch-synchronous overlap-add,-12,30,0.6965986394557823,220.38479086166248,440.76958172332496,0.9957572728680816
octave_mix_220_440_880,octave_mixtures,220 + 440 + 880,"{""frequencies_hz"": ""220,440,880""}",psola,PSOLA,local pitch-synchronous overlap-add,-12,31,0.7198185941043084,220.3847861891624,440.7695723783248,0.9957563552375279
octave_mix_220_440_880,octave_mixtures,220 + 440 + 880,"{""frequencies_hz"": ""220,440,880""}",psola,PSOLA,local pitch-synchronous overlap-add,-12,32,0.7430385487528345,220.38478447589068,440.76956895178137,0.9957554069222259
octave_mix_220_440_880,octave_mixtures,220 + 440 + 880,"{""frequencies_hz"": ""220,440,880""}",psola,PSOLA,local pitch-synchronous overlap-add,-12,33,0.7662585034013606,220.38478345397894,440.7695669079579,0.9957544443003873
octave_mix_220_440_880,octave_mixtures,220 + 440 + 880,"{""frequencies_hz"": ""220,440,880""}",psola,PSOLA,local pitch-synchronous overlap-add,-12,34,0.7894784580498866,220.38477862451555,440.7695572490311,0.9957534710665125
octave_mix_220_440_880,octave_mixtures,220 + 440 + 880,"{""frequencies_hz"": ""220,440,880""}",psola,PSOLA,local pitch-synchronous overlap-add,-12,35,0.8126984126984127,220.3847739261387,440.7695478522774,0.9957525027082622
octave_mix_220_440_880,octave_mixtures,220 + 440 + 880,"{""frequencies_hz"": ""220,440,880""}",psola,PSOLA,local pitch-synchronous overlap-add,-12,36,0.8359183673469388,220.38477238133999,440.76954476267997,0.9957515349517873
octave_mix_220_440_880,octave_mixtures,220 + 440 + 880,"{""frequencies_hz"": ""220,440,880""}",psola,PSOLA,local pitch-synchronous overlap-add,-12,37,0.8591383219954648,220.3847689022195,440.769537804439,0.9957505344708936
octave_mix_220_440_880,octave_mixtures,220 + 440 + 880,"{""frequencies_hz"": ""220,440,880""}",psola,PSOLA,local pitch-synchronous overlap-add,-12,38,0.8823582766439909,220.38476239862808,440.76952479725617,0.9957494878679588
octave_mix_220_440_880,octave_mixtures,220 + 440 + 880,"{""frequencies_hz"": ""220,440,880""}",psola,PSOLA,local pitch-synchronous overlap-add,-12,39,0.905578231292517,220.38475836804156,440.7695167360831,0.9957483817396242
octave_mix_220_440_880,octave_mixtures,220 + 440 + 880,"{""frequencies_hz"": ""220,440,880""}",psola,PSOLA,local pitch-synchronous overlap-add,-12,40,0.9287981859410431,220.38475588902534,440.7695117780507,0.9957472114612165
octave_mix_220_440_880,octave_mixtures,220 + 440 + 880,"{""frequencies_hz"": ""220,440,880""}",psola,PSOLA,local pitch-synchronous overlap-add,-12,41,0.9520181405895691,220.38475008758914,440.7695001751783,0.9957457636972139
octave_mix_220_440_880,octave_mixtures,220 + 440 + 880,"{""frequencies_hz"": ""220,440,880""}",psola,PSOLA,local pitch-synchronous overlap-add,-12,42,0.9752380952380952,220.38474488546126,440.7694897709225,0.9957439962516281
octave_mix_220_440_880,octave_mixtures,220 + 440 + 880,"{""frequencies_hz"": ""220,440,880""}",psola,PSOLA,local pitch-synchronous overlap-add,-12,43,0.9984580498866213,220.3847453284609,440.7694906569218,0.9957425640305527
octave_mix_220_440_880,octave_mixtures,220 + 440 + 880,"{""frequencies_hz"": ""220,440,880""}",psola,PSOLA,local pitch-synchronous overlap-add,-12,44,1.0216780045351475,220.38474720603205,440.7694944120641,0.9957419879708804
octave_mix_220_440_880,octave_mixtures,220 + 440 + 880,"{""frequencies_hz"": ""220,440,880""}",psola,PSOLA,local pitch-synchronous overlap-add,-12,45,1.0448979591836736,220.38474763173625,440.7694952634725,0.9957418294172865
octave_mix_220_440_880,octave_mixtures,220 + 440 + 880,"{""frequencies_hz"": ""220,440,880""}",psola,PSOLA,local pitch-synchronous overlap-add,-12,46,1.0681179138321995,220.38475123731544,440.7695024746309,0.9957413807607909
octave_mix_220_440_880,octave_mixtures,220 + 440 + 880,"{""frequencies_hz"": ""220,440,880""}",psola,PSOLA,local pitch-synchronous overlap-add,-12,47,1.0913378684807256,220.38475769307263,440.76951538614526,0.9957405966391495
octave_mix_220_440_880,octave_mixtures,220 + 440 + 880,"{""frequencies_hz"": ""220,440,880""}",psola,PSOLA,local pitch-synchronous overlap-add,-12,48,1.1145578231292517,220.38476099936787,440.76952199873574,0.9957397229447196
octave_mix_220_440_880,octave_mixtures,220 + 440 + 880,"{""frequencies_hz"": ""220,440,880""}",psola,PSOLA,local pitch-synchronous overlap-add,-12,49,1.1377777777777778,220.38476271391414,440.7695254278283,0.9957388331189755
octave_mix_220_440_880,octave_mixtures,220 + 440 + 880,"{""frequencies_hz"": ""220,440,880""}",psola,PSOLA,local pitch-synchronous overlap-add,-12,50,1.1609977324263039,220.3847676763255,440.769535352651,0.9957379624021608
octave_mix_220_440_880,octave_mixtures,220 + 440 + 880,"{""frequencies_hz"": ""220,440,880""}",psola,PSOLA,local pitch-synchronous overlap-add,-12,51,1.18421768707483,220.38477242783387,440.76954485566773,0.9957371068401963
octave_mix_220_440_880,octave_mixtures,220 + 440 + 880,"{""frequencies_hz"": ""220,440,880""}",psola,PSOLA,local pitch-synchronous overlap-add,-12,52,1.207437641723356,220.38477343518213,440.76954687036425,0.995736258952597
octave_mix_220_440_880,octave_mixtures,220 + 440 + 880,"{""frequencies_hz"": ""220,440,880""}",psola,PSOLA,local pitch-synchronous overlap-add,-12,53,1.230657596371882,220.38477549343702,440.76955098687404,0.9957354243294134
octave_mix_220_440_880,octave_mixtures,220 + 440 + 880,"{""frequencies_hz"": ""220,440,880""}",psola,PSOLA,local pitch-synchronous overlap-add,-12,54,1.253877551020408,220.38478034947067,440.76956069894135,0.9957345867672274
octave_mix_220_440_880,octave_mixtures,220 + 440 + 880,"{""frequencies_hz"": ""220,440,880""}",psola,PSOLA,local pitch-synchronous overlap-add,-12,55,1.2770975056689342,220.3847825587605,440.769565117521,0.9957337208296189
octave_mix_220_440_880,octave_mixtures,220 + 440 + 880,"{""frequencies_hz"": ""220,440,880""}",psola,PSOLA,local pitch-synchronous overlap-add,-12,56,1.3003174603174603,220.38478237929772,440.76956475859544,0.9957328122325352
octave_mix_220_440_880,octave_mixtures,220 + 440 + 880,"{""frequencies_hz"": ""220,440,880""}",psola,PSOLA,local pitch-synchronous overlap-add,-12,57,1.3235374149659864,220.38478518924313,440.76957037848626,0.9957319021167222
octave_mix_220_440_880,octave_mixtures,220 + 440 + 880,"{""frequencies_hz"": ""220,440,880""}",psola,PSOLA,local pitch-synchronous overlap-add,-12,58,1.3467573696145125,220.3847886766194,440.7695773532388,0.9957310067076085
octave_mix_220_440_880,octave_mixtures,220 + 440 + 880,"{""frequencies_hz"": ""220,440,880""}",psola,PSOLA,local pitch-synchronous overlap-add,-12,59,1.3699773242630386,220.38478836253546,440.7695767250709,0.9957301280746557
octave_mix_220_440_880,octave_mixtures,220 + 440 + 880,"{""frequencies_hz"": ""220,440,880""}",psola,PSOLA,local pitch-synchronous overlap-add,-12,60,1.3931972789115645,220.38478821505845,440.7695764301169,0.9957292846810399
octave_mix_220_440_880,octave_mixtures,220 + 440 + 880,"{""frequencies_hz"": ""220,440,880""}",psola,PSOLA,local pitch-synchronous overlap-add,-12,61,1.4164172335600906,220.3847912106237,440.7695824212474,0.9957284710015295
octave_mix_220_440_880,octave_mixtures,220 + 440 + 880,"{""frequencies_hz"": ""220,440,880""}",psola,PSOLA,local pitch-synchronous overlap-add,-12,62,1.4396371882086167,220.3847922511193,440.7695845022386,0.9957276565763477
octave_mix_220_440_880,octave_mixtures,220 + 440 + 880,"{""frequencies_hz"": ""220,440,880""}",psola,PSOLA,local pitch-synchronous overlap-add,-12,63,1.4628571428571429,220.3847902754886,440.7695805509772,0.995726831100215
octave_mix_220_440_880,octave_mixtures,220 + 440 + 880,"{""frequencies_hz"": ""220,440,880""}",psola,PSOLA,local pitch-synchronous overlap-add,-12,64,1.486077097505669,220.38479080279382,440.76958160558763,0.9957259998478462
octave_mix_220_440_880,octave_mixtures,220 + 440 + 880,"{""frequencies_hz"": ""220,440,880""}",psola,PSOLA,local pitch-synchronous overlap-add,-12,65,1.509297052154195,220.38479285543298,440.76958571086595,0.9957251651986306
octave_mix_220_440_880,octave_mixtures,220 + 440 + 880,"{""frequencies_hz"": ""220,440,880""}",psola,PSOLA,local pitch-synchronous overlap-add,-12,66,1.5325170068027212,220.38479127096033,440.76958254192067,0.9957243377913492
octave_mix_220_440_880,octave_mixtures,220 + 440 + 880,"{""frequencies_hz"": ""220,440,880""}",psola,PSOLA,local pitch-synchronous overlap-add,-12,67,1.555736961451247,220.38478895264458,440.76957790528917,0.9957235483305138
octave_mix_220_440_880,octave_mixtures,220 + 440 + 880,"{""frequencies_hz"": ""220,440,880""}",psola,PSOLA,local pitch-synchronous overlap-add,-12,68,1.5789569160997732,220.38478992146176,440.7695798429235,0.9957228126422352
octave_mix_220_440_880,octave_mixtures,220 + 440 + 880,"{""frequencies_hz"": ""220,440,880""}",psola,PSOLA,local pitch-synchronous overlap-add,-12,69,1.6021768707482993,220.38478976240867,440.76957952481735,0.9957221078430111
octave_mix_220_440_880,octave_mixtures,220 + 440 + 880,"{""frequencies_hz"": ""220,440,880""}",psola,PSOLA,local pitch-synchronous overlap-add,-12,70,1.6253968253968254,220.38478611374666,440.7695722274933,0.9957214144584542
octave_mix_220_440_880,octave_mixtures,220 + 440 + 880,"{""frequencies_hz"": ""220,440,880""}",psola,PSOLA,local pitch-synchronous overlap-add,-12,71,1.6486167800453515,220.38478431560793,440.76956863121586,0.9957207390138263
octave_mix_220_440_880,octave_mixtures,220 + 440 + 880,"{""frequencies_hz"": ""220,440,880""}",psola,PSOLA,local pitch-synchronous overlap-add,-12,72,1.6718367346938776,220.3847847611967,440.7695695223934,0.995720077141423
octave_mix_220_440_880,octave_mixtures,220 + 440 + 880,"{""frequencies_hz"": ""220,440,880""}",psola,PSOLA,local pitch-synchronous overlap-add,-12,73,1.6950566893424037,220.38478193956567,440.76956387913134,0.9957194032988114
octave_mix_220_440_880,octave_mixtures,220 + 440 + 880,"{""frequencies_hz"": ""220,440,880""}",psola,PSOLA,local pitch-synchronous overlap-add,-12,74,1.7182766439909296,220.38477753893363,440.76955507786727,0.9957187498668848
octave_mix_220_440_880,octave_mixtures,220 + 440 + 880,"{""frequencies_hz"": ""220,440,880""}",psola,PSOLA,local pitch-synchronous overlap-add,-12,75,1.7414965986394557,220.38477637575568,440.76955275151136,0.9957181529882717
octave_mix_220_440_880,octave_mixtures,220 + 440 + 880,"{""frequencies_hz"": ""220,440,880""}",psola,PSOLA,local pitch-synchronous overlap-add,-12,76,1.7647165532879818,220.38477496405758,440.76954992811517,0.9957176068885378
octave_mix_220_440_880,octave_mixtures,220 + 440 + 880,"{""frequencies_hz"": ""220,440,880""}",psola,PSOLA,local pitch-synchronous overlap-add,-12,77,1.787936507936508,220.38476980758784,440.7695396151757,0.9957170984862277
octave_mix_220_440_880,octave_mixtures,220 + 440 + 880,"{""frequencies_hz"": ""220,440,880""}",psola,PSOLA,local pitch-synchronous overlap-add,-12,78,1.811156462585034,220.38476572153095,440.7695314430619,0.9957166274103436
octave_mix_220_440_880,octave_mixtures,220 + 440 + 880,"{""frequencies_hz"": ""220,440,880""}",psola,PSOLA,local pitch-synchronous overlap-add,-12,79,1.8343764172335602,220.384764415386,440.769528830772,0.9957161849812858
octave_mix_220_440_880,octave_mixtures,220 + 440 + 880,"{""frequencies_hz"": ""220,440,880""}",psola,PSOLA,local pitch-synchronous overlap-add,-12,80,1.8575963718820863,220.3847604303284,440.7695208606568,0.9957157501479302
octave_mix_220_440_880,octave_mixtures,220 + 440 + 880,"{""frequencies_hz"": ""220,440,880""}",psola,PSOLA,local pitch-synchronous overlap-add,-12,81,1.8808163265306121,220.38475409503928,440.76950819007857,0.9957153211361472
octave_mix_220_440_880,octave_mixtures,220 + 440 + 880,"{""frequencies_hz"": ""220,440,880""}",psola,PSOLA,local pitch-synchronous overlap-add,-12,82,1.9040362811791383,220.3847507600487,440.7695015200974,0.995714928144625
octave_mix_220_440_880,octave_mixtures,220 + 440 + 880,"{""frequencies_hz"": ""220,440,880""}",psola,PSOLA,local pitch-synchronous overlap-add,-12,83,1.9272562358276644,220.38452717058107,440.76905434116213,0.9948255009132873
octave_mix_220_440_880,octave_mixtures,220 + 440 + 880,"{""frequencies_hz"": ""220,440,880""}",psola,PSOLA,local pitch-synchronous overlap-add,-12,84,1.9504761904761905,220.3814270404719,440.7628540809438,0.9823509589674423
octave_mix_220_440_880,octave_mixtures,220 + 440 + 880,"{""frequencies_hz"": ""220,440,880""}",psola,PSOLA,local pitch-synchronous overlap-add,-12,85,1.9736961451247166,220.3732335370404,440.7464670740808,0.9507090795766878
octave_mix_220_440_880,octave_mixtures,220 + 440 + 880,"{""frequencies_hz"": ""220,440,880""}",psola,PSOLA,local pitch-synchronous overlap-add,-12,86,1.9969160997732427,220.3667351304508,440.7334702609016,0.9269861040940057
octave_missing_440,missing_fundamental,880 + 1320 + 1760,"{""frequencies_hz"": ""880,1320,1760""}",phase_vocoder,Phase Vocoder,local phase vocoder,-12,0,0.0,219.8693838660268,439.7387677320536,0.919691884820844
octave_missing_440,missing_fundamental,880 + 1320 + 1760,"{""frequencies_hz"": ""880,1320,1760""}",phase_vocoder,Phase Vocoder,local phase vocoder,-12,1,0.023219954648526078,219.81049062879873,439.62098125759746,0.942010713948934
octave_missing_440,missing_fundamental,880 + 1320 + 1760,"{""frequencies_hz"": ""880,1320,1760""}",phase_vocoder,Phase Vocoder,local phase vocoder,-12,2,0.046439909297052155,219.71674602046883,439.43349204093767,0.9776599378508968
octave_missing_440,missing_fundamental,880 + 1320 + 1760,"{""frequencies_hz"": ""880,1320,1760""}",phase_vocoder,Phase Vocoder,local phase vocoder,-12,3,0.06965986394557823,219.67443586758245,439.3488717351649,0.9919272018777406
octave_missing_440,missing_fundamental,880 + 1320 + 1760,"{""frequencies_hz"": ""880,1320,1760""}",phase_vocoder,Phase Vocoder,local phase vocoder,-12,4,0.09287981859410431,219.66587832356885,439.3317566471377,0.9930572220572182
octave_missing_440,missing_fundamental,880 + 1320 + 1760,"{""frequencies_hz"": ""880,1320,1760""}",phase_vocoder,Phase Vocoder,local phase vocoder,-12,5,0.11609977324263039,219.66410799846145,439.3282159969229,0.9931788673086589
octave_missing_440,missing_fundamental,880 + 1320 + 1760,"{""frequencies_hz"": ""880,1320,1760""}",phase_vocoder,Phase Vocoder,local phase vocoder,-12,6,0.13931972789115646,219.66456997136973,439.32913994273946,0.9932822233949659
octave_missing_440,missing_fundamental,880 + 1320 + 1760,"{""frequencies_hz"": ""880,1320,1760""}",phase_vocoder,Phase Vocoder,local phase vocoder,-12,7,0.16253968253968254,219.66473448145388,439.32946896290775,0.9933081353866984
octave_missing_440,missing_fundamental,880 + 1320 + 1760,"{""frequencies_hz"": ""880,1320,1760""}",phase_vocoder,Phase Vocoder,local phase vocoder,-12,8,0.18575963718820862,219.66473666711707,439.32947333423414,0.9933090965502178
octave_missing_440,missing_fundamental,880 + 1320 + 1760,"{""frequencies_hz"": ""880,1320,1760""}",phase_vocoder,Phase Vocoder,local phase vocoder,-12,9,0.2089795918367347,219.66474267687306,439.3294853537461,0.9933093827942664
octave_missing_440,missing_fundamental,880 + 1320 + 1760,"{""frequencies_hz"": ""880,1320,1760""}",phase_vocoder,Phase Vocoder,local phase vocoder,-12,10,0.23219954648526078,219.6647400467202,439.3294800934404,0.9933097420268575
octave_missing_440,missing_fundamental,880 + 1320 + 1760,"{""frequencies_hz"": ""880,1320,1760""}",phase_vocoder,Phase Vocoder,local phase vocoder,-12,11,0.25541950113378686,219.6647378790213,439.3294757580426,0.993309315915451
octave_missing_440,missing_fundamental,880 + 1320 + 1760,"{""frequencies_hz"": ""880,1320,1760""}",phase_vocoder,Phase Vocoder,local phase vocoder,-12,12,0.2786394557823129,219.66474424966984,439.3294884993397,0.9933089548624436
octave_missing_440,missing_fundamental,880 + 1320 + 1760,"{""frequencies_hz"": ""880,1320,1760""}",phase_vocoder,Phase Vocoder,local phase vocoder,-12,13,0.301859410430839,219.66474159878462,439.32948319756923,0.9933095804505571
octave_missing_440,missing_fundamental,880 + 1320 + 1760,"{""frequencies_hz"": ""880,1320,1760""}",phase_vocoder,Phase Vocoder,local phase vocoder,-12,14,0.3250793650793651,219.66473430671496,439.3294686134299,0.9933099124068803
octave_missing_440,missing_fundamental,880 + 1320 + 1760,"{""frequencies_hz"": ""880,1320,1760""}",phase_vocoder,Phase Vocoder,local phase vocoder,-12,15,0.34829931972789113,219.66473849378238,439.32947698756476,0.9933091438806897
octave_missing_440,missing_fundamental,880 + 1320 + 1760,"{""frequencies_hz"": ""880,1320,1760""}",phase_vocoder,Phase Vocoder,local phase vocoder,-12,16,0.37151927437641724,219.66474498930606,439.3294899786121,0.993308759535295
octave_missing_440,missing_fundamental,880 + 1320 + 1760,"{""frequencies_hz"": ""880,1320,1760""}",phase_vocoder,Phase Vocoder,local phase vocoder,-12,17,0.3947392290249433,219.66474011724748,439.32948023449495,0.9933090281708995
octave_missing_440,missing_fundamental,880 + 1320 + 1760,"{""frequencies_hz"": ""880,1320,1760""}",phase_vocoder,Phase Vocoder,local phase vocoder,-12,18,0.4179591836734694,219.66473771983974,439.32947543967947,0.9933090923425266
octave_missing_440,missing_fundamental,880 + 1320 + 1760,"{""frequencies_hz"": ""880,1320,1760""}",phase_vocoder,Phase Vocoder,local phase vocoder,-12,19,0.44117913832199546,219.6647416081429,439.3294832162858,0.9933094809931856
octave_missing_440,missing_fundamental,880 + 1320 + 1760,"{""frequencies_hz"": ""880,1320,1760""}",phase_vocoder,Phase Vocoder,local phase vocoder,-12,20,0.46439909297052157,219.6647410834735,439.329482166947,0.9933098075351287
octave_missing_440,missing_fundamental,880 + 1320 + 1760,"{""frequencies_hz"": ""880,1320,1760""}",phase_vocoder,Phase Vocoder,local phase vocoder,-12,21,0.4876190476190476,219.66473880182454,439.3294776036491,0.9933093357899889
octave_missing_440,missing_fundamental,880 + 1320 + 1760,"{""frequencies_hz"": ""880,1320,1760""}",phase_vocoder,Phase Vocoder,local phase vocoder,-12,22,0.5108390022675737,219.6647428974252,439.3294857948504,0.9933089974836353
octave_missing_440,missing_fundamental,880 + 1320 + 1760,"{""frequencies_hz"": ""880,1320,1760""}",phase_vocoder,Phase Vocoder,local phase vocoder,-12,23,0.5340589569160997,219.664742470574,439.329484941148,0.9933095539154756
octave_missing_440,missing_fundamental,880 + 1320 + 1760,"{""frequencies_hz"": ""880,1320,1760""}",phase_vocoder,Phase Vocoder,local phase vocoder,-12,24,0.5572789115646258,219.6647373852103,439.3294747704206,0.9933097958488896
octave_missing_440,missing_fundamental,880 + 1320 + 1760,"{""frequencies_hz"": ""880,1320,1760""}",phase_vocoder,Phase Vocoder,local phase vocoder,-12,25,0.5804988662131519,219.66473886651826,439.3294777330365,0.9933091539787055
octave_missing_440,missing_fundamental,880 + 1320 + 1760,"{""frequencies_hz"": ""880,1320,1760""}",phase_vocoder,Phase Vocoder,local phase vocoder,-12,26,0.603718820861678,219.66474456954316,439.3294891390863,0.9933088548869464
octave_missing_440,missing_fundamental,880 + 1320 + 1760,"{""frequencies_hz"": ""880,1320,1760""}",phase_vocoder,Phase Vocoder,local phase vocoder,-12,27,0.626938775510204,219.66474238106503,439.32948476213005,0.9933090138813199
octave_missing_440,missing_fundamental,880 + 1320 + 1760,"{""frequencies_hz"": ""880,1320,1760""}",phase_vocoder,Phase Vocoder,local phase vocoder,-12,28,0.6501587301587302,219.66473858861067,439.32947717722135,0.9933090622492694
octave_missing_440,missing_fundamental,880 + 1320 + 1760,"{""frequencies_hz"": ""880,1320,1760""}",phase_vocoder,Phase Vocoder,local phase vocoder,-12,29,0.6733786848072563,219.66473943059432,439.32947886118865,0.9933095770326884
octave_missing_440,missing_fundamental,880 + 1320 + 1760,"{""frequencies_hz"": ""880,1320,1760""}",phase_vocoder,Phase Vocoder,local phase vocoder,-12,30,0.6965986394557823,219.6647403380678,439.3294806761356,0.9933099018157022
octave_missing_440,missing_fundamental,880 + 1320 + 1760,"{""frequencies_hz"": ""880,1320,1760""}",phase_vocoder,Phase Vocoder,local phase vocoder,-12,31,0.7198185941043084,219.6647387477211,439.3294774954422,0.9933093715868475
octave_missing_440,missing_fundamental,880 + 1320 + 1760,"{""frequencies_hz"": ""880,1320,1760""}",phase_vocoder,Phase Vocoder,local phase vocoder,-12,32,0.7430385487528345,219.66474005217745,439.3294801043549,0.993309027090659
octave_missing_440,missing_fundamental,880 + 1320 + 1760,"{""frequencies_hz"": ""880,1320,1760""}",phase_vocoder,Phase Vocoder,local phase vocoder,-12,33,0.7662585034013606,219.66474079993014,439.3294815998603,0.9933095025991227
octave_missing_440,missing_fundamental,880 + 1320 + 1760,"{""frequencies_hz"": ""880,1320,1760""}",phase_vocoder,Phase Vocoder,local phase vocoder,-12,34,0.7894784580498866,219.6647390311517,439.3294780623034,0.9933096639385871
octave_missing_440,missing_fundamental,880 + 1320 + 1760,"{""frequencies_hz"": ""880,1320,1760""}",phase_vocoder,Phase Vocoder,local phase vocoder,-12,35,0.8126984126984127,219.66473857621102,439.32947715242204,0.9933092045784266
octave_missing_440,missing_fundamental,880 + 1320 + 1760,"{""frequencies_hz"": ""880,1320,1760""}",phase_vocoder,Phase Vocoder,local phase vocoder,-12,36,0.8359183673469388,219.6647423251018,439.3294846502036,0.9933090315961455
octave_missing_440,missing_fundamental,880 + 1320 + 1760,"{""frequencies_hz"": ""880,1320,1760""}",phase_vocoder,Phase Vocoder,local phase vocoder,-12,37,0.8591383219954648,219.66474295632548,439.32948591265097,0.99330903398233
octave_missing_440,missing_fundamental,880 + 1320 + 1760,"{""frequencies_hz"": ""880,1320,1760""}",phase_vocoder,Phase Vocoder,local phase vocoder,-12,38,0.8823582766439909,219.66473897273073,439.32947794546146,0.9933089820447156
octave_missing_440,missing_fundamental,880 + 1320 + 1760,"{""frequencies_hz"": ""880,1320,1760""}",phase_vocoder,Phase Vocoder,local phase vocoder,-12,39,0.905578231292517,219.66473733314928,439.32947466629855,0.9933096036882899
octave_missing_440,missing_fundamental,880 + 1320 + 1760,"{""frequencies_hz"": ""880,1320,1760""}",phase_vocoder,Phase Vocoder,local phase vocoder,-12,40,0.9287981859410431,219.66474111421437,439.32948222842873,0.9933099627458125
octave_missing_440,missing_fundamental,880 + 1320 + 1760,"{""frequencies_hz"": ""880,1320,1760""}",phase_vocoder,Phase Vocoder,local phase vocoder,-12,41,0.9520181405895691,219.6647425798639,439.3294851597278,0.993309392327864
octave_missing_440,missing_fundamental,880 + 1320 + 1760,"{""frequencies_hz"": ""880,1320,1760""}",phase_vocoder,Phase Vocoder,local phase vocoder,-12,42,0.9752380952380952,219.66474158830522,439.32948317661044,0.9933090489425849
octave_missing_440,missing_fundamental,880 + 1320 + 1760,"{""frequencies_hz"": ""880,1320,1760""}",phase_vocoder,Phase Vocoder,local phase vocoder,-12,43,0.9984580498866213,219.66474158381519,439.32948316763037,0.9933094546919528
octave_missing_440,missing_fundamental,880 + 1320 + 1760,"{""frequencies_hz"": ""880,1320,1760""}",phase_vocoder,Phase Vocoder,local phase vocoder,-12,44,1.0216780045351475,219.6647412532018,439.3294825064036,0.9933095305262624
octave_missing_440,missing_fundamental,880 + 1320 + 1760,"{""frequencies_hz"": ""880,1320,1760""}",phase_vocoder,Phase Vocoder,local phase vocoder,-12,45,1.0448979591836736,219.6647379525359,439.3294759050718,0.993309234895222
octave_missing_440,missing_fundamental,880 + 1320 + 1760,"{""frequencies_hz"": ""880,1320,1760""}",phase_vocoder,Phase Vocoder,local phase vocoder,-12,46,1.0681179138321995,219.66473956802236,439.3294791360447,0.9933091933018845
octave_missing_440,missing_fundamental,880 + 1320 + 1760,"{""frequencies_hz"": ""880,1320,1760""}",phase_vocoder,Phase Vocoder,local phase vocoder,-12,47,1.0913378684807256,219.66474399193007,439.32948798386013,0.9933090568291199
octave_missing_440,missing_fundamental,880 + 1320 + 1760,"{""frequencies_hz"": ""880,1320,1760""}",phase_vocoder,Phase Vocoder,local phase vocoder,-12,48,1.1145578231292517,219.6647417683596,439.3294835367192,0.9933089053870968
octave_missing_440,missing_fundamental,880 + 1320 + 1760,"{""frequencies_hz"": ""880,1320,1760""}",phase_vocoder,Phase Vocoder,local phase vocoder,-12,49,1.1377777777777778,219.6647367184971,439.3294734369942,0.9933096201299134
octave_missing_440,missing_fundamental,880 + 1320 + 1760,"{""frequencies_hz"": ""880,1320,1760""}",phase_vocoder,Phase Vocoder,local phase vocoder,-12,50,1.1609977324263039,219.6647396590217,439.3294793180434,0.9933099920778057
octave_missing_440,missing_fundamental,880 + 1320 + 1760,"{""frequencies_hz"": ""880,1320,1760""}",phase_vocoder,Phase Vocoder,local phase vocoder,-12,51,1.18421768707483,219.66474224882057,439.32948449764115,0.9933093514151803
octave_missing_440,missing_fundamental,880 + 1320 + 1760,"{""frequencies_hz"": ""880,1320,1760""}",phase_vocoder,Phase Vocoder,local phase vocoder,-12,52,1.207437641723356,219.66473866813175,439.3294773362635,0.9933090080035214
octave_missing_440,missing_fundamental,880 + 1320 + 1760,"{""frequencies_hz"": ""880,1320,1760""}",phase_vocoder,Phase Vocoder,local phase vocoder,-12,53,1.230657596371882,219.66473825960364,439.3294765192073,0.9933094021458415
octave_missing_440,missing_fundamental,880 + 1320 + 1760,"{""frequencies_hz"": ""880,1320,1760""}",phase_vocoder,Phase Vocoder,local phase vocoder,-12,54,1.253877551020408,219.66474210781283,439.32948421562565,0.9933094353051143
octave_missing_440,missing_fundamental,880 + 1320 + 1760,"{""frequencies_hz"": ""880,1320,1760""}",phase_vocoder,Phase Vocoder,local phase vocoder,-12,55,1.2770975056689342,219.66473926675909,439.32947853351817,0.9933092778297473
octave_missing_440,missing_fundamental,880 + 1320 + 1760,"{""frequencies_hz"": ""880,1320,1760""}",phase_vocoder,Phase Vocoder,local phase vocoder,-12,56,1.3003174603174603,219.66473831603665,439.3294766320733,0.9933093241608791
octave_missing_440,missing_fundamental,880 + 1320 + 1760,"{""frequencies_hz"": ""880,1320,1760""}",phase_vocoder,Phase Vocoder,local phase vocoder,-12,57,1.3235374149659864,219.6647447765759,439.3294895531518,0.9933090429266735
octave_missing_440,missing_fundamental,880 + 1320 + 1760,"{""frequencies_hz"": ""880,1320,1760""}",phase_vocoder,Phase Vocoder,local phase vocoder,-12,58,1.3467573696145125,219.6647439965495,439.329487993099,0.993308796166154
octave_missing_440,missing_fundamental,880 + 1320 + 1760,"{""frequencies_hz"": ""880,1320,1760""}",phase_vocoder,Phase Vocoder,local phase vocoder,-12,59,1.3699773242630386,219.66473585048632,439.32947170097265,0.9933095987621874
octave_missing_440,missing_fundamental,880 + 1320 + 1760,"{""frequencies_hz"": ""880,1320,1760""}",phase_vocoder,Phase Vocoder,local phase vocoder,-12,60,1.3931972789115645,219.66473896393038,439.32947792786075,0.993309988623424
octave_missing_440,missing_fundamental,880 + 1320 + 1760,"{""frequencies_hz"": ""880,1320,1760""}",phase_vocoder,Phase Vocoder,local phase vocoder,-12,61,1.4164172335600906,219.66474490813744,439.3294898162749,0.9933092915638873
octave_missing_440,missing_fundamental,880 + 1320 + 1760,"{""frequencies_hz"": ""880,1320,1760""}",phase_vocoder,Phase Vocoder,local phase vocoder,-12,62,1.4396371882086167,219.66474026099866,439.3294805219973,0.9933089585622638
octave_missing_440,missing_fundamental,880 + 1320 + 1760,"{""frequencies_hz"": ""880,1320,1760""}",phase_vocoder,Phase Vocoder,local phase vocoder,-12,63,1.4628571428571429,219.66473818438203,439.32947636876406,0.9933093471120146
octave_missing_440,missing_fundamental,880 + 1320 + 1760,"{""frequencies_hz"": ""880,1320,1760""}",phase_vocoder,Phase Vocoder,local phase vocoder,-12,64,1.486077097505669,219.6647440793203,439.3294881586406,0.9933093225785651
octave_missing_440,missing_fundamental,880 + 1320 + 1760,"{""frequencies_hz"": ""880,1320,1760""}",phase_vocoder,Phase Vocoder,local phase vocoder,-12,65,1.509297052154195,219.6647408559951,439.3294817119902,0.9933092700939505
octave_missing_440,missing_fundamental,880 + 1320 + 1760,"{""frequencies_hz"": ""880,1320,1760""}",phase_vocoder,Phase Vocoder,local phase vocoder,-12,66,1.5325170068027212,219.66473658676867,439.32947317353734,0.9933094194947621
octave_missing_440,missing_fundamental,880 + 1320 + 1760,"{""frequencies_hz"": ""880,1320,1760""}",phase_vocoder,Phase Vocoder,local phase vocoder,-12,67,1.555736961451247,219.66474366176044,439.3294873235209,0.9933090588235703
octave_missing_440,missing_fundamental,880 + 1320 + 1760,"{""frequencies_hz"": ""880,1320,1760""}",phase_vocoder,Phase Vocoder,local phase vocoder,-12,68,1.5789569160997732,219.66474468378868,439.32948936757737,0.993308742948291
octave_missing_440,missing_fundamental,880 + 1320 + 1760,"{""frequencies_hz"": ""880,1320,1760""}",phase_vocoder,Phase Vocoder,local phase vocoder,-12,69,1.6021768707482993,219.66473413708138,439.32946827416276,0.9933095895164246
octave_missing_440,missing_fundamental,880 + 1320 + 1760,"{""frequencies_hz"": ""880,1320,1760""}",phase_vocoder,Phase Vocoder,local phase vocoder,-12,70,1.6253968253968254,219.66473633695196,439.3294726739039,0.9933099646930058
octave_missing_440,missing_fundamental,880 + 1320 + 1760,"{""frequencies_hz"": ""880,1320,1760""}",phase_vocoder,Phase Vocoder,local phase vocoder,-12,71,1.6486167800453515,219.66474560917933,439.32949121835867,0.9933092282580664
octave_missing_440,missing_fundamental,880 + 1320 + 1760,"{""frequencies_hz"": ""880,1320,1760""}",phase_vocoder,Phase Vocoder,local phase vocoder,-12,72,1.6718367346938776,219.66474116818142,439.32948233636284,0.9933089412561774
octave_missing_440,missing_fundamental,880 + 1320 + 1760,"{""frequencies_hz"": ""880,1320,1760""}",phase_vocoder,Phase Vocoder,local phase vocoder,-12,73,1.6950566893424037,219.66473680677453,439.32947361354906,0.9933093541332235
octave_missing_440,missing_fundamental,880 + 1320 + 1760,"{""frequencies_hz"": ""880,1320,1760""}",phase_vocoder,Phase Vocoder,local phase vocoder,-12,74,1.7182766439909296,219.66474388628274,439.32948777256547,0.9933092637625416
octave_missing_440,missing_fundamental,880 + 1320 + 1760,"{""frequencies_hz"": ""880,1320,1760""}",phase_vocoder,Phase Vocoder,local phase vocoder,-12,75,1.7414965986394557,219.66474140475626,439.3294828095125,0.9933092699998364
octave_missing_440,missing_fundamental,880 + 1320 + 1760,"{""frequencies_hz"": ""880,1320,1760""}",phase_vocoder,Phase Vocoder,local phase vocoder,-12,76,1.7647165532879818,219.66473445997823,439.32946891995647,0.9933094994435342
octave_missing_440,missing_fundamental,880 + 1320 + 1760,"{""frequencies_hz"": ""880,1320,1760""}",phase_vocoder,Phase Vocoder,local phase vocoder,-12,77,1.787936507936508,219.66474229064679,439.32948458129357,0.9933091266037121
octave_missing_440,missing_fundamental,880 + 1320 + 1760,"{""frequencies_hz"": ""880,1320,1760""}",phase_vocoder,Phase Vocoder,local phase vocoder,-12,78,1.811156462585034,219.6646234331063,439.3292468662126,0.9933104489868735
octave_missing_440,missing_fundamental,880 + 1320 + 1760,"{""frequencies_hz"": ""880,1320,1760""}",phase_vocoder,Phase Vocoder,local phase vocoder,-12,79,1.8343764172335602,219.6634378984849,439.3268757969698,0.9933191975449499
octave_missing_440,missing_fundamental,880 + 1320 + 1760,"{""frequencies_hz"": ""880,1320,1760""}",phase_vocoder,Phase Vocoder,local phase vocoder,-12,80,1.8575963718820863,219.6602313824505,439.320462764901,0.993311656362837
octave_missing_440,missing_fundamental,880 + 1320 + 1760,"{""frequencies_hz"": ""880,1320,1760""}",phase_vocoder,Phase Vocoder,local phase vocoder,-12,81,1.8808163265306121,219.65542042435752,439.31084084871503,0.9931890500090861
octave_missing_440,missing_fundamental,880 + 1320 + 1760,"{""frequencies_hz"": ""880,1320,1760""}",phase_vocoder,Phase Vocoder,local phase vocoder,-12,82,1.9040362811791383,219.6589070263733,439.3178140527466,0.9927490828040756
octave_missing_440,missing_fundamental,880 + 1320 + 1760,"{""frequencies_hz"": ""880,1320,1760""}",phase_vocoder,Phase Vocoder,local phase vocoder,-12,83,1.9272562358276644,219.69548406507863,439.39096813015726,0.9916555417249552
octave_missing_440,missing_fundamental,880 + 1320 + 1760,"{""frequencies_hz"": ""880,1320,1760""}",phase_vocoder,Phase Vocoder,local phase vocoder,-12,84,1.9504761904761905,219.80593419988125,439.6118683997625,0.9871595131623245
octave_missing_440,missing_fundamental,880 + 1320 + 1760,"{""frequencies_hz"": ""880,1320,1760""}",phase_vocoder,Phase Vocoder,local phase vocoder,-12,85,1.9736961451247166,220.0215575894665,440.043115178933,0.973440076201182
octave_missing_440,missing_fundamental,880 + 1320 + 1760,"{""frequencies_hz"": ""880,1320,1760""}",phase_vocoder,Phase Vocoder,local phase vocoder,-12,86,1.9969160997732427,220.19999039806984,440.3999807961397,0.958298607634685
octave_missing_440,missing_fundamental,880 + 1320 + 1760,"{""frequencies_hz"": ""880,1320,1760""}",wsola,WSOLA,local waveform-similarity overlap-add,-12,0,0.0,,,0.011232287799989424
octave_missing_440,missing_fundamental,880 + 1320 + 1760,"{""frequencies_hz"": ""880,1320,1760""}",wsola,WSOLA,local waveform-similarity overlap-add,-12,1,0.023219954648526078,,,0.011692118369477915
octave_missing_440,missing_fundamental,880 + 1320 + 1760,"{""frequencies_hz"": ""880,1320,1760""}",wsola,WSOLA,local waveform-similarity overlap-add,-12,2,0.046439909297052155,,,0.014928633935433033
octave_missing_440,missing_fundamental,880 + 1320 + 1760,"{""frequencies_hz"": ""880,1320,1760""}",wsola,WSOLA,local waveform-similarity overlap-add,-12,3,0.06965986394557823,,,0.06468831019589603
octave_missing_440,missing_fundamental,880 + 1320 + 1760,"{""frequencies_hz"": ""880,1320,1760""}",wsola,WSOLA,local waveform-similarity overlap-add,-12,4,0.09287981859410431,294.0100899754136,588.0201799508272,0.9997748702820636
octave_missing_440,missing_fundamental,880 + 1320 + 1760,"{""frequencies_hz"": ""880,1320,1760""}",wsola,WSOLA,local waveform-similarity overlap-add,-12,5,0.11609977324263039,226.53502221599445,453.0700444319889,0.9762127006263337
octave_missing_440,missing_fundamental,880 + 1320 + 1760,"{""frequencies_hz"": ""880,1320,1760""}",wsola,WSOLA,local waveform-similarity overlap-add,-12,6,0.13931972789115646,227.01197732400746,454.0239546480149,0.9815304227004085
octave_missing_440,missing_fundamental,880 + 1320 + 1760,"{""frequencies_hz"": ""880,1320,1760""}",wsola,WSOLA,local waveform-similarity overlap-add,-12,7,0.16253968253968254,227.2080390146677,454.4160780293354,0.9859123767440995
octave_missing_440,missing_fundamental,880 + 1320 + 1760,"{""frequencies_hz"": ""880,1320,1760""}",wsola,WSOLA,local waveform-similarity overlap-add,-12,8,0.18575963718820862,227.1840504482884,454.3681008965768,0.9887544597894355
octave_missing_440,missing_fundamental,880 + 1320 + 1760,"{""frequencies_hz"": ""880,1320,1760""}",wsola,WSOLA,local waveform-similarity overlap-add,-12,9,0.2089795918367347,227.1024787815834,454.2049575631668,0.9896459827324597
octave_missing_440,missing_fundamental,880 + 1320 + 1760,"{""frequencies_hz"": ""880,1320,1760""}",wsola,WSOLA,local waveform-similarity overlap-add,-12,10,0.23219954648526078,227.07387971697756,454.1477594339551,0.9896734825606254
octave_missing_440,missing_fundamental,880 + 1320 + 1760,"{""frequencies_hz"": ""880,1320,1760""}",wsola,WSOLA,local waveform-similarity overlap-add,-12,11,0.25541950113378686,227.09506585347302,454.19013170694603,0.9898066341465105
octave_missing_440,missing_fundamental,880 + 1320 + 1760,"{""frequencies_hz"": ""880,1320,1760""}",wsola,WSOLA,local waveform-similarity overlap-add,-12,12,0.2786394557823129,227.09750091235793,454.19500182471586,0.9898519564395996
octave_missing_440,missing_fundamental,880 + 1320 + 1760,"{""frequencies_hz"": ""880,1320,1760""}",wsola,WSOLA,local waveform-similarity overlap-add,-12,13,0.301859410430839,227.0802124363779,454.1604248727558,0.9897483783371521
octave_missing_440,missing_fundamental,880 + 1320 + 1760,"{""frequencies_hz"": ""880,1320,1760""}",wsola,WSOLA,local waveform-similarity overlap-add,-12,14,0.3250793650793651,227.08151687257987,454.16303374515974,0.989846624670048
octave_missing_440,missing_fundamental,880 + 1320 + 1760,"{""frequencies_hz"": ""880,1320,1760""}",wsola,WSOLA,local waveform-similarity overlap-add,-12,15,0.34829931972789113,227.08341639310567,454.16683278621133,0.9898721292447253
octave_missing_440,missing_fundamental,880 + 1320 + 1760,"{""frequencies_hz"": ""880,1320,1760""}",wsola,WSOLA,local waveform-similarity overlap-add,-12,16,0.37151927437641724,227.05939772996584,454.1187954599317,0.989756406567824
octave_missing_440,missing_fundamental,880 + 1320 + 1760,"{""frequencies_hz"": ""880,1320,1760""}",wsola,WSOLA,local waveform-similarity overlap-add,-12,17,0.3947392290249433,227.03527319797288,454.07054639594577,0.9897943802022089
octave_missing_440,missing_fundamental,880 + 1320 + 1760,"{""frequencies_hz"": ""880,1320,1760""}",wsola,WSOLA,local waveform-similarity overlap-add,-12,18,0.4179591836734694,227.0401253463343,454.0802506926686,0.9897793415614209
octave_missing_440,missing_fundamental,880 + 1320 + 1760,"{""frequencies_hz"": ""880,1320,1760""}",wsola,WSOLA,local waveform-similarity overlap-add,-12,19,0.44117913832199546,227.0616215295997,454.1232430591994,0.9897525898049682
octave_missing_440,missing_fundamental,880 + 1320 + 1760,"{""frequencies_hz"": ""880,1320,1760""}",wsola,WSOLA,local waveform-similarity overlap-add,-12,20,0.46439909297052157,227.0679061151615,454.135812230323,0.9898705114190582
octave_missing_440,missing_fundamental,880 + 1320 + 1760,"{""frequencies_hz"": ""880,1320,1760""}",wsola,WSOLA,local waveform-similarity overlap-add,-12,21,0.4876190476190476,227.05300304029728,454.10600608059457,0.9898235402962696
octave_missing_440,missing_fundamental,880 + 1320 + 1760,"{""frequencies_hz"": ""880,1320,1760""}",wsola,WSOLA,local waveform-similarity overlap-add,-12,22,0.5108390022675737,227.0467720834596,454.0935441669192,0.9897671625249786
octave_missing_440,missing_fundamental,880 + 1320 + 1760,"{""frequencies_hz"": ""880,1320,1760""}",wsola,WSOLA,local waveform-similarity overlap-add,-12,23,0.5340589569160997,227.06026633744327,454.12053267488653,0.9898836028202876
octave_missing_440,missing_fundamental,880 + 1320 + 1760,"{""frequencies_hz"": ""880,1320,1760""}",wsola,WSOLA,local waveform-similarity overlap-add,-12,24,0.5572789115646258,227.06249305304166,454.1249861060833,0.9898252756419008
octave_missing_440,missing_fundamental,880 + 1320 + 1760,"{""frequencies_hz"": ""880,1320,1760""}",wsola,WSOLA,local waveform-similarity overlap-add,-12,25,0.5804988662131519,227.0433734518213,454.0867469036426,0.9897431820861636
octave_missing_440,missing_fundamental,880 + 1320 + 1760,"{""frequencies_hz"": ""880,1320,1760""}",wsola,WSOLA,local waveform-similarity overlap-add,-12,26,0.603718820861678,227.03218788237174,454.0643757647435,0.9898050421822594
octave_missing_440,missing_fundamental,880 + 1320 + 1760,"{""frequencies_hz"": ""880,1320,1760""}",wsola,WSOLA,local waveform-similarity overlap-add,-12,27,0.626938775510204,227.04601460799188,454.09202921598376,0.9897559876337735
octave_missing_440,missing_fundamental,880 + 1320 + 1760,"{""frequencies_hz"": ""880,1320,1760""}",wsola,WSOLA,local waveform-similarity overlap-add,-12,28,0.6501587301587302,227.0661273419394,454.1322546838788,0.9897821413688609
octave_missing_440,missing_fundamental,880 + 1320 + 1760,"{""frequencies_hz"": ""880,1320,1760""}",wsola,WSOLA,local waveform-similarity overlap-add,-12,29,0.6733786848072563,227.0648584047302,454.1297168094604,0.9898823672867297
octave_missing_440,missing_fundamental,880 + 1320 + 1760,"{""frequencies_hz"": ""880,1320,1760""}",wsola,WSOLA,local waveform-similarity overlap-add,-12,30,0.6965986394557823,227.04883010694115,454.0976602138823,0.9897869141891785
octave_missing_440,missing_fundamental,880 + 1320 + 1760,"{""frequencies_hz"": ""880,1320,1760""}",wsola,WSOLA,local waveform-similarity overlap-add,-12,31,0.7198185941043084,227.0496259395232,454.0992518790464,0.9897959931524534
octave_missing_440,missing_fundamental,880 + 1320 + 1760,"{""frequencies_hz"": ""880,1320,1760""}",wsola,WSOLA,local waveform-similarity overlap-add,-12,32,0.7430385487528345,227.06348809475804,454.1269761895161,0.9898930082560428
octave_missing_440,missing_fundamental,880 + 1320 + 1760,"{""frequencies_hz"": ""880,1320,1760""}",wsola,WSOLA,local waveform-similarity overlap-add,-12,33,0.7662585034013606,227.05825867990168,454.11651735980337,0.9897841221044092
octave_missing_440,missing_fundamental,880 + 1320 + 1760,"{""frequencies_hz"": ""880,1320,1760""}",wsola,WSOLA,local waveform-similarity overlap-add,-12,34,0.7894784580498866,227.03787983248847,454.07575966497694,0.9897576809874872
octave_missing_440,missing_fundamental,880 + 1320 + 1760,"{""frequencies_hz"": ""880,1320,1760""}",wsola,WSOLA,local waveform-similarity overlap-add,-12,35,0.8126984126984127,227.03384982455694,454.0676996491139,0.989804553292776
octave_missing_440,missing_fundamental,880 + 1320 + 1760,"{""frequencies_hz"": ""880,1320,1760""}",wsola,WSOLA,local waveform-similarity overlap-add,-12,36,0.8359183673469388,227.05270954588093,454.10541909176186,0.9897420756729218
octave_missing_440,missing_fundamental,880 + 1320 + 1760,"{""frequencies_hz"": ""880,1320,1760""}",wsola,WSOLA,local waveform-similarity overlap-add,-12,37,0.8591383219954648,227.06940120239233,454.13880240478466,0.9898247350611196
octave_missing_440,missing_fundamental,880 + 1320 + 1760,"{""frequencies_hz"": ""880,1320,1760""}",wsola,WSOLA,local waveform-similarity overlap-add,-12,38,0.8823582766439909,227.06455103854302,454.12910207708603,0.9898835855359068
octave_missing_440,missing_fundamental,880 + 1320 + 1760,"{""frequencies_hz"": ""880,1320,1760""}",wsola,WSOLA,local waveform-similarity overlap-add,-12,39,0.905578231292517,227.05441255646286,454.10882511292573,0.9897861748922961
octave_missing_440,missing_fundamental,880 + 1320 + 1760,"{""frequencies_hz"": ""880,1320,1760""}",wsola,WSOLA,local waveform-similarity overlap-add,-12,40,0.9287981859410431,227.0600843023657,454.1201686047314,0.9898564724071806
octave_missing_440,missing_fundamental,880 + 1320 + 1760,"{""frequencies_hz"": ""880,1320,1760""}",wsola,WSOLA,local waveform-similarity overlap-add,-12,41,0.9520181405895691,227.0659547161496,454.1319094322992,0.9898885163898458
octave_missing_440,missing_fundamental,880 + 1320 + 1760,"{""frequencies_hz"": ""880,1320,1760""}",wsola,WSOLA,local waveform-similarity overlap-add,-12,42,0.9752380952380952,227.05205055026877,454.10410110053755,0.9897588854209347
octave_missing_440,missing_fundamental,880 + 1320 + 1760,"{""frequencies_hz"": ""880,1320,1760""}",wsola,WSOLA,local waveform-similarity overlap-add,-12,43,0.9984580498866213,227.0327843505584,454.0655687011168,0.9897799803701841
octave_missing_440,missing_fundamental,880 + 1320 + 1760,"{""frequencies_hz"": ""880,1320,1760""}",wsola,WSOLA,local waveform-similarity overlap-add,-12,44,1.0216780045351475,227.0321617789662,454.0643235579324,0.9897751020837434
octave_missing_440,missing_fundamental,880 + 1320 + 1760,"{""frequencies_hz"": ""880,1320,1760""}",wsola,WSOLA,local waveform-similarity overlap-add,-12,45,1.0448979591836736,227.0509659311001,454.1019318622002,0.9897235010601857
octave_missing_440,missing_fundamental,880 + 1320 + 1760,"{""frequencies_hz"": ""880,1320,1760""}",wsola,WSOLA,local waveform-similarity overlap-add,-12,46,1.0681179138321995,227.06507841970887,454.13015683941774,0.9898488126072018
octave_missing_440,missing_fundamental,880 + 1320 + 1760,"{""frequencies_hz"": ""880,1320,1760""}",wsola,WSOLA,local waveform-similarity overlap-add,-12,47,1.0913378684807256,227.05952399292917,454.11904798585834,0.9898524263884698
octave_missing_440,missing_fundamental,880 + 1320 + 1760,"{""frequencies_hz"": ""880,1320,1760""}",wsola,WSOLA,local waveform-similarity overlap-add,-12,48,1.1145578231292517,227.05429851298086,454.1085970259617,0.9897842642675311
octave_missing_440,missing_fundamental,880 + 1320 + 1760,"{""frequencies_hz"": ""880,1320,1760""}",wsola,WSOLA,local waveform-similarity overlap-add,-12,49,1.1377777777777778,227.0631183075111,454.1262366150222,0.9898912305721052
octave_missing_440,missing_fundamental,880 + 1320 + 1760,"{""frequencies_hz"": ""880,1320,1760""}",wsola,WSOLA,local waveform-similarity overlap-add,-12,50,1.1609977324263039,227.06275868353615,454.1255173670723,0.9899578644155832
octave_missing_440,missing_fundamental,880 + 1320 + 1760,"{""frequencies_hz"": ""880,1320,1760""}",wsola,WSOLA,local waveform-similarity overlap-add,-12,51,1.18421768707483,227.03703395499082,454.07406790998164,0.9905315553539057
octave_missing_440,missing_fundamental,880 + 1320 + 1760,"{""frequencies_hz"": ""880,1320,1760""}",wsola,WSOLA,local waveform-similarity overlap-add,-12,52,1.207437641723356,227.00585767531985,454.0117153506397,0.9918122701113304
octave_missing_440,missing_fundamental,880 + 1320 + 1760,"{""frequencies_hz"": ""880,1320,1760""}",wsola,WSOLA,local waveform-similarity overlap-add,-12,53,1.230657596371882,226.98800944845806,453.9760188969161,0.9922062496643315
octave_missing_440,missing_fundamental,880 + 1320 + 1760,"{""frequencies_hz"": ""880,1320,1760""}",wsola,WSOLA,local waveform-similarity overlap-add,-12,54,1.253877551020408,226.98500547050728,453.97001094101455,0.9911450733552221
octave_missing_440,missing_fundamental,880 + 1320 + 1760,"{""frequencies_hz"": ""880,1320,1760""}",wsola,WSOLA,local waveform-similarity overlap-add,-12,55,1.2770975056689342,226.99568813663979,453.99137627327957,0.9900801999912395
octave_missing_440,missing_fundamental,880 + 1320 + 1760,"{""frequencies_hz"": ""880,1320,1760""}",wsola,WSOLA,local waveform-similarity overlap-add,-12,56,1.3003174603174603,227.01058014788023,454.02116029576047,0.9898714089503124
octave_missing_440,missing_fundamental,880 + 1320 + 1760,"{""frequencies_hz"": ""880,1320,1760""}",wsola,WSOLA,local waveform-similarity overlap-add,-12,57,1.3235374149659864,227.02815469350648,454.05630938701296,0.9897978408963884
octave_missing_440,missing_fundamental,880 + 1320 + 1760,"{""frequencies_hz"": ""880,1320,1760""}",wsola,WSOLA,local waveform-similarity overlap-add,-12,58,1.3467573696145125,227.04548545978335,454.0909709195667,0.9898031848108981
octave_missing_440,missing_fundamental,880 + 1320 + 1760,"{""frequencies_hz"": ""880,1320,1760""}",wsola,WSOLA,local waveform-similarity overlap-add,-12,59,1.3699773242630386,227.04813218126148,454.09626436252296,0.9898902986239706
octave_missing_440,missing_fundamental,880 + 1320 + 1760,"{""frequencies_hz"": ""880,1320,1760""}",wsola,WSOLA,local waveform-similarity overlap-add,-12,60,1.3931972789115645,227.04776404134685,454.0955280826937,0.9898033875366066
octave_missing_440,missing_fundamental,880 + 1320 + 1760,"{""frequencies_hz"": ""880,1320,1760""}",wsola,WSOLA,local waveform-similarity overlap-add,-12,61,1.4164172335600906,227.06739232174883,454.13478464349765,0.9898288980928323
octave_missing_440,missing_fundamental,880 + 1320 + 1760,"{""frequencies_hz"": ""880,1320,1760""}",wsola,WSOLA,local waveform-similarity overlap-add,-12,62,1.4396371882086167,227.08676909645663,454.17353819291327,0.9899200261016263
octave_missing_440,missing_fundamental,880 + 1320 + 1760,"{""frequencies_hz"": ""880,1320,1760""}",wsola,WSOLA,local waveform-similarity overlap-add,-12,63,1.4628571428571429,227.07420961648165,454.1484192329633,0.9897880330705977
octave_missing_440,missing_fundamental,880 + 1320 + 1760,"{""frequencies_hz"": ""880,1320,1760""}",wsola,WSOLA,local waveform-similarity overlap-add,-12,64,1.486077097505669,227.0432866734401,454.0865733468802,0.9897490719932497
octave_missing_440,missing_fundamental,880 + 1320 + 1760,"{""frequencies_hz"": ""880,1320,1760""}",wsola,WSOLA,local waveform-similarity overlap-add,-12,65,1.509297052154195,227.028855089592,454.057710179184,0.9897971459042062
octave_missing_440,missing_fundamental,880 + 1320 + 1760,"{""frequencies_hz"": ""880,1320,1760""}",wsola,WSOLA,local waveform-similarity overlap-add,-12,66,1.5325170068027212,227.03560656985968,454.07121313971936,0.9897295759155431
octave_missing_440,missing_fundamental,880 + 1320 + 1760,"{""frequencies_hz"": ""880,1320,1760""}",wsola,WSOLA,local waveform-similarity overlap-add,-12,67,1.555736961451247,227.04414734264577,454.08829468529154,0.9897986599027273
octave_missing_440,missing_fundamental,880 + 1320 + 1760,"{""frequencies_hz"": ""880,1320,1760""}",wsola,WSOLA,local waveform-similarity overlap-add,-12,68,1.5789569160997732,227.04341462508805,454.0868292501761,0.9898562725637523
octave_missing_440,missing_fundamental,880 + 1320 + 1760,"{""frequencies_hz"": ""880,1320,1760""}",wsola,WSOLA,local waveform-similarity overlap-add,-12,69,1.6021768707482993,227.05024062418906,454.1004812483781,0.9897777738574823
octave_missing_440,missing_fundamental,880 + 1320 + 1760,"{""frequencies_hz"": ""880,1320,1760""}",wsola,WSOLA,local waveform-similarity overlap-add,-12,70,1.6253968253968254,227.07484007556275,454.1496801511255,0.9898690192616181
octave_missing_440,missing_fundamental,880 + 1320 + 1760,"{""frequencies_hz"": ""880,1320,1760""}",wsola,WSOLA,local waveform-similarity overlap-add,-12,71,1.6486167800453515,227.08682220624826,454.1736444124965,0.9898991001475046
octave_missing_440,missing_fundamental,880 + 1320 + 1760,"{""frequencies_hz"": ""880,1320,1760""}",wsola,WSOLA,local waveform-similarity overlap-add,-12,72,1.6718367346938776,227.06549042363898,454.13098084727795,0.9897525631324637
octave_missing_440,missing_fundamental,880 + 1320 + 1760,"{""frequencies_hz"": ""880,1320,1760""}",wsola,WSOLA,local waveform-similarity overlap-add,-12,73,1.6950566893424037,227.03796672485558,454.07593344971116,0.9897762227012507
octave_missing_440,missing_fundamental,880 + 1320 + 1760,"{""frequencies_hz"": ""880,1320,1760""}",wsola,WSOLA,local waveform-similarity overlap-add,-12,74,1.7182766439909296,227.0371991492895,454.074398298579,0.9898001320653994
octave_missing_440,missing_fundamental,880 + 1320 + 1760,"{""frequencies_hz"": ""880,1320,1760""}",wsola,WSOLA,local waveform-similarity overlap-add,-12,75,1.7414965986394557,227.0578384860993,454.1156769721986,0.9897653983165599
octave_missing_440,missing_fundamental,880 + 1320 + 1760,"{""frequencies_hz"": ""880,1320,1760""}",wsola,WSOLA,local waveform-similarity overlap-add,-12,76,1.7647165532879818,227.06864271981433,454.13728543962867,0.9898677401262248
octave_missing_440,missing_fundamental,880 + 1320 + 1760,"{""frequencies_hz"": ""880,1320,1760""}",wsola,WSOLA,local waveform-similarity overlap-add,-12,77,1.787936507936508,227.05904866024295,454.1180973204859,0.9898329117979012
octave_missing_440,missing_fundamental,880 + 1320 + 1760,"{""frequencies_hz"": ""880,1320,1760""}",wsola,WSOLA,local waveform-similarity overlap-add,-12,78,1.811156462585034,227.05842916264356,454.1168583252871,0.9897509308936144
octave_missing_440,missing_fundamental,880 + 1320 + 1760,"{""frequencies_hz"": ""880,1320,1760""}",wsola,WSOLA,local waveform-similarity overlap-add,-12,79,1.8343764172335602,227.07776900703493,454.15553801406986,0.989870410880414
octave_missing_440,missing_fundamental,880 + 1320 + 1760,"{""frequencies_hz"": ""880,1320,1760""}",wsola,WSOLA,local waveform-similarity overlap-add,-12,80,1.8575963718820863,227.0814558212103,454.1629116424206,0.9898414680536044
octave_missing_440,missing_fundamental,880 + 1320 + 1760,"{""frequencies_hz"": ""880,1320,1760""}",wsola,WSOLA,local waveform-similarity overlap-add,-12,81,1.8808163265306121,227.0565144362391,454.1130288724782,0.9897651142158933
octave_missing_440,missing_fundamental,880 + 1320 + 1760,"{""frequencies_hz"": ""880,1320,1760""}",wsola,WSOLA,local waveform-similarity overlap-add,-12,82,1.9040362811791383,227.04035013389253,454.08070026778506,0.9901382249922418
octave_missing_440,missing_fundamental,880 + 1320 + 1760,"{""frequencies_hz"": ""880,1320,1760""}",wsola,WSOLA,local waveform-similarity overlap-add,-12,83,1.9272562358276644,,,0.05822747561355813
octave_missing_440,missing_fundamental,880 + 1320 + 1760,"{""frequencies_hz"": ""880,1320,1760""}",wsola,WSOLA,local waveform-similarity overlap-add,-12,84,1.9504761904761905,,,0.014671859347044375
octave_missing_440,missing_fundamental,880 + 1320 + 1760,"{""frequencies_hz"": ""880,1320,1760""}",wsola,WSOLA,local waveform-similarity overlap-add,-12,85,1.9736961451247166,,,0.012553550835844581
octave_missing_440,missing_fundamental,880 + 1320 + 1760,"{""frequencies_hz"": ""880,1320,1760""}",wsola,WSOLA,local waveform-similarity overlap-add,-12,86,1.9969160997732427,,,0.012246512942718933
octave_missing_440,missing_fundamental,880 + 1320 + 1760,"{""frequencies_hz"": ""880,1320,1760""}",rubber_band,Rubber Band,local hybrid spectral/time-domain proxy,-12,0,0.0,,,0.009645134184676676
octave_missing_440,missing_fundamental,880 + 1320 + 1760,"{""frequencies_hz"": ""880,1320,1760""}",rubber_band,Rubber Band,local hybrid spectral/time-domain proxy,-12,1,0.023219954648526078,,,0.010110812507860953
octave_missing_440,missing_fundamental,880 + 1320 + 1760,"{""frequencies_hz"": ""880,1320,1760""}",rubber_band,Rubber Band,local hybrid spectral/time-domain proxy,-12,2,0.046439909297052155,,,0.013388763451615656
octave_missing_440,missing_fundamental,880 + 1320 + 1760,"{""frequencies_hz"": ""880,1320,1760""}",rubber_band,Rubber Band,local hybrid spectral/time-domain proxy,-12,3,0.06965986394557823,,,0.06376300809046591
octave_missing_440,missing_fundamental,880 + 1320 + 1760,"{""frequencies_hz"": ""880,1320,1760""}",rubber_band,Rubber Band,local hybrid spectral/time-domain proxy,-12,4,0.09287981859410431,367.1828120373758,734.3656240747516,0.9997698804360557
octave_missing_440,missing_fundamental,880 + 1320 + 1760,"{""frequencies_hz"": ""880,1320,1760""}",rubber_band,Rubber Band,local hybrid spectral/time-domain proxy,-12,5,0.11609977324263039,226.61364963474958,453.22729926949916,0.9762297373812738
octave_missing_440,missing_fundamental,880 + 1320 + 1760,"{""frequencies_hz"": ""880,1320,1760""}",rubber_band,Rubber Band,local hybrid spectral/time-domain proxy,-12,6,0.13931972789115646,227.04181355200458,454.08362710400917,0.9811760598893896
octave_missing_440,missing_fundamental,880 + 1320 + 1760,"{""frequencies_hz"": ""880,1320,1760""}",rubber_band,Rubber Band,local hybrid spectral/time-domain proxy,-12,7,0.16253968253968254,227.21433530941465,454.4286706188293,0.9855135188985097
octave_missing_440,missing_fundamental,880 + 1320 + 1760,"{""frequencies_hz"": ""880,1320,1760""}",rubber_band,Rubber Band,local hybrid spectral/time-domain proxy,-12,8,0.18575963718820862,227.18176466459985,454.3635293291997,0.988565185643986
octave_missing_440,missing_fundamental,880 + 1320 + 1760,"{""frequencies_hz"": ""880,1320,1760""}",rubber_band,Rubber Band,local hybrid spectral/time-domain proxy,-12,9,0.2089795918367347,227.09204724822177,454.18409449644355,0.9897195327703674
octave_missing_440,missing_fundamental,880 + 1320 + 1760,"{""frequencies_hz"": ""880,1320,1760""}",rubber_band,Rubber Band,local hybrid spectral/time-domain proxy,-12,10,0.23219954648526078,227.0498804609796,454.0997609219592,0.9899093455046813
octave_missing_440,missing_fundamental,880 + 1320 + 1760,"{""frequencies_hz"": ""880,1320,1760""}",rubber_band,Rubber Band,local hybrid spectral/time-domain proxy,-12,11,0.25541950113378686,227.05609105476347,454.11218210952694,0.990028757922341
octave_missing_440,missing_fundamental,880 + 1320 + 1760,"{""frequencies_hz"": ""880,1320,1760""}",rubber_band,Rubber Band,local hybrid spectral/time-domain proxy,-12,12,0.2786394557823129,227.04536268248614,454.0907253649723,0.9899115945664465
octave_missing_440,missing_fundamental,880 + 1320 + 1760,"{""frequencies_hz"": ""880,1320,1760""}",rubber_band,Rubber Band,local hybrid spectral/time-domain proxy,-12,13,0.301859410430839,227.01771840322635,454.0354368064527,0.9896092504852917
octave_missing_440,missing_fundamental,880 + 1320 + 1760,"{""frequencies_hz"": ""880,1320,1760""}",rubber_band,Rubber Band,local hybrid spectral/time-domain proxy,-12,14,0.3250793650793651,227.01645430344328,454.03290860688656,0.9896074252316667
octave_missing_440,missing_fundamental,880 + 1320 + 1760,"{""frequencies_hz"": ""880,1320,1760""}",rubber_band,Rubber Band,local hybrid spectral/time-domain proxy,-12,15,0.34829931972789113,227.02749489696862,454.05498979393724,0.9897249611771088
octave_missing_440,missing_fundamental,880 + 1320 + 1760,"{""frequencies_hz"": ""880,1320,1760""}",rubber_band,Rubber Band,local hybrid spectral/time-domain proxy,-12,16,0.37151927437641724,227.02488386126967,454.04976772253934,0.9898617164283896
octave_missing_440,missing_fundamental,880 + 1320 + 1760,"{""frequencies_hz"": ""880,1320,1760""}",rubber_band,Rubber Band,local hybrid spectral/time-domain proxy,-12,17,0.3947392290249433,227.02153032426457,454.04306064852915,0.9901426389477428
octave_missing_440,missing_fundamental,880 + 1320 + 1760,"{""frequencies_hz"": ""880,1320,1760""}",rubber_band,Rubber Band,local hybrid spectral/time-domain proxy,-12,18,0.4179591836734694,227.01348548235947,454.02697096471894,0.990148774058123
octave_missing_440,missing_fundamental,880 + 1320 + 1760,"{""frequencies_hz"": ""880,1320,1760""}",rubber_band,Rubber Band,local hybrid spectral/time-domain proxy,-12,19,0.44117913832199546,226.9814871175291,453.9629742350582,0.9898748370773973
octave_missing_440,missing_fundamental,880 + 1320 + 1760,"{""frequencies_hz"": ""880,1320,1760""}",rubber_band,Rubber Band,local hybrid spectral/time-domain proxy,-12,20,0.46439909297052157,226.9492916033386,453.8985832066772,0.9897056419126306
octave_missing_440,missing_fundamental,880 + 1320 + 1760,"{""frequencies_hz"": ""880,1320,1760""}",rubber_band,Rubber Band,local hybrid spectral/time-domain proxy,-12,21,0.4876190476190476,226.95512466778172,453.91024933556344,0.98958851588417
octave_missing_440,missing_fundamental,880 + 1320 + 1760,"{""frequencies_hz"": ""880,1320,1760""}",rubber_band,Rubber Band,local hybrid spectral/time-domain proxy,-12,22,0.5108390022675737,226.98615122439693,453.97230244879387,0.9896374269272351
octave_missing_440,missing_fundamental,880 + 1320 + 1760,"{""frequencies_hz"": ""880,1320,1760""}",rubber_band,Rubber Band,local hybrid spectral/time-domain proxy,-12,23,0.5340589569160997,227.00058025137562,454.00116050275125,0.9898856092459808
octave_missing_440,missing_fundamental,880 + 1320 + 1760,"{""frequencies_hz"": ""880,1320,1760""}",rubber_band,Rubber Band,local hybrid spectral/time-domain proxy,-12,24,0.5572789115646258,226.98881071189967,453.97762142379935,0.9899686977600277
octave_missing_440,missing_fundamental,880 + 1320 + 1760,"{""frequencies_hz"": ""880,1320,1760""}",rubber_band,Rubber Band,local hybrid spectral/time-domain proxy,-12,25,0.5804988662131519,226.97222859219403,453.94445718438806,0.9900015889269926
octave_missing_440,missing_fundamental,880 + 1320 + 1760,"{""frequencies_hz"": ""880,1320,1760""}",rubber_band,Rubber Band,local hybrid spectral/time-domain proxy,-12,26,0.603718820861678,226.96264939778993,453.92529879557986,0.990029917250863
octave_missing_440,missing_fundamental,880 + 1320 + 1760,"{""frequencies_hz"": ""880,1320,1760""}",rubber_band,Rubber Band,local hybrid spectral/time-domain proxy,-12,27,0.626938775510204,226.9571428810491,453.9142857620982,0.9897738087044188
octave_missing_440,missing_fundamental,880 + 1320 + 1760,"{""frequencies_hz"": ""880,1320,1760""}",rubber_band,Rubber Band,local hybrid spectral/time-domain proxy,-12,28,0.6501587301587302,226.95874129437104,453.9174825887421,0.9895633624367095
octave_missing_440,missing_fundamental,880 + 1320 + 1760,"{""frequencies_hz"": ""880,1320,1760""}",rubber_band,Rubber Band,local hybrid spectral/time-domain proxy,-12,29,0.6733786848072563,226.97057026501142,453.94114053002284,0.9896037851961312
octave_missing_440,missing_fundamental,880 + 1320 + 1760,"{""frequencies_hz"": ""880,1320,1760""}",rubber_band,Rubber Band,local hybrid spectral/time-domain proxy,-12,30,0.6965986394557823,226.9945086833512,453.9890173667024,0.9896986546954533
octave_missing_440,missing_fundamental,880 + 1320 + 1760,"{""frequencies_hz"": ""880,1320,1760""}",rubber_band,Rubber Band,local hybrid spectral/time-domain proxy,-12,31,0.7198185941043084,227.0211448909194,454.0422897818388,0.9899665042178151
octave_missing_440,missing_fundamental,880 + 1320 + 1760,"{""frequencies_hz"": ""880,1320,1760""}",rubber_band,Rubber Band,local hybrid spectral/time-domain proxy,-12,32,0.7430385487528345,227.0240214892356,454.0480429784712,0.9901678239541625
octave_missing_440,missing_fundamental,880 + 1320 + 1760,"{""frequencies_hz"": ""880,1320,1760""}",rubber_band,Rubber Band,local hybrid spectral/time-domain proxy,-12,33,0.7662585034013606,226.99568877201116,453.9913775440223,0.9899676293560356
octave_missing_440,missing_fundamental,880 + 1320 + 1760,"{""frequencies_hz"": ""880,1320,1760""}",rubber_band,Rubber Band,local hybrid spectral/time-domain proxy,-12,34,0.7894784580498866,226.96159923504842,453.92319847009685,0.9897563646881165
octave_missing_440,missing_fundamental,880 + 1320 + 1760,"{""frequencies_hz"": ""880,1320,1760""}",rubber_band,Rubber Band,local hybrid spectral/time-domain proxy,-12,35,0.8126984126984127,226.94608731429472,453.89217462858943,0.9896514891313405
octave_missing_440,missing_fundamental,880 + 1320 + 1760,"{""frequencies_hz"": ""880,1320,1760""}",rubber_band,Rubber Band,local hybrid spectral/time-domain proxy,-12,36,0.8359183673469388,226.94908716991776,453.8981743398355,0.989524737880302
octave_missing_440,missing_fundamental,880 + 1320 + 1760,"{""frequencies_hz"": ""880,1320,1760""}",rubber_band,Rubber Band,local hybrid spectral/time-domain proxy,-12,37,0.8591383219954648,226.96438182402284,453.9287636480457,0.9896417236970076
octave_missing_440,missing_fundamental,880 + 1320 + 1760,"{""frequencies_hz"": ""880,1320,1760""}",rubber_band,Rubber Band,local hybrid spectral/time-domain proxy,-12,38,0.8823582766439909,226.9860860009892,453.9721720019784,0.9898551963243517
octave_missing_440,missing_fundamental,880 + 1320 + 1760,"{""frequencies_hz"": ""880,1320,1760""}",rubber_band,Rubber Band,local hybrid spectral/time-domain proxy,-12,39,0.905578231292517,227.01289932495578,454.02579864991156,0.9899796765097456
octave_missing_440,missing_fundamental,880 + 1320 + 1760,"{""frequencies_hz"": ""880,1320,1760""}",rubber_band,Rubber Band,local hybrid spectral/time-domain proxy,-12,40,0.9287981859410431,227.0293901429651,454.0587802859302,0.9901488021720789
octave_missing_440,missing_fundamental,880 + 1320 + 1760,"{""frequencies_hz"": ""880,1320,1760""}",rubber_band,Rubber Band,local hybrid spectral/time-domain proxy,-12,41,0.9520181405895691,227.014205017142,454.028410034284,0.9900503107984131
octave_missing_440,missing_fundamental,880 + 1320 + 1760,"{""frequencies_hz"": ""880,1320,1760""}",rubber_band,Rubber Band,local hybrid spectral/time-domain proxy,-12,42,0.9752380952380952,226.97464854206865,453.9492970841373,0.9896565663065826
octave_missing_440,missing_fundamental,880 + 1320 + 1760,"{""frequencies_hz"": ""880,1320,1760""}",rubber_band,Rubber Band,local hybrid spectral/time-domain proxy,-12,43,0.9984580498866213,226.94455526783247,453.88911053566494,0.9894898409168966
octave_missing_440,missing_fundamental,880 + 1320 + 1760,"{""frequencies_hz"": ""880,1320,1760""}",rubber_band,Rubber Band,local hybrid spectral/time-domain proxy,-12,44,1.0216780045351475,226.94138628120913,453.88277256241827,0.9895129095275041
octave_missing_440,missing_fundamental,880 + 1320 + 1760,"{""frequencies_hz"": ""880,1320,1760""}",rubber_band,Rubber Band,local hybrid spectral/time-domain proxy,-12,45,1.0448979591836736,226.95856275628387,453.91712551256774,0.9896646115663611
octave_missing_440,missing_fundamental,880 + 1320 + 1760,"{""frequencies_hz"": ""880,1320,1760""}",rubber_band,Rubber Band,local hybrid spectral/time-domain proxy,-12,46,1.0681179138321995,226.98275334719523,453.96550669439046,0.9900123369402964
octave_missing_440,missing_fundamental,880 + 1320 + 1760,"{""frequencies_hz"": ""880,1320,1760""}",rubber_band,Rubber Band,local hybrid spectral/time-domain proxy,-12,47,1.0913378684807256,227.00359372534473,454.00718745068946,0.9901329280918351
octave_missing_440,missing_fundamental,880 + 1320 + 1760,"{""frequencies_hz"": ""880,1320,1760""}",rubber_band,Rubber Band,local hybrid spectral/time-domain proxy,-12,48,1.1145578231292517,227.01983871014718,454.03967742029437,0.9900178064487636
octave_missing_440,missing_fundamental,880 + 1320 + 1760,"{""frequencies_hz"": ""880,1320,1760""}",rubber_band,Rubber Band,local hybrid spectral/time-domain proxy,-12,49,1.1377777777777778,227.01928070974938,454.03856141949876,0.9899336972483739
octave_missing_440,missing_fundamental,880 + 1320 + 1760,"{""frequencies_hz"": ""880,1320,1760""}",rubber_band,Rubber Band,local hybrid spectral/time-domain proxy,-12,50,1.1609977324263039,226.99006756076807,453.98013512153614,0.9897927432265803
octave_missing_440,missing_fundamental,880 + 1320 + 1760,"{""frequencies_hz"": ""880,1320,1760""}",rubber_band,Rubber Band,local hybrid spectral/time-domain proxy,-12,51,1.18421768707483,226.95450203590195,453.9090040718039,0.9902773303946345
octave_missing_440,missing_fundamental,880 + 1320 + 1760,"{""frequencies_hz"": ""880,1320,1760""}",rubber_band,Rubber Band,local hybrid spectral/time-domain proxy,-12,52,1.207437641723356,226.9592408638024,453.9184817276048,0.9916709075464236
octave_missing_440,missing_fundamental,880 + 1320 + 1760,"{""frequencies_hz"": ""880,1320,1760""}",rubber_band,Rubber Band,local hybrid spectral/time-domain proxy,-12,53,1.230657596371882,226.9936489126811,453.9872978253622,0.9922803518076657
octave_missing_440,missing_fundamental,880 + 1320 + 1760,"{""frequencies_hz"": ""880,1320,1760""}",rubber_band,Rubber Band,local hybrid spectral/time-domain proxy,-12,54,1.253877551020408,227.01445828489514,454.0289165697903,0.9913266963778822
octave_missing_440,missing_fundamental,880 + 1320 + 1760,"{""frequencies_hz"": ""880,1320,1760""}",rubber_band,Rubber Band,local hybrid spectral/time-domain proxy,-12,55,1.2770975056689342,227.00261764088043,454.00523528176086,0.9901316010333615
octave_missing_440,missing_fundamental,880 + 1320 + 1760,"{""frequencies_hz"": ""880,1320,1760""}",rubber_band,Rubber Band,local hybrid spectral/time-domain proxy,-12,56,1.3003174603174603,226.97744080187482,453.95488160374964,0.9897062776138313
octave_missing_440,missing_fundamental,880 + 1320 + 1760,"{""frequencies_hz"": ""880,1320,1760""}",rubber_band,Rubber Band,local hybrid spectral/time-domain proxy,-12,57,1.3235374149659864,226.9549109934309,453.9098219868618,0.9895291031068054
octave_missing_440,missing_fundamental,880 + 1320 + 1760,"{""frequencies_hz"": ""880,1320,1760""}",rubber_band,Rubber Band,local hybrid spectral/time-domain proxy,-12,58,1.3467573696145125,226.9380224333632,453.8760448667264,0.98957755405984
octave_missing_440,missing_fundamental,880 + 1320 + 1760,"{""frequencies_hz"": ""880,1320,1760""}",rubber_band,Rubber Band,local hybrid spectral/time-domain proxy,-12,59,1.3699773242630386,226.93739214848688,453.87478429697376,0.9898390187220144
octave_missing_440,missing_fundamental,880 + 1320 + 1760,"{""frequencies_hz"": ""880,1320,1760""}",rubber_band,Rubber Band,local hybrid spectral/time-domain proxy,-12,60,1.3931972789115645,226.9590801272799,453.9181602545598,0.9899469645467391
octave_missing_440,missing_fundamental,880 + 1320 + 1760,"{""frequencies_hz"": ""880,1320,1760""}",rubber_band,Rubber Band,local hybrid spectral/time-domain proxy,-12,61,1.4164172335600906,226.99525965924386,453.9905193184877,0.9900266953967214
octave_missing_440,missing_fundamental,880 + 1320 + 1760,"{""frequencies_hz"": ""880,1320,1760""}",rubber_band,Rubber Band,local hybrid spectral/time-domain proxy,-12,62,1.4396371882086167,227.01851077451343,454.03702154902686,0.9900048152875689
octave_missing_440,missing_fundamental,880 + 1320 + 1760,"{""frequencies_hz"": ""880,1320,1760""}",rubber_band,Rubber Band,local hybrid spectral/time-domain proxy,-12,63,1.4628571428571429,227.01173997496682,454.02347994993363,0.9897187226997691
octave_missing_440,missing_fundamental,880 + 1320 + 1760,"{""frequencies_hz"": ""880,1320,1760""}",rubber_band,Rubber Band,local hybrid spectral/time-domain proxy,-12,64,1.486077097505669,226.98879323146323,453.97758646292647,0.9895946883564019
octave_missing_440,missing_fundamental,880 + 1320 + 1760,"{""frequencies_hz"": ""880,1320,1760""}",rubber_band,Rubber Band,local hybrid spectral/time-domain proxy,-12,65,1.509297052154195,226.97162813557725,453.9432562711545,0.9896696321643385
octave_missing_440,missing_fundamental,880 + 1320 + 1760,"{""frequencies_hz"": ""880,1320,1760""}",rubber_band,Rubber Band,local hybrid spectral/time-domain proxy,-12,66,1.5325170068027212,226.95784589992715,453.9156917998543,0.9897066941347588
octave_missing_440,missing_fundamental,880 + 1320 + 1760,"{""frequencies_hz"": ""880,1320,1760""}",rubber_band,Rubber Band,local hybrid spectral/time-domain proxy,-12,67,1.555736961451247,226.94635195199493,453.89270390398985,0.9898919019698369
octave_missing_440,missing_fundamental,880 + 1320 + 1760,"{""frequencies_hz"": ""880,1320,1760""}",rubber_band,Rubber Band,local hybrid spectral/time-domain proxy,-12,68,1.5789569160997732,226.9474592129592,453.8949184259184,0.9900281671854209
octave_missing_440,missing_fundamental,880 + 1320 + 1760,"{""frequencies_hz"": ""880,1320,1760""}",rubber_band,Rubber Band,local hybrid spectral/time-domain proxy,-12,69,1.6021768707482993,226.96721326241206,453.9344265248241,0.9899194998124863
octave_missing_440,missing_fundamental,880 + 1320 + 1760,"{""frequencies_hz"": ""880,1320,1760""}",rubber_band,Rubber Band,local hybrid spectral/time-domain proxy,-12,70,1.6253968253968254,226.99593247449826,453.9918649489965,0.9898473144525547
octave_missing_440,missing_fundamental,880 + 1320 + 1760,"{""frequencies_hz"": ""880,1320,1760""}",rubber_band,Rubber Band,local hybrid spectral/time-domain proxy,-12,71,1.6486167800453515,227.009294492993,454.018588985986,0.9897021413912162
octave_missing_440,missing_fundamental,880 + 1320 + 1760,"{""frequencies_hz"": ""880,1320,1760""}",rubber_band,Rubber Band,local hybrid spectral/time-domain proxy,-12,72,1.6718367346938776,227.0001389951294,454.0002779902588,0.989527642533124
octave_missing_440,missing_fundamental,880 + 1320 + 1760,"{""frequencies_hz"": ""880,1320,1760""}",rubber_band,Rubber Band,local hybrid spectral/time-domain proxy,-12,73,1.6950566893424037,226.9880273334552,453.9760546669104,0.9897089053398679
octave_missing_440,missing_fundamental,880 + 1320 + 1760,"{""frequencies_hz"": ""880,1320,1760""}",rubber_band,Rubber Band,local hybrid spectral/time-domain proxy,-12,74,1.7182766439909296,226.9846467080816,453.9692934161632,0.9899671679820783
octave_missing_440,missing_fundamental,880 + 1320 + 1760,"{""frequencies_hz"": ""880,1320,1760""}",rubber_band,Rubber Band,local hybrid spectral/time-domain proxy,-12,75,1.7414965986394557,226.97465982547908,453.94931965095816,0.9900396833682137
octave_missing_440,missing_fundamental,880 + 1320 + 1760,"{""frequencies_hz"": ""880,1320,1760""}",rubber_band,Rubber Band,local hybrid spectral/time-domain proxy,-12,76,1.7647165532879818,226.95957220311075,453.9191444062215,0.9900581247395025
octave_missing_440,missing_fundamental,880 + 1320 + 1760,"{""frequencies_hz"": ""880,1320,1760""}",rubber_band,Rubber Band,local hybrid spectral/time-domain proxy,-12,77,1.787936507936508,226.96661831409372,453.93323662818744,0.9898899248629832
octave_missing_440,missing_fundamental,880 + 1320 + 1760,"{""frequencies_hz"": ""880,1320,1760""}",rubber_band,Rubber Band,local hybrid spectral/time-domain proxy,-12,78,1.811156462585034,226.99735109979088,453.99470219958175,0.9897019580511035
octave_missing_440,missing_fundamental,880 + 1320 + 1760,"{""frequencies_hz"": ""880,1320,1760""}",rubber_band,Rubber Band,local hybrid spectral/time-domain proxy,-12,79,1.8343764172335602,227.01101554527037,454.02203109054074,0.9897146676789274
octave_missing_440,missing_fundamental,880 + 1320 + 1760,"{""frequencies_hz"": ""880,1320,1760""}",rubber_band,Rubber Band,local hybrid spectral/time-domain proxy,-12,80,1.8575963718820863,226.9852763062354,453.9705526124708,0.9896444518603918
octave_missing_440,missing_fundamental,880 + 1320 + 1760,"{""frequencies_hz"": ""880,1320,1760""}",rubber_band,Rubber Band,local hybrid spectral/time-domain proxy,-12,81,1.8808163265306121,226.9532080237244,453.9064160474488,0.9896840405337106
octave_missing_440,missing_fundamental,880 + 1320 + 1760,"{""frequencies_hz"": ""880,1320,1760""}",rubber_band,Rubber Band,local hybrid spectral/time-domain proxy,-12,82,1.9040362811791383,226.96601518284967,453.93203036569935,0.9902872458157714
octave_missing_440,missing_fundamental,880 + 1320 + 1760,"{""frequencies_hz"": ""880,1320,1760""}",rubber_band,Rubber Band,local hybrid spectral/time-domain proxy,-12,83,1.9272562358276644,,,0.06552070761768256
octave_missing_440,missing_fundamental,880 + 1320 + 1760,"{""frequencies_hz"": ""880,1320,1760""}",rubber_band,Rubber Band,local hybrid spectral/time-domain proxy,-12,84,1.9504761904761905,,,0.01348616719640093
octave_missing_440,missing_fundamental,880 + 1320 + 1760,"{""frequencies_hz"": ""880,1320,1760""}",rubber_band,Rubber Band,local hybrid spectral/time-domain proxy,-12,85,1.9736961451247166,,,0.010934893358636295
octave_missing_440,missing_fundamental,880 + 1320 + 1760,"{""frequencies_hz"": ""880,1320,1760""}",rubber_band,Rubber Band,local hybrid spectral/time-domain proxy,-12,86,1.9969160997732427,,,0.010565348873500734
octave_missing_440,missing_fundamental,880 + 1320 + 1760,"{""frequencies_hz"": ""880,1320,1760""}",psola,PSOLA,local pitch-synchronous overlap-add,-12,0,0.0,440.7764895190017,881.5529790380034,0.9648432743089547
octave_missing_440,missing_fundamental,880 + 1320 + 1760,"{""frequencies_hz"": ""880,1320,1760""}",psola,PSOLA,local pitch-synchronous overlap-add,-12,1,0.023219954648526078,440.77645870073485,881.5529174014697,0.9741547140941645
octave_missing_440,missing_fundamental,880 + 1320 + 1760,"{""frequencies_hz"": ""880,1320,1760""}",psola,PSOLA,local pitch-synchronous overlap-add,-12,2,0.046439909297052155,440.7764281839185,881.552856367837,0.990257564204093
octave_missing_440,missing_fundamental,880 + 1320 + 1760,"{""frequencies_hz"": ""880,1320,1760""}",psola,PSOLA,local pitch-synchronous overlap-add,-12,3,0.06965986394557823,440.77645986820926,881.5529197364185,0.9978339335951274
octave_missing_440,missing_fundamental,880 + 1320 + 1760,"{""frequencies_hz"": ""880,1320,1760""}",psola,PSOLA,local pitch-synchronous overlap-add,-12,4,0.09287981859410431,440.776507240348,881.553014480696,0.998554933010277
octave_missing_440,missing_fundamental,880 + 1320 + 1760,"{""frequencies_hz"": ""880,1320,1760""}",psola,PSOLA,local pitch-synchronous overlap-add,-12,5,0.11609977324263039,440.7765383760215,881.553076752043,0.9985551976019121
octave_missing_440,missing_fundamental,880 + 1320 + 1760,"{""frequencies_hz"": ""880,1320,1760""}",psola,PSOLA,local pitch-synchronous overlap-add,-12,6,0.13931972789115646,440.7765725547882,881.5531451095763,0.998555420591495
octave_missing_440,missing_fundamental,880 + 1320 + 1760,"{""frequencies_hz"": ""880,1320,1760""}",psola,PSOLA,local pitch-synchronous overlap-add,-12,7,0.16253968253968254,440.7766088596328,881.5532177192656,0.998555607152422
octave_missing_440,missing_fundamental,880 + 1320 + 1760,"{""frequencies_hz"": ""880,1320,1760""}",psola,PSOLA,local pitch-synchronous overlap-add,-12,8,0.18575963718820862,440.7766479300553,881.5532958601106,0.998555757584038
octave_missing_440,missing_fundamental,880 + 1320 + 1760,"{""frequencies_hz"": ""880,1320,1760""}",psola,PSOLA,local pitch-synchronous overlap-add,-12,9,0.2089795918367347,440.77668938714595,881.5533787742919,0.9985558647040068
octave_missing_440,missing_fundamental,880 + 1320 + 1760,"{""frequencies_hz"": ""880,1320,1760""}",psola,PSOLA,local pitch-synchronous overlap-add,-12,10,0.23219954648526078,440.77673321310454,881.5534664262091,0.9985559276820609
octave_missing_440,missing_fundamental,880 + 1320 + 1760,"{""frequencies_hz"": ""880,1320,1760""}",psola,PSOLA,local pitch-synchronous overlap-add,-12,11,0.25541950113378686,440.7767797325387,881.5535594650775,0.9985559541446951
octave_missing_440,missing_fundamental,880 + 1320 + 1760,"{""frequencies_hz"": ""880,1320,1760""}",psola,PSOLA,local pitch-synchronous overlap-add,-12,12,0.2786394557823129,440.77682825843465,881.5536565168693,0.998555943232627
octave_missing_440,missing_fundamental,880 + 1320 + 1760,"{""frequencies_hz"": ""880,1320,1760""}",psola,PSOLA,local pitch-synchronous overlap-add,-12,13,0.301859410430839,440.7768796438144,881.5537592876288,0.9985558922315725
octave_missing_440,missing_fundamental,880 + 1320 + 1760,"{""frequencies_hz"": ""880,1320,1760""}",psola,PSOLA,local pitch-synchronous overlap-add,-12,14,0.3250793650793651,440.77693286151543,881.5538657230309,0.9985557929724448
octave_missing_440,missing_fundamental,880 + 1320 + 1760,"{""frequencies_hz"": ""880,1320,1760""}",psola,PSOLA,local pitch-synchronous overlap-add,-12,15,0.34829931972789113,440.77698880562747,881.5539776112549,0.9985556561906817
octave_missing_440,missing_fundamental,880 + 1320 + 1760,"{""frequencies_hz"": ""880,1320,1760""}",psola,PSOLA,local pitch-synchronous overlap-add,-12,16,0.37151927437641724,440.77704663085797,881.5540932617159,0.9985554820477627
octave_missing_440,missing_fundamental,880 + 1320 + 1760,"{""frequencies_hz"": ""880,1320,1760""}",psola,PSOLA,local pitch-synchronous overlap-add,-12,17,0.3947392290249433,440.7771067589555,881.554213517911,0.9985552685323889
octave_missing_440,missing_fundamental,880 + 1320 + 1760,"{""frequencies_hz"": ""880,1320,1760""}",psola,PSOLA,local pitch-synchronous overlap-add,-12,18,0.4179591836734694,440.7771689250054,881.5543378500108,0.9985550076602575
octave_missing_440,missing_fundamental,880 + 1320 + 1760,"{""frequencies_hz"": ""880,1320,1760""}",psola,PSOLA,local pitch-synchronous overlap-add,-12,19,0.44117913832199546,440.7772328076162,881.5544656152324,0.9985547065522756
octave_missing_440,missing_fundamental,880 + 1320 + 1760,"{""frequencies_hz"": ""880,1320,1760""}",psola,PSOLA,local pitch-synchronous overlap-add,-12,20,0.46439909297052157,440.7772987900053,881.5545975800106,0.9985543700470516
octave_missing_440,missing_fundamental,880 + 1320 + 1760,"{""frequencies_hz"": ""880,1320,1760""}",psola,PSOLA,local pitch-synchronous overlap-add,-12,21,0.4876190476190476,440.77736589803976,881.5547317960795,0.998553994593238
octave_missing_440,missing_fundamental,880 + 1320 + 1760,"{""frequencies_hz"": ""880,1320,1760""}",psola,PSOLA,local pitch-synchronous overlap-add,-12,22,0.5108390022675737,440.77743487885306,881.5548697577061,0.9985535761332349
octave_missing_440,missing_fundamental,880 + 1320 + 1760,"{""frequencies_hz"": ""880,1320,1760""}",psola,PSOLA,local pitch-synchronous overlap-add,-12,23,0.5340589569160997,440.7775045140702,881.5550090281404,0.9985531174805853
octave_missing_440,missing_fundamental,880 + 1320 + 1760,"{""frequencies_hz"": ""880,1320,1760""}",psola,PSOLA,local pitch-synchronous overlap-add,-12,24,0.5572789115646258,440.77757537166434,881.5551507433287,0.9985526255278515
octave_missing_440,missing_fundamental,880 + 1320 + 1760,"{""frequencies_hz"": ""880,1320,1760""}",psola,PSOLA,local pitch-synchronous overlap-add,-12,25,0.5804988662131519,440.77764651198834,881.5552930239767,0.9985521007516217
octave_missing_440,missing_fundamental,880 + 1320 + 1760,"{""frequencies_hz"": ""880,1320,1760""}",psola,PSOLA,local pitch-synchronous overlap-add,-12,26,0.603718820861678,440.7777178584182,881.5554357168364,0.9985515380392731
octave_missing_440,missing_fundamental,880 + 1320 + 1760,"{""frequencies_hz"": ""880,1320,1760""}",psola,PSOLA,local pitch-synchronous overlap-add,-12,27,0.626938775510204,440.7777890588633,881.5555781177266,0.9985509410284759
octave_missing_440,missing_fundamental,880 + 1320 + 1760,"{""frequencies_hz"": ""880,1320,1760""}",psola,PSOLA,local pitch-synchronous overlap-add,-12,28,0.6501587301587302,440.777859231752,881.555718463504,0.998550316598841
octave_missing_440,missing_fundamental,880 + 1320 + 1760,"{""frequencies_hz"": ""880,1320,1760""}",psola,PSOLA,local pitch-synchronous overlap-add,-12,29,0.6733786848072563,440.777928575351,881.555857150702,0.9985496685182562
octave_missing_440,missing_fundamental,880 + 1320 + 1760,"{""frequencies_hz"": ""880,1320,1760""}",psola,PSOLA,local pitch-synchronous overlap-add,-12,30,0.6965986394557823,440.77799563289784,881.5559912657957,0.9985489945477273
octave_missing_440,missing_fundamental,880 + 1320 + 1760,"{""frequencies_hz"": ""880,1320,1760""}",psola,PSOLA,local pitch-synchronous overlap-add,-12,31,0.7198185941043084,440.7780607797341,881.5561215594682,0.998548297415839
octave_missing_440,missing_fundamental,880 + 1320 + 1760,"{""frequencies_hz"": ""880,1320,1760""}",psola,PSOLA,local pitch-synchronous overlap-add,-12,32,0.7430385487528345,440.7781224954399,881.5562449908798,0.9985475851548745
octave_missing_440,missing_fundamental,880 + 1320 + 1760,"{""frequencies_hz"": ""880,1320,1760""}",psola,PSOLA,local pitch-synchronous overlap-add,-12,33,0.7662585034013606,440.77818081029756,881.5563616205951,0.99854686283221
octave_missing_440,missing_fundamental,880 + 1320 + 1760,"{""frequencies_hz"": ""880,1320,1760""}",psola,PSOLA,local pitch-synchronous overlap-add,-12,34,0.7894784580498866,440.77823467820735,881.5564693564147,0.998546133799529
octave_missing_440,missing_fundamental,880 + 1320 + 1760,"{""frequencies_hz"": ""880,1320,1760""}",psola,PSOLA,local pitch-synchronous overlap-add,-12,35,0.8126984126984127,440.77828344995186,881.5565668999037,0.9985453952656581
octave_missing_440,missing_fundamental,880 + 1320 + 1760,"{""frequencies_hz"": ""880,1320,1760""}",psola,PSOLA,local pitch-synchronous overlap-add,-12,36,0.8359183673469388,440.77832679594763,881.5566535918953,0.9985446614725546
octave_missing_440,missing_fundamental,880 + 1320 + 1760,"{""frequencies_hz"": ""880,1320,1760""}",psola,PSOLA,local pitch-synchronous overlap-add,-12,37,0.8591383219954648,440.7783634359617,881.5567268719234,0.9985439349326122
octave_missing_440,missing_fundamental,880 + 1320 + 1760,"{""frequencies_hz"": ""880,1320,1760""}",psola,PSOLA,local pitch-synchronous overlap-add,-12,38,0.8823582766439909,440.77839363276956,881.5567872655391,0.9985432197728513
octave_missing_440,missing_fundamental,880 + 1320 + 1760,"{""frequencies_hz"": ""880,1320,1760""}",psola,PSOLA,local pitch-synchronous overlap-add,-12,39,0.905578231292517,440.7784158968605,881.556831793721,0.9985425176396734
octave_missing_440,missing_fundamental,880 + 1320 + 1760,"{""frequencies_hz"": ""880,1320,1760""}",psola,PSOLA,local pitch-synchronous overlap-add,-12,40,0.9287981859410431,440.77843070861474,881.5568614172295,0.9985418066579098
octave_missing_440,missing_fundamental,880 + 1320 + 1760,"{""frequencies_hz"": ""880,1320,1760""}",psola,PSOLA,local pitch-synchronous overlap-add,-12,41,0.9520181405895691,440.7784379153089,881.5568758306179,0.9985407759598209
octave_missing_440,missing_fundamental,880 + 1320 + 1760,"{""frequencies_hz"": ""880,1320,1760""}",psola,PSOLA,local pitch-synchronous overlap-add,-12,42,0.9752380952380952,440.77844014271824,881.5568802854365,0.9985393783073633
octave_missing_440,missing_fundamental,880 + 1320 + 1760,"{""frequencies_hz"": ""880,1320,1760""}",psola,PSOLA,local pitch-synchronous overlap-add,-12,43,0.9984580498866213,440.7784400222811,881.5568800445621,0.9985385935347215
octave_missing_440,missing_fundamental,880 + 1320 + 1760,"{""frequencies_hz"": ""880,1320,1760""}",psola,PSOLA,local pitch-synchronous overlap-add,-12,44,1.0216780045351475,440.77843862645545,881.5568772529109,0.9985392197373059
octave_missing_440,missing_fundamental,880 + 1320 + 1760,"{""frequencies_hz"": ""880,1320,1760""}",psola,PSOLA,local pitch-synchronous overlap-add,-12,45,1.0448979591836736,440.77843551587455,881.5568710317491,0.9985406230061821
octave_missing_440,missing_fundamental,880 + 1320 + 1760,"{""frequencies_hz"": ""880,1320,1760""}",psola,PSOLA,local pitch-synchronous overlap-add,-12,46,1.0681179138321995,440.7784272474519,881.5568544949037,0.9985417304732329
octave_missing_440,missing_fundamental,880 + 1320 + 1760,"{""frequencies_hz"": ""880,1320,1760""}",psola,PSOLA,local pitch-synchronous overlap-add,-12,47,1.0913378684807256,440.77841242441525,881.5568248488305,0.9985424675323284
octave_missing_440,missing_fundamental,880 + 1320 + 1760,"{""frequencies_hz"": ""880,1320,1760""}",psola,PSOLA,local pitch-synchronous overlap-add,-12,48,1.1145578231292517,440.7783893736214,881.5567787472428,0.9985431734317777
octave_missing_440,missing_fundamental,880 + 1320 + 1760,"{""frequencies_hz"": ""880,1320,1760""}",psola,PSOLA,local pitch-synchronous overlap-add,-12,49,1.1377777777777778,440.77835921255524,881.5567184251105,0.9985438981106066
octave_missing_440,missing_fundamental,880 + 1320 + 1760,"{""frequencies_hz"": ""880,1320,1760""}",psola,PSOLA,local pitch-synchronous overlap-add,-12,50,1.1609977324263039,440.77832202934934,881.5566440586987,0.9985446309629903
octave_missing_440,missing_fundamental,880 + 1320 + 1760,"{""frequencies_hz"": ""880,1320,1760""}",psola,PSOLA,local pitch-synchronous overlap-add,-12,51,1.18421768707483,440.7782785388812,881.5565570777624,0.9985453693438726
octave_missing_440,missing_fundamental,880 + 1320 + 1760,"{""frequencies_hz"": ""880,1320,1760""}",psola,PSOLA,local pitch-synchronous overlap-add,-12,52,1.207437641723356,440.77822962521526,881.5564592504305,0.9985461093690525
octave_missing_440,missing_fundamental,880 + 1320 + 1760,"{""frequencies_hz"": ""880,1320,1760""}",psola,PSOLA,local pitch-synchronous overlap-add,-12,53,1.230657596371882,440.77817537815645,881.5563507563129,0.9985468482962775
octave_missing_440,missing_fundamental,880 + 1320 + 1760,"{""frequencies_hz"": ""880,1320,1760""}",psola,PSOLA,local pitch-synchronous overlap-add,-12,54,1.253877551020408,440.7781172937981,881.5562345875962,0.9985475783034945
octave_missing_440,missing_fundamental,880 + 1320 + 1760,"{""frequencies_hz"": ""880,1320,1760""}",psola,PSOLA,local pitch-synchronous overlap-add,-12,55,1.2770975056689342,440.7780550886612,881.5561101773224,0.9985482910755785
octave_missing_440,missing_fundamental,880 + 1320 + 1760,"{""frequencies_hz"": ""880,1320,1760""}",psola,PSOLA,local pitch-synchronous overlap-add,-12,56,1.3003174603174603,440.7779903537052,881.5559807074104,0.9985489902025747
octave_missing_440,missing_fundamental,880 + 1320 + 1760,"{""frequencies_hz"": ""880,1320,1760""}",psola,PSOLA,local pitch-synchronous overlap-add,-12,57,1.3235374149659864,440.7779229244348,881.5558458488696,0.9985496705254367
octave_missing_440,missing_fundamental,880 + 1320 + 1760,"{""frequencies_hz"": ""880,1320,1760""}",psola,PSOLA,local pitch-synchronous overlap-add,-12,58,1.3467573696145125,440.77785391904393,881.5557078380879,0.9985503271874901
octave_missing_440,missing_fundamental,880 + 1320 + 1760,"{""frequencies_hz"": ""880,1320,1760""}",psola,PSOLA,local pitch-synchronous overlap-add,-12,59,1.3699773242630386,440.7777837014628,881.5555674029256,0.998550951926699
octave_missing_440,missing_fundamental,880 + 1320 + 1760,"{""frequencies_hz"": ""880,1320,1760""}",psola,PSOLA,local pitch-synchronous overlap-add,-12,60,1.3931972789115645,440.777712605021,881.555425210042,0.9985515479060956
octave_missing_440,missing_fundamental,880 + 1320 + 1760,"{""frequencies_hz"": ""880,1320,1760""}",psola,PSOLA,local pitch-synchronous overlap-add,-12,61,1.4164172335600906,440.7776416024938,881.5552832049876,0.9985521154206402
octave_missing_440,missing_fundamental,880 + 1320 + 1760,"{""frequencies_hz"": ""880,1320,1760""}",psola,PSOLA,local pitch-synchronous overlap-add,-12,62,1.4396371882086167,440.7775703271151,881.5551406542302,0.9985526495243805
octave_missing_440,missing_fundamental,880 + 1320 + 1760,"{""frequencies_hz"": ""880,1320,1760""}",psola,PSOLA,local pitch-synchronous overlap-add,-12,63,1.4628571428571429,440.7775000920715,881.555000184143,0.9985531422442255
octave_missing_440,missing_fundamental,880 + 1320 + 1760,"{""frequencies_hz"": ""880,1320,1760""}",psola,PSOLA,local pitch-synchronous overlap-add,-12,64,1.486077097505669,440.7774302492842,881.5548604985684,0.9985535977821308
octave_missing_440,missing_fundamental,880 + 1320 + 1760,"{""frequencies_hz"": ""880,1320,1760""}",psola,PSOLA,local pitch-synchronous overlap-add,-12,65,1.509297052154195,440.77736193585014,881.5547238717003,0.9985540192920673
octave_missing_440,missing_fundamental,880 + 1320 + 1760,"{""frequencies_hz"": ""880,1320,1760""}",psola,PSOLA,local pitch-synchronous overlap-add,-12,66,1.5325170068027212,440.7772947691989,881.5545895383977,0.9985544034753236
octave_missing_440,missing_fundamental,880 + 1320 + 1760,"{""frequencies_hz"": ""880,1320,1760""}",psola,PSOLA,local pitch-synchronous overlap-add,-12,67,1.555736961451247,440.77722926356927,881.5544585271385,0.9985547423486422
octave_missing_440,missing_fundamental,880 + 1320 + 1760,"{""frequencies_hz"": ""880,1320,1760""}",psola,PSOLA,local pitch-synchronous overlap-add,-12,68,1.5789569160997732,440.77716564433024,881.5543312886605,0.9985550397388538
octave_missing_440,missing_fundamental,880 + 1320 + 1760,"{""frequencies_hz"": ""880,1320,1760""}",psola,PSOLA,local pitch-synchronous overlap-add,-12,69,1.6021768707482993,440.77710365390544,881.5542073078109,0.9985552998062841
octave_missing_440,missing_fundamental,880 + 1320 + 1760,"{""frequencies_hz"": ""880,1320,1760""}",psola,PSOLA,local pitch-synchronous overlap-add,-12,70,1.6253968253968254,440.77704411482966,881.5540882296593,0.998555522544497
octave_missing_440,missing_fundamental,880 + 1320 + 1760,"{""frequencies_hz"": ""880,1320,1760""}",psola,PSOLA,local pitch-synchronous overlap-add,-12,71,1.6486167800453515,440.7769862230414,881.5539724460828,0.9985557003215093
octave_missing_440,missing_fundamental,880 + 1320 + 1760,"{""frequencies_hz"": ""880,1320,1760""}",psola,PSOLA,local pitch-synchronous overlap-add,-12,72,1.6718367346938776,440.77693104644527,881.5538620928905,0.9985558343748039
octave_missing_440,missing_fundamental,880 + 1320 + 1760,"{""frequencies_hz"": ""880,1320,1760""}",psola,PSOLA,local pitch-synchronous overlap-add,-12,73,1.6950566893424037,440.77687772162767,881.5537554432553,0.9985559297171519
octave_missing_440,missing_fundamental,880 + 1320 + 1760,"{""frequencies_hz"": ""880,1320,1760""}",psola,PSOLA,local pitch-synchronous overlap-add,-12,74,1.7182766439909296,440.77682703731256,881.5536540746251,0.9985559889460116
octave_missing_440,missing_fundamental,880 + 1320 + 1760,"{""frequencies_hz"": ""880,1320,1760""}",psola,PSOLA,local pitch-synchronous overlap-add,-12,75,1.7414965986394557,440.77677858726605,881.5535571745321,0.9985560062199264
octave_missing_440,missing_fundamental,880 + 1320 + 1760,"{""frequencies_hz"": ""880,1320,1760""}",psola,PSOLA,local pitch-synchronous overlap-add,-12,76,1.7647165532879818,440.77673250496576,881.5534650099315,0.9985559765565684
octave_missing_440,missing_fundamental,880 + 1320 + 1760,"{""frequencies_hz"": ""880,1320,1760""}",psola,PSOLA,local pitch-synchronous overlap-add,-12,77,1.787936507936508,440.7766890725658,881.5533781451315,0.9985559097303273
octave_missing_440,missing_fundamental,880 + 1320 + 1760,"{""frequencies_hz"": ""880,1320,1760""}",psola,PSOLA,local pitch-synchronous overlap-add,-12,78,1.811156462585034,440.7766477286591,881.5532954573182,0.998555806443826
octave_missing_440,missing_fundamental,880 + 1320 + 1760,"{""frequencies_hz"": ""880,1320,1760""}",psola,PSOLA,local pitch-synchronous overlap-add,-12,79,1.8343764172335602,440.77660932911493,881.5532186582299,0.9985556644065916
octave_missing_440,missing_fundamental,880 + 1320 + 1760,"{""frequencies_hz"": ""880,1320,1760""}",psola,PSOLA,local pitch-synchronous overlap-add,-12,80,1.8575963718820863,440.7765729287567,881.5531458575134,0.9985554757712166
octave_missing_440,missing_fundamental,880 + 1320 + 1760,"{""frequencies_hz"": ""880,1320,1760""}",psola,PSOLA,local pitch-synchronous overlap-add,-12,81,1.8808163265306121,440.77653952432394,881.5530790486479,0.9985552488768987
octave_missing_440,missing_fundamental,880 + 1320 + 1760,"{""frequencies_hz"": ""880,1320,1760""}",psola,PSOLA,local pitch-synchronous overlap-add,-12,82,1.9040362811791383,440.77650830526727,881.5530166105345,0.9985549854887993
octave_missing_440,missing_fundamental,880 + 1320 + 1760,"{""frequencies_hz"": ""880,1320,1760""}",psola,PSOLA,local pitch-synchronous overlap-add,-12,83,1.9272562358276644,440.7764649846052,881.5529299692104,0.9981339092606893
octave_missing_440,missing_fundamental,880 + 1320 + 1760,"{""frequencies_hz"": ""880,1320,1760""}",psola,PSOLA,local pitch-synchronous overlap-add,-12,84,1.9504761904761905,440.77642731862534,881.5528546372507,0.9918997705320752
octave_missing_440,missing_fundamental,880 + 1320 + 1760,"{""frequencies_hz"": ""880,1320,1760""}",psola,PSOLA,local pitch-synchronous overlap-add,-12,85,1.9736961451247166,440.77645118695636,881.5529023739127,0.9763590431524938
octave_missing_440,missing_fundamental,880 + 1320 + 1760,"{""frequencies_hz"": ""880,1320,1760""}",psola,PSOLA,local pitch-synchronous overlap-add,-12,86,1.9969160997732427,440.77648780936454,881.5529756187291,0.9650357774999347
octave_subharmonic_440_220,subharmonics,440 + 220,"{""frequencies_hz"": ""440,220""}",phase_vocoder,Phase Vocoder,local phase vocoder,-12,0,0.0,108.85438205407742,217.70876410815484,0.8976223638694831
octave_subharmonic_440_220,subharmonics,440 + 220,"{""frequencies_hz"": ""440,220""}",phase_vocoder,Phase Vocoder,local phase vocoder,-12,1,0.023219954648526078,109.20368476163584,218.40736952327168,0.9231815676328242
octave_subharmonic_440_220,subharmonics,440 + 220,"{""frequencies_hz"": ""440,220""}",phase_vocoder,Phase Vocoder,local phase vocoder,-12,2,0.046439909297052155,109.70743411868975,219.4148682373795,0.9649206489271934
octave_subharmonic_440_220,subharmonics,440 + 220,"{""frequencies_hz"": ""440,220""}",phase_vocoder,Phase Vocoder,local phase vocoder,-12,3,0.06965986394557823,109.87660910423266,219.7532182084653,0.9815090394888024
octave_subharmonic_440_220,subharmonics,440 + 220,"{""frequencies_hz"": ""440,220""}",phase_vocoder,Phase Vocoder,local phase vocoder,-12,4,0.09287981859410431,109.87195429135257,219.74390858270513,0.9830180312895066
octave_subharmonic_440_220,subharmonics,440 + 220,"{""frequencies_hz"": ""440,220""}",phase_vocoder,Phase Vocoder,local phase vocoder,-12,5,0.11609977324263039,109.86301019619368,219.72602039238737,0.9836808972064173
octave_subharmonic_440_220,subharmonics,440 + 220,"{""frequencies_hz"": ""440,220""}",phase_vocoder,Phase Vocoder,local phase vocoder,-12,6,0.13931972789115646,109.86272196341959,219.72544392683918,0.984097831069849
octave_subharmonic_440_220,subharmonics,440 + 220,"{""frequencies_hz"": ""440,220""}",phase_vocoder,Phase Vocoder,local phase vocoder,-12,7,0.16253968253968254,109.8630080270299,219.7260160540598,0.9841865289279191
octave_subharmonic_440_220,subharmonics,440 + 220,"{""frequencies_hz"": ""440,220""}",phase_vocoder,Phase Vocoder,local phase vocoder,-12,8,0.18575963718820862,109.86301213471033,219.72602426942066,0.9841909570718613
octave_subharmonic_440_220,subharmonics,440 + 220,"{""frequencies_hz"": ""440,220""}",phase_vocoder,Phase Vocoder,local phase vocoder,-12,9,0.2089795918367347,109.86299926054653,219.72599852109306,0.9841895353851078
octave_subharmonic_440_220,subharmonics,440 + 220,"{""frequencies_hz"": ""440,220""}",phase_vocoder,Phase Vocoder,local phase vocoder,-12,10,0.23219954648526078,109.86299394422089,219.72598788844178,0.9841907242026833
octave_subharmonic_440_220,subharmonics,440 + 220,"{""frequencies_hz"": ""440,220""}",phase_vocoder,Phase Vocoder,local phase vocoder,-12,11,0.25541950113378686,109.8629957465751,219.7259914931502,0.9841896120799046
octave_subharmonic_440_220,subharmonics,440 + 220,"{""frequencies_hz"": ""440,220""}",phase_vocoder,Phase Vocoder,local phase vocoder,-12,12,0.2786394557823129,109.8629969554518,219.7259939109036,0.9841900253699489
octave_subharmonic_440_220,subharmonics,440 + 220,"{""frequencies_hz"": ""440,220""}",phase_vocoder,Phase Vocoder,local phase vocoder,-12,13,0.301859410430839,109.8630069059729,219.7260138119458,0.984190026924646
octave_subharmonic_440_220,subharmonics,440 + 220,"{""frequencies_hz"": ""440,220""}",phase_vocoder,Phase Vocoder,local phase vocoder,-12,14,0.3250793650793651,109.86301373582619,219.72602747165237,0.9841898775541308
octave_subharmonic_440_220,subharmonics,440 + 220,"{""frequencies_hz"": ""440,220""}",phase_vocoder,Phase Vocoder,local phase vocoder,-12,15,0.34829931972789113,109.86300936660447,219.72601873320895,0.9841907800729148
octave_subharmonic_440_220,subharmonics,440 + 220,"{""frequencies_hz"": ""440,220""}",phase_vocoder,Phase Vocoder,local phase vocoder,-12,16,0.37151927437641724,109.86301036912816,219.72602073825632,0.9841897537742743
octave_subharmonic_440_220,subharmonics,440 + 220,"{""frequencies_hz"": ""440,220""}",phase_vocoder,Phase Vocoder,local phase vocoder,-12,17,0.3947392290249433,109.86300994754099,219.72601989508198,0.9841911344749062
octave_subharmonic_440_220,subharmonics,440 + 220,"{""frequencies_hz"": ""440,220""}",phase_vocoder,Phase Vocoder,local phase vocoder,-12,18,0.4179591836734694,109.86300381369415,219.7260076273883,0.9841893365460335
octave_subharmonic_440_220,subharmonics,440 + 220,"{""frequencies_hz"": ""440,220""}",phase_vocoder,Phase Vocoder,local phase vocoder,-12,19,0.44117913832199546,109.86300529031622,219.72601058063245,0.9841907820674057
octave_subharmonic_440_220,subharmonics,440 + 220,"{""frequencies_hz"": ""440,220""}",phase_vocoder,Phase Vocoder,local phase vocoder,-12,20,0.46439909297052157,109.8630073640221,219.7260147280442,0.984189420340639
octave_subharmonic_440_220,subharmonics,440 + 220,"{""frequencies_hz"": ""440,220""}",phase_vocoder,Phase Vocoder,local phase vocoder,-12,21,0.4876190476190476,109.8630045527878,219.7260091055756,0.9841904107375787
octave_subharmonic_440_220,subharmonics,440 + 220,"{""frequencies_hz"": ""440,220""}",phase_vocoder,Phase Vocoder,local phase vocoder,-12,22,0.5108390022675737,109.86301215411568,219.72602430823136,0.9841898090469888
octave_subharmonic_440_220,subharmonics,440 + 220,"{""frequencies_hz"": ""440,220""}",phase_vocoder,Phase Vocoder,local phase vocoder,-12,23,0.5340589569160997,109.86301471952929,219.72602943905858,0.9841902131587402
octave_subharmonic_440_220,subharmonics,440 + 220,"{""frequencies_hz"": ""440,220""}",phase_vocoder,Phase Vocoder,local phase vocoder,-12,24,0.5572789115646258,109.86301483656202,219.72602967312403,0.9841904697911842
octave_subharmonic_440_220,subharmonics,440 + 220,"{""frequencies_hz"": ""440,220""}",phase_vocoder,Phase Vocoder,local phase vocoder,-12,25,0.5804988662131519,109.86302114214197,219.72604228428395,0.9841898141902935
octave_subharmonic_440_220,subharmonics,440 + 220,"{""frequencies_hz"": ""440,220""}",phase_vocoder,Phase Vocoder,local phase vocoder,-12,26,0.603718820861678,109.86301952695788,219.72603905391577,0.9841907748627469
octave_subharmonic_440_220,subharmonics,440 + 220,"{""frequencies_hz"": ""440,220""}",phase_vocoder,Phase Vocoder,local phase vocoder,-12,27,0.626938775510204,109.86301079228853,219.72602158457707,0.9841894196836123
octave_subharmonic_440_220,subharmonics,440 + 220,"{""frequencies_hz"": ""440,220""}",phase_vocoder,Phase Vocoder,local phase vocoder,-12,28,0.6501587301587302,109.86300322789288,219.72600645578575,0.9841907907345518
octave_subharmonic_440_220,subharmonics,440 + 220,"{""frequencies_hz"": ""440,220""}",phase_vocoder,Phase Vocoder,local phase vocoder,-12,29,0.6733786848072563,109.86298571543247,219.72597143086494,0.9841894272220278
octave_subharmonic_440_220,subharmonics,440 + 220,"{""frequencies_hz"": ""440,220""}",phase_vocoder,Phase Vocoder,local phase vocoder,-12,30,0.6965986394557823,109.86298456421608,219.72596912843215,0.9841907093950043
octave_subharmonic_440_220,subharmonics,440 + 220,"{""frequencies_hz"": ""440,220""}",phase_vocoder,Phase Vocoder,local phase vocoder,-12,31,0.7198185941043084,109.86299793941643,219.72599587883286,0.9841897120601188
octave_subharmonic_440_220,subharmonics,440 + 220,"{""frequencies_hz"": ""440,220""}",phase_vocoder,Phase Vocoder,local phase vocoder,-12,32,0.7430385487528345,109.86300637977088,219.72601275954176,0.9841901092132878
octave_subharmonic_440_220,subharmonics,440 + 220,"{""frequencies_hz"": ""440,220""}",phase_vocoder,Phase Vocoder,local phase vocoder,-12,33,0.7662585034013606,109.86301839828066,219.72603679656132,0.9841901483198608
octave_subharmonic_440_220,subharmonics,440 + 220,"{""frequencies_hz"": ""440,220""}",phase_vocoder,Phase Vocoder,local phase vocoder,-12,34,0.7894784580498866,109.86302336613382,219.72604673226763,0.9841898905606521
octave_subharmonic_440_220,subharmonics,440 + 220,"{""frequencies_hz"": ""440,220""}",phase_vocoder,Phase Vocoder,local phase vocoder,-12,35,0.8126984126984127,109.86301297209963,219.72602594419925,0.9841907230643732
octave_subharmonic_440_220,subharmonics,440 + 220,"{""frequencies_hz"": ""440,220""}",phase_vocoder,Phase Vocoder,local phase vocoder,-12,36,0.8359183673469388,109.86300723174676,219.72601446349353,0.9841895964005046
octave_subharmonic_440_220,subharmonics,440 + 220,"{""frequencies_hz"": ""440,220""}",phase_vocoder,Phase Vocoder,local phase vocoder,-12,37,0.8591383219954648,109.86300157199523,219.72600314399045,0.9841909937006903
octave_subharmonic_440_220,subharmonics,440 + 220,"{""frequencies_hz"": ""440,220""}",phase_vocoder,Phase Vocoder,local phase vocoder,-12,38,0.8823582766439909,109.86299581310993,219.72599162621987,0.9841892604172279
octave_subharmonic_440_220,subharmonics,440 + 220,"{""frequencies_hz"": ""440,220""}",phase_vocoder,Phase Vocoder,local phase vocoder,-12,39,0.905578231292517,109.8630024659863,219.7260049319726,0.9841907496764046
octave_subharmonic_440_220,subharmonics,440 + 220,"{""frequencies_hz"": ""440,220""}",phase_vocoder,Phase Vocoder,local phase vocoder,-12,40,0.9287981859410431,109.8630110348558,219.7260220697116,0.9841894223260462
octave_subharmonic_440_220,subharmonics,440 + 220,"{""frequencies_hz"": ""440,220""}",phase_vocoder,Phase Vocoder,local phase vocoder,-12,41,0.9520181405895691,109.86301398276285,219.7260279655257,0.984190399805067
octave_subharmonic_440_220,subharmonics,440 + 220,"{""frequencies_hz"": ""440,220""}",phase_vocoder,Phase Vocoder,local phase vocoder,-12,42,0.9752380952380952,109.86302060927193,219.72604121854386,0.9841898422899115
octave_subharmonic_440_220,subharmonics,440 + 220,"{""frequencies_hz"": ""440,220""}",phase_vocoder,Phase Vocoder,local phase vocoder,-12,43,0.9984580498866213,109.86301885839544,219.72603771679087,0.9841902667723145
octave_subharmonic_440_220,subharmonics,440 + 220,"{""frequencies_hz"": ""440,220""}",phase_vocoder,Phase Vocoder,local phase vocoder,-12,44,1.0216780045351475,109.86301549596968,219.72603099193935,0.9841905603915644
octave_subharmonic_440_220,subharmonics,440 + 220,"{""frequencies_hz"": ""440,220""}",phase_vocoder,Phase Vocoder,local phase vocoder,-12,45,1.0448979591836736,109.86301736115216,219.72603472230432,0.9841897952358402
octave_subharmonic_440_220,subharmonics,440 + 220,"{""frequencies_hz"": ""440,220""}",phase_vocoder,Phase Vocoder,local phase vocoder,-12,46,1.0681179138321995,109.86300803031972,219.72601606063944,0.9841906827596277
octave_subharmonic_440_220,subharmonics,440 + 220,"{""frequencies_hz"": ""440,220""}",phase_vocoder,Phase Vocoder,local phase vocoder,-12,47,1.0913378684807256,109.86299379154298,219.72598758308595,0.9841892373641217
octave_subharmonic_440_220,subharmonics,440 + 220,"{""frequencies_hz"": ""440,220""}",phase_vocoder,Phase Vocoder,local phase vocoder,-12,48,1.1145578231292517,109.86299214097124,219.7259842819425,0.9841906169049784
octave_subharmonic_440_220,subharmonics,440 + 220,"{""frequencies_hz"": ""440,220""}",phase_vocoder,Phase Vocoder,local phase vocoder,-12,49,1.1377777777777778,109.86298749673642,219.72597499347285,0.9841893109553062
octave_subharmonic_440_220,subharmonics,440 + 220,"{""frequencies_hz"": ""440,220""}",phase_vocoder,Phase Vocoder,local phase vocoder,-12,50,1.1609977324263039,109.86299314701803,219.72598629403606,0.9841906173120949
octave_subharmonic_440_220,subharmonics,440 + 220,"{""frequencies_hz"": ""440,220""}",phase_vocoder,Phase Vocoder,local phase vocoder,-12,51,1.18421768707483,109.86300883632408,219.72601767264817,0.9841897370387565
octave_subharmonic_440_220,subharmonics,440 + 220,"{""frequencies_hz"": ""440,220""}",phase_vocoder,Phase Vocoder,local phase vocoder,-12,52,1.207437641723356,109.86301353133565,219.7260270626713,0.9841901346497891
octave_subharmonic_440_220,subharmonics,440 + 220,"{""frequencies_hz"": ""440,220""}",phase_vocoder,Phase Vocoder,local phase vocoder,-12,53,1.230657596371882,109.86301973527696,219.72603947055393,0.9841901670776101
octave_subharmonic_440_220,subharmonics,440 + 220,"{""frequencies_hz"": ""440,220""}",phase_vocoder,Phase Vocoder,local phase vocoder,-12,54,1.253877551020408,109.86302385465655,219.7260477093131,0.9841897771835316
octave_subharmonic_440_220,subharmonics,440 + 220,"{""frequencies_hz"": ""440,220""}",phase_vocoder,Phase Vocoder,local phase vocoder,-12,55,1.2770975056689342,109.86301199047277,219.72602398094554,0.9841905727749158
octave_subharmonic_440_220,subharmonics,440 + 220,"{""frequencies_hz"": ""440,220""}",phase_vocoder,Phase Vocoder,local phase vocoder,-12,56,1.3003174603174603,109.86300286157235,219.7260057231447,0.98418943199869
octave_subharmonic_440_220,subharmonics,440 + 220,"{""frequencies_hz"": ""440,220""}",phase_vocoder,Phase Vocoder,local phase vocoder,-12,57,1.3235374149659864,109.86299535607331,219.72599071214663,0.9841908934074828
octave_subharmonic_440_220,subharmonics,440 + 220,"{""frequencies_hz"": ""440,220""}",phase_vocoder,Phase Vocoder,local phase vocoder,-12,58,1.3467573696145125,109.86299224179156,219.72598448358312,0.984189257725875
octave_subharmonic_440_220,subharmonics,440 + 220,"{""frequencies_hz"": ""440,220""}",phase_vocoder,Phase Vocoder,local phase vocoder,-12,59,1.3699773242630386,109.86300636876761,219.72601273753523,0.9841908327410802
octave_subharmonic_440_220,subharmonics,440 + 220,"{""frequencies_hz"": ""440,220""}",phase_vocoder,Phase Vocoder,local phase vocoder,-12,60,1.3931972789115645,109.8630198081216,219.7260396162432,0.9841895309594288
octave_subharmonic_440_220,subharmonics,440 + 220,"{""frequencies_hz"": ""440,220""}",phase_vocoder,Phase Vocoder,local phase vocoder,-12,61,1.4164172335600906,109.86302260169657,219.72604520339314,0.9841905025251005
octave_subharmonic_440_220,subharmonics,440 + 220,"{""frequencies_hz"": ""440,220""}",phase_vocoder,Phase Vocoder,local phase vocoder,-12,62,1.4396371882086167,109.86302613823933,219.72605227647867,0.9841899452795616
octave_subharmonic_440_220,subharmonics,440 + 220,"{""frequencies_hz"": ""440,220""}",phase_vocoder,Phase Vocoder,local phase vocoder,-12,63,1.4628571428571429,109.86301847292751,219.72603694585501,0.9841902234425474
octave_subharmonic_440_220,subharmonics,440 + 220,"{""frequencies_hz"": ""440,220""}",phase_vocoder,Phase Vocoder,local phase vocoder,-12,64,1.486077097505669,109.86300553974453,219.72601107948907,0.9841904548915698
octave_subharmonic_440_220,subharmonics,440 + 220,"{""frequencies_hz"": ""440,220""}",phase_vocoder,Phase Vocoder,local phase vocoder,-12,65,1.509297052154195,109.86300021527222,219.72600043054445,0.9841896665522823
octave_subharmonic_440_220,subharmonics,440 + 220,"{""frequencies_hz"": ""440,220""}",phase_vocoder,Phase Vocoder,local phase vocoder,-12,66,1.5325170068027212,109.86299367199393,219.72598734398787,0.9841906390111327
octave_subharmonic_440_220,subharmonics,440 + 220,"{""frequencies_hz"": ""440,220""}",phase_vocoder,Phase Vocoder,local phase vocoder,-12,67,1.555736961451247,109.86298963524348,219.72597927048696,0.9841891630036987
octave_subharmonic_440_220,subharmonics,440 + 220,"{""frequencies_hz"": ""440,220""}",phase_vocoder,Phase Vocoder,local phase vocoder,-12,68,1.5789569160997732,109.86299714276655,219.7259942855331,0.9841905506802023
octave_subharmonic_440_220,subharmonics,440 + 220,"{""frequencies_hz"": ""440,220""}",phase_vocoder,Phase Vocoder,local phase vocoder,-12,69,1.6021768707482993,109.86299964973304,219.72599929946608,0.984189342022141
octave_subharmonic_440_220,subharmonics,440 + 220,"{""frequencies_hz"": ""440,220""}",phase_vocoder,Phase Vocoder,local phase vocoder,-12,70,1.6253968253968254,109.86300404767466,219.72600809534933,0.9841906960218864
octave_subharmonic_440_220,subharmonics,440 + 220,"{""frequencies_hz"": ""440,220""}",phase_vocoder,Phase Vocoder,local phase vocoder,-12,71,1.6486167800453515,109.86301419272826,219.72602838545652,0.984189919538717
octave_subharmonic_440_220,subharmonics,440 + 220,"{""frequencies_hz"": ""440,220""}",phase_vocoder,Phase Vocoder,local phase vocoder,-12,72,1.6718367346938776,109.86301595920747,219.72603191841495,0.9841902698010468
octave_subharmonic_440_220,subharmonics,440 + 220,"{""frequencies_hz"": ""440,220""}",phase_vocoder,Phase Vocoder,local phase vocoder,-12,73,1.6950566893424037,109.86301929579584,219.72603859159167,0.9841901787748437
octave_subharmonic_440_220,subharmonics,440 + 220,"{""frequencies_hz"": ""440,220""}",phase_vocoder,Phase Vocoder,local phase vocoder,-12,74,1.7182766439909296,109.86301936829356,219.72603873658713,0.9841896074474483
octave_subharmonic_440_220,subharmonics,440 + 220,"{""frequencies_hz"": ""440,220""}",phase_vocoder,Phase Vocoder,local phase vocoder,-12,75,1.7414965986394557,109.86300349828034,219.72600699656067,0.9841904208560303
octave_subharmonic_440_220,subharmonics,440 + 220,"{""frequencies_hz"": ""440,220""}",phase_vocoder,Phase Vocoder,local phase vocoder,-12,76,1.7647165532879818,109.86299773355833,219.72599546711666,0.9841893539884828
octave_subharmonic_440_220,subharmonics,440 + 220,"{""frequencies_hz"": ""440,220""}",phase_vocoder,Phase Vocoder,local phase vocoder,-12,77,1.787936507936508,109.86299945436092,219.72599890872183,0.9841911250893546
octave_subharmonic_440_220,subharmonics,440 + 220,"{""frequencies_hz"": ""440,220""}",phase_vocoder,Phase Vocoder,local phase vocoder,-12,78,1.811156462585034,109.86290323132314,219.7258064626463,0.9842002318799659
octave_subharmonic_440_220,subharmonics,440 + 220,"{""frequencies_hz"": ""440,220""}",phase_vocoder,Phase Vocoder,local phase vocoder,-12,79,1.8343764172335602,109.8619797178828,219.7239594357656,0.9842656002823371
octave_subharmonic_440_220,subharmonics,440 + 220,"{""frequencies_hz"": ""440,220""}",phase_vocoder,Phase Vocoder,local phase vocoder,-12,80,1.8575963718820863,109.86448039305036,219.7289607861007,0.9842426993528937
octave_subharmonic_440_220,subharmonics,440 + 220,"{""frequencies_hz"": ""440,220""}",phase_vocoder,Phase Vocoder,local phase vocoder,-12,81,1.8808163265306121,109.88745479423721,219.77490958847443,0.9838661841131628
octave_subharmonic_440_220,subharmonics,440 + 220,"{""frequencies_hz"": ""440,220""}",phase_vocoder,Phase Vocoder,local phase vocoder,-12,82,1.9040362811791383,109.89597567189989,219.79195134379978,0.9832192107517836
octave_subharmonic_440_220,subharmonics,440 + 220,"{""frequencies_hz"": ""440,220""}",phase_vocoder,Phase Vocoder,local phase vocoder,-12,83,1.9272562358276644,109.74693896199291,219.49387792398582,0.9814350174038832
octave_subharmonic_440_220,subharmonics,440 + 220,"{""frequencies_hz"": ""440,220""}",phase_vocoder,Phase Vocoder,local phase vocoder,-12,84,1.9504761904761905,109.2977514530356,218.5955029060712,0.9676474306922156
octave_subharmonic_440_220,subharmonics,440 + 220,"{""frequencies_hz"": ""440,220""}",phase_vocoder,Phase Vocoder,local phase vocoder,-12,85,1.9736961451247166,108.56962233936281,217.13924467872562,0.9324708627437623
octave_subharmonic_440_220,subharmonics,440 + 220,"{""frequencies_hz"": ""440,220""}",phase_vocoder,Phase Vocoder,local phase vocoder,-12,86,1.9969160997732427,108.03940390134152,216.07880780268303,0.9046855683836909
octave_subharmonic_440_220,subharmonics,440 + 220,"{""frequencies_hz"": ""440,220""}",wsola,WSOLA,local waveform-similarity overlap-add,-12,0,0.0,681.2206587137273,1362.4413174274546,0.3153840520907916
octave_subharmonic_440_220,subharmonics,440 + 220,"{""frequencies_hz"": ""440,220""}",wsola,WSOLA,local waveform-similarity overlap-add,-12,1,0.023219954648526078,681.2105694788364,1362.4211389576728,0.3161245732108012
octave_subharmonic_440_220,subharmonics,440 + 220,"{""frequencies_hz"": ""440,220""}",wsola,WSOLA,local waveform-similarity overlap-add,-12,2,0.046439909297052155,681.1602640460123,1362.3205280920247,0.32129239126833725
octave_subharmonic_440_220,subharmonics,440 + 220,"{""frequencies_hz"": ""440,220""}",wsola,WSOLA,local waveform-similarity overlap-add,-12,3,0.06965986394557823,680.8158596300725,1361.631719260145,0.395067643385559
octave_subharmonic_440_220,subharmonics,440 + 220,"{""frequencies_hz"": ""440,220""}",wsola,WSOLA,local waveform-similarity overlap-add,-12,4,0.09287981859410431,,,0.9994285387680083
octave_subharmonic_440_220,subharmonics,440 + 220,"{""frequencies_hz"": ""440,220""}",wsola,WSOLA,local waveform-similarity overlap-add,-12,5,0.11609977324263039,111.8581439912378,223.7162879824756,0.9513062935730799
octave_subharmonic_440_220,subharmonics,440 + 220,"{""frequencies_hz"": ""440,220""}",wsola,WSOLA,local waveform-similarity overlap-add,-12,6,0.13931972789115646,111.99464862408632,223.98929724817265,0.9482620138485205
octave_subharmonic_440_220,subharmonics,440 + 220,"{""frequencies_hz"": ""440,220""}",wsola,WSOLA,local waveform-similarity overlap-add,-12,7,0.16253968253968254,111.96035593306988,223.92071186613975,0.9513152314820835
octave_subharmonic_440_220,subharmonics,440 + 220,"{""frequencies_hz"": ""440,220""}",wsola,WSOLA,local waveform-similarity overlap-add,-12,8,0.18575963718820862,111.92573553688472,223.85147107376943,0.9531657457883418
octave_subharmonic_440_220,subharmonics,440 + 220,"{""frequencies_hz"": ""440,220""}",wsola,WSOLA,local waveform-similarity overlap-add,-12,9,0.2089795918367347,111.9975603498047,223.9951206996094,0.952722958228064
octave_subharmonic_440_220,subharmonics,440 + 220,"{""frequencies_hz"": ""440,220""}",wsola,WSOLA,local waveform-similarity overlap-add,-12,10,0.23219954648526078,112.0798309375098,224.1596618750196,0.9528767543144666
octave_subharmonic_440_220,subharmonics,440 + 220,"{""frequencies_hz"": ""440,220""}",wsola,WSOLA,local waveform-similarity overlap-add,-12,11,0.25541950113378686,112.0887042529896,224.1774085059792,0.9526766104155996
octave_subharmonic_440_220,subharmonics,440 + 220,"{""frequencies_hz"": ""440,220""}",wsola,WSOLA,local waveform-similarity overlap-add,-12,12,0.2786394557823129,112.07842179217442,224.15684358434885,0.9517701080660664
octave_subharmonic_440_220,subharmonics,440 + 220,"{""frequencies_hz"": ""440,220""}",wsola,WSOLA,local waveform-similarity overlap-add,-12,13,0.301859410430839,112.09440713768315,224.1888142753663,0.9520455231616094
octave_subharmonic_440_220,subharmonics,440 + 220,"{""frequencies_hz"": ""440,220""}",wsola,WSOLA,local waveform-similarity overlap-add,-12,14,0.3250793650793651,112.10314730660792,224.20629461321585,0.9520892889469854
octave_subharmonic_440_220,subharmonics,440 + 220,"{""frequencies_hz"": ""440,220""}",wsola,WSOLA,local waveform-similarity overlap-add,-12,15,0.34829931972789113,112.10686841087184,224.21373682174368,0.9515546421083522
octave_subharmonic_440_220,subharmonics,440 + 220,"{""frequencies_hz"": ""440,220""}",wsola,WSOLA,local waveform-similarity overlap-add,-12,16,0.37151927437641724,112.12722024650525,224.2544404930105,0.9519270130454217
octave_subharmonic_440_220,subharmonics,440 + 220,"{""frequencies_hz"": ""440,220""}",wsola,WSOLA,local waveform-similarity overlap-add,-12,17,0.3947392290249433,112.13867828659691,224.27735657319383,0.9517180908671726
octave_subharmonic_440_220,subharmonics,440 + 220,"{""frequencies_hz"": ""440,220""}",wsola,WSOLA,local waveform-similarity overlap-add,-12,18,0.4179591836734694,112.13731222118682,224.27462444237364,0.9512223711519049
octave_subharmonic_440_220,subharmonics,440 + 220,"{""frequencies_hz"": ""440,220""}",wsola,WSOLA,local waveform-similarity overlap-add,-12,19,0.44117913832199546,112.13784382661717,224.27568765323434,0.9518595531029924
octave_subharmonic_440_220,subharmonics,440 + 220,"{""frequencies_hz"": ""440,220""}",wsola,WSOLA,local waveform-similarity overlap-add,-12,20,0.46439909297052157,112.12336502233393,224.24673004466786,0.9518355861794896
octave_subharmonic_440_220,subharmonics,440 + 220,"{""frequencies_hz"": ""440,220""}",wsola,WSOLA,local waveform-similarity overlap-add,-12,21,0.4876190476190476,112.10374687026783,224.20749374053565,0.9515672495284964
octave_subharmonic_440_220,subharmonics,440 + 220,"{""frequencies_hz"": ""440,220""}",wsola,WSOLA,local waveform-similarity overlap-add,-12,22,0.5108390022675737,112.10334314049891,224.20668628099781,0.9521186464396726
octave_subharmonic_440_220,subharmonics,440 + 220,"{""frequencies_hz"": ""440,220""}",wsola,WSOLA,local waveform-similarity overlap-add,-12,23,0.5340589569160997,112.11091944055266,224.22183888110533,0.9517660053619732
octave_subharmonic_440_220,subharmonics,440 + 220,"{""frequencies_hz"": ""440,220""}",wsola,WSOLA,local waveform-similarity overlap-add,-12,24,0.5572789115646258,112.1311073615666,224.2622147231332,0.9514272699451893
octave_subharmonic_440_220,subharmonics,440 + 220,"{""frequencies_hz"": ""440,220""}",wsola,WSOLA,local waveform-similarity overlap-add,-12,25,0.5804988662131519,112.15610833975569,224.31221667951138,0.9518927455063335
octave_subharmonic_440_220,subharmonics,440 + 220,"{""frequencies_hz"": ""440,220""}",wsola,WSOLA,local waveform-similarity overlap-add,-12,26,0.603718820861678,112.15529040928925,224.3105808185785,0.9514375380139631
octave_subharmonic_440_220,subharmonics,440 + 220,"{""frequencies_hz"": ""440,220""}",wsola,WSOLA,local waveform-similarity overlap-add,-12,27,0.626938775510204,112.14418819104984,224.28837638209967,0.9513335334149176
octave_subharmonic_440_220,subharmonics,440 + 220,"{""frequencies_hz"": ""440,220""}",wsola,WSOLA,local waveform-similarity overlap-add,-12,28,0.6501587301587302,112.13680581975105,224.2736116395021,0.9519996649493444
octave_subharmonic_440_220,subharmonics,440 + 220,"{""frequencies_hz"": ""440,220""}",wsola,WSOLA,local waveform-similarity overlap-add,-12,29,0.6733786848072563,112.11653018265932,224.23306036531864,0.9516757971870075
octave_subharmonic_440_220,subharmonics,440 + 220,"{""frequencies_hz"": ""440,220""}",wsola,WSOLA,local waveform-similarity overlap-add,-12,30,0.6965986394557823,112.10171784349689,224.20343568699377,0.95170919556018
octave_subharmonic_440_220,subharmonics,440 + 220,"{""frequencies_hz"": ""440,220""}",wsola,WSOLA,local waveform-similarity overlap-add,-12,31,0.7198185941043084,112.10509627934793,224.21019255869587,0.952155316373031
octave_subharmonic_440_220,subharmonics,440 + 220,"{""frequencies_hz"": ""440,220""}",wsola,WSOLA,local waveform-similarity overlap-add,-12,32,0.7430385487528345,112.11477529924034,224.22955059848067,0.9515653275413843
octave_subharmonic_440_220,subharmonics,440 + 220,"{""frequencies_hz"": ""440,220""}",wsola,WSOLA,local waveform-similarity overlap-add,-12,33,0.7662585034013606,112.13819877303862,224.27639754607725,0.9515504763002155
octave_subharmonic_440_220,subharmonics,440 + 220,"{""frequencies_hz"": ""440,220""}",wsola,WSOLA,local waveform-similarity overlap-add,-12,34,0.7894784580498866,112.15144742234574,224.30289484469148,0.9518273081639269
octave_subharmonic_440_220,subharmonics,440 + 220,"{""frequencies_hz"": ""440,220""}",wsola,WSOLA,local waveform-similarity overlap-add,-12,35,0.8126984126984127,112.13968212158241,224.27936424316482,0.9511841040555443
octave_subharmonic_440_220,subharmonics,440 + 220,"{""frequencies_hz"": ""440,220""}",wsola,WSOLA,local waveform-similarity overlap-add,-12,36,0.8359183673469388,112.14427395755582,224.28854791511165,0.951417628171727
octave_subharmonic_440_220,subharmonics,440 + 220,"{""frequencies_hz"": ""440,220""}",wsola,WSOLA,local waveform-similarity overlap-add,-12,37,0.8591383219954648,112.1580801166429,224.3161602332858,0.9518523009630631
octave_subharmonic_440_220,subharmonics,440 + 220,"{""frequencies_hz"": ""440,220""}",wsola,WSOLA,local waveform-similarity overlap-add,-12,38,0.8823582766439909,112.14262962388354,224.28525924776707,0.9514187891551785
octave_subharmonic_440_220,subharmonics,440 + 220,"{""frequencies_hz"": ""440,220""}",wsola,WSOLA,local waveform-similarity overlap-add,-12,39,0.905578231292517,112.12005555288545,224.2401111057709,0.9518485945293688
octave_subharmonic_440_220,subharmonics,440 + 220,"{""frequencies_hz"": ""440,220""}",wsola,WSOLA,local waveform-similarity overlap-add,-12,40,0.9287981859410431,112.11139066852857,224.22278133705714,0.9521369539716934
octave_subharmonic_440_220,subharmonics,440 + 220,"{""frequencies_hz"": ""440,220""}",wsola,WSOLA,local waveform-similarity overlap-add,-12,41,0.9520181405895691,112.11370065179254,224.22740130358508,0.9515815983328171
octave_subharmonic_440_220,subharmonics,440 + 220,"{""frequencies_hz"": ""440,220""}",wsola,WSOLA,local waveform-similarity overlap-add,-12,42,0.9752380952380952,112.12779985259901,224.25559970519802,0.9518714016171156
octave_subharmonic_440_220,subharmonics,440 + 220,"{""frequencies_hz"": ""440,220""}",wsola,WSOLA,local waveform-similarity overlap-add,-12,43,0.9984580498866213,112.13020806417163,224.26041612834325,0.9517761703485618
octave_subharmonic_440_220,subharmonics,440 + 220,"{""frequencies_hz"": ""440,220""}",wsola,WSOLA,local waveform-similarity overlap-add,-12,44,1.0216780045351475,112.12718291664221,224.25436583328442,0.9511354751927884
octave_subharmonic_440_220,subharmonics,440 + 220,"{""frequencies_hz"": ""440,220""}",wsola,WSOLA,local waveform-similarity overlap-add,-12,45,1.0448979591836736,112.1471145865405,224.294229173081,0.9516479853382296
octave_subharmonic_440_220,subharmonics,440 + 220,"{""frequencies_hz"": ""440,220""}",wsola,WSOLA,local waveform-similarity overlap-add,-12,46,1.0681179138321995,112.15660043590032,224.31320087180063,0.9517464513445444
octave_subharmonic_440_220,subharmonics,440 + 220,"{""frequencies_hz"": ""440,220""}",wsola,WSOLA,local waveform-similarity overlap-add,-12,47,1.0913378684807256,112.1349017747631,224.2698035495262,0.951423344778443
octave_subharmonic_440_220,subharmonics,440 + 220,"{""frequencies_hz"": ""440,220""}",wsola,WSOLA,local waveform-similarity overlap-add,-12,48,1.1145578231292517,112.1147033345941,224.2294066691882,0.952048777824401
octave_subharmonic_440_220,subharmonics,440 + 220,"{""frequencies_hz"": ""440,220""}",wsola,WSOLA,local waveform-similarity overlap-add,-12,49,1.1377777777777778,112.1048738517143,224.2097477034286,0.951965437556761
octave_subharmonic_440_220,subharmonics,440 + 220,"{""frequencies_hz"": ""440,220""}",wsola,WSOLA,local waveform-similarity overlap-add,-12,50,1.1609977324263039,112.11136079481085,224.2227215896217,0.9516093115753806
octave_subharmonic_440_220,subharmonics,440 + 220,"{""frequencies_hz"": ""440,220""}",wsola,WSOLA,local waveform-similarity overlap-add,-12,51,1.18421768707483,112.1351573409847,224.2703146819694,0.9521510606826006
octave_subharmonic_440_220,subharmonics,440 + 220,"{""frequencies_hz"": ""440,220""}",wsola,WSOLA,local waveform-similarity overlap-add,-12,52,1.207437641723356,112.13505104056465,224.2701020811293,0.9519006589122045
octave_subharmonic_440_220,subharmonics,440 + 220,"{""frequencies_hz"": ""440,220""}",wsola,WSOLA,local waveform-similarity overlap-add,-12,53,1.230657596371882,112.11559528777534,224.23119057555067,0.9516387812552691
octave_subharmonic_440_220,subharmonics,440 + 220,"{""frequencies_hz"": ""440,220""}",wsola,WSOLA,local waveform-similarity overlap-add,-12,54,1.253877551020408,112.11421741591839,224.22843483183678,0.9522187662730353
octave_subharmonic_440_220,subharmonics,440 + 220,"{""frequencies_hz"": ""440,220""}",wsola,WSOLA,local waveform-similarity overlap-add,-12,55,1.2770975056689342,112.11412848191239,224.22825696382478,0.9518973598576872
octave_subharmonic_440_220,subharmonics,440 + 220,"{""frequencies_hz"": ""440,220""}",wsola,WSOLA,local waveform-similarity overlap-add,-12,56,1.3003174603174603,112.10543507733377,224.21087015466753,0.9518332721532508
octave_subharmonic_440_220,subharmonics,440 + 220,"{""frequencies_hz"": ""440,220""}",wsola,WSOLA,local waveform-similarity overlap-add,-12,57,1.3235374149659864,112.10101038853271,224.20202077706543,0.9525633944720083
octave_subharmonic_440_220,subharmonics,440 + 220,"{""frequencies_hz"": ""440,220""}",wsola,WSOLA,local waveform-similarity overlap-add,-12,58,1.3467573696145125,112.08693037385277,224.17386074770553,0.9522927114684048
octave_subharmonic_440_220,subharmonics,440 + 220,"{""frequencies_hz"": ""440,220""}",wsola,WSOLA,local waveform-similarity overlap-add,-12,59,1.3699773242630386,112.0732121222494,224.1464242444988,0.9522548948230826
octave_subharmonic_440_220,subharmonics,440 + 220,"{""frequencies_hz"": ""440,220""}",wsola,WSOLA,local waveform-similarity overlap-add,-12,60,1.3931972789115645,112.07663602200287,224.15327204400575,0.9526147661356223
octave_subharmonic_440_220,subharmonics,440 + 220,"{""frequencies_hz"": ""440,220""}",wsola,WSOLA,local waveform-similarity overlap-add,-12,61,1.4164172335600906,112.0788476283379,224.1576952566758,0.9519715473805963
octave_subharmonic_440_220,subharmonics,440 + 220,"{""frequencies_hz"": ""440,220""}",wsola,WSOLA,local waveform-similarity overlap-add,-12,62,1.4396371882086167,112.0843990708712,224.1687981417424,0.9519817772020346
octave_subharmonic_440_220,subharmonics,440 + 220,"{""frequencies_hz"": ""440,220""}",wsola,WSOLA,local waveform-similarity overlap-add,-12,63,1.4628571428571429,112.09743277851358,224.19486555702716,0.9524146067572113
octave_subharmonic_440_220,subharmonics,440 + 220,"{""frequencies_hz"": ""440,220""}",wsola,WSOLA,local waveform-similarity overlap-add,-12,64,1.486077097505669,112.09566929349708,224.19133858699416,0.9519155305139694
octave_subharmonic_440_220,subharmonics,440 + 220,"{""frequencies_hz"": ""440,220""}",wsola,WSOLA,local waveform-similarity overlap-add,-12,65,1.509297052154195,112.08555234602258,224.17110469204516,0.9521958007922965
octave_subharmonic_440_220,subharmonics,440 + 220,"{""frequencies_hz"": ""440,220""}",wsola,WSOLA,local waveform-similarity overlap-add,-12,66,1.5325170068027212,112.07957645223274,224.1591529044655,0.9528077948061365
octave_subharmonic_440_220,subharmonics,440 + 220,"{""frequencies_hz"": ""440,220""}",wsola,WSOLA,local waveform-similarity overlap-add,-12,67,1.555736961451247,112.06940945853889,224.13881891707777,0.9542708240696034
octave_subharmonic_440_220,subharmonics,440 + 220,"{""frequencies_hz"": ""440,220""}",wsola,WSOLA,local waveform-similarity overlap-add,-12,68,1.5789569160997732,112.07434352906816,224.14868705813632,0.9605578294035811
octave_subharmonic_440_220,subharmonics,440 + 220,"{""frequencies_hz"": ""440,220""}",wsola,WSOLA,local waveform-similarity overlap-add,-12,69,1.6021768707482993,112.09010560434723,224.18021120869446,0.9659431012768628
octave_subharmonic_440_220,subharmonics,440 + 220,"{""frequencies_hz"": ""440,220""}",wsola,WSOLA,local waveform-similarity overlap-add,-12,70,1.6253968253968254,112.08428948645533,224.16857897291067,0.9632879834862027
octave_subharmonic_440_220,subharmonics,440 + 220,"{""frequencies_hz"": ""440,220""}",wsola,WSOLA,local waveform-similarity overlap-add,-12,71,1.6486167800453515,112.09277045480556,224.18554090961112,0.9581940949199509
octave_subharmonic_440_220,subharmonics,440 + 220,"{""frequencies_hz"": ""440,220""}",wsola,WSOLA,local waveform-similarity overlap-add,-12,72,1.6718367346938776,112.1469800923401,224.2939601846802,0.9616482214403085
octave_subharmonic_440_220,subharmonics,440 + 220,"{""frequencies_hz"": ""440,220""}",wsola,WSOLA,local waveform-similarity overlap-add,-12,73,1.6950566893424037,112.16972631116322,224.33945262232643,0.966049017293775
octave_subharmonic_440_220,subharmonics,440 + 220,"{""frequencies_hz"": ""440,220""}",wsola,WSOLA,local waveform-similarity overlap-add,-12,74,1.7182766439909296,112.13109935225381,224.26219870450763,0.9626616857542423
octave_subharmonic_440_220,subharmonics,440 + 220,"{""frequencies_hz"": ""440,220""}",wsola,WSOLA,local waveform-similarity overlap-add,-12,75,1.7414965986394557,112.11259773565517,224.22519547131034,0.9582207729453509
octave_subharmonic_440_220,subharmonics,440 + 220,"{""frequencies_hz"": ""440,220""}",wsola,WSOLA,local waveform-similarity overlap-add,-12,76,1.7647165532879818,112.14479924787398,224.28959849574795,0.9623860467882891
octave_subharmonic_440_220,subharmonics,440 + 220,"{""frequencies_hz"": ""440,220""}",wsola,WSOLA,local waveform-similarity overlap-add,-12,77,1.787936507936508,112.13868638268895,224.2773727653779,0.9658951183449175
octave_subharmonic_440_220,subharmonics,440 + 220,"{""frequencies_hz"": ""440,220""}",wsola,WSOLA,local waveform-similarity overlap-add,-12,78,1.811156462585034,112.09298745813508,224.18597491627017,0.9616407084517643
octave_subharmonic_440_220,subharmonics,440 + 220,"{""frequencies_hz"": ""440,220""}",wsola,WSOLA,local waveform-similarity overlap-add,-12,79,1.8343764172335602,112.10186102891922,224.20372205783843,0.9581613829692109
octave_subharmonic_440_220,subharmonics,440 + 220,"{""frequencies_hz"": ""440,220""}",wsola,WSOLA,local waveform-similarity overlap-add,-12,80,1.8575963718820863,112.15021670711683,224.30043341423365,0.9631934863711976
octave_subharmonic_440_220,subharmonics,440 + 220,"{""frequencies_hz"": ""440,220""}",wsola,WSOLA,local waveform-similarity overlap-add,-12,81,1.8808163265306121,112.14145601897589,224.28291203795177,0.9658413859418901
octave_subharmonic_440_220,subharmonics,440 + 220,"{""frequencies_hz"": ""440,220""}",wsola,WSOLA,local waveform-similarity overlap-add,-12,82,1.9040362811791383,112.17073676083632,224.34147352167264,0.962683240658088
octave_subharmonic_440_220,subharmonics,440 + 220,"{""frequencies_hz"": ""440,220""}",wsola,WSOLA,local waveform-similarity overlap-add,-12,83,1.9272562358276644,,,0.05879907953464054
octave_subharmonic_440_220,subharmonics,440 + 220,"{""frequencies_hz"": ""440,220""}",wsola,WSOLA,local waveform-similarity overlap-add,-12,84,1.9504761904761905,,,0.0033307758062342315
octave_subharmonic_440_220,subharmonics,440 + 220,"{""frequencies_hz"": ""440,220""}",wsola,WSOLA,local waveform-similarity overlap-add,-12,85,1.9736961451247166,,,0.0006139770892427177
octave_subharmonic_440_220,subharmonics,440 + 220,"{""frequencies_hz"": ""440,220""}",wsola,WSOLA,local waveform-similarity overlap-add,-12,86,1.9969160997732427,,,0.00022174215485655938
octave_subharmonic_440_220,subharmonics,440 + 220,"{""frequencies_hz"": ""440,220""}",rubber_band,Rubber Band,local hybrid spectral/time-domain proxy,-12,0,0.0,,,0.056197657276933634
octave_subharmonic_440_220,subharmonics,440 + 220,"{""frequencies_hz"": ""440,220""}",rubber_band,Rubber Band,local hybrid spectral/time-domain proxy,-12,1,0.023219954648526078,,,0.05638069383474163
octave_subharmonic_440_220,subharmonics,440 + 220,"{""frequencies_hz"": ""440,220""}",rubber_band,Rubber Band,local hybrid spectral/time-domain proxy,-12,2,0.046439909297052155,,,0.0576898755196485
octave_subharmonic_440_220,subharmonics,440 + 220,"{""frequencies_hz"": ""440,220""}",rubber_band,Rubber Band,local hybrid spectral/time-domain proxy,-12,3,0.06965986394557823,,,0.07869903036390032
octave_subharmonic_440_220,subharmonics,440 + 220,"{""frequencies_hz"": ""440,220""}",rubber_band,Rubber Band,local hybrid spectral/time-domain proxy,-12,4,0.09287981859410431,,,0.9922157873074396
octave_subharmonic_440_220,subharmonics,440 + 220,"{""frequencies_hz"": ""440,220""}",rubber_band,Rubber Band,local hybrid spectral/time-domain proxy,-12,5,0.11609977324263039,112.03230574214518,224.06461148429037,0.9404430945376787
octave_subharmonic_440_220,subharmonics,440 + 220,"{""frequencies_hz"": ""440,220""}",rubber_band,Rubber Band,local hybrid spectral/time-domain proxy,-12,6,0.13931972789115646,112.21074204978922,224.42148409957844,0.9366890964332291
octave_subharmonic_440_220,subharmonics,440 + 220,"{""frequencies_hz"": ""440,220""}",rubber_band,Rubber Band,local hybrid spectral/time-domain proxy,-12,7,0.16253968253968254,112.19396157440399,224.38792314880797,0.9417078985516847
octave_subharmonic_440_220,subharmonics,440 + 220,"{""frequencies_hz"": ""440,220""}",rubber_band,Rubber Band,local hybrid spectral/time-domain proxy,-12,8,0.18575963718820862,112.18330494458507,224.36660988917015,0.9450290155917744
octave_subharmonic_440_220,subharmonics,440 + 220,"{""frequencies_hz"": ""440,220""}",rubber_band,Rubber Band,local hybrid spectral/time-domain proxy,-12,9,0.2089795918367347,112.26167081370178,224.52334162740357,0.945063024683022
octave_subharmonic_440_220,subharmonics,440 + 220,"{""frequencies_hz"": ""440,220""}",rubber_band,Rubber Band,local hybrid spectral/time-domain proxy,-12,10,0.23219954648526078,112.30777657479184,224.6155531495837,0.9454538947755673
octave_subharmonic_440_220,subharmonics,440 + 220,"{""frequencies_hz"": ""440,220""}",rubber_band,Rubber Band,local hybrid spectral/time-domain proxy,-12,11,0.25541950113378686,112.27868800595722,224.55737601191444,0.9451137158722004
octave_subharmonic_440_220,subharmonics,440 + 220,"{""frequencies_hz"": ""440,220""}",rubber_band,Rubber Band,local hybrid spectral/time-domain proxy,-12,12,0.2786394557823129,112.27503322256503,224.55006644513006,0.9445274328798873
octave_subharmonic_440_220,subharmonics,440 + 220,"{""frequencies_hz"": ""440,220""}",rubber_band,Rubber Band,local hybrid spectral/time-domain proxy,-12,13,0.301859410430839,112.3176125501478,224.6352251002956,0.9456983280220824
octave_subharmonic_440_220,subharmonics,440 + 220,"{""frequencies_hz"": ""440,220""}",rubber_band,Rubber Band,local hybrid spectral/time-domain proxy,-12,14,0.3250793650793651,112.3419744602821,224.6839489205642,0.9455776447293313
octave_subharmonic_440_220,subharmonics,440 + 220,"{""frequencies_hz"": ""440,220""}",rubber_band,Rubber Band,local hybrid spectral/time-domain proxy,-12,15,0.34829931972789113,112.36859898042613,224.73719796085226,0.9439298186588487
octave_subharmonic_440_220,subharmonics,440 + 220,"{""frequencies_hz"": ""440,220""}",rubber_band,Rubber Band,local hybrid spectral/time-domain proxy,-12,16,0.37151927437641724,112.4364125573566,224.8728251147132,0.9439289099017711
octave_subharmonic_440_220,subharmonics,440 + 220,"{""frequencies_hz"": ""440,220""}",rubber_band,Rubber Band,local hybrid spectral/time-domain proxy,-12,17,0.3947392290249433,112.50892701715713,225.01785403431427,0.9439550875851107
octave_subharmonic_440_220,subharmonics,440 + 220,"{""frequencies_hz"": ""440,220""}",rubber_band,Rubber Band,local hybrid spectral/time-domain proxy,-12,18,0.4179591836734694,112.56006334203535,225.1201266840707,0.9435188629911774
octave_subharmonic_440_220,subharmonics,440 + 220,"{""frequencies_hz"": ""440,220""}",rubber_band,Rubber Band,local hybrid spectral/time-domain proxy,-12,19,0.44117913832199546,112.58462618809432,225.16925237618864,0.9438345816259464
octave_subharmonic_440_220,subharmonics,440 + 220,"{""frequencies_hz"": ""440,220""}",rubber_band,Rubber Band,local hybrid spectral/time-domain proxy,-12,20,0.46439909297052157,112.56493099912417,225.12986199824834,0.9427265474887431
octave_subharmonic_440_220,subharmonics,440 + 220,"{""frequencies_hz"": ""440,220""}",rubber_band,Rubber Band,local hybrid spectral/time-domain proxy,-12,21,0.4876190476190476,112.52913501565672,225.05827003131344,0.9420842930798458
octave_subharmonic_440_220,subharmonics,440 + 220,"{""frequencies_hz"": ""440,220""}",rubber_band,Rubber Band,local hybrid spectral/time-domain proxy,-12,22,0.5108390022675737,112.5138322081646,225.0276644163292,0.9438128908778505
octave_subharmonic_440_220,subharmonics,440 + 220,"{""frequencies_hz"": ""440,220""}",rubber_band,Rubber Band,local hybrid spectral/time-domain proxy,-12,23,0.5340589569160997,112.49639971467738,224.99279942935476,0.9442201628871061
octave_subharmonic_440_220,subharmonics,440 + 220,"{""frequencies_hz"": ""440,220""}",rubber_band,Rubber Band,local hybrid spectral/time-domain proxy,-12,24,0.5572789115646258,112.46712246136983,224.93424492273965,0.9439093731099703
octave_subharmonic_440_220,subharmonics,440 + 220,"{""frequencies_hz"": ""440,220""}",rubber_band,Rubber Band,local hybrid spectral/time-domain proxy,-12,25,0.5804988662131519,112.4282965374339,224.8565930748678,0.9444171664416932
octave_subharmonic_440_220,subharmonics,440 + 220,"{""frequencies_hz"": ""440,220""}",rubber_band,Rubber Band,local hybrid spectral/time-domain proxy,-12,26,0.603718820861678,112.38101138798817,224.76202277597633,0.9440964747445927
octave_subharmonic_440_220,subharmonics,440 + 220,"{""frequencies_hz"": ""440,220""}",rubber_band,Rubber Band,local hybrid spectral/time-domain proxy,-12,27,0.626938775510204,112.36309291114513,224.72618582229026,0.94458261299876
octave_subharmonic_440_220,subharmonics,440 + 220,"{""frequencies_hz"": ""440,220""}",rubber_band,Rubber Band,local hybrid spectral/time-domain proxy,-12,28,0.6501587301587302,112.3795946137552,224.7591892275104,0.945440847129742
octave_subharmonic_440_220,subharmonics,440 + 220,"{""frequencies_hz"": ""440,220""}",rubber_band,Rubber Band,local hybrid spectral/time-domain proxy,-12,29,0.6733786848072563,112.40323766987682,224.80647533975363,0.9440256598726113
octave_subharmonic_440_220,subharmonics,440 + 220,"{""frequencies_hz"": ""440,220""}",rubber_band,Rubber Band,local hybrid spectral/time-domain proxy,-12,30,0.6965986394557823,112.4593173706711,224.9186347413422,0.9430358395287278
octave_subharmonic_440_220,subharmonics,440 + 220,"{""frequencies_hz"": ""440,220""}",rubber_band,Rubber Band,local hybrid spectral/time-domain proxy,-12,31,0.7198185941043084,112.54920379544177,225.09840759088354,0.9436148255931432
octave_subharmonic_440_220,subharmonics,440 + 220,"{""frequencies_hz"": ""440,220""}",rubber_band,Rubber Band,local hybrid spectral/time-domain proxy,-12,32,0.7430385487528345,112.62229789262369,225.24459578524738,0.9431950934670535
octave_subharmonic_440_220,subharmonics,440 + 220,"{""frequencies_hz"": ""440,220""}",rubber_band,Rubber Band,local hybrid spectral/time-domain proxy,-12,33,0.7662585034013606,112.64985107814658,225.29970215629316,0.9431936559825141
octave_subharmonic_440_220,subharmonics,440 + 220,"{""frequencies_hz"": ""440,220""}",rubber_band,Rubber Band,local hybrid spectral/time-domain proxy,-12,34,0.7894784580498866,112.61529275116959,225.23058550233918,0.943137446112869
octave_subharmonic_440_220,subharmonics,440 + 220,"{""frequencies_hz"": ""440,220""}",rubber_band,Rubber Band,local hybrid spectral/time-domain proxy,-12,35,0.8126984126984127,112.54292668730412,225.08585337460823,0.9421115194970976
octave_subharmonic_440_220,subharmonics,440 + 220,"{""frequencies_hz"": ""440,220""}",rubber_band,Rubber Band,local hybrid spectral/time-domain proxy,-12,36,0.8359183673469388,112.49812588095203,224.99625176190406,0.9432999009269855
octave_subharmonic_440_220,subharmonics,440 + 220,"{""frequencies_hz"": ""440,220""}",rubber_band,Rubber Band,local hybrid spectral/time-domain proxy,-12,37,0.8591383219954648,112.47324372372957,224.94648744745913,0.9447531621965904
octave_subharmonic_440_220,subharmonics,440 + 220,"{""frequencies_hz"": ""440,220""}",rubber_band,Rubber Band,local hybrid spectral/time-domain proxy,-12,38,0.8823582766439909,112.43433069326683,224.86866138653366,0.9441497919751584
octave_subharmonic_440_220,subharmonics,440 + 220,"{""frequencies_hz"": ""440,220""}",rubber_band,Rubber Band,local hybrid spectral/time-domain proxy,-12,39,0.905578231292517,112.40657561168838,224.81315122337676,0.9442082340610165
octave_subharmonic_440_220,subharmonics,440 + 220,"{""frequencies_hz"": ""440,220""}",rubber_band,Rubber Band,local hybrid spectral/time-domain proxy,-12,40,0.9287981859410431,112.39798326992832,224.79596653985664,0.944488370687498
octave_subharmonic_440_220,subharmonics,440 + 220,"{""frequencies_hz"": ""440,220""}",rubber_band,Rubber Band,local hybrid spectral/time-domain proxy,-12,41,0.9520181405895691,112.40156182716123,224.80312365432246,0.9442106201455485
octave_subharmonic_440_220,subharmonics,440 + 220,"{""frequencies_hz"": ""440,220""}",rubber_band,Rubber Band,local hybrid spectral/time-domain proxy,-12,42,0.9752380952380952,112.42702937012042,224.85405874024084,0.944947361888478
octave_subharmonic_440_220,subharmonics,440 + 220,"{""frequencies_hz"": ""440,220""}",rubber_band,Rubber Band,local hybrid spectral/time-domain proxy,-12,43,0.9984580498866213,112.45519760082547,224.91039520165094,0.9443592622937395
octave_subharmonic_440_220,subharmonics,440 + 220,"{""frequencies_hz"": ""440,220""}",rubber_band,Rubber Band,local hybrid spectral/time-domain proxy,-12,44,1.0216780045351475,112.4902889132621,224.9805778265242,0.9425543475242499
octave_subharmonic_440_220,subharmonics,440 + 220,"{""frequencies_hz"": ""440,220""}",rubber_band,Rubber Band,local hybrid spectral/time-domain proxy,-12,45,1.0448979591836736,112.55789301455626,225.1157860291125,0.9430135897948594
octave_subharmonic_440_220,subharmonics,440 + 220,"{""frequencies_hz"": ""440,220""}",rubber_band,Rubber Band,local hybrid spectral/time-domain proxy,-12,46,1.0681179138321995,112.61483659745817,225.22967319491633,0.9435417462504421
octave_subharmonic_440_220,subharmonics,440 + 220,"{""frequencies_hz"": ""440,220""}",rubber_band,Rubber Band,local hybrid spectral/time-domain proxy,-12,47,1.0913378684807256,112.62093576325125,225.2418715265025,0.9431649348383658
octave_subharmonic_440_220,subharmonics,440 + 220,"{""frequencies_hz"": ""440,220""}",rubber_band,Rubber Band,local hybrid spectral/time-domain proxy,-12,48,1.1145578231292517,112.58015504318244,225.1603100863649,0.9436219568618989
octave_subharmonic_440_220,subharmonics,440 + 220,"{""frequencies_hz"": ""440,220""}",rubber_band,Rubber Band,local hybrid spectral/time-domain proxy,-12,49,1.1377777777777778,112.50137311856665,225.0027462371333,0.9432072082835975
octave_subharmonic_440_220,subharmonics,440 + 220,"{""frequencies_hz"": ""440,220""}",rubber_band,Rubber Band,local hybrid spectral/time-domain proxy,-12,50,1.1609977324263039,112.42821325571482,224.85642651142965,0.943339446308641
octave_subharmonic_440_220,subharmonics,440 + 220,"{""frequencies_hz"": ""440,220""}",rubber_band,Rubber Band,local hybrid spectral/time-domain proxy,-12,51,1.18421768707483,112.39599338566393,224.79198677132786,0.9451219033373471
octave_subharmonic_440_220,subharmonics,440 + 220,"{""frequencies_hz"": ""440,220""}",rubber_band,Rubber Band,local hybrid spectral/time-domain proxy,-12,52,1.207437641723356,112.37677042994255,224.7535408598851,0.9450522661464397
octave_subharmonic_440_220,subharmonics,440 + 220,"{""frequencies_hz"": ""440,220""}",rubber_band,Rubber Band,local hybrid spectral/time-domain proxy,-12,53,1.230657596371882,112.37454871849168,224.74909743698336,0.9440848352154148
octave_subharmonic_440_220,subharmonics,440 + 220,"{""frequencies_hz"": ""440,220""}",rubber_band,Rubber Band,local hybrid spectral/time-domain proxy,-12,54,1.253877551020408,112.40750882320424,224.81501764640848,0.9443578317349257
octave_subharmonic_440_220,subharmonics,440 + 220,"{""frequencies_hz"": ""440,220""}",rubber_band,Rubber Band,local hybrid spectral/time-domain proxy,-12,55,1.2770975056689342,112.44805604052564,224.89611208105129,0.9439719188181412
octave_subharmonic_440_220,subharmonics,440 + 220,"{""frequencies_hz"": ""440,220""}",rubber_band,Rubber Band,local hybrid spectral/time-domain proxy,-12,56,1.3003174603174603,112.48675105703016,224.97350211406032,0.9439074219848672
octave_subharmonic_440_220,subharmonics,440 + 220,"{""frequencies_hz"": ""440,220""}",rubber_band,Rubber Band,local hybrid spectral/time-domain proxy,-12,57,1.3235374149659864,112.51583380272224,225.03166760544448,0.9441739471943147
octave_subharmonic_440_220,subharmonics,440 + 220,"{""frequencies_hz"": ""440,220""}",rubber_band,Rubber Band,local hybrid spectral/time-domain proxy,-12,58,1.3467573696145125,112.52014206150149,225.04028412300298,0.9425343456699812
octave_subharmonic_440_220,subharmonics,440 + 220,"{""frequencies_hz"": ""440,220""}",rubber_band,Rubber Band,local hybrid spectral/time-domain proxy,-12,59,1.3699773242630386,112.5417966390774,225.0835932781548,0.9420796944261399
octave_subharmonic_440_220,subharmonics,440 + 220,"{""frequencies_hz"": ""440,220""}",rubber_band,Rubber Band,local hybrid spectral/time-domain proxy,-12,60,1.3931972789115645,112.58544863829287,225.17089727658575,0.9435198248953454
octave_subharmonic_440_220,subharmonics,440 + 220,"{""frequencies_hz"": ""440,220""}",rubber_band,Rubber Band,local hybrid spectral/time-domain proxy,-12,61,1.4164172335600906,112.58270444546046,225.16540889092093,0.9434898856209234
octave_subharmonic_440_220,subharmonics,440 + 220,"{""frequencies_hz"": ""440,220""}",rubber_band,Rubber Band,local hybrid spectral/time-domain proxy,-12,62,1.4396371882086167,112.52885329750798,225.05770659501596,0.9435802503682448
octave_subharmonic_440_220,subharmonics,440 + 220,"{""frequencies_hz"": ""440,220""}",rubber_band,Rubber Band,local hybrid spectral/time-domain proxy,-12,63,1.4628571428571429,112.45686774825556,224.91373549651112,0.9440074704233403
octave_subharmonic_440_220,subharmonics,440 + 220,"{""frequencies_hz"": ""440,220""}",rubber_band,Rubber Band,local hybrid spectral/time-domain proxy,-12,64,1.486077097505669,112.37752270920504,224.75504541841008,0.9436583233963808
octave_subharmonic_440_220,subharmonics,440 + 220,"{""frequencies_hz"": ""440,220""}",rubber_band,Rubber Band,local hybrid spectral/time-domain proxy,-12,65,1.509297052154195,112.32731371361034,224.65462742722067,0.9448050646125701
octave_subharmonic_440_220,subharmonics,440 + 220,"{""frequencies_hz"": ""440,220""}",rubber_band,Rubber Band,local hybrid spectral/time-domain proxy,-12,66,1.5325170068027212,112.31708100440594,224.63416200881187,0.9456415472364995
octave_subharmonic_440_220,subharmonics,440 + 220,"{""frequencies_hz"": ""440,220""}",rubber_band,Rubber Band,local hybrid spectral/time-domain proxy,-12,67,1.555736961451247,112.32554149102148,224.65108298204296,0.944329147082629
octave_subharmonic_440_220,subharmonics,440 + 220,"{""frequencies_hz"": ""440,220""}",rubber_band,Rubber Band,local hybrid spectral/time-domain proxy,-12,68,1.5789569160997732,112.36809526810607,224.73619053621215,0.9439942190432692
octave_subharmonic_440_220,subharmonics,440 + 220,"{""frequencies_hz"": ""440,220""}",rubber_band,Rubber Band,local hybrid spectral/time-domain proxy,-12,69,1.6021768707482993,112.4362077108337,224.8724154216674,0.9443651180833644
octave_subharmonic_440_220,subharmonics,440 + 220,"{""frequencies_hz"": ""440,220""}",rubber_band,Rubber Band,local hybrid spectral/time-domain proxy,-12,70,1.6253968253968254,112.49098999452443,224.98197998904885,0.9438845378486129
octave_subharmonic_440_220,subharmonics,440 + 220,"{""frequencies_hz"": ""440,220""}",rubber_band,Rubber Band,local hybrid spectral/time-domain proxy,-12,71,1.6486167800453515,112.52267084997457,225.04534169994915,0.9441697753379363
octave_subharmonic_440_220,subharmonics,440 + 220,"{""frequencies_hz"": ""440,220""}",rubber_band,Rubber Band,local hybrid spectral/time-domain proxy,-12,72,1.6718367346938776,112.52166551433425,225.0433310286685,0.9435237441583609
octave_subharmonic_440_220,subharmonics,440 + 220,"{""frequencies_hz"": ""440,220""}",rubber_band,Rubber Band,local hybrid spectral/time-domain proxy,-12,73,1.6950566893424037,112.49742637642781,224.99485275285562,0.9422828205890774
octave_subharmonic_440_220,subharmonics,440 + 220,"{""frequencies_hz"": ""440,220""}",rubber_band,Rubber Band,local hybrid spectral/time-domain proxy,-12,74,1.7182766439909296,112.49024830908066,224.9804966181613,0.9435789647201361
octave_subharmonic_440_220,subharmonics,440 + 220,"{""frequencies_hz"": ""440,220""}",rubber_band,Rubber Band,local hybrid spectral/time-domain proxy,-12,75,1.7414965986394557,112.48610769985952,224.97221539971903,0.9444872768136283
octave_subharmonic_440_220,subharmonics,440 + 220,"{""frequencies_hz"": ""440,220""}",rubber_band,Rubber Band,local hybrid spectral/time-domain proxy,-12,76,1.7647165532879818,112.45908733666052,224.91817467332103,0.9440237093694362
octave_subharmonic_440_220,subharmonics,440 + 220,"{""frequencies_hz"": ""440,220""}",rubber_band,Rubber Band,local hybrid spectral/time-domain proxy,-12,77,1.787936507936508,112.42015197312938,224.84030394625876,0.9444591472563025
octave_subharmonic_440_220,subharmonics,440 + 220,"{""frequencies_hz"": ""440,220""}",rubber_band,Rubber Band,local hybrid spectral/time-domain proxy,-12,78,1.811156462585034,112.36763254644501,224.73526509289002,0.9449833576720512
octave_subharmonic_440_220,subharmonics,440 + 220,"{""frequencies_hz"": ""440,220""}",rubber_band,Rubber Band,local hybrid spectral/time-domain proxy,-12,79,1.8343764172335602,112.32411669929382,224.64823339858765,0.9496314608729857
octave_subharmonic_440_220,subharmonics,440 + 220,"{""frequencies_hz"": ""440,220""}",rubber_band,Rubber Band,local hybrid spectral/time-domain proxy,-12,80,1.8575963718820863,112.34252300817582,224.68504601635163,0.9592743638311054
octave_subharmonic_440_220,subharmonics,440 + 220,"{""frequencies_hz"": ""440,220""}",rubber_band,Rubber Band,local hybrid spectral/time-domain proxy,-12,81,1.8808163265306121,112.38389145019922,224.76778290039843,0.9624585195279152
octave_subharmonic_440_220,subharmonics,440 + 220,"{""frequencies_hz"": ""440,220""}",rubber_band,Rubber Band,local hybrid spectral/time-domain proxy,-12,82,1.9040362811791383,112.45782937484509,224.91565874969018,0.9573350240797375
octave_subharmonic_440_220,subharmonics,440 + 220,"{""frequencies_hz"": ""440,220""}",rubber_band,Rubber Band,local hybrid spectral/time-domain proxy,-12,83,1.9272562358276644,,,0.0849836471372016
octave_subharmonic_440_220,subharmonics,440 + 220,"{""frequencies_hz"": ""440,220""}",rubber_band,Rubber Band,local hybrid spectral/time-domain proxy,-12,84,1.9504761904761905,,,0.02355392402285737
octave_subharmonic_440_220,subharmonics,440 + 220,"{""frequencies_hz"": ""440,220""}",rubber_band,Rubber Band,local hybrid spectral/time-domain proxy,-12,85,1.9736961451247166,,,0.020519010551857803
octave_subharmonic_440_220,subharmonics,440 + 220,"{""frequencies_hz"": ""440,220""}",rubber_band,Rubber Band,local hybrid spectral/time-domain proxy,-12,86,1.9969160997732427,,,0.02008043445334481
octave_subharmonic_440_220,subharmonics,440 + 220,"{""frequencies_hz"": ""440,220""}",psola,PSOLA,local pitch-synchronous overlap-add,-12,0,0.0,220.38846795281287,440.77693590562575,0.9268199798862816
octave_subharmonic_440_220,subharmonics,440 + 220,"{""frequencies_hz"": ""440,220""}",psola,PSOLA,local pitch-synchronous overlap-add,-12,1,0.023219954648526078,220.3882205988411,440.7764411976822,0.9463884518329749
octave_subharmonic_440_220,subharmonics,440 + 220,"{""frequencies_hz"": ""440,220""}",psola,PSOLA,local pitch-synchronous overlap-add,-12,2,0.046439909297052155,220.38792379054362,440.77584758108725,0.9793146829938407
octave_subharmonic_440_220,subharmonics,440 + 220,"{""frequencies_hz"": ""440,220""}",psola,PSOLA,local pitch-synchronous overlap-add,-12,3,0.06965986394557823,220.3879777067858,440.7759554135716,0.99447552860839
octave_subharmonic_440_220,subharmonics,440 + 220,"{""frequencies_hz"": ""440,220""}",psola,PSOLA,local pitch-synchronous overlap-add,-12,4,0.09287981859410431,220.38809768823154,440.7761953764631,0.9959654928432877
octave_subharmonic_440_220,subharmonics,440 + 220,"{""frequencies_hz"": ""440,220""}",psola,PSOLA,local pitch-synchronous overlap-add,-12,5,0.11609977324263039,220.38810070792735,440.7762014158547,0.9959654871314435
octave_subharmonic_440_220,subharmonics,440 + 220,"{""frequencies_hz"": ""440,220""}",psola,PSOLA,local pitch-synchronous overlap-add,-12,6,0.13931972789115646,220.38810201083874,440.7762040216775,0.9959654264277017
octave_subharmonic_440_220,subharmonics,440 + 220,"{""frequencies_hz"": ""440,220""}",psola,PSOLA,local pitch-synchronous overlap-add,-12,7,0.16253968253968254,220.38810704918828,440.77621409837656,0.9959653628496843
octave_subharmonic_440_220,subharmonics,440 + 220,"{""frequencies_hz"": ""440,220""}",psola,PSOLA,local pitch-synchronous overlap-add,-12,8,0.18575963718820862,220.3881135074893,440.7762270149786,0.9959653139465922
octave_subharmonic_440_220,subharmonics,440 + 220,"{""frequencies_hz"": ""440,220""}",psola,PSOLA,local pitch-synchronous overlap-add,-12,9,0.2089795918367347,220.3881169073714,440.7762338147428,0.9959652887419109
octave_subharmonic_440_220,subharmonics,440 + 220,"{""frequencies_hz"": ""440,220""}",psola,PSOLA,local pitch-synchronous overlap-add,-12,10,0.23219954648526078,220.38812114247563,440.77624228495125,0.9959652908476683
octave_subharmonic_440_220,subharmonics,440 + 220,"{""frequencies_hz"": ""440,220""}",psola,PSOLA,local pitch-synchronous overlap-add,-12,11,0.25541950113378686,220.38812923692146,440.7762584738429,0.9959653103351971
octave_subharmonic_440_220,subharmonics,440 + 220,"{""frequencies_hz"": ""440,220""}",psola,PSOLA,local pitch-synchronous overlap-add,-12,12,0.2786394557823129,220.38813620753857,440.77627241507713,0.9959653240941637
octave_subharmonic_440_220,subharmonics,440 + 220,"{""frequencies_hz"": ""440,220""}",psola,PSOLA,local pitch-synchronous overlap-add,-12,13,0.301859410430839,220.38814082210916,440.77628164421833,0.9959652933328227
octave_subharmonic_440_220,subharmonics,440 + 220,"{""frequencies_hz"": ""440,220""}",psola,PSOLA,local pitch-synchronous overlap-add,-12,14,0.3250793650793651,220.3881487343714,440.7762974687428,0.9959652215006519
octave_subharmonic_440_220,subharmonics,440 + 220,"{""frequencies_hz"": ""440,220""}",psola,PSOLA,local pitch-synchronous overlap-add,-12,15,0.34829931972789113,220.38815895530124,440.7763179106025,0.9959651248622555
octave_subharmonic_440_220,subharmonics,440 + 220,"{""frequencies_hz"": ""440,220""}",psola,PSOLA,local pitch-synchronous overlap-add,-12,16,0.37151927437641724,220.38816629150855,440.7763325830171,0.9959650326785123
octave_subharmonic_440_220,subharmonics,440 + 220,"{""frequencies_hz"": ""440,220""}",psola,PSOLA,local pitch-synchronous overlap-add,-12,17,0.3947392290249433,220.38817350801628,440.77634701603256,0.9959649649893352
octave_subharmonic_440_220,subharmonics,440 + 220,"{""frequencies_hz"": ""440,220""}",psola,PSOLA,local pitch-synchronous overlap-add,-12,18,0.4179591836734694,220.3881846971677,440.7763693943354,0.9959649264362089
octave_subharmonic_440_220,subharmonics,440 + 220,"{""frequencies_hz"": ""440,220""}",psola,PSOLA,local pitch-synchronous overlap-add,-12,19,0.44117913832199546,220.38819555592423,440.77639111184845,0.9959649058232444
octave_subharmonic_440_220,subharmonics,440 + 220,"{""frequencies_hz"": ""440,220""}",psola,PSOLA,local pitch-synchronous overlap-add,-12,20,0.46439909297052157,220.38820358167737,440.77640716335475,0.99596489039926
octave_subharmonic_440_220,subharmonics,440 + 220,"{""frequencies_hz"": ""440,220""}",psola,PSOLA,local pitch-synchronous overlap-add,-12,21,0.4876190476190476,220.3882141238597,440.7764282477194,0.9959648565304231
octave_subharmonic_440_220,subharmonics,440 + 220,"{""frequencies_hz"": ""440,220""}",psola,PSOLA,local pitch-synchronous overlap-add,-12,22,0.5108390022675737,220.38822770276943,440.77645540553885,0.9959647729174117
octave_subharmonic_440_220,subharmonics,440 + 220,"{""frequencies_hz"": ""440,220""}",psola,PSOLA,local pitch-synchronous overlap-add,-12,23,0.5340589569160997,220.38823879789607,440.77647759579213,0.995964648212003
octave_subharmonic_440_220,subharmonics,440 + 220,"{""frequencies_hz"": ""440,220""}",psola,PSOLA,local pitch-synchronous overlap-add,-12,24,0.5572789115646258,220.38824890293273,440.77649780586546,0.9959645223383045
octave_subharmonic_440_220,subharmonics,440 + 220,"{""frequencies_hz"": ""440,220""}",psola,PSOLA,local pitch-synchronous overlap-add,-12,25,0.5804988662131519,220.3882628534112,440.7765257068224,0.9959644162105625
octave_subharmonic_440_220,subharmonics,440 + 220,"{""frequencies_hz"": ""440,220""}",psola,PSOLA,local pitch-synchronous overlap-add,-12,26,0.603718820861678,220.38827735491193,440.77655470982387,0.9959643323664505
octave_subharmonic_440_220,subharmonics,440 + 220,"{""frequencies_hz"": ""440,220""}",psola,PSOLA,local pitch-synchronous overlap-add,-12,27,0.626938775510204,220.38828874395662,440.77657748791324,0.9959642703163144
octave_subharmonic_440_220,subharmonics,440 + 220,"{""frequencies_hz"": ""440,220""}",psola,PSOLA,local pitch-synchronous overlap-add,-12,28,0.6501587301587302,220.3883016769919,440.7766033539838,0.9959642261983642
octave_subharmonic_440_220,subharmonics,440 + 220,"{""frequencies_hz"": ""440,220""}",psola,PSOLA,local pitch-synchronous overlap-add,-12,29,0.6733786848072563,220.3883181304608,440.7766362609216,0.9959641783677113
octave_subharmonic_440_220,subharmonics,440 + 220,"{""frequencies_hz"": ""440,220""}",psola,PSOLA,local pitch-synchronous overlap-add,-12,30,0.6965986394557823,220.38833262836144,440.7766652567229,0.9959640815139895
octave_subharmonic_440_220,subharmonics,440 + 220,"{""frequencies_hz"": ""440,220""}",psola,PSOLA,local pitch-synchronous overlap-add,-12,31,0.7198185941043084,220.38834537966127,440.77669075932255,0.9959639455504166
octave_subharmonic_440_220,subharmonics,440 + 220,"{""frequencies_hz"": ""440,220""}",psola,PSOLA,local pitch-synchronous overlap-add,-12,32,0.7430385487528345,220.3883616337709,440.7767232675418,0.9959637940672119
octave_subharmonic_440_220,subharmonics,440 + 220,"{""frequencies_hz"": ""440,220""}",psola,PSOLA,local pitch-synchronous overlap-add,-12,33,0.7662585034013606,220.3883792867709,440.7767585735418,0.995963648629547
octave_subharmonic_440_220,subharmonics,440 + 220,"{""frequencies_hz"": ""440,220""}",psola,PSOLA,local pitch-synchronous overlap-add,-12,34,0.7894784580498866,220.3883937401344,440.7767874802688,0.9959635227770091
octave_subharmonic_440_220,subharmonics,440 + 220,"{""frequencies_hz"": ""440,220""}",psola,PSOLA,local pitch-synchronous overlap-add,-12,35,0.8126984126984127,220.38840875822737,440.77681751645474,0.9959634272904365
octave_subharmonic_440_220,subharmonics,440 + 220,"{""frequencies_hz"": ""440,220""}",psola,PSOLA,local pitch-synchronous overlap-add,-12,36,0.8359183673469388,220.38842747569205,440.7768549513841,0.9959633508917809
octave_subharmonic_440_220,subharmonics,440 + 220,"{""frequencies_hz"": ""440,220""}",psola,PSOLA,local pitch-synchronous overlap-add,-12,37,0.8591383219954648,220.38844492452137,440.77688984904273,0.9959632741809535
octave_subharmonic_440_220,subharmonics,440 + 220,"{""frequencies_hz"": ""440,220""}",psola,PSOLA,local pitch-synchronous overlap-add,-12,38,0.8823582766439909,220.38845987372875,440.7769197474575,0.9959631769766591
octave_subharmonic_440_220,subharmonics,440 + 220,"{""frequencies_hz"": ""440,220""}",psola,PSOLA,local pitch-synchronous overlap-add,-12,39,0.905578231292517,220.38847771249334,440.7769554249867,0.9959630356630949
octave_subharmonic_440_220,subharmonics,440 + 220,"{""frequencies_hz"": ""440,220""}",psola,PSOLA,local pitch-synchronous overlap-add,-12,40,0.9287981859410431,220.3884977284025,440.776995456805,0.9959628544345209
octave_subharmonic_440_220,subharmonics,440 + 220,"{""frequencies_hz"": ""440,220""}",psola,PSOLA,local pitch-synchronous overlap-add,-12,41,0.9520181405895691,220.38851481711282,440.77702963422564,0.9959625751734147
octave_subharmonic_440_220,subharmonics,440 + 220,"{""frequencies_hz"": ""440,220""}",psola,PSOLA,local pitch-synchronous overlap-add,-12,42,0.9752380952380952,220.38853177957026,440.7770635591405,0.995962188994467
octave_subharmonic_440_220,subharmonics,440 + 220,"{""frequencies_hz"": ""440,220""}",psola,PSOLA,local pitch-synchronous overlap-add,-12,43,0.9984580498866213,220.38855265980678,440.77710531961355,0.9959619170777636
octave_subharmonic_440_220,subharmonics,440 + 220,"{""frequencies_hz"": ""440,220""}",psola,PSOLA,local pitch-synchronous overlap-add,-12,44,1.0216780045351475,220.3885730005285,440.777146001057,0.9959619342775359
octave_subharmonic_440_220,subharmonics,440 + 220,"{""frequencies_hz"": ""440,220""}",psola,PSOLA,local pitch-synchronous overlap-add,-12,45,1.0448979591836736,220.3885902936778,440.7771805873556,0.9959620907295667
octave_subharmonic_440_220,subharmonics,440 + 220,"{""frequencies_hz"": ""440,220""}",psola,PSOLA,local pitch-synchronous overlap-add,-12,46,1.0681179138321995,220.38860997418993,440.77721994837987,0.9959621380342076
octave_subharmonic_440_220,subharmonics,440 + 220,"{""frequencies_hz"": ""440,220""}",psola,PSOLA,local pitch-synchronous overlap-add,-12,47,1.0913378684807256,220.38863254003255,440.7772650800651,0.9959620334603031
octave_subharmonic_440_220,subharmonics,440 + 220,"{""frequencies_hz"": ""440,220""}",psola,PSOLA,local pitch-synchronous overlap-add,-12,48,1.1145578231292517,220.3886524200204,440.7773048400408,0.9959618755628882
octave_subharmonic_440_220,subharmonics,440 + 220,"{""frequencies_hz"": ""440,220""}",psola,PSOLA,local pitch-synchronous overlap-add,-12,49,1.1377777777777778,220.38867084000137,440.77734168000273,0.995961708949499
octave_subharmonic_440_220,subharmonics,440 + 220,"{""frequencies_hz"": ""440,220""}",psola,PSOLA,local pitch-synchronous overlap-add,-12,50,1.1609977324263039,220.3886926853929,440.7773853707858,0.9959615608851673
octave_subharmonic_440_220,subharmonics,440 + 220,"{""frequencies_hz"": ""440,220""}",psola,PSOLA,local pitch-synchronous overlap-add,-12,51,1.18421768707483,220.38871468099921,440.77742936199843,0.9959614321299683
octave_subharmonic_440_220,subharmonics,440 + 220,"{""frequencies_hz"": ""440,220""}",psola,PSOLA,local pitch-synchronous overlap-add,-12,52,1.207437641723356,220.38873313749565,440.7774662749913,0.9959613240030188
octave_subharmonic_440_220,subharmonics,440 + 220,"{""frequencies_hz"": ""440,220""}",psola,PSOLA,local pitch-synchronous overlap-add,-12,53,1.230657596371882,220.3887526210515,440.777505242103,0.9959612330977781
octave_subharmonic_440_220,subharmonics,440 + 220,"{""frequencies_hz"": ""440,220""}",psola,PSOLA,local pitch-synchronous overlap-add,-12,54,1.253877551020408,220.38877507935325,440.7775501587065,0.9959611473611877
octave_subharmonic_440_220,subharmonics,440 + 220,"{""frequencies_hz"": ""440,220""}",psola,PSOLA,local pitch-synchronous overlap-add,-12,55,1.2770975056689342,220.3887951917852,440.7775903835704,0.9959610396746889
octave_subharmonic_440_220,subharmonics,440 + 220,"{""frequencies_hz"": ""440,220""}",psola,PSOLA,local pitch-synchronous overlap-add,-12,56,1.3003174603174603,220.38881287179768,440.77762574359537,0.995960889788715
octave_subharmonic_440_220,subharmonics,440 + 220,"{""frequencies_hz"": ""440,220""}",psola,PSOLA,local pitch-synchronous overlap-add,-12,57,1.3235374149659864,220.38883351994406,440.7776670398881,0.9959607286369438
octave_subharmonic_440_220,subharmonics,440 + 220,"{""frequencies_hz"": ""440,220""}",psola,PSOLA,local pitch-synchronous overlap-add,-12,58,1.3467573696145125,220.38885498116906,440.7777099623381,0.9959605721681041
octave_subharmonic_440_220,subharmonics,440 + 220,"{""frequencies_hz"": ""440,220""}",psola,PSOLA,local pitch-synchronous overlap-add,-12,59,1.3699773242630386,220.38887263871567,440.77774527743134,0.9959604333641232
octave_subharmonic_440_220,subharmonics,440 + 220,"{""frequencies_hz"": ""440,220""}",psola,PSOLA,local pitch-synchronous overlap-add,-12,60,1.3931972789115645,220.38889024027864,440.7777804805573,0.9959603249304322
octave_subharmonic_440_220,subharmonics,440 + 220,"{""frequencies_hz"": ""440,220""}",psola,PSOLA,local pitch-synchronous overlap-add,-12,61,1.4164172335600906,220.38891087274752,440.77782174549503,0.9959602339840129
octave_subharmonic_440_220,subharmonics,440 + 220,"{""frequencies_hz"": ""440,220""}",psola,PSOLA,local pitch-synchronous overlap-add,-12,62,1.4396371882086167,220.38892955742998,440.77785911485995,0.995960142180748
octave_subharmonic_440_220,subharmonics,440 + 220,"{""frequencies_hz"": ""440,220""}",psola,PSOLA,local pitch-synchronous overlap-add,-12,63,1.4628571428571429,220.388945022797,440.777890045594,0.9959600471812564
octave_subharmonic_440_220,subharmonics,440 + 220,"{""frequencies_hz"": ""440,220""}",psola,PSOLA,local pitch-synchronous overlap-add,-12,64,1.486077097505669,220.3889626656668,440.7779253313336,0.995959927052571
octave_subharmonic_440_220,subharmonics,440 + 220,"{""frequencies_hz"": ""440,220""}",psola,PSOLA,local pitch-synchronous overlap-add,-12,65,1.509297052154195,220.38898173476596,440.7779634695319,0.9959597843003902
octave_subharmonic_440_220,subharmonics,440 + 220,"{""frequencies_hz"": ""440,220""}",psola,PSOLA,local pitch-synchronous overlap-add,-12,66,1.5325170068027212,220.38899694701183,440.77799389402367,0.9959596368768475
octave_subharmonic_440_220,subharmonics,440 + 220,"{""frequencies_hz"": ""440,220""}",psola,PSOLA,local pitch-synchronous overlap-add,-12,67,1.555736961451247,220.38901099034823,440.77802198069645,0.995959512855836
octave_subharmonic_440_220,subharmonics,440 + 220,"{""frequencies_hz"": ""440,220""}",psola,PSOLA,local pitch-synchronous overlap-add,-12,68,1.5789569160997732,220.3890279120862,440.7780558241724,0.9959594193380149
octave_subharmonic_440_220,subharmonics,440 + 220,"{""frequencies_hz"": ""440,220""}",psola,PSOLA,local pitch-synchronous overlap-add,-12,69,1.6021768707482993,220.38904344623666,440.7780868924733,0.9959593410134707
octave_subharmonic_440_220,subharmonics,440 + 220,"{""frequencies_hz"": ""440,220""}",psola,PSOLA,local pitch-synchronous overlap-add,-12,70,1.6253968253968254,220.38905503813876,440.7781100762775,0.9959592601737062
octave_subharmonic_440_220,subharmonics,440 + 220,"{""frequencies_hz"": ""440,220""}",psola,PSOLA,local pitch-synchronous overlap-add,-12,71,1.6486167800453515,220.3890679409824,440.7781358819648,0.9959591874730213
octave_subharmonic_440_220,subharmonics,440 + 220,"{""frequencies_hz"": ""440,220""}",psola,PSOLA,local pitch-synchronous overlap-add,-12,72,1.6718367346938776,220.38908267899333,440.77816535798667,0.9959591085639545
octave_subharmonic_440_220,subharmonics,440 + 220,"{""frequencies_hz"": ""440,220""}",psola,PSOLA,local pitch-synchronous overlap-add,-12,73,1.6950566893424037,220.38909367682857,440.77818735365713,0.9959589948847886
octave_subharmonic_440_220,subharmonics,440 + 220,"{""frequencies_hz"": ""440,220""}",psola,PSOLA,local pitch-synchronous overlap-add,-12,74,1.7182766439909296,220.38910253864896,440.7782050772979,0.9959588805671885
octave_subharmonic_440_220,subharmonics,440 + 220,"{""frequencies_hz"": ""440,220""}",psola,PSOLA,local pitch-synchronous overlap-add,-12,75,1.7414965986394557,220.38911399502732,440.77822799005463,0.9959587896449612
octave_subharmonic_440_220,subharmonics,440 + 220,"{""frequencies_hz"": ""440,220""}",psola,PSOLA,local pitch-synchronous overlap-add,-12,76,1.7647165532879818,220.38912464094938,440.77824928189875,0.9959587225836514
octave_subharmonic_440_220,subharmonics,440 + 220,"{""frequencies_hz"": ""440,220""}",psola,PSOLA,local pitch-synchronous overlap-add,-12,77,1.787936507936508,220.38913093556013,440.77826187112026,0.9959586727093176
octave_subharmonic_440_220,subharmonics,440 + 220,"{""frequencies_hz"": ""440,220""}",psola,PSOLA,local pitch-synchronous overlap-add,-12,78,1.811156462585034,220.38913759230218,440.77827518460435,0.9959586315678093
octave_subharmonic_440_220,subharmonics,440 + 220,"{""frequencies_hz"": ""440,220""}",psola,PSOLA,local pitch-synchronous overlap-add,-12,79,1.8343764172335602,220.3891463446616,440.7782926893232,0.9959585902158419
octave_subharmonic_440_220,subharmonics,440 + 220,"{""frequencies_hz"": ""440,220""}",psola,PSOLA,local pitch-synchronous overlap-add,-12,80,1.8575963718820863,220.38915178856846,440.7783035771369,0.9959585447521558
octave_subharmonic_440_220,subharmonics,440 + 220,"{""frequencies_hz"": ""440,220""}",psola,PSOLA,local pitch-synchronous overlap-add,-12,81,1.8808163265306121,220.389154188485,440.77830837697,0.9959584808032012
octave_subharmonic_440_220,subharmonics,440 + 220,"{""frequencies_hz"": ""440,220""}",psola,PSOLA,local pitch-synchronous overlap-add,-12,82,1.9040362811791383,220.3891588394174,440.7783176788348,0.9959584160393948
octave_subharmonic_440_220,subharmonics,440 + 220,"{""frequencies_hz"": ""440,220""}",psola,PSOLA,local pitch-synchronous overlap-add,-12,83,1.9272562358276644,220.38892043638972,440.77784087277945,0.9950698506339472
octave_subharmonic_440_220,subharmonics,440 + 220,"{""frequencies_hz"": ""440,220""}",psola,PSOLA,local pitch-synchronous overlap-add,-12,84,1.9504761904761905,220.3858519545742,440.7717039091484,0.9826127900395195
octave_subharmonic_440_220,subharmonics,440 + 220,"{""frequencies_hz"": ""440,220""}",psola,PSOLA,local pitch-synchronous overlap-add,-12,85,1.9736961451247166,220.3778577376571,440.7557154753142,0.951001533214949
octave_subharmonic_440_220,subharmonics,440 + 220,"{""frequencies_hz"": ""440,220""}",psola,PSOLA,local pitch-synchronous overlap-add,-12,86,1.9969160997732427,220.37153619951857,440.74307239903715,0.9272915754065303
octave_subharmonic_440_110,subharmonics,440 + 110,"{""frequencies_hz"": ""440,110""}",phase_vocoder,Phase Vocoder,local phase vocoder,-12,0,0.0,,,0.7107608020270847
octave_subharmonic_440_110,subharmonics,440 + 110,"{""frequencies_hz"": ""440,110""}",phase_vocoder,Phase Vocoder,local phase vocoder,-12,1,0.023219954648526078,54.69815081775822,109.39630163551644,0.7672829017179637
octave_subharmonic_440_110,subharmonics,440 + 110,"{""frequencies_hz"": ""440,110""}",phase_vocoder,Phase Vocoder,local phase vocoder,-12,2,0.046439909297052155,54.883754209313174,109.76750841862635,0.8843710494562491
octave_subharmonic_440_110,subharmonics,440 + 110,"{""frequencies_hz"": ""440,110""}",phase_vocoder,Phase Vocoder,local phase vocoder,-12,3,0.06965986394557823,54.94339397823927,109.88678795647854,0.9279542280630767
octave_subharmonic_440_110,subharmonics,440 + 110,"{""frequencies_hz"": ""440,110""}",phase_vocoder,Phase Vocoder,local phase vocoder,-12,4,0.09287981859410431,54.938839424193645,109.87767884838729,0.9319895568673724
octave_subharmonic_440_110,subharmonics,440 + 110,"{""frequencies_hz"": ""440,110""}",phase_vocoder,Phase Vocoder,local phase vocoder,-12,5,0.11609977324263039,54.93438430198192,109.86876860396384,0.9348052423758156
octave_subharmonic_440_110,subharmonics,440 + 110,"{""frequencies_hz"": ""440,110""}",phase_vocoder,Phase Vocoder,local phase vocoder,-12,6,0.13931972789115646,54.93417702883581,109.86835405767162,0.9364341956793683
octave_subharmonic_440_110,subharmonics,440 + 110,"{""frequencies_hz"": ""440,110""}",phase_vocoder,Phase Vocoder,local phase vocoder,-12,7,0.16253968253968254,54.934301213619,109.868602427238,0.9367539705456958
octave_subharmonic_440_110,subharmonics,440 + 110,"{""frequencies_hz"": ""440,110""}",phase_vocoder,Phase Vocoder,local phase vocoder,-12,8,0.18575963718820862,54.934307252491166,109.86861450498233,0.9367593107993992
octave_subharmonic_440_110,subharmonics,440 + 110,"{""frequencies_hz"": ""440,110""}",phase_vocoder,Phase Vocoder,local phase vocoder,-12,9,0.2089795918367347,54.9342997919566,109.8685995839132,0.9367610546522165
octave_subharmonic_440_110,subharmonics,440 + 110,"{""frequencies_hz"": ""440,110""}",phase_vocoder,Phase Vocoder,local phase vocoder,-12,10,0.23219954648526078,54.934310717466765,109.86862143493353,0.9367585542230356
octave_subharmonic_440_110,subharmonics,440 + 110,"{""frequencies_hz"": ""440,110""}",phase_vocoder,Phase Vocoder,local phase vocoder,-12,11,0.25541950113378686,54.93430272602451,109.86860545204902,0.9367617165645616
octave_subharmonic_440_110,subharmonics,440 + 110,"{""frequencies_hz"": ""440,110""}",phase_vocoder,Phase Vocoder,local phase vocoder,-12,12,0.2786394557823129,54.93430641103664,109.86861282207327,0.9367615503232453
octave_subharmonic_440_110,subharmonics,440 + 110,"{""frequencies_hz"": ""440,110""}",phase_vocoder,Phase Vocoder,local phase vocoder,-12,13,0.301859410430839,54.934305562774846,109.86861112554969,0.9367617716387775
octave_subharmonic_440_110,subharmonics,440 + 110,"{""frequencies_hz"": ""440,110""}",phase_vocoder,Phase Vocoder,local phase vocoder,-12,14,0.3250793650793651,54.93430009841163,109.86860019682327,0.9367610269590537
octave_subharmonic_440_110,subharmonics,440 + 110,"{""frequencies_hz"": ""440,110""}",phase_vocoder,Phase Vocoder,local phase vocoder,-12,15,0.34829931972789113,54.934307039760036,109.86861407952007,0.9367585748099058
octave_subharmonic_440_110,subharmonics,440 + 110,"{""frequencies_hz"": ""440,110""}",phase_vocoder,Phase Vocoder,local phase vocoder,-12,16,0.37151927437641724,54.934303146962804,109.86860629392561,0.9367613956128447
octave_subharmonic_440_110,subharmonics,440 + 110,"{""frequencies_hz"": ""440,110""}",phase_vocoder,Phase Vocoder,local phase vocoder,-12,17,0.3947392290249433,54.9343086246175,109.868617249235,0.9367597560271729
octave_subharmonic_440_110,subharmonics,440 + 110,"{""frequencies_hz"": ""440,110""}",phase_vocoder,Phase Vocoder,local phase vocoder,-12,18,0.4179591836734694,54.93430693939389,109.86861387878778,0.9367637378818238
octave_subharmonic_440_110,subharmonics,440 + 110,"{""frequencies_hz"": ""440,110""}",phase_vocoder,Phase Vocoder,local phase vocoder,-12,19,0.44117913832199546,54.93430507674076,109.86861015348153,0.9367596784783884
octave_subharmonic_440_110,subharmonics,440 + 110,"{""frequencies_hz"": ""440,110""}",phase_vocoder,Phase Vocoder,local phase vocoder,-12,20,0.46439909297052157,54.93430237163163,109.86860474326326,0.936761517391046
octave_subharmonic_440_110,subharmonics,440 + 110,"{""frequencies_hz"": ""440,110""}",phase_vocoder,Phase Vocoder,local phase vocoder,-12,21,0.4876190476190476,54.934305257278524,109.86861051455705,0.9367587064841147
octave_subharmonic_440_110,subharmonics,440 + 110,"{""frequencies_hz"": ""440,110""}",phase_vocoder,Phase Vocoder,local phase vocoder,-12,22,0.5108390022675737,54.934299403253235,109.86859880650647,0.9367606532234469
octave_subharmonic_440_110,subharmonics,440 + 110,"{""frequencies_hz"": ""440,110""}",phase_vocoder,Phase Vocoder,local phase vocoder,-12,23,0.5340589569160997,54.93430436658386,109.86860873316772,0.936761937130463
octave_subharmonic_440_110,subharmonics,440 + 110,"{""frequencies_hz"": ""440,110""}",phase_vocoder,Phase Vocoder,local phase vocoder,-12,24,0.5572789115646258,54.93430511405269,109.86861022810538,0.9367613124657187
octave_subharmonic_440_110,subharmonics,440 + 110,"{""frequencies_hz"": ""440,110""}",phase_vocoder,Phase Vocoder,local phase vocoder,-12,25,0.5804988662131519,54.93430341258901,109.86860682517802,0.9367620597036923
octave_subharmonic_440_110,subharmonics,440 + 110,"{""frequencies_hz"": ""440,110""}",phase_vocoder,Phase Vocoder,local phase vocoder,-12,26,0.603718820861678,54.93431205544973,109.86862411089946,0.9367586392312178
octave_subharmonic_440_110,subharmonics,440 + 110,"{""frequencies_hz"": ""440,110""}",phase_vocoder,Phase Vocoder,local phase vocoder,-12,27,0.626938775510204,54.934299308345885,109.86859861669177,0.936761170391978
octave_subharmonic_440_110,subharmonics,440 + 110,"{""frequencies_hz"": ""440,110""}",phase_vocoder,Phase Vocoder,local phase vocoder,-12,28,0.6501587301587302,54.93430773990804,109.86861547981609,0.9367591359130651
octave_subharmonic_440_110,subharmonics,440 + 110,"{""frequencies_hz"": ""440,110""}",phase_vocoder,Phase Vocoder,local phase vocoder,-12,29,0.6733786848072563,54.934303607289124,109.86860721457825,0.9367634899374008
octave_subharmonic_440_110,subharmonics,440 + 110,"{""frequencies_hz"": ""440,110""}",phase_vocoder,Phase Vocoder,local phase vocoder,-12,30,0.6965986394557823,54.93430437063862,109.86860874127724,0.9367604592009168
octave_subharmonic_440_110,subharmonics,440 + 110,"{""frequencies_hz"": ""440,110""}",phase_vocoder,Phase Vocoder,local phase vocoder,-12,31,0.7198185941043084,54.9343054333127,109.8686108666254,0.9367614725139713
octave_subharmonic_440_110,subharmonics,440 + 110,"{""frequencies_hz"": ""440,110""}",phase_vocoder,Phase Vocoder,local phase vocoder,-12,32,0.7430385487528345,54.93430531597674,109.86861063195347,0.9367590523760017
octave_subharmonic_440_110,subharmonics,440 + 110,"{""frequencies_hz"": ""440,110""}",phase_vocoder,Phase Vocoder,local phase vocoder,-12,33,0.7662585034013606,54.934302931704856,109.86860586340971,0.9367597104156287
octave_subharmonic_440_110,subharmonics,440 + 110,"{""frequencies_hz"": ""440,110""}",phase_vocoder,Phase Vocoder,local phase vocoder,-12,34,0.7894784580498866,54.934305496901615,109.86861099380323,0.9367620985292548
octave_subharmonic_440_110,subharmonics,440 + 110,"{""frequencies_hz"": ""440,110""}",phase_vocoder,Phase Vocoder,local phase vocoder,-12,35,0.8126984126984127,54.93430401362691,109.86860802725381,0.9367609173635475
octave_subharmonic_440_110,subharmonics,440 + 110,"{""frequencies_hz"": ""440,110""}",phase_vocoder,Phase Vocoder,local phase vocoder,-12,36,0.8359183673469388,54.9343048477204,109.8686096954408,0.9367629466571845
octave_subharmonic_440_110,subharmonics,440 + 110,"{""frequencies_hz"": ""440,110""}",phase_vocoder,Phase Vocoder,local phase vocoder,-12,37,0.8591383219954648,54.93431214654248,109.86862429308496,0.9367585453182494
octave_subharmonic_440_110,subharmonics,440 + 110,"{""frequencies_hz"": ""440,110""}",phase_vocoder,Phase Vocoder,local phase vocoder,-12,38,0.8823582766439909,54.934302180183266,109.86860436036653,0.9367610064319435
octave_subharmonic_440_110,subharmonics,440 + 110,"{""frequencies_hz"": ""440,110""}",phase_vocoder,Phase Vocoder,local phase vocoder,-12,39,0.905578231292517,54.93430792311812,109.86861584623624,0.9367587711383851
octave_subharmonic_440_110,subharmonics,440 + 110,"{""frequencies_hz"": ""440,110""}",phase_vocoder,Phase Vocoder,local phase vocoder,-12,40,0.9287981859410431,54.93429828700988,109.86859657401976,0.9367628575877398
octave_subharmonic_440_110,subharmonics,440 + 110,"{""frequencies_hz"": ""440,110""}",phase_vocoder,Phase Vocoder,local phase vocoder,-12,41,0.9520181405895691,54.93430059854928,109.86860119709856,0.9367611735875149
octave_subharmonic_440_110,subharmonics,440 + 110,"{""frequencies_hz"": ""440,110""}",phase_vocoder,Phase Vocoder,local phase vocoder,-12,42,0.9752380952380952,54.93430650113318,109.86861300226636,0.9367615078691693
octave_subharmonic_440_110,subharmonics,440 + 110,"{""frequencies_hz"": ""440,110""}",phase_vocoder,Phase Vocoder,local phase vocoder,-12,43,0.9984580498866213,54.934305810208215,109.86861162041643,0.9367600370861942
octave_subharmonic_440_110,subharmonics,440 + 110,"{""frequencies_hz"": ""440,110""}",phase_vocoder,Phase Vocoder,local phase vocoder,-12,44,1.0216780045351475,54.93431033297423,109.86862066594846,0.9367590384197135
octave_subharmonic_440_110,subharmonics,440 + 110,"{""frequencies_hz"": ""440,110""}",phase_vocoder,Phase Vocoder,local phase vocoder,-12,45,1.0448979591836736,54.934303664194196,109.86860732838839,0.936761754201238
octave_subharmonic_440_110,subharmonics,440 + 110,"{""frequencies_hz"": ""440,110""}",phase_vocoder,Phase Vocoder,local phase vocoder,-12,46,1.0681179138321995,54.934303167351274,109.86860633470255,0.9367603277065882
octave_subharmonic_440_110,subharmonics,440 + 110,"{""frequencies_hz"": ""440,110""}",phase_vocoder,Phase Vocoder,local phase vocoder,-12,47,1.0913378684807256,54.93430320591179,109.86860641182358,0.9367636645491805
octave_subharmonic_440_110,subharmonics,440 + 110,"{""frequencies_hz"": ""440,110""}",phase_vocoder,Phase Vocoder,local phase vocoder,-12,48,1.1145578231292517,54.93430732796146,109.86861465592293,0.9367589484053293
octave_subharmonic_440_110,subharmonics,440 + 110,"{""frequencies_hz"": ""440,110""}",phase_vocoder,Phase Vocoder,local phase vocoder,-12,49,1.1377777777777778,54.93430225501231,109.86860451002462,0.9367610160124743
octave_subharmonic_440_110,subharmonics,440 + 110,"{""frequencies_hz"": ""440,110""}",phase_vocoder,Phase Vocoder,local phase vocoder,-12,50,1.1609977324263039,54.934310653823886,109.86862130764777,0.9367586420932045
octave_subharmonic_440_110,subharmonics,440 + 110,"{""frequencies_hz"": ""440,110""}",phase_vocoder,Phase Vocoder,local phase vocoder,-12,51,1.18421768707483,54.93429993381732,109.86859986763464,0.9367616079981683
octave_subharmonic_440_110,subharmonics,440 + 110,"{""frequencies_hz"": ""440,110""}",phase_vocoder,Phase Vocoder,local phase vocoder,-12,52,1.207437641723356,54.93430270840416,109.86860541680832,0.9367617712771246
octave_subharmonic_440_110,subharmonics,440 + 110,"{""frequencies_hz"": ""440,110""}",phase_vocoder,Phase Vocoder,local phase vocoder,-12,53,1.230657596371882,54.93430331725311,109.86860663450622,0.9367616209955533
octave_subharmonic_440_110,subharmonics,440 + 110,"{""frequencies_hz"": ""440,110""}",phase_vocoder,Phase Vocoder,local phase vocoder,-12,54,1.253877551020408,54.934303072773055,109.86860614554611,0.9367610141429928
octave_subharmonic_440_110,subharmonics,440 + 110,"{""frequencies_hz"": ""440,110""}",phase_vocoder,Phase Vocoder,local phase vocoder,-12,55,1.2770975056689342,54.934315440286376,109.86863088057275,0.9367584396764606
octave_subharmonic_440_110,subharmonics,440 + 110,"{""frequencies_hz"": ""440,110""}",phase_vocoder,Phase Vocoder,local phase vocoder,-12,56,1.3003174603174603,54.93430637035179,109.86861274070358,0.9367614067068755
octave_subharmonic_440_110,subharmonics,440 + 110,"{""frequencies_hz"": ""440,110""}",phase_vocoder,Phase Vocoder,local phase vocoder,-12,57,1.3235374149659864,54.93430343999709,109.86860687999418,0.9367594956268367
octave_subharmonic_440_110,subharmonics,440 + 110,"{""frequencies_hz"": ""440,110""}",phase_vocoder,Phase Vocoder,local phase vocoder,-12,58,1.3467573696145125,54.934298003472435,109.86859600694487,0.9367636771345393
octave_subharmonic_440_110,subharmonics,440 + 110,"{""frequencies_hz"": ""440,110""}",phase_vocoder,Phase Vocoder,local phase vocoder,-12,59,1.3699773242630386,54.93429986126125,109.8685997225225,0.9367598406631316
octave_subharmonic_440_110,subharmonics,440 + 110,"{""frequencies_hz"": ""440,110""}",phase_vocoder,Phase Vocoder,local phase vocoder,-12,60,1.3931972789115645,54.93430439536077,109.86860879072154,0.9367614552033929
octave_subharmonic_440_110,subharmonics,440 + 110,"{""frequencies_hz"": ""440,110""}",phase_vocoder,Phase Vocoder,local phase vocoder,-12,61,1.4164172335600906,54.934311906505506,109.86862381301101,0.9367589185353266
octave_subharmonic_440_110,subharmonics,440 + 110,"{""frequencies_hz"": ""440,110""}",phase_vocoder,Phase Vocoder,local phase vocoder,-12,62,1.4396371882086167,54.93430508309216,109.86861016618433,0.9367604688561247
octave_subharmonic_440_110,subharmonics,440 + 110,"{""frequencies_hz"": ""440,110""}",phase_vocoder,Phase Vocoder,local phase vocoder,-12,63,1.4628571428571429,54.934304881519004,109.86860976303801,0.9367619306330758
octave_subharmonic_440_110,subharmonics,440 + 110,"{""frequencies_hz"": ""440,110""}",phase_vocoder,Phase Vocoder,local phase vocoder,-12,64,1.486077097505669,54.934302655416644,109.86860531083329,0.9367612500458161
octave_subharmonic_440_110,subharmonics,440 + 110,"{""frequencies_hz"": ""440,110""}",phase_vocoder,Phase Vocoder,local phase vocoder,-12,65,1.509297052154195,54.93430117120936,109.86860234241873,0.9367621392324289
octave_subharmonic_440_110,subharmonics,440 + 110,"{""frequencies_hz"": ""440,110""}",phase_vocoder,Phase Vocoder,local phase vocoder,-12,66,1.5325170068027212,54.93431239433629,109.86862478867258,0.9367584230149235
octave_subharmonic_440_110,subharmonics,440 + 110,"{""frequencies_hz"": ""440,110""}",phase_vocoder,Phase Vocoder,local phase vocoder,-12,67,1.555736961451247,54.93430234270459,109.86860468540918,0.9367610557661485
octave_subharmonic_440_110,subharmonics,440 + 110,"{""frequencies_hz"": ""440,110""}",phase_vocoder,Phase Vocoder,local phase vocoder,-12,68,1.5789569160997732,54.934308892108305,109.86861778421661,0.9367589340544931
octave_subharmonic_440_110,subharmonics,440 + 110,"{""frequencies_hz"": ""440,110""}",phase_vocoder,Phase Vocoder,local phase vocoder,-12,69,1.6021768707482993,54.934301194778286,109.86860238955657,0.9367633234332258
octave_subharmonic_440_110,subharmonics,440 + 110,"{""frequencies_hz"": ""440,110""}",phase_vocoder,Phase Vocoder,local phase vocoder,-12,70,1.6253968253968254,54.93430105378944,109.86860210757888,0.9367607335420393
octave_subharmonic_440_110,subharmonics,440 + 110,"{""frequencies_hz"": ""440,110""}",phase_vocoder,Phase Vocoder,local phase vocoder,-12,71,1.6486167800453515,54.934303932996954,109.86860786599391,0.936761595191523
octave_subharmonic_440_110,subharmonics,440 + 110,"{""frequencies_hz"": ""440,110""}",phase_vocoder,Phase Vocoder,local phase vocoder,-12,72,1.6718367346938776,54.93430729972996,109.86861459945992,0.9367593020113794
octave_subharmonic_440_110,subharmonics,440 + 110,"{""frequencies_hz"": ""440,110""}",phase_vocoder,Phase Vocoder,local phase vocoder,-12,73,1.6950566893424037,54.93431049505727,109.86862099011454,0.9367595200214802
octave_subharmonic_440_110,subharmonics,440 + 110,"{""frequencies_hz"": ""440,110""}",phase_vocoder,Phase Vocoder,local phase vocoder,-12,74,1.7182766439909296,54.9343099019821,109.8686198039642,0.9367618170405951
octave_subharmonic_440_110,subharmonics,440 + 110,"{""frequencies_hz"": ""440,110""}",phase_vocoder,Phase Vocoder,local phase vocoder,-12,75,1.7414965986394557,54.9343018231679,109.8686036463358,0.9367604890739436
octave_subharmonic_440_110,subharmonics,440 + 110,"{""frequencies_hz"": ""440,110""}",phase_vocoder,Phase Vocoder,local phase vocoder,-12,76,1.7647165532879818,54.9342983235241,109.8685966470482,0.9367631333723433
octave_subharmonic_440_110,subharmonics,440 + 110,"{""frequencies_hz"": ""440,110""}",phase_vocoder,Phase Vocoder,local phase vocoder,-12,77,1.787936507936508,54.93430504814837,109.86861009629673,0.9367592120547898
octave_subharmonic_440_110,subharmonics,440 + 110,"{""frequencies_hz"": ""440,110""}",phase_vocoder,Phase Vocoder,local phase vocoder,-12,78,1.811156462585034,54.93423976299373,109.86847952598745,0.9367958754389797
octave_subharmonic_440_110,subharmonics,440 + 110,"{""frequencies_hz"": ""440,110""}",phase_vocoder,Phase Vocoder,local phase vocoder,-12,79,1.8343764172335602,54.933714040811154,109.86742808162231,0.9370227143426257
octave_subharmonic_440_110,subharmonics,440 + 110,"{""frequencies_hz"": ""440,110""}",phase_vocoder,Phase Vocoder,local phase vocoder,-12,80,1.8575963718820863,54.93384410455766,109.86768820911531,0.9371904027960406
octave_subharmonic_440_110,subharmonics,440 + 110,"{""frequencies_hz"": ""440,110""}",phase_vocoder,Phase Vocoder,local phase vocoder,-12,81,1.8808163265306121,54.94025937784351,109.88051875568702,0.9360240566500395
octave_subharmonic_440_110,subharmonics,440 + 110,"{""frequencies_hz"": ""440,110""}",phase_vocoder,Phase Vocoder,local phase vocoder,-12,82,1.9040362811791383,54.943628114938846,109.88725622987769,0.9303105579452424
octave_subharmonic_440_110,subharmonics,440 + 110,"{""frequencies_hz"": ""440,110""}",phase_vocoder,Phase Vocoder,local phase vocoder,-12,83,1.9272562358276644,54.89366441007143,109.78732882014286,0.9129755655975453
octave_subharmonic_440_110,subharmonics,440 + 110,"{""frequencies_hz"": ""440,110""}",phase_vocoder,Phase Vocoder,local phase vocoder,-12,84,1.9504761904761905,54.68717171815684,109.37434343631368,0.8571042743837219
octave_subharmonic_440_110,subharmonics,440 + 110,"{""frequencies_hz"": ""440,110""}",phase_vocoder,Phase Vocoder,local phase vocoder,-12,85,1.9736961451247166,54.15841805876385,108.3168361175277,0.7172955850104188
octave_subharmonic_440_110,subharmonics,440 + 110,"{""frequencies_hz"": ""440,110""}",phase_vocoder,Phase Vocoder,local phase vocoder,-12,86,1.9969160997732427,71.21399419148025,142.4279883829605,0.7030291871316287
octave_subharmonic_440_110,subharmonics,440 + 110,"{""frequencies_hz"": ""440,110""}",wsola,WSOLA,local waveform-similarity overlap-add,-12,0,0.0,680.4700687628172,1360.9401375256343,0.31024769730218155
octave_subharmonic_440_110,subharmonics,440 + 110,"{""frequencies_hz"": ""440,110""}",wsola,WSOLA,local waveform-similarity overlap-add,-12,1,0.023219954648526078,680.4594676425234,1360.9189352850467,0.3110172517084855
octave_subharmonic_440_110,subharmonics,440 + 110,"{""frequencies_hz"": ""440,110""}",wsola,WSOLA,local waveform-similarity overlap-add,-12,2,0.046439909297052155,680.4064715137209,1360.8129430274419,0.316383917205135
octave_subharmonic_440_110,subharmonics,440 + 110,"{""frequencies_hz"": ""440,110""}",wsola,WSOLA,local waveform-similarity overlap-add,-12,3,0.06965986394557823,680.0390419500131,1360.0780839000263,0.39275966056880357
octave_subharmonic_440_110,subharmonics,440 + 110,"{""frequencies_hz"": ""440,110""}",wsola,WSOLA,local waveform-similarity overlap-add,-12,4,0.09287981859410431,,,0.9992846831364529
octave_subharmonic_440_110,subharmonics,440 + 110,"{""frequencies_hz"": ""440,110""}",wsola,WSOLA,local waveform-similarity overlap-add,-12,5,0.11609977324263039,55.72132381131833,111.44264762263666,0.8249124495201862
octave_subharmonic_440_110,subharmonics,440 + 110,"{""frequencies_hz"": ""440,110""}",wsola,WSOLA,local waveform-similarity overlap-add,-12,6,0.13931972789115646,55.8173450824782,111.6346901649564,0.8382116354046002
octave_subharmonic_440_110,subharmonics,440 + 110,"{""frequencies_hz"": ""440,110""}",wsola,WSOLA,local waveform-similarity overlap-add,-12,7,0.16253968253968254,55.83840622400013,111.67681244800026,0.8555114135500238
octave_subharmonic_440_110,subharmonics,440 + 110,"{""frequencies_hz"": ""440,110""}",wsola,WSOLA,local waveform-similarity overlap-add,-12,8,0.18575963718820862,55.857793333159876,111.71558666631975,0.8739109140071333
octave_subharmonic_440_110,subharmonics,440 + 110,"{""frequencies_hz"": ""440,110""}",wsola,WSOLA,local waveform-similarity overlap-add,-12,9,0.2089795918367347,55.913332222935296,111.82666444587059,0.8851340345227134
octave_subharmonic_440_110,subharmonics,440 + 110,"{""frequencies_hz"": ""440,110""}",wsola,WSOLA,local waveform-similarity overlap-add,-12,10,0.23219954648526078,55.97449564721428,111.94899129442857,0.8906740994844825
octave_subharmonic_440_110,subharmonics,440 + 110,"{""frequencies_hz"": ""440,110""}",wsola,WSOLA,local waveform-similarity overlap-add,-12,11,0.25541950113378686,56.01321764469305,112.0264352893861,0.8940589026037473
octave_subharmonic_440_110,subharmonics,440 + 110,"{""frequencies_hz"": ""440,110""}",wsola,WSOLA,local waveform-similarity overlap-add,-12,12,0.2786394557823129,56.019377328949204,112.03875465789841,0.8949829056279445
octave_subharmonic_440_110,subharmonics,440 + 110,"{""frequencies_hz"": ""440,110""}",wsola,WSOLA,local waveform-similarity overlap-add,-12,13,0.301859410430839,56.005266522435086,112.01053304487017,0.8945627309173971
octave_subharmonic_440_110,subharmonics,440 + 110,"{""frequencies_hz"": ""440,110""}",wsola,WSOLA,local waveform-similarity overlap-add,-12,14,0.3250793650793651,55.99686951352615,111.9937390270523,0.8951055996484455
octave_subharmonic_440_110,subharmonics,440 + 110,"{""frequencies_hz"": ""440,110""}",wsola,WSOLA,local waveform-similarity overlap-add,-12,15,0.34829931972789113,56.003800678226405,112.00760135645281,0.8950833298098935
octave_subharmonic_440_110,subharmonics,440 + 110,"{""frequencies_hz"": ""440,110""}",wsola,WSOLA,local waveform-similarity overlap-add,-12,16,0.37151927437641724,56.013512876359506,112.02702575271901,0.8944372507608142
octave_subharmonic_440_110,subharmonics,440 + 110,"{""frequencies_hz"": ""440,110""}",wsola,WSOLA,local waveform-similarity overlap-add,-12,17,0.3947392290249433,56.01012069023266,112.02024138046532,0.8947561797633642
octave_subharmonic_440_110,subharmonics,440 + 110,"{""frequencies_hz"": ""440,110""}",wsola,WSOLA,local waveform-similarity overlap-add,-12,18,0.4179591836734694,55.994705038703955,111.98941007740791,0.8951168054790141
octave_subharmonic_440_110,subharmonics,440 + 110,"{""frequencies_hz"": ""440,110""}",wsola,WSOLA,local waveform-similarity overlap-add,-12,19,0.44117913832199546,55.98813250738077,111.97626501476154,0.8990206367881329
octave_subharmonic_440_110,subharmonics,440 + 110,"{""frequencies_hz"": ""440,110""}",wsola,WSOLA,local waveform-similarity overlap-add,-12,20,0.46439909297052157,56.00103215993938,112.00206431987876,0.9081346815871902
octave_subharmonic_440_110,subharmonics,440 + 110,"{""frequencies_hz"": ""440,110""}",wsola,WSOLA,local waveform-similarity overlap-add,-12,21,0.4876190476190476,56.00853225320685,112.0170645064137,0.9117034347511769
octave_subharmonic_440_110,subharmonics,440 + 110,"{""frequencies_hz"": ""440,110""}",wsola,WSOLA,local waveform-similarity overlap-add,-12,22,0.5108390022675737,56.00193742931014,112.00387485862028,0.9054502108247152
octave_subharmonic_440_110,subharmonics,440 + 110,"{""frequencies_hz"": ""440,110""}",wsola,WSOLA,local waveform-similarity overlap-add,-12,23,0.5340589569160997,56.01177986255861,112.02355972511722,0.9023984591571533
octave_subharmonic_440_110,subharmonics,440 + 110,"{""frequencies_hz"": ""440,110""}",wsola,WSOLA,local waveform-similarity overlap-add,-12,24,0.5572789115646258,56.03241340209336,112.06482680418672,0.9087620722742088
octave_subharmonic_440_110,subharmonics,440 + 110,"{""frequencies_hz"": ""440,110""}",wsola,WSOLA,local waveform-similarity overlap-add,-12,25,0.5804988662131519,56.022578902118376,112.04515780423675,0.9107598213449718
octave_subharmonic_440_110,subharmonics,440 + 110,"{""frequencies_hz"": ""440,110""}",wsola,WSOLA,local waveform-similarity overlap-add,-12,26,0.603718820861678,55.99791564780448,111.99583129560897,0.9029370533556277
octave_subharmonic_440_110,subharmonics,440 + 110,"{""frequencies_hz"": ""440,110""}",wsola,WSOLA,local waveform-similarity overlap-add,-12,27,0.626938775510204,56.006492558991226,112.01298511798245,0.8955364275900912
octave_subharmonic_440_110,subharmonics,440 + 110,"{""frequencies_hz"": ""440,110""}",wsola,WSOLA,local waveform-similarity overlap-add,-12,28,0.6501587301587302,56.02672409955919,112.05344819911838,0.8939274737177664
octave_subharmonic_440_110,subharmonics,440 + 110,"{""frequencies_hz"": ""440,110""}",wsola,WSOLA,local waveform-similarity overlap-add,-12,29,0.6733786848072563,56.02146630731484,112.04293261462968,0.8936601956986914
octave_subharmonic_440_110,subharmonics,440 + 110,"{""frequencies_hz"": ""440,110""}",wsola,WSOLA,local waveform-similarity overlap-add,-12,30,0.6965986394557823,56.01214022364097,112.02428044728194,0.8938834350912942
octave_subharmonic_440_110,subharmonics,440 + 110,"{""frequencies_hz"": ""440,110""}",wsola,WSOLA,local waveform-similarity overlap-add,-12,31,0.7198185941043084,56.01034237069997,112.02068474139995,0.8943490357363214
octave_subharmonic_440_110,subharmonics,440 + 110,"{""frequencies_hz"": ""440,110""}",wsola,WSOLA,local waveform-similarity overlap-add,-12,32,0.7430385487528345,55.99542377377551,111.99084754755101,0.8940036818595243
octave_subharmonic_440_110,subharmonics,440 + 110,"{""frequencies_hz"": ""440,110""}",wsola,WSOLA,local waveform-similarity overlap-add,-12,33,0.7662585034013606,55.979154327678515,111.95830865535703,0.8943792510231127
octave_subharmonic_440_110,subharmonics,440 + 110,"{""frequencies_hz"": ""440,110""}",wsola,WSOLA,local waveform-similarity overlap-add,-12,34,0.7894784580498866,55.98193194588933,111.96386389177866,0.8948617812546937
octave_subharmonic_440_110,subharmonics,440 + 110,"{""frequencies_hz"": ""440,110""}",wsola,WSOLA,local waveform-similarity overlap-add,-12,35,0.8126984126984127,55.98824591196128,111.97649182392256,0.8943614468558927
octave_subharmonic_440_110,subharmonics,440 + 110,"{""frequencies_hz"": ""440,110""}",wsola,WSOLA,local waveform-similarity overlap-add,-12,36,0.8359183673469388,55.98745642851743,111.97491285703487,0.8947046630945296
octave_subharmonic_440_110,subharmonics,440 + 110,"{""frequencies_hz"": ""440,110""}",wsola,WSOLA,local waveform-similarity overlap-add,-12,37,0.8591383219954648,55.99093982746973,111.98187965493946,0.8950553310800847
octave_subharmonic_440_110,subharmonics,440 + 110,"{""frequencies_hz"": ""440,110""}",wsola,WSOLA,local waveform-similarity overlap-add,-12,38,0.8823582766439909,56.00627642901601,112.01255285803202,0.8942798640452225
octave_subharmonic_440_110,subharmonics,440 + 110,"{""frequencies_hz"": ""440,110""}",wsola,WSOLA,local waveform-similarity overlap-add,-12,39,0.905578231292517,56.019540438731354,112.03908087746271,0.8943083061754771
octave_subharmonic_440_110,subharmonics,440 + 110,"{""frequencies_hz"": ""440,110""}",wsola,WSOLA,local waveform-similarity overlap-add,-12,40,0.9287981859410431,56.013109945761315,112.02621989152263,0.8943789507561632
octave_subharmonic_440_110,subharmonics,440 + 110,"{""frequencies_hz"": ""440,110""}",wsola,WSOLA,local waveform-similarity overlap-add,-12,41,0.9520181405895691,55.9974363312638,111.9948726625276,0.8938536191334185
octave_subharmonic_440_110,subharmonics,440 + 110,"{""frequencies_hz"": ""440,110""}",wsola,WSOLA,local waveform-similarity overlap-add,-12,42,0.9752380952380952,55.9943512941351,111.9887025882702,0.894349346621792
octave_subharmonic_440_110,subharmonics,440 + 110,"{""frequencies_hz"": ""440,110""}",wsola,WSOLA,local waveform-similarity overlap-add,-12,43,0.9984580498866213,55.995877277547635,111.99175455509527,0.8946005156006829
octave_subharmonic_440_110,subharmonics,440 + 110,"{""frequencies_hz"": ""440,110""}",wsola,WSOLA,local waveform-similarity overlap-add,-12,44,1.0216780045351475,55.987896731965215,111.97579346393043,0.8943284669250046
octave_subharmonic_440_110,subharmonics,440 + 110,"{""frequencies_hz"": ""440,110""}",wsola,WSOLA,local waveform-similarity overlap-add,-12,45,1.0448979591836736,55.982978148590156,111.96595629718031,0.8949310823783618
octave_subharmonic_440_110,subharmonics,440 + 110,"{""frequencies_hz"": ""440,110""}",wsola,WSOLA,local waveform-similarity overlap-add,-12,46,1.0681179138321995,55.992480373015646,111.98496074603129,0.8953901390838618
octave_subharmonic_440_110,subharmonics,440 + 110,"{""frequencies_hz"": ""440,110""}",wsola,WSOLA,local waveform-similarity overlap-add,-12,47,1.0913378684807256,56.01045777828926,112.02091555657852,0.898808550521018
octave_subharmonic_440_110,subharmonics,440 + 110,"{""frequencies_hz"": ""440,110""}",wsola,WSOLA,local waveform-similarity overlap-add,-12,48,1.1145578231292517,56.02176211985215,112.0435242397043,0.9077246420785222
octave_subharmonic_440_110,subharmonics,440 + 110,"{""frequencies_hz"": ""440,110""}",wsola,WSOLA,local waveform-similarity overlap-add,-12,49,1.1377777777777778,56.01271714599318,112.02543429198636,0.912139038252845
octave_subharmonic_440_110,subharmonics,440 + 110,"{""frequencies_hz"": ""440,110""}",wsola,WSOLA,local waveform-similarity overlap-add,-12,50,1.1609977324263039,55.99334706628641,111.98669413257282,0.9064375084038975
octave_subharmonic_440_110,subharmonics,440 + 110,"{""frequencies_hz"": ""440,110""}",wsola,WSOLA,local waveform-similarity overlap-add,-12,51,1.18421768707483,55.98986582339004,111.97973164678008,0.9029147426571305
octave_subharmonic_440_110,subharmonics,440 + 110,"{""frequencies_hz"": ""440,110""}",wsola,WSOLA,local waveform-similarity overlap-add,-12,52,1.207437641723356,55.99838607850777,111.99677215701554,0.9092161980706972
octave_subharmonic_440_110,subharmonics,440 + 110,"{""frequencies_hz"": ""440,110""}",wsola,WSOLA,local waveform-similarity overlap-add,-12,53,1.230657596371882,55.9945384291374,111.9890768582748,0.9119393550981302
octave_subharmonic_440_110,subharmonics,440 + 110,"{""frequencies_hz"": ""440,110""}",wsola,WSOLA,local waveform-similarity overlap-add,-12,54,1.253877551020408,55.98540774712926,111.97081549425852,0.9044320659811815
octave_subharmonic_440_110,subharmonics,440 + 110,"{""frequencies_hz"": ""440,110""}",wsola,WSOLA,local waveform-similarity overlap-add,-12,55,1.2770975056689342,55.99022614469327,111.98045228938653,0.8967300154754221
octave_subharmonic_440_110,subharmonics,440 + 110,"{""frequencies_hz"": ""440,110""}",wsola,WSOLA,local waveform-similarity overlap-add,-12,56,1.3003174603174603,55.99568414456931,111.99136828913862,0.8947954191327997
octave_subharmonic_440_110,subharmonics,440 + 110,"{""frequencies_hz"": ""440,110""}",wsola,WSOLA,local waveform-similarity overlap-add,-12,57,1.3235374149659864,55.98941297989713,111.97882595979426,0.8941211469988297
octave_subharmonic_440_110,subharmonics,440 + 110,"{""frequencies_hz"": ""440,110""}",wsola,WSOLA,local waveform-similarity overlap-add,-12,58,1.3467573696145125,55.9883476729964,111.9766953459928,0.8940130364086338
octave_subharmonic_440_110,subharmonics,440 + 110,"{""frequencies_hz"": ""440,110""}",wsola,WSOLA,local waveform-similarity overlap-add,-12,59,1.3699773242630386,55.99526912147969,111.99053824295937,0.8946261281347394
octave_subharmonic_440_110,subharmonics,440 + 110,"{""frequencies_hz"": ""440,110""}",wsola,WSOLA,local waveform-similarity overlap-add,-12,60,1.3931972789115645,55.992330522529656,111.98466104505931,0.8943758267470235
octave_subharmonic_440_110,subharmonics,440 + 110,"{""frequencies_hz"": ""440,110""}",wsola,WSOLA,local waveform-similarity overlap-add,-12,61,1.4164172335600906,55.98360529785475,111.9672105957095,0.8945949248560683
octave_subharmonic_440_110,subharmonics,440 + 110,"{""frequencies_hz"": ""440,110""}",wsola,WSOLA,local waveform-similarity overlap-add,-12,62,1.4396371882086167,55.98459933089577,111.96919866179154,0.8950219021610205
octave_subharmonic_440_110,subharmonics,440 + 110,"{""frequencies_hz"": ""440,110""}",wsola,WSOLA,local waveform-similarity overlap-add,-12,63,1.4628571428571429,55.990488108373015,111.98097621674603,0.8943574144541206
octave_subharmonic_440_110,subharmonics,440 + 110,"{""frequencies_hz"": ""440,110""}",wsola,WSOLA,local waveform-similarity overlap-add,-12,64,1.486077097505669,55.98952349852513,111.97904699705026,0.8945075268903427
octave_subharmonic_440_110,subharmonics,440 + 110,"{""frequencies_hz"": ""440,110""}",wsola,WSOLA,local waveform-similarity overlap-add,-12,65,1.509297052154195,55.98347628092489,111.96695256184978,0.8950228884540834
octave_subharmonic_440_110,subharmonics,440 + 110,"{""frequencies_hz"": ""440,110""}",wsola,WSOLA,local waveform-similarity overlap-add,-12,66,1.5325170068027212,55.984997837589226,111.96999567517845,0.8944479193453085
octave_subharmonic_440_110,subharmonics,440 + 110,"{""frequencies_hz"": ""440,110""}",wsola,WSOLA,local waveform-similarity overlap-add,-12,67,1.555736961451247,55.99415001639598,111.98830003279195,0.8944666500717782
octave_subharmonic_440_110,subharmonics,440 + 110,"{""frequencies_hz"": ""440,110""}",wsola,WSOLA,local waveform-similarity overlap-add,-12,68,1.5789569160997732,55.99549203339158,111.99098406678316,0.8945662671958625
octave_subharmonic_440_110,subharmonics,440 + 110,"{""frequencies_hz"": ""440,110""}",wsola,WSOLA,local waveform-similarity overlap-add,-12,69,1.6021768707482993,55.994550788974315,111.98910157794863,0.8938851520942462
octave_subharmonic_440_110,subharmonics,440 + 110,"{""frequencies_hz"": ""440,110""}",wsola,WSOLA,local waveform-similarity overlap-add,-12,70,1.6253968253968254,56.0049180126439,112.0098360252878,0.8940678249517938
octave_subharmonic_440_110,subharmonics,440 + 110,"{""frequencies_hz"": ""440,110""}",wsola,WSOLA,local waveform-similarity overlap-add,-12,71,1.6486167800453515,56.00684166516229,112.01368333032458,0.8942471206395357
octave_subharmonic_440_110,subharmonics,440 + 110,"{""frequencies_hz"": ""440,110""}",wsola,WSOLA,local waveform-similarity overlap-add,-12,72,1.6718367346938776,55.98887493965897,111.97774987931794,0.8940016149879906
octave_subharmonic_440_110,subharmonics,440 + 110,"{""frequencies_hz"": ""440,110""}",wsola,WSOLA,local waveform-similarity overlap-add,-12,73,1.6950566893424037,55.9799560471602,111.9599120943204,0.8946963683334325
octave_subharmonic_440_110,subharmonics,440 + 110,"{""frequencies_hz"": ""440,110""}",wsola,WSOLA,local waveform-similarity overlap-add,-12,74,1.7182766439909296,55.99042967629611,111.98085935259222,0.8952258854555907
octave_subharmonic_440_110,subharmonics,440 + 110,"{""frequencies_hz"": ""440,110""}",wsola,WSOLA,local waveform-similarity overlap-add,-12,75,1.7414965986394557,55.992550951213936,111.98510190242787,0.8985095163381489
octave_subharmonic_440_110,subharmonics,440 + 110,"{""frequencies_hz"": ""440,110""}",wsola,WSOLA,local waveform-similarity overlap-add,-12,76,1.7647165532879818,55.98333807580319,111.96667615160638,0.9076154640956129
octave_subharmonic_440_110,subharmonics,440 + 110,"{""frequencies_hz"": ""440,110""}",wsola,WSOLA,local waveform-similarity overlap-add,-12,77,1.787936507936508,55.98433787280975,111.9686757456195,0.9126216551979677
octave_subharmonic_440_110,subharmonics,440 + 110,"{""frequencies_hz"": ""440,110""}",wsola,WSOLA,local waveform-similarity overlap-add,-12,78,1.811156462585034,55.99768520513925,111.9953704102785,0.9070266685286287
octave_subharmonic_440_110,subharmonics,440 + 110,"{""frequencies_hz"": ""440,110""}",wsola,WSOLA,local waveform-similarity overlap-add,-12,79,1.8343764172335602,56.01028921144752,112.02057842289504,0.902780128604588
octave_subharmonic_440_110,subharmonics,440 + 110,"{""frequencies_hz"": ""440,110""}",wsola,WSOLA,local waveform-similarity overlap-add,-12,80,1.8575963718820863,56.01083394844114,112.02166789688228,0.908832236094032
octave_subharmonic_440_110,subharmonics,440 + 110,"{""frequencies_hz"": ""440,110""}",wsola,WSOLA,local waveform-similarity overlap-add,-12,81,1.8808163265306121,56.00399685640579,112.00799371281158,0.9119139356644907
octave_subharmonic_440_110,subharmonics,440 + 110,"{""frequencies_hz"": ""440,110""}",wsola,WSOLA,local waveform-similarity overlap-add,-12,82,1.9040362811791383,56.04266616156149,112.08533232312298,0.9147482719850797
octave_subharmonic_440_110,subharmonics,440 + 110,"{""frequencies_hz"": ""440,110""}",wsola,WSOLA,local waveform-similarity overlap-add,-12,83,1.9272562358276644,,,0.0688107405400374
octave_subharmonic_440_110,subharmonics,440 + 110,"{""frequencies_hz"": ""440,110""}",wsola,WSOLA,local waveform-similarity overlap-add,-12,84,1.9504761904761905,,,0.008391815365991586
octave_subharmonic_440_110,subharmonics,440 + 110,"{""frequencies_hz"": ""440,110""}",wsola,WSOLA,local waveform-similarity overlap-add,-12,85,1.9736961451247166,,,0.005413106391958086
octave_subharmonic_440_110,subharmonics,440 + 110,"{""frequencies_hz"": ""440,110""}",wsola,WSOLA,local waveform-similarity overlap-add,-12,86,1.9969160997732427,,,0.004982406609694247
octave_subharmonic_440_110,subharmonics,440 + 110,"{""frequencies_hz"": ""440,110""}",rubber_band,Rubber Band,local hybrid spectral/time-domain proxy,-12,0,0.0,,,0.006826931678744128
octave_subharmonic_440_110,subharmonics,440 + 110,"{""frequencies_hz"": ""440,110""}",rubber_band,Rubber Band,local hybrid spectral/time-domain proxy,-12,1,0.023219954648526078,,,0.006875608094940889
octave_subharmonic_440_110,subharmonics,440 + 110,"{""frequencies_hz"": ""440,110""}",rubber_band,Rubber Band,local hybrid spectral/time-domain proxy,-12,2,0.046439909297052155,,,0.00721877702408216
octave_subharmonic_440_110,subharmonics,440 + 110,"{""frequencies_hz"": ""440,110""}",rubber_band,Rubber Band,local hybrid spectral/time-domain proxy,-12,3,0.06965986394557823,,,0.012716042383582916
octave_subharmonic_440_110,subharmonics,440 + 110,"{""frequencies_hz"": ""440,110""}",rubber_band,Rubber Band,local hybrid spectral/time-domain proxy,-12,4,0.09287981859410431,226.56427198817556,453.1285439763511,0.9938998758792253
octave_subharmonic_440_110,subharmonics,440 + 110,"{""frequencies_hz"": ""440,110""}",rubber_band,Rubber Band,local hybrid spectral/time-domain proxy,-12,5,0.11609977324263039,55.75123992058127,111.50247984116254,0.9004763770721131
octave_subharmonic_440_110,subharmonics,440 + 110,"{""frequencies_hz"": ""440,110""}",rubber_band,Rubber Band,local hybrid spectral/time-domain proxy,-12,6,0.13931972789115646,55.84962348039679,111.69924696079357,0.910224901453346
octave_subharmonic_440_110,subharmonics,440 + 110,"{""frequencies_hz"": ""440,110""}",rubber_band,Rubber Band,local hybrid spectral/time-domain proxy,-12,7,0.16253968253968254,55.85551349013942,111.71102698027885,0.9188090726456105
octave_subharmonic_440_110,subharmonics,440 + 110,"{""frequencies_hz"": ""440,110""}",rubber_band,Rubber Band,local hybrid spectral/time-domain proxy,-12,8,0.18575963718820862,55.84193273697498,111.68386547394996,0.9220437263271742
octave_subharmonic_440_110,subharmonics,440 + 110,"{""frequencies_hz"": ""440,110""}",rubber_band,Rubber Band,local hybrid spectral/time-domain proxy,-12,9,0.2089795918367347,55.85875211395557,111.71750422791114,0.9231384717569868
octave_subharmonic_440_110,subharmonics,440 + 110,"{""frequencies_hz"": ""440,110""}",rubber_band,Rubber Band,local hybrid spectral/time-domain proxy,-12,10,0.23219954648526078,55.87135498809013,111.74270997618027,0.9246852039677805
octave_subharmonic_440_110,subharmonics,440 + 110,"{""frequencies_hz"": ""440,110""}",rubber_band,Rubber Band,local hybrid spectral/time-domain proxy,-12,11,0.25541950113378686,55.85766270651272,111.71532541302544,0.9249440094627202
octave_subharmonic_440_110,subharmonics,440 + 110,"{""frequencies_hz"": ""440,110""}",rubber_band,Rubber Band,local hybrid spectral/time-domain proxy,-12,12,0.2786394557823129,55.828079846511145,111.65615969302229,0.9230518292727283
octave_subharmonic_440_110,subharmonics,440 + 110,"{""frequencies_hz"": ""440,110""}",rubber_band,Rubber Band,local hybrid spectral/time-domain proxy,-12,13,0.301859410430839,55.801567514622825,111.60313502924565,0.921627081145551
octave_subharmonic_440_110,subharmonics,440 + 110,"{""frequencies_hz"": ""440,110""}",rubber_band,Rubber Band,local hybrid spectral/time-domain proxy,-12,14,0.3250793650793651,55.794989407475974,111.58997881495195,0.9223738373099674
octave_subharmonic_440_110,subharmonics,440 + 110,"{""frequencies_hz"": ""440,110""}",rubber_band,Rubber Band,local hybrid spectral/time-domain proxy,-12,15,0.34829931972789113,55.810750726314716,111.62150145262943,0.9226327878630658
octave_subharmonic_440_110,subharmonics,440 + 110,"{""frequencies_hz"": ""440,110""}",rubber_band,Rubber Band,local hybrid spectral/time-domain proxy,-12,16,0.37151927437641724,55.834581114861564,111.66916222972313,0.9221444269565617
octave_subharmonic_440_110,subharmonics,440 + 110,"{""frequencies_hz"": ""440,110""}",rubber_band,Rubber Band,local hybrid spectral/time-domain proxy,-12,17,0.3947392290249433,55.85756565975757,111.71513131951514,0.9235083368452089
octave_subharmonic_440_110,subharmonics,440 + 110,"{""frequencies_hz"": ""440,110""}",rubber_band,Rubber Band,local hybrid spectral/time-domain proxy,-12,18,0.4179591836734694,55.88204523727225,111.7640904745445,0.9258346549438373
octave_subharmonic_440_110,subharmonics,440 + 110,"{""frequencies_hz"": ""440,110""}",rubber_band,Rubber Band,local hybrid spectral/time-domain proxy,-12,19,0.44117913832199546,55.90287004365235,111.8057400873047,0.9266106797917988
octave_subharmonic_440_110,subharmonics,440 + 110,"{""frequencies_hz"": ""440,110""}",rubber_band,Rubber Band,local hybrid spectral/time-domain proxy,-12,20,0.46439909297052157,55.90039290177985,111.8007858035597,0.9250522562163603
octave_subharmonic_440_110,subharmonics,440 + 110,"{""frequencies_hz"": ""440,110""}",rubber_band,Rubber Band,local hybrid spectral/time-domain proxy,-12,21,0.4876190476190476,55.871441565759824,111.74288313151965,0.9235417448154456
octave_subharmonic_440_110,subharmonics,440 + 110,"{""frequencies_hz"": ""440,110""}",rubber_band,Rubber Band,local hybrid spectral/time-domain proxy,-12,22,0.5108390022675737,55.848147186942995,111.69629437388599,0.9248952628301097
octave_subharmonic_440_110,subharmonics,440 + 110,"{""frequencies_hz"": ""440,110""}",rubber_band,Rubber Band,local hybrid spectral/time-domain proxy,-12,23,0.5340589569160997,55.84528505641937,111.69057011283874,0.9280888951934522
octave_subharmonic_440_110,subharmonics,440 + 110,"{""frequencies_hz"": ""440,110""}",rubber_band,Rubber Band,local hybrid spectral/time-domain proxy,-12,24,0.5572789115646258,55.833143214890676,111.66628642978135,0.928129534793385
octave_subharmonic_440_110,subharmonics,440 + 110,"{""frequencies_hz"": ""440,110""}",rubber_band,Rubber Band,local hybrid spectral/time-domain proxy,-12,25,0.5804988662131519,55.805884734722156,111.61176946944431,0.924635302565636
octave_subharmonic_440_110,subharmonics,440 + 110,"{""frequencies_hz"": ""440,110""}",rubber_band,Rubber Band,local hybrid spectral/time-domain proxy,-12,26,0.603718820861678,55.80233706227967,111.60467412455934,0.9237259442180398
octave_subharmonic_440_110,subharmonics,440 + 110,"{""frequencies_hz"": ""440,110""}",rubber_band,Rubber Band,local hybrid spectral/time-domain proxy,-12,27,0.626938775510204,55.83329000953217,111.66658001906434,0.9270783427898501
octave_subharmonic_440_110,subharmonics,440 + 110,"{""frequencies_hz"": ""440,110""}",rubber_band,Rubber Band,local hybrid spectral/time-domain proxy,-12,28,0.6501587301587302,55.86193848308304,111.72387696616607,0.9299838704999682
octave_subharmonic_440_110,subharmonics,440 + 110,"{""frequencies_hz"": ""440,110""}",rubber_band,Rubber Band,local hybrid spectral/time-domain proxy,-12,29,0.6733786848072563,55.8695736643539,111.7391473287078,0.9296106431324763
octave_subharmonic_440_110,subharmonics,440 + 110,"{""frequencies_hz"": ""440,110""}",rubber_band,Rubber Band,local hybrid spectral/time-domain proxy,-12,30,0.6965986394557823,55.87369463225138,111.74738926450276,0.9272066184998933
octave_subharmonic_440_110,subharmonics,440 + 110,"{""frequencies_hz"": ""440,110""}",rubber_band,Rubber Band,local hybrid spectral/time-domain proxy,-12,31,0.7198185941043084,55.88344586955745,111.7668917391149,0.9248128325458497
octave_subharmonic_440_110,subharmonics,440 + 110,"{""frequencies_hz"": ""440,110""}",rubber_band,Rubber Band,local hybrid spectral/time-domain proxy,-12,32,0.7430385487528345,55.88552339405679,111.77104678811358,0.923473151030201
octave_subharmonic_440_110,subharmonics,440 + 110,"{""frequencies_hz"": ""440,110""}",rubber_band,Rubber Band,local hybrid spectral/time-domain proxy,-12,33,0.7662585034013606,55.86725027529516,111.73450055059033,0.9232847307277592
octave_subharmonic_440_110,subharmonics,440 + 110,"{""frequencies_hz"": ""440,110""}",rubber_band,Rubber Band,local hybrid spectral/time-domain proxy,-12,34,0.7894784580498866,55.83129130652531,111.66258261305062,0.9224138574123587
octave_subharmonic_440_110,subharmonics,440 + 110,"{""frequencies_hz"": ""440,110""}",rubber_band,Rubber Band,local hybrid spectral/time-domain proxy,-12,35,0.8126984126984127,55.80367370771892,111.60734741543784,0.920737221617433
octave_subharmonic_440_110,subharmonics,440 + 110,"{""frequencies_hz"": ""440,110""}",rubber_band,Rubber Band,local hybrid spectral/time-domain proxy,-12,36,0.8359183673469388,55.80595758902929,111.61191517805858,0.9214377262668106
octave_subharmonic_440_110,subharmonics,440 + 110,"{""frequencies_hz"": ""440,110""}",rubber_band,Rubber Band,local hybrid spectral/time-domain proxy,-12,37,0.8591383219954648,55.82176972241741,111.64353944483481,0.9240431511740481
octave_subharmonic_440_110,subharmonics,440 + 110,"{""frequencies_hz"": ""440,110""}",rubber_band,Rubber Band,local hybrid spectral/time-domain proxy,-12,38,0.8823582766439909,55.82874911757038,111.65749823514076,0.9256502042707956
octave_subharmonic_440_110,subharmonics,440 + 110,"{""frequencies_hz"": ""440,110""}",rubber_band,Rubber Band,local hybrid spectral/time-domain proxy,-12,39,0.905578231292517,55.83599030407761,111.67198060815522,0.9255078258554172
octave_subharmonic_440_110,subharmonics,440 + 110,"{""frequencies_hz"": ""440,110""}",rubber_band,Rubber Band,local hybrid spectral/time-domain proxy,-12,40,0.9287981859410431,55.85538526075892,111.71077052151784,0.9248175345635651
octave_subharmonic_440_110,subharmonics,440 + 110,"{""frequencies_hz"": ""440,110""}",rubber_band,Rubber Band,local hybrid spectral/time-domain proxy,-12,41,0.9520181405895691,55.87238145474742,111.74476290949484,0.9248546221683648
octave_subharmonic_440_110,subharmonics,440 + 110,"{""frequencies_hz"": ""440,110""}",rubber_band,Rubber Band,local hybrid spectral/time-domain proxy,-12,42,0.9752380952380952,55.87741332081067,111.75482664162134,0.924610166235688
octave_subharmonic_440_110,subharmonics,440 + 110,"{""frequencies_hz"": ""440,110""}",rubber_band,Rubber Band,local hybrid spectral/time-domain proxy,-12,43,0.9984580498866213,55.88036184273417,111.76072368546834,0.9218629385172611
octave_subharmonic_440_110,subharmonics,440 + 110,"{""frequencies_hz"": ""440,110""}",rubber_band,Rubber Band,local hybrid spectral/time-domain proxy,-12,44,1.0216780045351475,55.88001793125597,111.76003586251194,0.9194247919998734
octave_subharmonic_440_110,subharmonics,440 + 110,"{""frequencies_hz"": ""440,110""}",rubber_band,Rubber Band,local hybrid spectral/time-domain proxy,-12,45,1.0448979591836736,55.86728519567978,111.73457039135955,0.921557435826892
octave_subharmonic_440_110,subharmonics,440 + 110,"{""frequencies_hz"": ""440,110""}",rubber_band,Rubber Band,local hybrid spectral/time-domain proxy,-12,46,1.0681179138321995,55.85620203036469,111.71240406072938,0.9247787822731734
octave_subharmonic_440_110,subharmonics,440 + 110,"{""frequencies_hz"": ""440,110""}",rubber_band,Rubber Band,local hybrid spectral/time-domain proxy,-12,47,1.0913378684807256,55.85766764563363,111.71533529126727,0.9263914397187529
octave_subharmonic_440_110,subharmonics,440 + 110,"{""frequencies_hz"": ""440,110""}",rubber_band,Rubber Band,local hybrid spectral/time-domain proxy,-12,48,1.1145578231292517,55.85200865937474,111.70401731874948,0.9283066585023949
octave_subharmonic_440_110,subharmonics,440 + 110,"{""frequencies_hz"": ""440,110""}",rubber_band,Rubber Band,local hybrid spectral/time-domain proxy,-12,49,1.1377777777777778,55.83188096088092,111.66376192176185,0.9297723067551718
octave_subharmonic_440_110,subharmonics,440 + 110,"{""frequencies_hz"": ""440,110""}",rubber_band,Rubber Band,local hybrid spectral/time-domain proxy,-12,50,1.1609977324263039,55.82382804598501,111.64765609197002,0.9292310320105241
octave_subharmonic_440_110,subharmonics,440 + 110,"{""frequencies_hz"": ""440,110""}",rubber_band,Rubber Band,local hybrid spectral/time-domain proxy,-12,51,1.18421768707483,55.84088067485669,111.68176134971338,0.9287401502548448
octave_subharmonic_440_110,subharmonics,440 + 110,"{""frequencies_hz"": ""440,110""}",rubber_band,Rubber Band,local hybrid spectral/time-domain proxy,-12,52,1.207437641723356,55.85473052835863,111.70946105671726,0.9298570140526115
octave_subharmonic_440_110,subharmonics,440 + 110,"{""frequencies_hz"": ""440,110""}",rubber_band,Rubber Band,local hybrid spectral/time-domain proxy,-12,53,1.230657596371882,55.847438919832015,111.69487783966403,0.9287740242112495
octave_subharmonic_440_110,subharmonics,440 + 110,"{""frequencies_hz"": ""440,110""}",rubber_band,Rubber Band,local hybrid spectral/time-domain proxy,-12,54,1.253877551020408,55.846210172051556,111.69242034410311,0.9235456354872876
octave_subharmonic_440_110,subharmonics,440 + 110,"{""frequencies_hz"": ""440,110""}",rubber_band,Rubber Band,local hybrid spectral/time-domain proxy,-12,55,1.2770975056689342,55.86963271158914,111.73926542317828,0.920092894329718
octave_subharmonic_440_110,subharmonics,440 + 110,"{""frequencies_hz"": ""440,110""}",rubber_band,Rubber Band,local hybrid spectral/time-domain proxy,-12,56,1.3003174603174603,55.88638419058873,111.77276838117746,0.9218529082642147
octave_subharmonic_440_110,subharmonics,440 + 110,"{""frequencies_hz"": ""440,110""}",rubber_band,Rubber Band,local hybrid spectral/time-domain proxy,-12,57,1.3235374149659864,55.87708980730298,111.75417961460596,0.9240512694371362
octave_subharmonic_440_110,subharmonics,440 + 110,"{""frequencies_hz"": ""440,110""}",rubber_band,Rubber Band,local hybrid spectral/time-domain proxy,-12,58,1.3467573696145125,55.8661623883913,111.7323247767826,0.9243378230090499
octave_subharmonic_440_110,subharmonics,440 + 110,"{""frequencies_hz"": ""440,110""}",rubber_band,Rubber Band,local hybrid spectral/time-domain proxy,-12,59,1.3699773242630386,55.86293518761536,111.72587037523073,0.9246358701036718
octave_subharmonic_440_110,subharmonics,440 + 110,"{""frequencies_hz"": ""440,110""}",rubber_band,Rubber Band,local hybrid spectral/time-domain proxy,-12,60,1.3931972789115645,55.84963201420175,111.6992640284035,0.925701960784214
octave_subharmonic_440_110,subharmonics,440 + 110,"{""frequencies_hz"": ""440,110""}",rubber_band,Rubber Band,local hybrid spectral/time-domain proxy,-12,61,1.4164172335600906,55.82628165135585,111.6525633027117,0.9259579571201021
octave_subharmonic_440_110,subharmonics,440 + 110,"{""frequencies_hz"": ""440,110""}",rubber_band,Rubber Band,local hybrid spectral/time-domain proxy,-12,62,1.4396371882086167,55.809902225418206,111.61980445083641,0.9239702981086049
octave_subharmonic_440_110,subharmonics,440 + 110,"{""frequencies_hz"": ""440,110""}",rubber_band,Rubber Band,local hybrid spectral/time-domain proxy,-12,63,1.4628571428571429,55.807048582018034,111.61409716403607,0.9214040556966515
octave_subharmonic_440_110,subharmonics,440 + 110,"{""frequencies_hz"": ""440,110""}",rubber_band,Rubber Band,local hybrid spectral/time-domain proxy,-12,64,1.486077097505669,55.812651258190115,111.62530251638023,0.9214215018305045
octave_subharmonic_440_110,subharmonics,440 + 110,"{""frequencies_hz"": ""440,110""}",rubber_band,Rubber Band,local hybrid spectral/time-domain proxy,-12,65,1.509297052154195,55.82496117473635,111.6499223494727,0.9229300828362862
octave_subharmonic_440_110,subharmonics,440 + 110,"{""frequencies_hz"": ""440,110""}",rubber_band,Rubber Band,local hybrid spectral/time-domain proxy,-12,66,1.5325170068027212,55.84927407976862,111.69854815953724,0.9235493942949903
octave_subharmonic_440_110,subharmonics,440 + 110,"{""frequencies_hz"": ""440,110""}",rubber_band,Rubber Band,local hybrid spectral/time-domain proxy,-12,67,1.555736961451247,55.88119558996973,111.76239117993946,0.925637239704722
octave_subharmonic_440_110,subharmonics,440 + 110,"{""frequencies_hz"": ""440,110""}",rubber_band,Rubber Band,local hybrid spectral/time-domain proxy,-12,68,1.5789569160997732,55.89971110254519,111.79942220509038,0.9292545692952348
octave_subharmonic_440_110,subharmonics,440 + 110,"{""frequencies_hz"": ""440,110""}",rubber_band,Rubber Band,local hybrid spectral/time-domain proxy,-12,69,1.6021768707482993,55.896476276673496,111.79295255334699,0.930711066830299
octave_subharmonic_440_110,subharmonics,440 + 110,"{""frequencies_hz"": ""440,110""}",rubber_band,Rubber Band,local hybrid spectral/time-domain proxy,-12,70,1.6253968253968254,55.887610340459304,111.77522068091861,0.9302588010572853
octave_subharmonic_440_110,subharmonics,440 + 110,"{""frequencies_hz"": ""440,110""}",rubber_band,Rubber Band,local hybrid spectral/time-domain proxy,-12,71,1.6486167800453515,55.87679560098215,111.7535912019643,0.9303764071507785
octave_subharmonic_440_110,subharmonics,440 + 110,"{""frequencies_hz"": ""440,110""}",rubber_band,Rubber Band,local hybrid spectral/time-domain proxy,-12,72,1.6718367346938776,55.84817949194348,111.69635898388697,0.9295978229466354
octave_subharmonic_440_110,subharmonics,440 + 110,"{""frequencies_hz"": ""440,110""}",rubber_band,Rubber Band,local hybrid spectral/time-domain proxy,-12,73,1.6950566893424037,55.80702782190043,111.61405564380085,0.9260943400205791
octave_subharmonic_440_110,subharmonics,440 + 110,"{""frequencies_hz"": ""440,110""}",rubber_band,Rubber Band,local hybrid spectral/time-domain proxy,-12,74,1.7182766439909296,55.786597261464266,111.57319452292853,0.9226579091204519
octave_subharmonic_440_110,subharmonics,440 + 110,"{""frequencies_hz"": ""440,110""}",rubber_band,Rubber Band,local hybrid spectral/time-domain proxy,-12,75,1.7414965986394557,55.798639478156836,111.59727895631367,0.9220430251296936
octave_subharmonic_440_110,subharmonics,440 + 110,"{""frequencies_hz"": ""440,110""}",rubber_band,Rubber Band,local hybrid spectral/time-domain proxy,-12,76,1.7647165532879818,55.817237323671606,111.63447464734321,0.922148062870382
octave_subharmonic_440_110,subharmonics,440 + 110,"{""frequencies_hz"": ""440,110""}",rubber_band,Rubber Band,local hybrid spectral/time-domain proxy,-12,77,1.787936507936508,55.82790590841816,111.65581181683632,0.922119545682427
octave_subharmonic_440_110,subharmonics,440 + 110,"{""frequencies_hz"": ""440,110""}",rubber_band,Rubber Band,local hybrid spectral/time-domain proxy,-12,78,1.811156462585034,55.84415716092846,111.68831432185692,0.9237206143661295
octave_subharmonic_440_110,subharmonics,440 + 110,"{""frequencies_hz"": ""440,110""}",rubber_band,Rubber Band,local hybrid spectral/time-domain proxy,-12,79,1.8343764172335602,55.87441763723526,111.74883527447052,0.9259287362604857
octave_subharmonic_440_110,subharmonics,440 + 110,"{""frequencies_hz"": ""440,110""}",rubber_band,Rubber Band,local hybrid spectral/time-domain proxy,-12,80,1.8575963718820863,55.90101476588143,111.80202953176286,0.9265573677134084
octave_subharmonic_440_110,subharmonics,440 + 110,"{""frequencies_hz"": ""440,110""}",rubber_band,Rubber Band,local hybrid spectral/time-domain proxy,-12,81,1.8808163265306121,55.90285098067896,111.80570196135793,0.9247304716773095
octave_subharmonic_440_110,subharmonics,440 + 110,"{""frequencies_hz"": ""440,110""}",rubber_band,Rubber Band,local hybrid spectral/time-domain proxy,-12,82,1.9040362811791383,55.91987782165027,111.83975564330053,0.927610130637894
octave_subharmonic_440_110,subharmonics,440 + 110,"{""frequencies_hz"": ""440,110""}",rubber_band,Rubber Band,local hybrid spectral/time-domain proxy,-12,83,1.9272562358276644,,,0.05842676424720351
octave_subharmonic_440_110,subharmonics,440 + 110,"{""frequencies_hz"": ""440,110""}",rubber_band,Rubber Band,local hybrid spectral/time-domain proxy,-12,84,1.9504761904761905,,,0.0030709048199204104
octave_subharmonic_440_110,subharmonics,440 + 110,"{""frequencies_hz"": ""440,110""}",rubber_band,Rubber Band,local hybrid spectral/time-domain proxy,-12,85,1.9736961451247166,,,0.0003597495273603921
octave_subharmonic_440_110,subharmonics,440 + 110,"{""frequencies_hz"": ""440,110""}",rubber_band,Rubber Band,local hybrid spectral/time-domain proxy,-12,86,1.9969160997732427,,,-3.186089595782196e-05
octave_subharmonic_440_110,subharmonics,440 + 110,"{""frequencies_hz"": ""440,110""}",psola,PSOLA,local pitch-synchronous overlap-add,-12,0,0.0,110.44379567781968,220.88759135563936,0.8379042088628345
octave_subharmonic_440_110,subharmonics,440 + 110,"{""frequencies_hz"": ""440,110""}",psola,PSOLA,local pitch-synchronous overlap-add,-12,1,0.023219954648526078,110.44278417086994,220.88556834173988,0.8802444672703601
octave_subharmonic_440_110,subharmonics,440 + 110,"{""frequencies_hz"": ""440,110""}",psola,PSOLA,local pitch-synchronous overlap-add,-12,2,0.046439909297052155,110.44182995485572,220.88365990971144,0.9481197812334644
octave_subharmonic_440_110,subharmonics,440 + 110,"{""frequencies_hz"": ""440,110""}",psola,PSOLA,local pitch-synchronous overlap-add,-12,3,0.06965986394557823,110.44209819556467,220.88419639112934,0.9787383094559521
octave_subharmonic_440_110,subharmonics,440 + 110,"{""frequencies_hz"": ""440,110""}",psola,PSOLA,local pitch-synchronous overlap-add,-12,4,0.09287981859410431,110.44242753978985,220.8848550795797,0.9822290964743529
octave_subharmonic_440_110,subharmonics,440 + 110,"{""frequencies_hz"": ""440,110""}",psola,PSOLA,local pitch-synchronous overlap-add,-12,5,0.11609977324263039,110.44240672031806,220.88481344063612,0.9822294495443205
octave_subharmonic_440_110,subharmonics,440 + 110,"{""frequencies_hz"": ""440,110""}",psola,PSOLA,local pitch-synchronous overlap-add,-12,6,0.13931972789115646,110.44241633776181,220.88483267552363,0.9822359106214559
octave_subharmonic_440_110,subharmonics,440 + 110,"{""frequencies_hz"": ""440,110""}",psola,PSOLA,local pitch-synchronous overlap-add,-12,7,0.16253968253968254,110.44239217865693,220.88478435731386,0.982235500796933
octave_subharmonic_440_110,subharmonics,440 + 110,"{""frequencies_hz"": ""440,110""}",psola,PSOLA,local pitch-synchronous overlap-add,-12,8,0.18575963718820862,110.44239757247568,220.88479514495137,0.9822346246295777
octave_subharmonic_440_110,subharmonics,440 + 110,"{""frequencies_hz"": ""440,110""}",psola,PSOLA,local pitch-synchronous overlap-add,-12,9,0.2089795918367347,110.44244146180256,220.88488292360512,0.9822273081855352
octave_subharmonic_440_110,subharmonics,440 + 110,"{""frequencies_hz"": ""440,110""}",psola,PSOLA,local pitch-synchronous overlap-add,-12,10,0.23219954648526078,110.44240555401446,220.8848111080289,0.9822330567103026
octave_subharmonic_440_110,subharmonics,440 + 110,"{""frequencies_hz"": ""440,110""}",psola,PSOLA,local pitch-synchronous overlap-add,-12,11,0.25541950113378686,110.44239002824992,220.88478005649984,0.9822366564171442
octave_subharmonic_440_110,subharmonics,440 + 110,"{""frequencies_hz"": ""440,110""}",psola,PSOLA,local pitch-synchronous overlap-add,-12,12,0.2786394557823129,110.4424153909683,220.8848307819366,0.982235022836627
octave_subharmonic_440_110,subharmonics,440 + 110,"{""frequencies_hz"": ""440,110""}",psola,PSOLA,local pitch-synchronous overlap-add,-12,13,0.301859410430839,110.4424056644407,220.8848113288814,0.9822316878024563
octave_subharmonic_440_110,subharmonics,440 + 110,"{""frequencies_hz"": ""440,110""}",psola,PSOLA,local pitch-synchronous overlap-add,-12,14,0.3250793650793651,110.44242478812234,220.88484957624468,0.9822281773524596
octave_subharmonic_440_110,subharmonics,440 + 110,"{""frequencies_hz"": ""440,110""}",psola,PSOLA,local pitch-synchronous overlap-add,-12,15,0.34829931972789113,110.44241530277401,220.88483060554802,0.9822359415842463
octave_subharmonic_440_110,subharmonics,440 + 110,"{""frequencies_hz"": ""440,110""}",psola,PSOLA,local pitch-synchronous overlap-add,-12,16,0.37151927437641724,110.44237845006872,220.88475690013743,0.9822358366612667
octave_subharmonic_440_110,subharmonics,440 + 110,"{""frequencies_hz"": ""440,110""}",psola,PSOLA,local pitch-synchronous overlap-add,-12,17,0.3947392290249433,110.44242010178475,220.8848402035695,0.9822340396129531
octave_subharmonic_440_110,subharmonics,440 + 110,"{""frequencies_hz"": ""440,110""}",psola,PSOLA,local pitch-synchronous overlap-add,-12,18,0.4179591836734694,110.44243016707428,220.88486033414856,0.9822283766121135
octave_subharmonic_440_110,subharmonics,440 + 110,"{""frequencies_hz"": ""440,110""}",psola,PSOLA,local pitch-synchronous overlap-add,-12,19,0.44117913832199546,110.44239885890094,220.8847977178019,0.9822321701882852
octave_subharmonic_440_110,subharmonics,440 + 110,"{""frequencies_hz"": ""440,110""}",psola,PSOLA,local pitch-synchronous overlap-add,-12,20,0.46439909297052157,110.4424093055257,220.8848186110514,0.9822371338853831
octave_subharmonic_440_110,subharmonics,440 + 110,"{""frequencies_hz"": ""440,110""}",psola,PSOLA,local pitch-synchronous overlap-add,-12,21,0.4876190476190476,110.44239612289164,220.88479224578327,0.9822347389846691
octave_subharmonic_440_110,subharmonics,440 + 110,"{""frequencies_hz"": ""440,110""}",psola,PSOLA,local pitch-synchronous overlap-add,-12,22,0.5108390022675737,110.44240943342209,220.88481886684417,0.9822323049618831
octave_subharmonic_440_110,subharmonics,440 + 110,"{""frequencies_hz"": ""440,110""}",psola,PSOLA,local pitch-synchronous overlap-add,-12,23,0.5340589569160997,110.44244045446305,220.8848809089261,0.9822274127579966
octave_subharmonic_440_110,subharmonics,440 + 110,"{""frequencies_hz"": ""440,110""}",psola,PSOLA,local pitch-synchronous overlap-add,-12,24,0.5572789115646258,110.44239321824968,220.88478643649935,0.9822359378360208
octave_subharmonic_440_110,subharmonics,440 + 110,"{""frequencies_hz"": ""440,110""}",psola,PSOLA,local pitch-synchronous overlap-add,-12,25,0.5804988662131519,110.44238839832772,220.88477679665544,0.9822363115580017
octave_subharmonic_440_110,subharmonics,440 + 110,"{""frequencies_hz"": ""440,110""}",psola,PSOLA,local pitch-synchronous overlap-add,-12,26,0.603718820861678,110.44242370411872,220.88484740823745,0.9822335371107692
octave_subharmonic_440_110,subharmonics,440 + 110,"{""frequencies_hz"": ""440,110""}",psola,PSOLA,local pitch-synchronous overlap-add,-12,27,0.626938775510204,110.44241120099583,220.88482240199167,0.9822298475286668
octave_subharmonic_440_110,subharmonics,440 + 110,"{""frequencies_hz"": ""440,110""}",psola,PSOLA,local pitch-synchronous overlap-add,-12,28,0.6501587301587302,110.44242106256752,220.88484212513504,0.9822303478023167
octave_subharmonic_440_110,subharmonics,440 + 110,"{""frequencies_hz"": ""440,110""}",psola,PSOLA,local pitch-synchronous overlap-add,-12,29,0.6733786848072563,110.44240546373646,220.88481092747293,0.9822376078970876
octave_subharmonic_440_110,subharmonics,440 + 110,"{""frequencies_hz"": ""440,110""}",psola,PSOLA,local pitch-synchronous overlap-add,-12,30,0.6965986394557823,110.4423813326854,220.8847626653708,0.9822348121294546
octave_subharmonic_440_110,subharmonics,440 + 110,"{""frequencies_hz"": ""440,110""}",psola,PSOLA,local pitch-synchronous overlap-add,-12,31,0.7198185941043084,110.44243103164062,220.88486206328125,0.9822321601395414
octave_subharmonic_440_110,subharmonics,440 + 110,"{""frequencies_hz"": ""440,110""}",psola,PSOLA,local pitch-synchronous overlap-add,-12,32,0.7430385487528345,110.44242839778626,220.88485679557252,0.9822278336345922
octave_subharmonic_440_110,subharmonics,440 + 110,"{""frequencies_hz"": ""440,110""}",psola,PSOLA,local pitch-synchronous overlap-add,-12,33,0.7662585034013606,110.44239109604618,220.88478219209236,0.9822349652516349
octave_subharmonic_440_110,subharmonics,440 + 110,"{""frequencies_hz"": ""440,110""}",psola,PSOLA,local pitch-synchronous overlap-add,-12,34,0.7894784580498866,110.44240651405212,220.88481302810425,0.9822369022028588
octave_subharmonic_440_110,subharmonics,440 + 110,"{""frequencies_hz"": ""440,110""}",psola,PSOLA,local pitch-synchronous overlap-add,-12,35,0.8126984126984127,110.44240199732081,220.88480399464163,0.9822335507389268
octave_subharmonic_440_110,subharmonics,440 + 110,"{""frequencies_hz"": ""440,110""}",psola,PSOLA,local pitch-synchronous overlap-add,-12,36,0.8359183673469388,110.4424173330347,220.8848346660694,0.982230458428047
octave_subharmonic_440_110,subharmonics,440 + 110,"{""frequencies_hz"": ""440,110""}",psola,PSOLA,local pitch-synchronous overlap-add,-12,37,0.8591383219954648,110.44243534448002,220.88487068896004,0.9822290002019609
octave_subharmonic_440_110,subharmonics,440 + 110,"{""frequencies_hz"": ""440,110""}",psola,PSOLA,local pitch-synchronous overlap-add,-12,38,0.8823582766439909,110.4423840044418,220.8847680088836,0.9822380468876287
octave_subharmonic_440_110,subharmonics,440 + 110,"{""frequencies_hz"": ""440,110""}",psola,PSOLA,local pitch-synchronous overlap-add,-12,39,0.905578231292517,110.44239224827739,220.88478449655477,0.9822349910347641
octave_subharmonic_440_110,subharmonics,440 + 110,"{""frequencies_hz"": ""440,110""}",psola,PSOLA,local pitch-synchronous overlap-add,-12,40,0.9287981859410431,110.4424309670902,220.8848619341804,0.9822320307265889
octave_subharmonic_440_110,subharmonics,440 + 110,"{""frequencies_hz"": ""440,110""}",psola,PSOLA,local pitch-synchronous overlap-add,-12,41,0.9520181405895691,110.44241113941465,220.8848222788293,0.9822288536543817
octave_subharmonic_440_110,subharmonics,440 + 110,"{""frequencies_hz"": ""440,110""}",psola,PSOLA,local pitch-synchronous overlap-add,-12,42,0.9752380952380952,110.44241564289273,220.88483128578545,0.9822331668658141
octave_subharmonic_440_110,subharmonics,440 + 110,"{""frequencies_hz"": ""440,110""}",psola,PSOLA,local pitch-synchronous overlap-add,-12,43,0.9984580498866213,110.44240076324094,220.88480152648188,0.9822380084069784
octave_subharmonic_440_110,subharmonics,440 + 110,"{""frequencies_hz"": ""440,110""}",psola,PSOLA,local pitch-synchronous overlap-add,-12,44,1.0216780045351475,110.44238766743723,220.88477533487446,0.9822333241609683
octave_subharmonic_440_110,subharmonics,440 + 110,"{""frequencies_hz"": ""440,110""}",psola,PSOLA,local pitch-synchronous overlap-add,-12,45,1.0448979591836736,110.44243731947931,220.88487463895862,0.9822307150398536
octave_subharmonic_440_110,subharmonics,440 + 110,"{""frequencies_hz"": ""440,110""}",psola,PSOLA,local pitch-synchronous overlap-add,-12,46,1.0681179138321995,110.44242121077215,220.8848424215443,0.982228892176165
octave_subharmonic_440_110,subharmonics,440 + 110,"{""frequencies_hz"": ""440,110""}",psola,PSOLA,local pitch-synchronous overlap-add,-12,47,1.0913378684807256,110.44238578073804,220.88477156147607,0.9822374711858957
octave_subharmonic_440_110,subharmonics,440 + 110,"{""frequencies_hz"": ""440,110""}",psola,PSOLA,local pitch-synchronous overlap-add,-12,48,1.1145578231292517,110.44241025591313,220.88482051182626,0.982235405118485
octave_subharmonic_440_110,subharmonics,440 + 110,"{""frequencies_hz"": ""440,110""}",psola,PSOLA,local pitch-synchronous overlap-add,-12,49,1.1377777777777778,110.4424078525898,220.8848157051796,0.9822319957489205
octave_subharmonic_440_110,subharmonics,440 + 110,"{""frequencies_hz"": ""440,110""}",psola,PSOLA,local pitch-synchronous overlap-add,-12,50,1.1609977324263039,110.44241860642028,220.88483721284055,0.9822296343159685
octave_subharmonic_440_110,subharmonics,440 + 110,"{""frequencies_hz"": ""440,110""}",psola,PSOLA,local pitch-synchronous overlap-add,-12,51,1.18421768707483,110.44242622142526,220.88485244285053,0.9822317314097817
octave_subharmonic_440_110,subharmonics,440 + 110,"{""frequencies_hz"": ""440,110""}",psola,PSOLA,local pitch-synchronous overlap-add,-12,52,1.207437641723356,110.44237991650917,220.88475983301834,0.982238857664433
octave_subharmonic_440_110,subharmonics,440 + 110,"{""frequencies_hz"": ""440,110""}",psola,PSOLA,local pitch-synchronous overlap-add,-12,53,1.230657596371882,110.44240203759962,220.88480407519924,0.9822329711489888
octave_subharmonic_440_110,subharmonics,440 + 110,"{""frequencies_hz"": ""440,110""}",psola,PSOLA,local pitch-synchronous overlap-add,-12,54,1.253877551020408,110.44243566883576,220.8848713376715,0.9822308541369866
octave_subharmonic_440_110,subharmonics,440 + 110,"{""frequencies_hz"": ""440,110""}",psola,PSOLA,local pitch-synchronous overlap-add,-12,55,1.2770975056689342,110.4424047986101,220.8848095972202,0.9822293714206243
octave_subharmonic_440_110,subharmonics,440 + 110,"{""frequencies_hz"": ""440,110""}",psola,PSOLA,local pitch-synchronous overlap-add,-12,56,1.3003174603174603,110.44240886895709,220.88481773791418,0.9822359275294243
octave_subharmonic_440_110,subharmonics,440 + 110,"{""frequencies_hz"": ""440,110""}",psola,PSOLA,local pitch-synchronous overlap-add,-12,57,1.3235374149659864,110.44240141682107,220.88480283364214,0.9822366613493476
octave_subharmonic_440_110,subharmonics,440 + 110,"{""frequencies_hz"": ""440,110""}",psola,PSOLA,local pitch-synchronous overlap-add,-12,58,1.3467573696145125,110.44239712525642,220.88479425051284,0.9822317784259113
octave_subharmonic_440_110,subharmonics,440 + 110,"{""frequencies_hz"": ""440,110""}",psola,PSOLA,local pitch-synchronous overlap-add,-12,59,1.3699773242630386,110.44243893815226,220.88487787630453,0.9822300199899401
octave_subharmonic_440_110,subharmonics,440 + 110,"{""frequencies_hz"": ""440,110""}",psola,PSOLA,local pitch-synchronous overlap-add,-12,60,1.3931972789115645,110.44240962557294,220.88481925114587,0.9822311493356483
octave_subharmonic_440_110,subharmonics,440 + 110,"{""frequencies_hz"": ""440,110""}",psola,PSOLA,local pitch-synchronous overlap-add,-12,61,1.4164172335600906,110.44238306683174,220.88476613366348,0.9822388170785129
octave_subharmonic_440_110,subharmonics,440 + 110,"{""frequencies_hz"": ""440,110""}",psola,PSOLA,local pitch-synchronous overlap-add,-12,62,1.4396371882086167,110.44241918875079,220.88483837750158,0.9822330548758393
octave_subharmonic_440_110,subharmonics,440 + 110,"{""frequencies_hz"": ""440,110""}",psola,PSOLA,local pitch-synchronous overlap-add,-12,63,1.4628571428571429,110.44241338289119,220.88482676578238,0.9822310047035919
octave_subharmonic_440_110,subharmonics,440 + 110,"{""frequencies_hz"": ""440,110""}",psola,PSOLA,local pitch-synchronous overlap-add,-12,64,1.486077097505669,110.44241477514649,220.88482955029298,0.9822298245498351
octave_subharmonic_440_110,subharmonics,440 + 110,"{""frequencies_hz"": ""440,110""}",psola,PSOLA,local pitch-synchronous overlap-add,-12,65,1.509297052154195,110.44241534174058,220.88483068348117,0.9822346690994553
octave_subharmonic_440_110,subharmonics,440 + 110,"{""frequencies_hz"": ""440,110""}",psola,PSOLA,local pitch-synchronous overlap-add,-12,66,1.5325170068027212,110.4423806222655,220.884761244531,0.9822381958561606
octave_subharmonic_440_110,subharmonics,440 + 110,"{""frequencies_hz"": ""440,110""}",psola,PSOLA,local pitch-synchronous overlap-add,-12,67,1.555736961451247,110.442415221139,220.884830442278,0.9822308140032749
octave_subharmonic_440_110,subharmonics,440 + 110,"{""frequencies_hz"": ""440,110""}",psola,PSOLA,local pitch-synchronous overlap-add,-12,68,1.5789569160997732,110.44243727695968,220.88487455391936,0.9822303220586379
octave_subharmonic_440_110,subharmonics,440 + 110,"{""frequencies_hz"": ""440,110""}",psola,PSOLA,local pitch-synchronous overlap-add,-12,69,1.6021768707482993,110.4423950051483,220.8847900102966,0.9822311089177069
octave_subharmonic_440_110,subharmonics,440 + 110,"{""frequencies_hz"": ""440,110""}",psola,PSOLA,local pitch-synchronous overlap-add,-12,70,1.6253968253968254,110.44240340854388,220.88480681708776,0.9822380217137534
octave_subharmonic_440_110,subharmonics,440 + 110,"{""frequencies_hz"": ""440,110""}",psola,PSOLA,local pitch-synchronous overlap-add,-12,71,1.6486167800453515,110.44240610558451,220.88481221116902,0.9822343449398532
octave_subharmonic_440_110,subharmonics,440 + 110,"{""frequencies_hz"": ""440,110""}",psola,PSOLA,local pitch-synchronous overlap-add,-12,72,1.6718367346938776,110.44240677442116,220.88481354884232,0.9822303811753752
octave_subharmonic_440_110,subharmonics,440 + 110,"{""frequencies_hz"": ""440,110""}",psola,PSOLA,local pitch-synchronous overlap-add,-12,73,1.6950566893424037,110.4424370986985,220.884874197397,0.982230053989514
octave_subharmonic_440_110,subharmonics,440 + 110,"{""frequencies_hz"": ""440,110""}",psola,PSOLA,local pitch-synchronous overlap-add,-12,74,1.7182766439909296,110.44239769944883,220.88479539889767,0.9822339520718513
octave_subharmonic_440_110,subharmonics,440 + 110,"{""frequencies_hz"": ""440,110""}",psola,PSOLA,local pitch-synchronous overlap-add,-12,75,1.7414965986394557,110.4423834915087,220.8847669830174,0.982238715662613
octave_subharmonic_440_110,subharmonics,440 + 110,"{""frequencies_hz"": ""440,110""}",psola,PSOLA,local pitch-synchronous overlap-add,-12,76,1.7647165532879818,110.44242903705506,220.88485807411013,0.9822305763408581
octave_subharmonic_440_110,subharmonics,440 + 110,"{""frequencies_hz"": ""440,110""}",psola,PSOLA,local pitch-synchronous overlap-add,-12,77,1.787936507936508,110.44241620449549,220.88483240899097,0.9822306214395828
octave_subharmonic_440_110,subharmonics,440 + 110,"{""frequencies_hz"": ""440,110""}",psola,PSOLA,local pitch-synchronous overlap-add,-12,78,1.811156462585034,110.44240944007802,220.88481888015605,0.9822309561824037
octave_subharmonic_440_110,subharmonics,440 + 110,"{""frequencies_hz"": ""440,110""}",psola,PSOLA,local pitch-synchronous overlap-add,-12,79,1.8343764172335602,110.44240740323129,220.88481480646257,0.982237037024622
octave_subharmonic_440_110,subharmonics,440 + 110,"{""frequencies_hz"": ""440,110""}",psola,PSOLA,local pitch-synchronous overlap-add,-12,80,1.8575963718820863,110.44238468425918,220.88476936851836,0.9822359924050924
octave_subharmonic_440_110,subharmonics,440 + 110,"{""frequencies_hz"": ""440,110""}",psola,PSOLA,local pitch-synchronous overlap-add,-12,81,1.8808163265306121,110.44242672416769,220.88485344833538,0.9822292967999049
octave_subharmonic_440_110,subharmonics,440 + 110,"{""frequencies_hz"": ""440,110""}",psola,PSOLA,local pitch-synchronous overlap-add,-12,82,1.9040362811791383,110.4424345786771,220.8848691573542,0.982230647263921
octave_subharmonic_440_110,subharmonics,440 + 110,"{""frequencies_hz"": ""440,110""}",psola,PSOLA,local pitch-synchronous overlap-add,-12,83,1.9272562358276644,110.44209594932377,220.88419189864754,0.9800376778510158
octave_subharmonic_440_110,subharmonics,440 + 110,"{""frequencies_hz"": ""440,110""}",psola,PSOLA,local pitch-synchronous overlap-add,-12,84,1.9504761904761905,110.43878685941912,220.87757371883825,0.9547949399031345
octave_subharmonic_440_110,subharmonics,440 + 110,"{""frequencies_hz"": ""440,110""}",psola,PSOLA,local pitch-synchronous overlap-add,-12,85,1.9736961451247166,110.42947801143156,220.8589560228631,0.8901252290719673
octave_subharmonic_440_110,subharmonics,440 + 110,"{""frequencies_hz"": ""440,110""}",psola,PSOLA,local pitch-synchronous overlap-add,-12,86,1.9969160997732427,110.42114112403343,220.84228224806685,0.8391763002395569
octave_detuned_octave_875,detuned_octaves,440 + 875,"{""frequencies_hz"": ""440,875""}",phase_vocoder,Phase Vocoder,local phase vocoder,-12,0,0.0,219.28214474962977,438.56428949925953,0.9820145366461814
octave_detuned_octave_875,detuned_octaves,440 + 875,"{""frequencies_hz"": ""440,875""}",phase_vocoder,Phase Vocoder,local phase vocoder,-12,1,0.023219954648526078,219.07948106116174,438.1589621223235,0.9861974388138973
octave_detuned_octave_875,detuned_octaves,440 + 875,"{""frequencies_hz"": ""440,875""}",phase_vocoder,Phase Vocoder,local phase vocoder,-12,2,0.046439909297052155,218.7755094864651,437.5510189729302,0.9925878279068878
octave_detuned_octave_875,detuned_octaves,440 + 875,"{""frequencies_hz"": ""440,875""}",phase_vocoder,Phase Vocoder,local phase vocoder,-12,3,0.06965986394557823,218.67470150827472,437.34940301654945,0.994976474723801
octave_detuned_octave_875,detuned_octaves,440 + 875,"{""frequencies_hz"": ""440,875""}",phase_vocoder,Phase Vocoder,local phase vocoder,-12,4,0.09287981859410431,218.6799289049888,437.3598578099776,0.9952734104944829
octave_detuned_octave_875,detuned_octaves,440 + 875,"{""frequencies_hz"": ""440,875""}",phase_vocoder,Phase Vocoder,local phase vocoder,-12,5,0.11609977324263039,218.68232161723697,437.36464323447393,0.9954839403097762
octave_detuned_octave_875,detuned_octaves,440 + 875,"{""frequencies_hz"": ""440,875""}",phase_vocoder,Phase Vocoder,local phase vocoder,-12,6,0.13931972789115646,218.68001320764571,437.36002641529143,0.9955961245439447
octave_detuned_octave_875,detuned_octaves,440 + 875,"{""frequencies_hz"": ""440,875""}",phase_vocoder,Phase Vocoder,local phase vocoder,-12,7,0.16253968253968254,218.67936630572166,437.3587326114433,0.9956176253048872
octave_detuned_octave_875,detuned_octaves,440 + 875,"{""frequencies_hz"": ""440,875""}",phase_vocoder,Phase Vocoder,local phase vocoder,-12,8,0.18575963718820862,218.6793541707994,437.3587083415988,0.995618256285526
octave_detuned_octave_875,detuned_octaves,440 + 875,"{""frequencies_hz"": ""440,875""}",phase_vocoder,Phase Vocoder,local phase vocoder,-12,9,0.2089795918367347,218.67935356986246,437.3587071397249,0.9956183701904678
octave_detuned_octave_875,detuned_octaves,440 + 875,"{""frequencies_hz"": ""440,875""}",phase_vocoder,Phase Vocoder,local phase vocoder,-12,10,0.23219954648526078,218.6793489990034,437.3586979980068,0.9956184671689786
octave_detuned_octave_875,detuned_octaves,440 + 875,"{""frequencies_hz"": ""440,875""}",phase_vocoder,Phase Vocoder,local phase vocoder,-12,11,0.25541950113378686,218.6793505617419,437.3587011234838,0.9956183566865481
octave_detuned_octave_875,detuned_octaves,440 + 875,"{""frequencies_hz"": ""440,875""}",phase_vocoder,Phase Vocoder,local phase vocoder,-12,12,0.2786394557823129,218.67935525219673,437.35871050439346,0.9956182079010113
octave_detuned_octave_875,detuned_octaves,440 + 875,"{""frequencies_hz"": ""440,875""}",phase_vocoder,Phase Vocoder,local phase vocoder,-12,13,0.301859410430839,218.6793541078142,437.3587082156284,0.9956183773425414
octave_detuned_octave_875,detuned_octaves,440 + 875,"{""frequencies_hz"": ""440,875""}",phase_vocoder,Phase Vocoder,local phase vocoder,-12,14,0.3250793650793651,218.67934767247945,437.3586953449589,0.9956184496172434
octave_detuned_octave_875,detuned_octaves,440 + 875,"{""frequencies_hz"": ""440,875""}",phase_vocoder,Phase Vocoder,local phase vocoder,-12,15,0.34829931972789113,218.67934875450263,437.35869750900525,0.9956183384326368
octave_detuned_octave_875,detuned_octaves,440 + 875,"{""frequencies_hz"": ""440,875""}",phase_vocoder,Phase Vocoder,local phase vocoder,-12,16,0.37151927437641724,218.67935398527385,437.3587079705477,0.9956182267713892
octave_detuned_octave_875,detuned_octaves,440 + 875,"{""frequencies_hz"": ""440,875""}",phase_vocoder,Phase Vocoder,local phase vocoder,-12,17,0.3947392290249433,218.6793542127192,437.3587084254384,0.9956182745077099
octave_detuned_octave_875,detuned_octaves,440 + 875,"{""frequencies_hz"": ""440,875""}",phase_vocoder,Phase Vocoder,local phase vocoder,-12,18,0.4179591836734694,218.67934874882422,437.35869749764845,0.9956182905250129
octave_detuned_octave_875,detuned_octaves,440 + 875,"{""frequencies_hz"": ""440,875""}",phase_vocoder,Phase Vocoder,local phase vocoder,-12,19,0.44117913832199546,218.67934809385386,437.3586961877077,0.9956184028339086
octave_detuned_octave_875,detuned_octaves,440 + 875,"{""frequencies_hz"": ""440,875""}",phase_vocoder,Phase Vocoder,local phase vocoder,-12,20,0.46439909297052157,218.67935188232133,437.35870376464266,0.9956184033659787
octave_detuned_octave_875,detuned_octaves,440 + 875,"{""frequencies_hz"": ""440,875""}",phase_vocoder,Phase Vocoder,local phase vocoder,-12,21,0.4876190476190476,218.67935441812284,437.3587088362457,0.995618283046393
octave_detuned_octave_875,detuned_octaves,440 + 875,"{""frequencies_hz"": ""440,875""}",phase_vocoder,Phase Vocoder,local phase vocoder,-12,22,0.5108390022675737,218.67935057107746,437.3587011421549,0.995618229455638
octave_detuned_octave_875,detuned_octaves,440 + 875,"{""frequencies_hz"": ""440,875""}",phase_vocoder,Phase Vocoder,local phase vocoder,-12,23,0.5340589569160997,218.67934724009038,437.35869448018076,0.9956184072861799
octave_detuned_octave_875,detuned_octaves,440 + 875,"{""frequencies_hz"": ""440,875""}",phase_vocoder,Phase Vocoder,local phase vocoder,-12,24,0.5572789115646258,218.67934949818712,437.35869899637424,0.9956183828788949
octave_detuned_octave_875,detuned_octaves,440 + 875,"{""frequencies_hz"": ""440,875""}",phase_vocoder,Phase Vocoder,local phase vocoder,-12,25,0.5804988662131519,218.67935412040393,437.35870824080786,0.9956182624926205
octave_detuned_octave_875,detuned_octaves,440 + 875,"{""frequencies_hz"": ""440,875""}",phase_vocoder,Phase Vocoder,local phase vocoder,-12,26,0.603718820861678,218.6793515971822,437.3587031943644,0.9956182642371252
octave_detuned_octave_875,detuned_octaves,440 + 875,"{""frequencies_hz"": ""440,875""}",phase_vocoder,Phase Vocoder,local phase vocoder,-12,27,0.626938775510204,218.67934780344885,437.3586956068977,0.995618350239976
octave_detuned_octave_875,detuned_octaves,440 + 875,"{""frequencies_hz"": ""440,875""}",phase_vocoder,Phase Vocoder,local phase vocoder,-12,28,0.6501587301587302,218.67935039256113,437.35870078512227,0.9956182811328798
octave_detuned_octave_875,detuned_octaves,440 + 875,"{""frequencies_hz"": ""440,875""}",phase_vocoder,Phase Vocoder,local phase vocoder,-12,29,0.6733786848072563,218.67935528102402,437.35871056204803,0.9956183559433515
octave_detuned_octave_875,detuned_octaves,440 + 875,"{""frequencies_hz"": ""440,875""}",phase_vocoder,Phase Vocoder,local phase vocoder,-12,30,0.6965986394557823,218.67935248800168,437.35870497600337,0.9956184427528509
octave_detuned_octave_875,detuned_octaves,440 + 875,"{""frequencies_hz"": ""440,875""}",phase_vocoder,Phase Vocoder,local phase vocoder,-12,31,0.7198185941043084,218.67934897617104,437.3586979523421,0.9956183958983679
octave_detuned_octave_875,detuned_octaves,440 + 875,"{""frequencies_hz"": ""440,875""}",phase_vocoder,Phase Vocoder,local phase vocoder,-12,32,0.7430385487528345,218.67935109997316,437.3587021999463,0.9956182746769838
octave_detuned_octave_875,detuned_octaves,440 + 875,"{""frequencies_hz"": ""440,875""}",phase_vocoder,Phase Vocoder,local phase vocoder,-12,33,0.7662585034013606,218.67935489121706,437.3587097824341,0.9956183574332135
octave_detuned_octave_875,detuned_octaves,440 + 875,"{""frequencies_hz"": ""440,875""}",phase_vocoder,Phase Vocoder,local phase vocoder,-12,34,0.7894784580498866,218.67935257372096,437.3587051474419,0.9956183693269638
octave_detuned_octave_875,detuned_octaves,440 + 875,"{""frequencies_hz"": ""440,875""}",phase_vocoder,Phase Vocoder,local phase vocoder,-12,35,0.8126984126984127,218.67934935627835,437.3586987125567,0.9956183603721591
octave_detuned_octave_875,detuned_octaves,440 + 875,"{""frequencies_hz"": ""440,875""}",phase_vocoder,Phase Vocoder,local phase vocoder,-12,36,0.8359183673469388,218.6793497205835,437.358699441167,0.9956183334568707
octave_detuned_octave_875,detuned_octaves,440 + 875,"{""frequencies_hz"": ""440,875""}",phase_vocoder,Phase Vocoder,local phase vocoder,-12,37,0.8591383219954648,218.67935386801088,437.35870773602176,0.9956182910175984
octave_detuned_octave_875,detuned_octaves,440 + 875,"{""frequencies_hz"": ""440,875""}",phase_vocoder,Phase Vocoder,local phase vocoder,-12,38,0.8823582766439909,218.67935456106443,437.35870912212886,0.995618214828935
octave_detuned_octave_875,detuned_octaves,440 + 875,"{""frequencies_hz"": ""440,875""}",phase_vocoder,Phase Vocoder,local phase vocoder,-12,39,0.905578231292517,218.6793507371906,437.3587014743812,0.9956183958546839
octave_detuned_octave_875,detuned_octaves,440 + 875,"{""frequencies_hz"": ""440,875""}",phase_vocoder,Phase Vocoder,local phase vocoder,-12,40,0.9287981859410431,218.67934774266965,437.3586954853393,0.9956184797052594
octave_detuned_octave_875,detuned_octaves,440 + 875,"{""frequencies_hz"": ""440,875""}",phase_vocoder,Phase Vocoder,local phase vocoder,-12,41,0.9520181405895691,218.6793522248904,437.3587044497808,0.9956183099728201
octave_detuned_octave_875,detuned_octaves,440 + 875,"{""frequencies_hz"": ""440,875""}",phase_vocoder,Phase Vocoder,local phase vocoder,-12,42,0.9752380952380952,218.6793557512245,437.358711502449,0.9956181595853176
octave_detuned_octave_875,detuned_octaves,440 + 875,"{""frequencies_hz"": ""440,875""}",phase_vocoder,Phase Vocoder,local phase vocoder,-12,43,0.9984580498866213,218.6793515846435,437.358703169287,0.9956183317505621
octave_detuned_octave_875,detuned_octaves,440 + 875,"{""frequencies_hz"": ""440,875""}",phase_vocoder,Phase Vocoder,local phase vocoder,-12,44,1.0216780045351475,218.6793461847324,437.3586923694648,0.9956183837903111
octave_detuned_octave_875,detuned_octaves,440 + 875,"{""frequencies_hz"": ""440,875""}",phase_vocoder,Phase Vocoder,local phase vocoder,-12,45,1.0448979591836736,218.67934977159544,437.3586995431909,0.9956183047242136
octave_detuned_octave_875,detuned_octaves,440 + 875,"{""frequencies_hz"": ""440,875""}",phase_vocoder,Phase Vocoder,local phase vocoder,-12,46,1.0681179138321995,218.67935465098262,437.35870930196523,0.9956182397523753
octave_detuned_octave_875,detuned_octaves,440 + 875,"{""frequencies_hz"": ""440,875""}",phase_vocoder,Phase Vocoder,local phase vocoder,-12,47,1.0913378684807256,218.679353119626,437.358706239252,0.9956182733755397
octave_detuned_octave_875,detuned_octaves,440 + 875,"{""frequencies_hz"": ""440,875""}",phase_vocoder,Phase Vocoder,local phase vocoder,-12,48,1.1145578231292517,218.67934837616355,437.3586967523271,0.9956182721075179
octave_detuned_octave_875,detuned_octaves,440 + 875,"{""frequencies_hz"": ""440,875""}",phase_vocoder,Phase Vocoder,local phase vocoder,-12,49,1.1377777777777778,218.679349217603,437.358698435206,0.9956184090373841
octave_detuned_octave_875,detuned_octaves,440 + 875,"{""frequencies_hz"": ""440,875""}",phase_vocoder,Phase Vocoder,local phase vocoder,-12,50,1.1609977324263039,218.67935331765355,437.3587066353071,0.9956184220723995
octave_detuned_octave_875,detuned_octaves,440 + 875,"{""frequencies_hz"": ""440,875""}",phase_vocoder,Phase Vocoder,local phase vocoder,-12,51,1.18421768707483,218.67935509312338,437.35871018624675,0.9956183140236243
octave_detuned_octave_875,detuned_octaves,440 + 875,"{""frequencies_hz"": ""440,875""}",phase_vocoder,Phase Vocoder,local phase vocoder,-12,52,1.207437641723356,218.67935116932156,437.3587023386431,0.9956182638404325
octave_detuned_octave_875,detuned_octaves,440 + 875,"{""frequencies_hz"": ""440,875""}",phase_vocoder,Phase Vocoder,local phase vocoder,-12,53,1.230657596371882,218.67934842547734,437.3586968509547,0.995618392775407
octave_detuned_octave_875,detuned_octaves,440 + 875,"{""frequencies_hz"": ""440,875""}",phase_vocoder,Phase Vocoder,local phase vocoder,-12,54,1.253877551020408,218.6793514709971,437.3587029419942,0.9956183411548825
octave_detuned_octave_875,detuned_octaves,440 + 875,"{""frequencies_hz"": ""440,875""}",phase_vocoder,Phase Vocoder,local phase vocoder,-12,55,1.2770975056689342,218.6793554236478,437.3587108472956,0.9956183061652404
octave_detuned_octave_875,detuned_octaves,440 + 875,"{""frequencies_hz"": ""440,875""}",phase_vocoder,Phase Vocoder,local phase vocoder,-12,56,1.3003174603174603,218.67935178071428,437.35870356142857,0.9956183592104373
octave_detuned_octave_875,detuned_octaves,440 + 875,"{""frequencies_hz"": ""440,875""}",phase_vocoder,Phase Vocoder,local phase vocoder,-12,57,1.3235374149659864,218.67934801122126,437.35869602244253,0.9956183724330502
octave_detuned_octave_875,detuned_octaves,440 + 875,"{""frequencies_hz"": ""440,875""}",phase_vocoder,Phase Vocoder,local phase vocoder,-12,58,1.3467573696145125,218.67935149251957,437.35870298503914,0.9956182509558408
octave_detuned_octave_875,detuned_octaves,440 + 875,"{""frequencies_hz"": ""440,875""}",phase_vocoder,Phase Vocoder,local phase vocoder,-12,59,1.3699773242630386,218.67935572935602,437.35871145871204,0.9956183674079241
octave_detuned_octave_875,detuned_octaves,440 + 875,"{""frequencies_hz"": ""440,875""}",phase_vocoder,Phase Vocoder,local phase vocoder,-12,60,1.3931972789115645,218.6793516128258,437.3587032256516,0.9956184657547581
octave_detuned_octave_875,detuned_octaves,440 + 875,"{""frequencies_hz"": ""440,875""}",phase_vocoder,Phase Vocoder,local phase vocoder,-12,61,1.4164172335600906,218.67934787307055,437.3586957461411,0.995618383543527
octave_detuned_octave_875,detuned_octaves,440 + 875,"{""frequencies_hz"": ""440,875""}",phase_vocoder,Phase Vocoder,local phase vocoder,-12,62,1.4396371882086167,218.67935078818095,437.3587015763619,0.9956182411217951
octave_detuned_octave_875,detuned_octaves,440 + 875,"{""frequencies_hz"": ""440,875""}",phase_vocoder,Phase Vocoder,local phase vocoder,-12,63,1.4628571428571429,218.67935441353345,437.3587088270669,0.9956183052786587
octave_detuned_octave_875,detuned_octaves,440 + 875,"{""frequencies_hz"": ""440,875""}",phase_vocoder,Phase Vocoder,local phase vocoder,-12,64,1.486077097505669,218.6793511537875,437.358702307575,0.9956183181748484
octave_detuned_octave_875,detuned_octaves,440 + 875,"{""frequencies_hz"": ""440,875""}",phase_vocoder,Phase Vocoder,local phase vocoder,-12,65,1.509297052154195,218.6793473764793,437.3586947529586,0.9956183607203788
octave_detuned_octave_875,detuned_octaves,440 + 875,"{""frequencies_hz"": ""440,875""}",phase_vocoder,Phase Vocoder,local phase vocoder,-12,66,1.5325170068027212,218.6793487654367,437.3586975308734,0.9956183557024957
octave_detuned_octave_875,detuned_octaves,440 + 875,"{""frequencies_hz"": ""440,875""}",phase_vocoder,Phase Vocoder,local phase vocoder,-12,67,1.555736961451247,218.67935360280183,437.35870720560365,0.9956182756614156
octave_detuned_octave_875,detuned_octaves,440 + 875,"{""frequencies_hz"": ""440,875""}",phase_vocoder,Phase Vocoder,local phase vocoder,-12,68,1.5789569160997732,218.67935339852943,437.35870679705886,0.9956181932416307
octave_detuned_octave_875,detuned_octaves,440 + 875,"{""frequencies_hz"": ""440,875""}",phase_vocoder,Phase Vocoder,local phase vocoder,-12,69,1.6021768707482993,218.67934874403335,437.3586974880667,0.9956183928489749
octave_detuned_octave_875,detuned_octaves,440 + 875,"{""frequencies_hz"": ""440,875""}",phase_vocoder,Phase Vocoder,local phase vocoder,-12,70,1.6253968253968254,218.67934781542277,437.35869563084555,0.9956184578303632
octave_detuned_octave_875,detuned_octaves,440 + 875,"{""frequencies_hz"": ""440,875""}",phase_vocoder,Phase Vocoder,local phase vocoder,-12,71,1.6486167800453515,218.6793537400744,437.3587074801488,0.9956182942531002
octave_detuned_octave_875,detuned_octaves,440 + 875,"{""frequencies_hz"": ""440,875""}",phase_vocoder,Phase Vocoder,local phase vocoder,-12,72,1.6718367346938776,218.6793553570255,437.358710714051,0.9956181863245628
octave_detuned_octave_875,detuned_octaves,440 + 875,"{""frequencies_hz"": ""440,875""}",phase_vocoder,Phase Vocoder,local phase vocoder,-12,73,1.6950566893424037,218.6793495465572,437.3586990931144,0.9956183376119649
octave_detuned_octave_875,detuned_octaves,440 + 875,"{""frequencies_hz"": ""440,875""}",phase_vocoder,Phase Vocoder,local phase vocoder,-12,74,1.7182766439909296,218.67934709733407,437.35869419466815,0.9956183521186995
octave_detuned_octave_875,detuned_octaves,440 + 875,"{""frequencies_hz"": ""440,875""}",phase_vocoder,Phase Vocoder,local phase vocoder,-12,75,1.7414965986394557,218.67935284102148,437.35870568204297,0.9956183387569164
octave_detuned_octave_875,detuned_octaves,440 + 875,"{""frequencies_hz"": ""440,875""}",phase_vocoder,Phase Vocoder,local phase vocoder,-12,76,1.7647165532879818,218.67935495757365,437.3587099151473,0.9956183462488548
octave_detuned_octave_875,detuned_octaves,440 + 875,"{""frequencies_hz"": ""440,875""}",phase_vocoder,Phase Vocoder,local phase vocoder,-12,77,1.787936507936508,218.67934683090002,437.35869366180003,0.9956183846097244
octave_detuned_octave_875,detuned_octaves,440 + 875,"{""frequencies_hz"": ""440,875""}",phase_vocoder,Phase Vocoder,local phase vocoder,-12,78,1.811156462585034,218.67910559979123,437.35821119958246,0.9956208833719389
octave_detuned_octave_875,detuned_octaves,440 + 875,"{""frequencies_hz"": ""440,875""}",phase_vocoder,Phase Vocoder,local phase vocoder,-12,79,1.8343764172335602,218.67747447148818,437.35494894297636,0.9956380045116686
octave_detuned_octave_875,detuned_octaves,440 + 875,"{""frequencies_hz"": ""440,875""}",phase_vocoder,Phase Vocoder,local phase vocoder,-12,80,1.8575963718820863,218.67758466738795,437.3551693347759,0.99564714613539
octave_detuned_octave_875,detuned_octaves,440 + 875,"{""frequencies_hz"": ""440,875""}",phase_vocoder,Phase Vocoder,local phase vocoder,-12,81,1.8808163265306121,218.69203887126938,437.38407774253875,0.9955459093934519
octave_detuned_octave_875,detuned_octaves,440 + 875,"{""frequencies_hz"": ""440,875""}",phase_vocoder,Phase Vocoder,local phase vocoder,-12,82,1.9040362811791383,218.67538379090828,437.35076758181657,0.9951912104645758
octave_detuned_octave_875,detuned_octaves,440 + 875,"{""frequencies_hz"": ""440,875""}",phase_vocoder,Phase Vocoder,local phase vocoder,-12,83,1.9272562358276644,218.48730592465355,436.9746118493071,0.9941496979424778
octave_detuned_octave_875,detuned_octaves,440 + 875,"{""frequencies_hz"": ""440,875""}",phase_vocoder,Phase Vocoder,local phase vocoder,-12,84,1.9504761904761905,217.99167012430706,435.9833402486141,0.9872611343187384
octave_detuned_octave_875,detuned_octaves,440 + 875,"{""frequencies_hz"": ""440,875""}",phase_vocoder,Phase Vocoder,local phase vocoder,-12,85,1.9736961451247166,217.13683308707763,434.27366617415527,0.9666937096155073
octave_detuned_octave_875,detuned_octaves,440 + 875,"{""frequencies_hz"": ""440,875""}",phase_vocoder,Phase Vocoder,local phase vocoder,-12,86,1.9969160997732427,216.41107805087353,432.82215610174705,0.949079664294753
octave_detuned_octave_875,detuned_octaves,440 + 875,"{""frequencies_hz"": ""440,875""}",wsola,WSOLA,local waveform-similarity overlap-add,-12,0,0.0,742.2395114951066,1484.4790229902133,0.18895339430428149
octave_detuned_octave_875,detuned_octaves,440 + 875,"{""frequencies_hz"": ""440,875""}",wsola,WSOLA,local waveform-similarity overlap-add,-12,1,0.023219954648526078,742.2334571963282,1484.4669143926565,0.1895416451275202
octave_detuned_octave_875,detuned_octaves,440 + 875,"{""frequencies_hz"": ""440,875""}",wsola,WSOLA,local waveform-similarity overlap-add,-12,2,0.046439909297052155,742.2036042134174,1484.4072084268348,0.19366914082927747
octave_detuned_octave_875,detuned_octaves,440 + 875,"{""frequencies_hz"": ""440,875""}",wsola,WSOLA,local waveform-similarity overlap-add,-12,3,0.06965986394557823,742.0101571127854,1484.0203142255707,0.25516964438128475
octave_detuned_octave_875,detuned_octaves,440 + 875,"{""frequencies_hz"": ""440,875""}",wsola,WSOLA,local waveform-similarity overlap-add,-12,4,0.09287981859410431,200.37799400857793,400.75598801715586,0.9993762369871182
octave_detuned_octave_875,detuned_octaves,440 + 875,"{""frequencies_hz"": ""440,875""}",wsola,WSOLA,local waveform-similarity overlap-add,-12,5,0.11609977324263039,223.0566376026967,446.1132752053934,0.9942628584527621
octave_detuned_octave_875,detuned_octaves,440 + 875,"{""frequencies_hz"": ""440,875""}",wsola,WSOLA,local waveform-similarity overlap-add,-12,6,0.13931972789115646,223.08361633216865,446.1672326643373,0.9943607872744717
octave_detuned_octave_875,detuned_octaves,440 + 875,"{""frequencies_hz"": ""440,875""}",wsola,WSOLA,local waveform-similarity overlap-add,-12,7,0.16253968253968254,223.00852688515843,446.01705377031686,0.9946593763784055
octave_detuned_octave_875,detuned_octaves,440 + 875,"{""frequencies_hz"": ""440,875""}",wsola,WSOLA,local waveform-similarity overlap-add,-12,8,0.18575963718820862,222.98200163763246,445.96400327526493,0.9947980272060168
octave_detuned_octave_875,detuned_octaves,440 + 875,"{""frequencies_hz"": ""440,875""}",wsola,WSOLA,local waveform-similarity overlap-add,-12,9,0.2089795918367347,222.99719865797647,445.99439731595294,0.9947973464326282
octave_detuned_octave_875,detuned_octaves,440 + 875,"{""frequencies_hz"": ""440,875""}",wsola,WSOLA,local waveform-similarity overlap-add,-12,10,0.23219954648526078,222.9741197777245,445.948239555449,0.9948277123127343
octave_detuned_octave_875,detuned_octaves,440 + 875,"{""frequencies_hz"": ""440,875""}",wsola,WSOLA,local waveform-similarity overlap-add,-12,11,0.25541950113378686,222.95711182090136,445.9142236418027,0.9948370041684395
octave_detuned_octave_875,detuned_octaves,440 + 875,"{""frequencies_hz"": ""440,875""}",wsola,WSOLA,local waveform-similarity overlap-add,-12,12,0.2786394557823129,222.96953370077037,445.93906740154074,0.9948369547960577
octave_detuned_octave_875,detuned_octaves,440 + 875,"{""frequencies_hz"": ""440,875""}",wsola,WSOLA,local waveform-similarity overlap-add,-12,13,0.301859410430839,222.99362905077456,445.9872581015491,0.9948451892296173
octave_detuned_octave_875,detuned_octaves,440 + 875,"{""frequencies_hz"": ""440,875""}",wsola,WSOLA,local waveform-similarity overlap-add,-12,14,0.3250793650793651,223.0163390690562,446.0326781381124,0.9948253539199682
octave_detuned_octave_875,detuned_octaves,440 + 875,"{""frequencies_hz"": ""440,875""}",wsola,WSOLA,local waveform-similarity overlap-add,-12,15,0.34829931972789113,223.00480854501112,446.00961709002223,0.994820275251101
octave_detuned_octave_875,detuned_octaves,440 + 875,"{""frequencies_hz"": ""440,875""}",wsola,WSOLA,local waveform-similarity overlap-add,-12,16,0.37151927437641724,222.96857895689152,445.93715791378304,0.994839199168221
octave_detuned_octave_875,detuned_octaves,440 + 875,"{""frequencies_hz"": ""440,875""}",wsola,WSOLA,local waveform-similarity overlap-add,-12,17,0.3947392290249433,222.95783495707903,445.91566991415806,0.9948363350471516
octave_detuned_octave_875,detuned_octaves,440 + 875,"{""frequencies_hz"": ""440,875""}",wsola,WSOLA,local waveform-similarity overlap-add,-12,18,0.4179591836734694,222.97353193030557,445.94706386061114,0.9948397632180038
octave_detuned_octave_875,detuned_octaves,440 + 875,"{""frequencies_hz"": ""440,875""}",wsola,WSOLA,local waveform-similarity overlap-add,-12,19,0.44117913832199546,222.99895147885195,445.9979029577039,0.9948439137093192
octave_detuned_octave_875,detuned_octaves,440 + 875,"{""frequencies_hz"": ""440,875""}",wsola,WSOLA,local waveform-similarity overlap-add,-12,20,0.46439909297052157,223.0176112961588,446.0352225923176,0.9948215100393007
octave_detuned_octave_875,detuned_octaves,440 + 875,"{""frequencies_hz"": ""440,875""}",wsola,WSOLA,local waveform-similarity overlap-add,-12,21,0.4876190476190476,222.99811076997878,445.99622153995756,0.9948237674994488
octave_detuned_octave_875,detuned_octaves,440 + 875,"{""frequencies_hz"": ""440,875""}",wsola,WSOLA,local waveform-similarity overlap-add,-12,22,0.5108390022675737,222.96357487941856,445.9271497588371,0.9948401961494608
octave_detuned_octave_875,detuned_octaves,440 + 875,"{""frequencies_hz"": ""440,875""}",wsola,WSOLA,local waveform-similarity overlap-add,-12,23,0.5340589569160997,222.95960577475026,445.9192115495005,0.9948346890330796
octave_detuned_octave_875,detuned_octaves,440 + 875,"{""frequencies_hz"": ""440,875""}",wsola,WSOLA,local waveform-similarity overlap-add,-12,24,0.5572789115646258,222.97788983777525,445.9557796755505,0.9948415842924468
octave_detuned_octave_875,detuned_octaves,440 + 875,"{""frequencies_hz"": ""440,875""}",wsola,WSOLA,local waveform-similarity overlap-add,-12,25,0.5804988662131519,223.00418331659688,446.00836663319376,0.9948398688048734
octave_detuned_octave_875,detuned_octaves,440 + 875,"{""frequencies_hz"": ""440,875""}",wsola,WSOLA,local waveform-similarity overlap-add,-12,26,0.603718820861678,223.0172466318255,446.034493263651,0.9948180059364542
octave_detuned_octave_875,detuned_octaves,440 + 875,"{""frequencies_hz"": ""440,875""}",wsola,WSOLA,local waveform-similarity overlap-add,-12,27,0.626938775510204,222.99075148110313,445.98150296220626,0.9948274963326316
octave_detuned_octave_875,detuned_octaves,440 + 875,"{""frequencies_hz"": ""440,875""}",wsola,WSOLA,local waveform-similarity overlap-add,-12,28,0.6501587301587302,222.95996888079526,445.9199377615905,0.9948400632656071
octave_detuned_octave_875,detuned_octaves,440 + 875,"{""frequencies_hz"": ""440,875""}",wsola,WSOLA,local waveform-similarity overlap-add,-12,29,0.6733786848072563,222.96215081153676,445.9243016230735,0.9948345814628504
octave_detuned_octave_875,detuned_octaves,440 + 875,"{""frequencies_hz"": ""440,875""}",wsola,WSOLA,local waveform-similarity overlap-add,-12,30,0.6965986394557823,222.98253980605742,445.96507961211483,0.9948442100522487
octave_detuned_octave_875,detuned_octaves,440 + 875,"{""frequencies_hz"": ""440,875""}",wsola,WSOLA,local waveform-similarity overlap-add,-12,31,0.7198185941043084,223.00897265873422,446.01794531746845,0.99483625204775
octave_detuned_octave_875,detuned_octaves,440 + 875,"{""frequencies_hz"": ""440,875""}",wsola,WSOLA,local waveform-similarity overlap-add,-12,32,0.7430385487528345,223.01515303648003,446.03030607296006,0.9948189891763372
octave_detuned_octave_875,detuned_octaves,440 + 875,"{""frequencies_hz"": ""440,875""}",wsola,WSOLA,local waveform-similarity overlap-add,-12,33,0.7662585034013606,222.98846275508168,445.97692551016337,0.9948450812702733
octave_detuned_octave_875,detuned_octaves,440 + 875,"{""frequencies_hz"": ""440,875""}",wsola,WSOLA,local waveform-similarity overlap-add,-12,34,0.7894784580498866,222.99922385395956,445.9984477079191,0.9948336258485017
octave_detuned_octave_875,detuned_octaves,440 + 875,"{""frequencies_hz"": ""440,875""}",wsola,WSOLA,local waveform-similarity overlap-add,-12,35,0.8126984126984127,223.0606512968767,446.1213025937534,0.9947620444037123
octave_detuned_octave_875,detuned_octaves,440 + 875,"{""frequencies_hz"": ""440,875""}",wsola,WSOLA,local waveform-similarity overlap-add,-12,36,0.8359183673469388,223.07204489190434,446.1440897838087,0.9947827507621645
octave_detuned_octave_875,detuned_octaves,440 + 875,"{""frequencies_hz"": ""440,875""}",wsola,WSOLA,local waveform-similarity overlap-add,-12,37,0.8591383219954648,223.0393308057687,446.0786616115374,0.9948618925178283
octave_detuned_octave_875,detuned_octaves,440 + 875,"{""frequencies_hz"": ""440,875""}",wsola,WSOLA,local waveform-similarity overlap-add,-12,38,0.8823582766439909,223.05376575441667,446.10753150883335,0.9948293307454812
octave_detuned_octave_875,detuned_octaves,440 + 875,"{""frequencies_hz"": ""440,875""}",wsola,WSOLA,local waveform-similarity overlap-add,-12,39,0.905578231292517,223.07680893005545,446.1536178601109,0.9947553144141661
octave_detuned_octave_875,detuned_octaves,440 + 875,"{""frequencies_hz"": ""440,875""}",wsola,WSOLA,local waveform-similarity overlap-add,-12,40,0.9287981859410431,223.03097532601163,446.06195065202326,0.9947938746898848
octave_detuned_octave_875,detuned_octaves,440 + 875,"{""frequencies_hz"": ""440,875""}",wsola,WSOLA,local waveform-similarity overlap-add,-12,41,0.9520181405895691,222.98444786907987,445.96889573815974,0.9948506080840955
octave_detuned_octave_875,detuned_octaves,440 + 875,"{""frequencies_hz"": ""440,875""}",wsola,WSOLA,local waveform-similarity overlap-add,-12,42,0.9752380952380952,223.00245472643067,446.00490945286134,0.9948282570590561
octave_detuned_octave_875,detuned_octaves,440 + 875,"{""frequencies_hz"": ""440,875""}",wsola,WSOLA,local waveform-similarity overlap-add,-12,43,0.9984580498866213,223.01718595514308,446.03437191028615,0.9948231114837396
octave_detuned_octave_875,detuned_octaves,440 + 875,"{""frequencies_hz"": ""440,875""}",wsola,WSOLA,local waveform-similarity overlap-add,-12,44,1.0216780045351475,222.99635053774267,445.99270107548534,0.994844733497533
octave_detuned_octave_875,detuned_octaves,440 + 875,"{""frequencies_hz"": ""440,875""}",wsola,WSOLA,local waveform-similarity overlap-add,-12,45,1.0448979591836736,222.97153112798563,445.94306225597126,0.9948384259655659
octave_detuned_octave_875,detuned_octaves,440 + 875,"{""frequencies_hz"": ""440,875""}",wsola,WSOLA,local waveform-similarity overlap-add,-12,46,1.0681179138321995,222.9573322046126,445.9146644092252,0.9948370963983845
octave_detuned_octave_875,detuned_octaves,440 + 875,"{""frequencies_hz"": ""440,875""}",wsola,WSOLA,local waveform-similarity overlap-add,-12,47,1.0913378684807256,222.9714866020084,445.9429732040168,0.9948382580795148
octave_detuned_octave_875,detuned_octaves,440 + 875,"{""frequencies_hz"": ""440,875""}",wsola,WSOLA,local waveform-similarity overlap-add,-12,48,1.1145578231292517,223.0077028427343,446.0154056854686,0.9948193839245257
octave_detuned_octave_875,detuned_octaves,440 + 875,"{""frequencies_hz"": ""440,875""}",wsola,WSOLA,local waveform-similarity overlap-add,-12,49,1.1377777777777778,223.01603562451075,446.0320712490215,0.9948354060517429
octave_detuned_octave_875,detuned_octaves,440 + 875,"{""frequencies_hz"": ""440,875""}",wsola,WSOLA,local waveform-similarity overlap-add,-12,50,1.1609977324263039,223.00843847907404,446.0168769581481,0.9948622123055392
octave_detuned_octave_875,detuned_octaves,440 + 875,"{""frequencies_hz"": ""440,875""}",wsola,WSOLA,local waveform-similarity overlap-add,-12,51,1.18421768707483,223.0352190821177,446.0704381642354,0.994812293805251
octave_detuned_octave_875,detuned_octaves,440 + 875,"{""frequencies_hz"": ""440,875""}",wsola,WSOLA,local waveform-similarity overlap-add,-12,52,1.207437641723356,223.04984844127773,446.09969688255546,0.9947832396620738
octave_detuned_octave_875,detuned_octaves,440 + 875,"{""frequencies_hz"": ""440,875""}",wsola,WSOLA,local waveform-similarity overlap-add,-12,53,1.230657596371882,223.01967363819998,446.03934727639995,0.9948421053928997
octave_detuned_octave_875,detuned_octaves,440 + 875,"{""frequencies_hz"": ""440,875""}",wsola,WSOLA,local waveform-similarity overlap-add,-12,54,1.253877551020408,223.00932489856848,446.01864979713696,0.9948563411498451
octave_detuned_octave_875,detuned_octaves,440 + 875,"{""frequencies_hz"": ""440,875""}",wsola,WSOLA,local waveform-similarity overlap-add,-12,55,1.2770975056689342,223.01750639832335,446.0350127966467,0.9948207959516048
octave_detuned_octave_875,detuned_octaves,440 + 875,"{""frequencies_hz"": ""440,875""}",wsola,WSOLA,local waveform-similarity overlap-add,-12,56,1.3003174603174603,222.99208190803944,445.9841638160789,0.9948267238439784
octave_detuned_octave_875,detuned_octaves,440 + 875,"{""frequencies_hz"": ""440,875""}",wsola,WSOLA,local waveform-similarity overlap-add,-12,57,1.3235374149659864,222.9605043320005,445.921008664001,0.9948399723341989
octave_detuned_octave_875,detuned_octaves,440 + 875,"{""frequencies_hz"": ""440,875""}",wsola,WSOLA,local waveform-similarity overlap-add,-12,58,1.3467573696145125,222.96165661999234,445.9233132399847,0.9948343885254902
octave_detuned_octave_875,detuned_octaves,440 + 875,"{""frequencies_hz"": ""440,875""}",wsola,WSOLA,local waveform-similarity overlap-add,-12,59,1.3699773242630386,222.9816974362702,445.9633948725404,0.994843691475119
octave_detuned_octave_875,detuned_octaves,440 + 875,"{""frequencies_hz"": ""440,875""}",wsola,WSOLA,local waveform-similarity overlap-add,-12,60,1.3931972789115645,223.00816911565175,446.0163382313035,0.9948369457637494
octave_detuned_octave_875,detuned_octaves,440 + 875,"{""frequencies_hz"": ""440,875""}",wsola,WSOLA,local waveform-similarity overlap-add,-12,61,1.4164172335600906,223.01560873350357,446.03121746700714,0.9948175698947728
octave_detuned_octave_875,detuned_octaves,440 + 875,"{""frequencies_hz"": ""440,875""}",wsola,WSOLA,local waveform-similarity overlap-add,-12,62,1.4396371882086167,222.98452982636704,445.9690596527341,0.9948317747555754
octave_detuned_octave_875,detuned_octaves,440 + 875,"{""frequencies_hz"": ""440,875""}",wsola,WSOLA,local waveform-similarity overlap-add,-12,63,1.4628571428571429,222.9580948036828,445.9161896073656,0.9948400144661882
octave_detuned_octave_875,detuned_octaves,440 + 875,"{""frequencies_hz"": ""440,875""}",wsola,WSOLA,local waveform-similarity overlap-add,-12,64,1.486077097505669,222.96468883824096,445.9293776764819,0.9948353497838036
octave_detuned_octave_875,detuned_octaves,440 + 875,"{""frequencies_hz"": ""440,875""}",wsola,WSOLA,local waveform-similarity overlap-add,-12,65,1.509297052154195,222.98659849887528,445.97319699775056,0.9948454490936399
octave_detuned_octave_875,detuned_octaves,440 + 875,"{""frequencies_hz"": ""440,875""}",wsola,WSOLA,local waveform-similarity overlap-add,-12,66,1.5325170068027212,223.01236776537644,446.0247355307529,0.9948318287223947
octave_detuned_octave_875,detuned_octaves,440 + 875,"{""frequencies_hz"": ""440,875""}",wsola,WSOLA,local waveform-similarity overlap-add,-12,67,1.555736961451247,223.01205817492882,446.02411634985765,0.994817142735239
octave_detuned_octave_875,detuned_octaves,440 + 875,"{""frequencies_hz"": ""440,875""}",wsola,WSOLA,local waveform-similarity overlap-add,-12,68,1.5789569160997732,222.977245484965,445.95449096993,0.9948348146379389
octave_detuned_octave_875,detuned_octaves,440 + 875,"{""frequencies_hz"": ""440,875""}",wsola,WSOLA,local waveform-similarity overlap-add,-12,69,1.6021768707482993,222.95713238933675,445.9142647786735,0.9948376847392384
octave_detuned_octave_875,detuned_octaves,440 + 875,"{""frequencies_hz"": ""440,875""}",wsola,WSOLA,local waveform-similarity overlap-add,-12,70,1.6253968253968254,222.9682012026377,445.9364024052754,0.9948360718838412
octave_detuned_octave_875,detuned_octaves,440 + 875,"{""frequencies_hz"": ""440,875""}",wsola,WSOLA,local waveform-similarity overlap-add,-12,71,1.6486167800453515,222.99176032055982,445.98352064111964,0.9948452465490072
octave_detuned_octave_875,detuned_octaves,440 + 875,"{""frequencies_hz"": ""440,875""}",wsola,WSOLA,local waveform-similarity overlap-add,-12,72,1.6718367346938776,223.01552984979259,446.03105969958517,0.9948268708912221
octave_detuned_octave_875,detuned_octaves,440 + 875,"{""frequencies_hz"": ""440,875""}",wsola,WSOLA,local waveform-similarity overlap-add,-12,73,1.6950566893424037,223.00693477314582,446.01386954629163,0.9948191694215679
octave_detuned_octave_875,detuned_octaves,440 + 875,"{""frequencies_hz"": ""440,875""}",wsola,WSOLA,local waveform-similarity overlap-add,-12,74,1.7182766439909296,222.9706591127902,445.9413182255804,0.9948384596473916
octave_detuned_octave_875,detuned_octaves,440 + 875,"{""frequencies_hz"": ""440,875""}",wsola,WSOLA,local waveform-similarity overlap-add,-12,75,1.7414965986394557,222.95744724778444,445.9148944955689,0.9948367914598202
octave_detuned_octave_875,detuned_octaves,440 + 875,"{""frequencies_hz"": ""440,875""}",wsola,WSOLA,local waveform-similarity overlap-add,-12,76,1.7647165532879818,222.97207794793835,445.9441558958767,0.9948390038518667
octave_detuned_octave_875,detuned_octaves,440 + 875,"{""frequencies_hz"": ""440,875""}",wsola,WSOLA,local waveform-similarity overlap-add,-12,77,1.787936507936508,222.99706646025118,445.99413292050235,0.994844743407123
octave_detuned_octave_875,detuned_octaves,440 + 875,"{""frequencies_hz"": ""440,875""}",wsola,WSOLA,local waveform-similarity overlap-add,-12,78,1.811156462585034,223.01733682340486,446.0346736468097,0.9948230665222073
octave_detuned_octave_875,detuned_octaves,440 + 875,"{""frequencies_hz"": ""440,875""}",wsola,WSOLA,local waveform-similarity overlap-add,-12,79,1.8343764172335602,223.00162141169395,446.0032428233879,0.9948294810308889
octave_detuned_octave_875,detuned_octaves,440 + 875,"{""frequencies_hz"": ""440,875""}",wsola,WSOLA,local waveform-similarity overlap-add,-12,80,1.8575963718820863,222.98330443924078,445.96660887848157,0.9948543257988439
octave_detuned_octave_875,detuned_octaves,440 + 875,"{""frequencies_hz"": ""440,875""}",wsola,WSOLA,local waveform-similarity overlap-add,-12,81,1.8808163265306121,223.0363616461292,446.0727232922584,0.9948249303087839
octave_detuned_octave_875,detuned_octaves,440 + 875,"{""frequencies_hz"": ""440,875""}",wsola,WSOLA,local waveform-similarity overlap-add,-12,82,1.9040362811791383,223.21922447536193,446.43844895072385,0.9949725222515692
octave_detuned_octave_875,detuned_octaves,440 + 875,"{""frequencies_hz"": ""440,875""}",wsola,WSOLA,local waveform-similarity overlap-add,-12,83,1.9272562358276644,,,0.09091975532358539
octave_detuned_octave_875,detuned_octaves,440 + 875,"{""frequencies_hz"": ""440,875""}",wsola,WSOLA,local waveform-similarity overlap-add,-12,84,1.9504761904761905,,,0.02506925701260274
octave_detuned_octave_875,detuned_octaves,440 + 875,"{""frequencies_hz"": ""440,875""}",wsola,WSOLA,local waveform-similarity overlap-add,-12,85,1.9736961451247166,,,0.021785447123777328
octave_detuned_octave_875,detuned_octaves,440 + 875,"{""frequencies_hz"": ""440,875""}",wsola,WSOLA,local waveform-similarity overlap-add,-12,86,1.9969160997732427,,,0.021308969311251886
octave_detuned_octave_875,detuned_octaves,440 + 875,"{""frequencies_hz"": ""440,875""}",rubber_band,Rubber Band,local hybrid spectral/time-domain proxy,-12,0,0.0,733.5754111844616,1467.1508223689232,0.19914613618400967
octave_detuned_octave_875,detuned_octaves,440 + 875,"{""frequencies_hz"": ""440,875""}",rubber_band,Rubber Band,local hybrid spectral/time-domain proxy,-12,1,0.023219954648526078,733.5693357562542,1467.1386715125084,0.19973610180994192
octave_detuned_octave_875,detuned_octaves,440 + 875,"{""frequencies_hz"": ""440,875""}",rubber_band,Rubber Band,local hybrid spectral/time-domain proxy,-12,2,0.046439909297052155,733.5394010456012,1467.0788020912023,0.2038762615439004
octave_detuned_octave_875,detuned_octaves,440 + 875,"{""frequencies_hz"": ""440,875""}",rubber_band,Rubber Band,local hybrid spectral/time-domain proxy,-12,3,0.06965986394557823,733.3462080341722,1466.6924160683443,0.2655033281708617
octave_detuned_octave_875,detuned_octaves,440 + 875,"{""frequencies_hz"": ""440,875""}",rubber_band,Rubber Band,local hybrid spectral/time-domain proxy,-12,4,0.09287981859410431,246.2108873472644,492.4217746945288,0.9993354940816059
octave_detuned_octave_875,detuned_octaves,440 + 875,"{""frequencies_hz"": ""440,875""}",rubber_band,Rubber Band,local hybrid spectral/time-domain proxy,-12,5,0.11609977324263039,222.98898897649292,445.97797795298584,0.9940867212002673
octave_detuned_octave_875,detuned_octaves,440 + 875,"{""frequencies_hz"": ""440,875""}",rubber_band,Rubber Band,local hybrid spectral/time-domain proxy,-12,6,0.13931972789115646,222.99778809587326,445.9955761917465,0.9941824022825906
octave_detuned_octave_875,detuned_octaves,440 + 875,"{""frequencies_hz"": ""440,875""}",rubber_band,Rubber Band,local hybrid spectral/time-domain proxy,-12,7,0.16253968253968254,222.9672303771864,445.9344607543728,0.9946027896515927
octave_detuned_octave_875,detuned_octaves,440 + 875,"{""frequencies_hz"": ""440,875""}",rubber_band,Rubber Band,local hybrid spectral/time-domain proxy,-12,8,0.18575963718820862,222.99867526517767,445.99735053035533,0.9948831586838981
octave_detuned_octave_875,detuned_octaves,440 + 875,"{""frequencies_hz"": ""440,875""}",rubber_band,Rubber Band,local hybrid spectral/time-domain proxy,-12,9,0.2089795918367347,223.01728936511967,446.03457873023933,0.9949302009052612
octave_detuned_octave_875,detuned_octaves,440 + 875,"{""frequencies_hz"": ""440,875""}",rubber_band,Rubber Band,local hybrid spectral/time-domain proxy,-12,10,0.23219954648526078,222.93651029843053,445.87302059686107,0.9948895182011271
octave_detuned_octave_875,detuned_octaves,440 + 875,"{""frequencies_hz"": ""440,875""}",rubber_band,Rubber Band,local hybrid spectral/time-domain proxy,-12,11,0.25541950113378686,222.86322974206638,445.72645948413276,0.9947862156366439
octave_detuned_octave_875,detuned_octaves,440 + 875,"{""frequencies_hz"": ""440,875""}",rubber_band,Rubber Band,local hybrid spectral/time-domain proxy,-12,12,0.2786394557823129,222.88095176522197,445.76190353044393,0.9947297017534317
octave_detuned_octave_875,detuned_octaves,440 + 875,"{""frequencies_hz"": ""440,875""}",rubber_band,Rubber Band,local hybrid spectral/time-domain proxy,-12,13,0.301859410430839,222.97274385426184,445.9454877085237,0.9947695407879416
octave_detuned_octave_875,detuned_octaves,440 + 875,"{""frequencies_hz"": ""440,875""}",rubber_band,Rubber Band,local hybrid spectral/time-domain proxy,-12,14,0.3250793650793651,223.05978538073185,446.1195707614637,0.9948120592173392
octave_detuned_octave_875,detuned_octaves,440 + 875,"{""frequencies_hz"": ""440,875""}",rubber_band,Rubber Band,local hybrid spectral/time-domain proxy,-12,15,0.34829931972789113,223.03652456950485,446.0730491390097,0.9948250256457067
octave_detuned_octave_875,detuned_octaves,440 + 875,"{""frequencies_hz"": ""440,875""}",rubber_band,Rubber Band,local hybrid spectral/time-domain proxy,-12,16,0.37151927437641724,222.92480299001227,445.84960598002453,0.9948132256921512
octave_detuned_octave_875,detuned_octaves,440 + 875,"{""frequencies_hz"": ""440,875""}",rubber_band,Rubber Band,local hybrid spectral/time-domain proxy,-12,17,0.3947392290249433,222.85476737792746,445.7095347558549,0.9947929026871603
octave_detuned_octave_875,detuned_octaves,440 + 875,"{""frequencies_hz"": ""440,875""}",rubber_band,Rubber Band,local hybrid spectral/time-domain proxy,-12,18,0.4179591836734694,222.881226842562,445.762453685124,0.9948355677623842
octave_detuned_octave_875,detuned_octaves,440 + 875,"{""frequencies_hz"": ""440,875""}",rubber_band,Rubber Band,local hybrid spectral/time-domain proxy,-12,19,0.44117913832199546,222.9755904317036,445.9511808634072,0.9949126561772405
octave_detuned_octave_875,detuned_octaves,440 + 875,"{""frequencies_hz"": ""440,875""}",rubber_band,Rubber Band,local hybrid spectral/time-domain proxy,-12,20,0.46439909297052157,223.06784167514513,446.13568335029026,0.9949082847162457
octave_detuned_octave_875,detuned_octaves,440 + 875,"{""frequencies_hz"": ""440,875""}",rubber_band,Rubber Band,local hybrid spectral/time-domain proxy,-12,21,0.4876190476190476,223.0853420820515,446.170684164103,0.9947772851427299
octave_detuned_octave_875,detuned_octaves,440 + 875,"{""frequencies_hz"": ""440,875""}",rubber_band,Rubber Band,local hybrid spectral/time-domain proxy,-12,22,0.5108390022675737,223.03352399717892,446.06704799435784,0.9946257208483298
octave_detuned_octave_875,detuned_octaves,440 + 875,"{""frequencies_hz"": ""440,875""}",rubber_band,Rubber Band,local hybrid spectral/time-domain proxy,-12,23,0.5340589569160997,222.9973666351456,445.9947332702912,0.994588689715728
octave_detuned_octave_875,detuned_octaves,440 + 875,"{""frequencies_hz"": ""440,875""}",rubber_band,Rubber Band,local hybrid spectral/time-domain proxy,-12,24,0.5572789115646258,223.0223880122174,446.0447760244348,0.9947013971633835
octave_detuned_octave_875,detuned_octaves,440 + 875,"{""frequencies_hz"": ""440,875""}",rubber_band,Rubber Band,local hybrid spectral/time-domain proxy,-12,25,0.5804988662131519,223.05760984354455,446.1152196870891,0.9948840509293658
octave_detuned_octave_875,detuned_octaves,440 + 875,"{""frequencies_hz"": ""440,875""}",rubber_band,Rubber Band,local hybrid spectral/time-domain proxy,-12,26,0.603718820861678,223.0378630999184,446.0757261998368,0.9949789745034379
octave_detuned_octave_875,detuned_octaves,440 + 875,"{""frequencies_hz"": ""440,875""}",rubber_band,Rubber Band,local hybrid spectral/time-domain proxy,-12,27,0.626938775510204,222.9581430518359,445.9162861036718,0.9949174388179143
octave_detuned_octave_875,detuned_octaves,440 + 875,"{""frequencies_hz"": ""440,875""}",rubber_band,Rubber Band,local hybrid spectral/time-domain proxy,-12,28,0.6501587301587302,222.87718038657482,445.75436077314964,0.9947869198620843
octave_detuned_octave_875,detuned_octaves,440 + 875,"{""frequencies_hz"": ""440,875""}",rubber_band,Rubber Band,local hybrid spectral/time-domain proxy,-12,29,0.6733786848072563,222.86674360550526,445.7334872110105,0.9947200288133777
octave_detuned_octave_875,detuned_octaves,440 + 875,"{""frequencies_hz"": ""440,875""}",rubber_band,Rubber Band,local hybrid spectral/time-domain proxy,-12,30,0.6965986394557823,222.95538551526406,445.9107710305281,0.9947351418740951
octave_detuned_octave_875,detuned_octaves,440 + 875,"{""frequencies_hz"": ""440,875""}",rubber_band,Rubber Band,local hybrid spectral/time-domain proxy,-12,31,0.7198185941043084,223.05353091644307,446.10706183288613,0.9947989243566622
octave_detuned_octave_875,detuned_octaves,440 + 875,"{""frequencies_hz"": ""440,875""}",rubber_band,Rubber Band,local hybrid spectral/time-domain proxy,-12,32,0.7430385487528345,223.04741646189618,446.09483292379235,0.9948735983691531
octave_detuned_octave_875,detuned_octaves,440 + 875,"{""frequencies_hz"": ""440,875""}",rubber_band,Rubber Band,local hybrid spectral/time-domain proxy,-12,33,0.7662585034013606,222.98253500073122,445.96507000146244,0.9948536648254243
octave_detuned_octave_875,detuned_octaves,440 + 875,"{""frequencies_hz"": ""440,875""}",rubber_band,Rubber Band,local hybrid spectral/time-domain proxy,-12,34,0.7894784580498866,222.95004547259884,445.9000909451977,0.9947728768186818
octave_detuned_octave_875,detuned_octaves,440 + 875,"{""frequencies_hz"": ""440,875""}",rubber_band,Rubber Band,local hybrid spectral/time-domain proxy,-12,35,0.8126984126984127,222.94599572620842,445.89199145241685,0.9948097073821797
octave_detuned_octave_875,detuned_octaves,440 + 875,"{""frequencies_hz"": ""440,875""}",rubber_band,Rubber Band,local hybrid spectral/time-domain proxy,-12,36,0.8359183673469388,222.98215542388317,445.96431084776634,0.9949145082398291
octave_detuned_octave_875,detuned_octaves,440 + 875,"{""frequencies_hz"": ""440,875""}",rubber_band,Rubber Band,local hybrid spectral/time-domain proxy,-12,37,0.8591383219954648,223.04796502172422,446.09593004344845,0.9949078777814442
octave_detuned_octave_875,detuned_octaves,440 + 875,"{""frequencies_hz"": ""440,875""}",rubber_band,Rubber Band,local hybrid spectral/time-domain proxy,-12,38,0.8823582766439909,223.03536859991056,446.0707371998211,0.9948103766818256
octave_detuned_octave_875,detuned_octaves,440 + 875,"{""frequencies_hz"": ""440,875""}",rubber_band,Rubber Band,local hybrid spectral/time-domain proxy,-12,39,0.905578231292517,222.9336006686071,445.8672013372142,0.9947144612119885
octave_detuned_octave_875,detuned_octaves,440 + 875,"{""frequencies_hz"": ""440,875""}",rubber_band,Rubber Band,local hybrid spectral/time-domain proxy,-12,40,0.9287981859410431,222.86753933418004,445.7350786683601,0.9946733455736831
octave_detuned_octave_875,detuned_octaves,440 + 875,"{""frequencies_hz"": ""440,875""}",rubber_band,Rubber Band,local hybrid spectral/time-domain proxy,-12,41,0.9520181405895691,222.89836371735785,445.7967274347157,0.9947538878500245
octave_detuned_octave_875,detuned_octaves,440 + 875,"{""frequencies_hz"": ""440,875""}",rubber_band,Rubber Band,local hybrid spectral/time-domain proxy,-12,42,0.9752380952380952,222.98295114007132,445.96590228014264,0.9949037917033259
octave_detuned_octave_875,detuned_octaves,440 + 875,"{""frequencies_hz"": ""440,875""}",rubber_band,Rubber Band,local hybrid spectral/time-domain proxy,-12,43,0.9984580498866213,223.0392392943175,446.078478588635,0.9949640443374772
octave_detuned_octave_875,detuned_octaves,440 + 875,"{""frequencies_hz"": ""440,875""}",rubber_band,Rubber Band,local hybrid spectral/time-domain proxy,-12,44,1.0216780045351475,222.99480963339417,445.98961926678834,0.994910734996037
octave_detuned_octave_875,detuned_octaves,440 + 875,"{""frequencies_hz"": ""440,875""}",rubber_band,Rubber Band,local hybrid spectral/time-domain proxy,-12,45,1.0448979591836736,222.89567648109215,445.7913529621843,0.9948029728666374
octave_detuned_octave_875,detuned_octaves,440 + 875,"{""frequencies_hz"": ""440,875""}",rubber_band,Rubber Band,local hybrid spectral/time-domain proxy,-12,46,1.0681179138321995,222.86243559167738,445.72487118335476,0.9947070354309411
octave_detuned_octave_875,detuned_octaves,440 + 875,"{""frequencies_hz"": ""440,875""}",rubber_band,Rubber Band,local hybrid spectral/time-domain proxy,-12,47,1.0913378684807256,222.92537249209624,445.8507449841925,0.9947220299170603
octave_detuned_octave_875,detuned_octaves,440 + 875,"{""frequencies_hz"": ""440,875""}",rubber_band,Rubber Band,local hybrid spectral/time-domain proxy,-12,48,1.1145578231292517,223.02388057087987,446.04776114175974,0.9948199876010423
octave_detuned_octave_875,detuned_octaves,440 + 875,"{""frequencies_hz"": ""440,875""}",rubber_band,Rubber Band,local hybrid spectral/time-domain proxy,-12,49,1.1377777777777778,223.07648617247568,446.15297234495137,0.9948644783392505
octave_detuned_octave_875,detuned_octaves,440 + 875,"{""frequencies_hz"": ""440,875""}",rubber_band,Rubber Band,local hybrid spectral/time-domain proxy,-12,50,1.1609977324263039,223.04933503980106,446.09867007960213,0.9948107807514629
octave_detuned_octave_875,detuned_octaves,440 + 875,"{""frequencies_hz"": ""440,875""}",rubber_band,Rubber Band,local hybrid spectral/time-domain proxy,-12,51,1.18421768707483,222.9916736675479,445.9833473350958,0.9947459394292818
octave_detuned_octave_875,detuned_octaves,440 + 875,"{""frequencies_hz"": ""440,875""}",rubber_band,Rubber Band,local hybrid spectral/time-domain proxy,-12,52,1.207437641723356,222.9829970434468,445.9659940868936,0.9947432941793543
octave_detuned_octave_875,detuned_octaves,440 + 875,"{""frequencies_hz"": ""440,875""}",rubber_band,Rubber Band,local hybrid spectral/time-domain proxy,-12,53,1.230657596371882,223.03914243519503,446.07828487039006,0.9948005132410929
octave_detuned_octave_875,detuned_octaves,440 + 875,"{""frequencies_hz"": ""440,875""}",rubber_band,Rubber Band,local hybrid spectral/time-domain proxy,-12,54,1.253877551020408,223.08467926073607,446.16935852147213,0.9948651915748727
octave_detuned_octave_875,detuned_octaves,440 + 875,"{""frequencies_hz"": ""440,875""}",rubber_band,Rubber Band,local hybrid spectral/time-domain proxy,-12,55,1.2770975056689342,223.05009159689115,446.1001831937823,0.9948447718523549
octave_detuned_octave_875,detuned_octaves,440 + 875,"{""frequencies_hz"": ""440,875""}",rubber_band,Rubber Band,local hybrid spectral/time-domain proxy,-12,56,1.3003174603174603,222.95425905392514,445.9085181078503,0.9947397823686897
octave_detuned_octave_875,detuned_octaves,440 + 875,"{""frequencies_hz"": ""440,875""}",rubber_band,Rubber Band,local hybrid spectral/time-domain proxy,-12,57,1.3235374149659864,222.87644085582542,445.75288171165084,0.9946779677723234
octave_detuned_octave_875,detuned_octaves,440 + 875,"{""frequencies_hz"": ""440,875""}",rubber_band,Rubber Band,local hybrid spectral/time-domain proxy,-12,58,1.3467573696145125,222.87881471257523,445.75762942515047,0.9947536085080522
octave_detuned_octave_875,detuned_octaves,440 + 875,"{""frequencies_hz"": ""440,875""}",rubber_band,Rubber Band,local hybrid spectral/time-domain proxy,-12,59,1.3699773242630386,222.96504654057807,445.93009308115614,0.9948833188394156
octave_detuned_octave_875,detuned_octaves,440 + 875,"{""frequencies_hz"": ""440,875""}",rubber_band,Rubber Band,local hybrid spectral/time-domain proxy,-12,60,1.3931972789115645,223.03801061949358,446.07602123898715,0.994957430005093
octave_detuned_octave_875,detuned_octaves,440 + 875,"{""frequencies_hz"": ""440,875""}",rubber_band,Rubber Band,local hybrid spectral/time-domain proxy,-12,61,1.4164172335600906,223.00964317305002,446.01928634610005,0.9949499795099418
octave_detuned_octave_875,detuned_octaves,440 + 875,"{""frequencies_hz"": ""440,875""}",rubber_band,Rubber Band,local hybrid spectral/time-domain proxy,-12,62,1.4396371882086167,222.95178006021408,445.90356012042815,0.9948262681546047
octave_detuned_octave_875,detuned_octaves,440 + 875,"{""frequencies_hz"": ""440,875""}",rubber_band,Rubber Band,local hybrid spectral/time-domain proxy,-12,63,1.4628571428571429,222.9556395664282,445.9112791328564,0.9946672859991248
octave_detuned_octave_875,detuned_octaves,440 + 875,"{""frequencies_hz"": ""440,875""}",rubber_band,Rubber Band,local hybrid spectral/time-domain proxy,-12,64,1.486077097505669,222.99014253137167,445.98028506274335,0.9946840509008895
octave_detuned_octave_875,detuned_octaves,440 + 875,"{""frequencies_hz"": ""440,875""}",rubber_band,Rubber Band,local hybrid spectral/time-domain proxy,-12,65,1.509297052154195,223.03021355055446,446.0604271011089,0.9948303788330403
octave_detuned_octave_875,detuned_octaves,440 + 875,"{""frequencies_hz"": ""440,875""}",rubber_band,Rubber Band,local hybrid spectral/time-domain proxy,-12,66,1.5325170068027212,223.05584740184537,446.11169480369074,0.9948829627716529
octave_detuned_octave_875,detuned_octaves,440 + 875,"{""frequencies_hz"": ""440,875""}",rubber_band,Rubber Band,local hybrid spectral/time-domain proxy,-12,67,1.555736961451247,222.9974505471407,445.9949010942814,0.9948522962910623
octave_detuned_octave_875,detuned_octaves,440 + 875,"{""frequencies_hz"": ""440,875""}",rubber_band,Rubber Band,local hybrid spectral/time-domain proxy,-12,68,1.5789569160997732,222.88867599181432,445.77735198362865,0.9948237453077904
octave_detuned_octave_875,detuned_octaves,440 + 875,"{""frequencies_hz"": ""440,875""}",rubber_band,Rubber Band,local hybrid spectral/time-domain proxy,-12,69,1.6021768707482993,222.85017027925733,445.70034055851465,0.9948119401555116
octave_detuned_octave_875,detuned_octaves,440 + 875,"{""frequencies_hz"": ""440,875""}",rubber_band,Rubber Band,local hybrid spectral/time-domain proxy,-12,70,1.6253968253968254,222.91482956545116,445.8296591309023,0.994845625019873
octave_detuned_octave_875,detuned_octaves,440 + 875,"{""frequencies_hz"": ""440,875""}",rubber_band,Rubber Band,local hybrid spectral/time-domain proxy,-12,71,1.6486167800453515,223.0139842053959,446.0279684107918,0.9948874249521457
octave_detuned_octave_875,detuned_octaves,440 + 875,"{""frequencies_hz"": ""440,875""}",rubber_band,Rubber Band,local hybrid spectral/time-domain proxy,-12,72,1.6718367346938776,223.05726122354855,446.1145224470971,0.994832691008064
octave_detuned_octave_875,detuned_octaves,440 + 875,"{""frequencies_hz"": ""440,875""}",rubber_band,Rubber Band,local hybrid spectral/time-domain proxy,-12,73,1.6950566893424037,222.99231450905813,445.98462901811627,0.9947321295550624
octave_detuned_octave_875,detuned_octaves,440 + 875,"{""frequencies_hz"": ""440,875""}",rubber_band,Rubber Band,local hybrid spectral/time-domain proxy,-12,74,1.7182766439909296,222.88961965176097,445.77923930352193,0.9946952122053672
octave_detuned_octave_875,detuned_octaves,440 + 875,"{""frequencies_hz"": ""440,875""}",rubber_band,Rubber Band,local hybrid spectral/time-domain proxy,-12,75,1.7414965986394557,222.86816496986907,445.73632993973814,0.9947441174403158
octave_detuned_octave_875,detuned_octaves,440 + 875,"{""frequencies_hz"": ""440,875""}",rubber_band,Rubber Band,local hybrid spectral/time-domain proxy,-12,76,1.7647165532879818,222.93484488263337,445.86968976526674,0.9948737491624381
octave_detuned_octave_875,detuned_octaves,440 + 875,"{""frequencies_hz"": ""440,875""}",rubber_band,Rubber Band,local hybrid spectral/time-domain proxy,-12,77,1.787936507936508,223.0142201064342,446.0284402128684,0.9949821123623407
octave_detuned_octave_875,detuned_octaves,440 + 875,"{""frequencies_hz"": ""440,875""}",rubber_band,Rubber Band,local hybrid spectral/time-domain proxy,-12,78,1.811156462585034,223.04342873320093,446.08685746640185,0.9949461650848943
octave_detuned_octave_875,detuned_octaves,440 + 875,"{""frequencies_hz"": ""440,875""}",rubber_band,Rubber Band,local hybrid spectral/time-domain proxy,-12,79,1.8343764172335602,223.0196280078749,446.0392560157498,0.9947798391597195
octave_detuned_octave_875,detuned_octaves,440 + 875,"{""frequencies_hz"": ""440,875""}",rubber_band,Rubber Band,local hybrid spectral/time-domain proxy,-12,80,1.8575963718820863,222.99278720773944,445.9855744154789,0.9946291582223423
octave_detuned_octave_875,detuned_octaves,440 + 875,"{""frequencies_hz"": ""440,875""}",rubber_band,Rubber Band,local hybrid spectral/time-domain proxy,-12,81,1.8808163265306121,223.03027887649722,446.06055775299444,0.9946234784453293
octave_detuned_octave_875,detuned_octaves,440 + 875,"{""frequencies_hz"": ""440,875""}",rubber_band,Rubber Band,local hybrid spectral/time-domain proxy,-12,82,1.9040362811791383,223.27323536083318,446.54647072166637,0.9948535368343621
octave_detuned_octave_875,detuned_octaves,440 + 875,"{""frequencies_hz"": ""440,875""}",rubber_band,Rubber Band,local hybrid spectral/time-domain proxy,-12,83,1.9272562358276644,455.96142135016186,911.9228427003237,0.1590221084300809
octave_detuned_octave_875,detuned_octaves,440 + 875,"{""frequencies_hz"": ""440,875""}",rubber_band,Rubber Band,local hybrid spectral/time-domain proxy,-12,84,1.9504761904761905,,,0.05725440264741136
octave_detuned_octave_875,detuned_octaves,440 + 875,"{""frequencies_hz"": ""440,875""}",rubber_band,Rubber Band,local hybrid spectral/time-domain proxy,-12,85,1.9736961451247166,,,0.051914611431437475
octave_detuned_octave_875,detuned_octaves,440 + 875,"{""frequencies_hz"": ""440,875""}",rubber_band,Rubber Band,local hybrid spectral/time-domain proxy,-12,86,1.9969160997732427,,,0.05113530642849401
octave_detuned_octave_875,detuned_octaves,440 + 875,"{""frequencies_hz"": ""440,875""}",psola,PSOLA,local pitch-synchronous overlap-add,-12,0,0.0,440.3052781897637,880.6105563795275,0.9635304078216038
octave_detuned_octave_875,detuned_octaves,440 + 875,"{""frequencies_hz"": ""440,875""}",psola,PSOLA,local pitch-synchronous overlap-add,-12,1,0.023219954648526078,440.3046253904882,880.6092507809764,0.9727028240344557
octave_detuned_octave_875,detuned_octaves,440 + 875,"{""frequencies_hz"": ""440,875""}",psola,PSOLA,local pitch-synchronous overlap-add,-12,2,0.046439909297052155,440.3029619846139,880.6059239692278,0.9889804746147771
octave_detuned_octave_875,detuned_octaves,440 + 875,"{""frequencies_hz"": ""440,875""}",psola,PSOLA,local pitch-synchronous overlap-add,-12,3,0.06965986394557823,440.3006486496646,880.6012972993292,0.9969837136498619
octave_detuned_octave_875,detuned_octaves,440 + 875,"{""frequencies_hz"": ""440,875""}",psola,PSOLA,local pitch-synchronous overlap-add,-12,4,0.09287981859410431,440.29778241146664,880.5955648229333,0.997743927713259
octave_detuned_octave_875,detuned_octaves,440 + 875,"{""frequencies_hz"": ""440,875""}",psola,PSOLA,local pitch-synchronous overlap-add,-12,5,0.11609977324263039,440.2947938825342,880.5895877650684,0.9976925208073801
octave_detuned_octave_875,detuned_octaves,440 + 875,"{""frequencies_hz"": ""440,875""}",psola,PSOLA,local pitch-synchronous overlap-add,-12,6,0.13931972789115646,440.2924817980512,880.5849635961024,0.9976520522591281
octave_detuned_octave_875,detuned_octaves,440 + 875,"{""frequencies_hz"": ""440,875""}",psola,PSOLA,local pitch-synchronous overlap-add,-12,7,0.16253968253968254,440.29154802974676,880.5830960594935,0.997635290642998
octave_detuned_octave_875,detuned_octaves,440 + 875,"{""frequencies_hz"": ""440,875""}",psola,PSOLA,local pitch-synchronous overlap-add,-12,8,0.18575963718820862,440.2923272984038,880.5846545968076,0.9976484007324441
octave_detuned_octave_875,detuned_octaves,440 + 875,"{""frequencies_hz"": ""440,875""}",psola,PSOLA,local pitch-synchronous overlap-add,-12,9,0.2089795918367347,440.2945705680954,880.5891411361908,0.9976867586547429
octave_detuned_octave_875,detuned_octaves,440 + 875,"{""frequencies_hz"": ""440,875""}",psola,PSOLA,local pitch-synchronous overlap-add,-12,10,0.23219954648526078,440.29760634786487,880.5952126957297,0.9977381553906104
octave_detuned_octave_875,detuned_octaves,440 + 875,"{""frequencies_hz"": ""440,875""}",psola,PSOLA,local pitch-synchronous overlap-add,-12,11,0.25541950113378686,440.30069800586807,880.6013960117361,0.9977897048335076
octave_detuned_octave_875,detuned_octaves,440 + 875,"{""frequencies_hz"": ""440,875""}",psola,PSOLA,local pitch-synchronous overlap-add,-12,12,0.2786394557823129,440.3032894634817,880.6065789269634,0.9978322692094733
octave_detuned_octave_875,detuned_octaves,440 + 875,"{""frequencies_hz"": ""440,875""}",psola,PSOLA,local pitch-synchronous overlap-add,-12,13,0.301859410430839,440.3050619105445,880.610123821089,0.9978609455081235
octave_detuned_octave_875,detuned_octaves,440 + 875,"{""frequencies_hz"": ""440,875""}",psola,PSOLA,local pitch-synchronous overlap-add,-12,14,0.3250793650793651,440.30586273395005,880.6117254679001,0.997873673973789
octave_detuned_octave_875,detuned_octaves,440 + 875,"{""frequencies_hz"": ""440,875""}",psola,PSOLA,local pitch-synchronous overlap-add,-12,15,0.34829931972789113,440.30564456702234,880.6112891340447,0.9978698576517696
octave_detuned_octave_875,detuned_octaves,440 + 875,"{""frequencies_hz"": ""440,875""}",psola,PSOLA,local pitch-synchronous overlap-add,-12,16,0.37151927437641724,440.3044207143015,880.608841428603,0.9978496908202793
octave_detuned_octave_875,detuned_octaves,440 + 875,"{""frequencies_hz"": ""440,875""}",psola,PSOLA,local pitch-synchronous overlap-add,-12,17,0.3947392290249433,440.30228396082236,880.6045679216447,0.9978143797538248
octave_detuned_octave_875,detuned_octaves,440 + 875,"{""frequencies_hz"": ""440,875""}",psola,PSOLA,local pitch-synchronous overlap-add,-12,18,0.4179591836734694,440.2994577976121,880.5989155952242,0.9977671600946864
octave_detuned_octave_875,detuned_octaves,440 + 875,"{""frequencies_hz"": ""440,875""}",psola,PSOLA,local pitch-synchronous overlap-add,-12,19,0.44117913832199546,440.2963715117406,880.5927430234811,0.9977148552014901
octave_detuned_octave_875,detuned_octaves,440 + 875,"{""frequencies_hz"": ""440,875""}",psola,PSOLA,local pitch-synchronous overlap-add,-12,20,0.46439909297052157,440.2936865000966,880.5873730001932,0.9976686584776231
octave_detuned_octave_875,detuned_octaves,440 + 875,"{""frequencies_hz"": ""440,875""}",psola,PSOLA,local pitch-synchronous overlap-add,-12,21,0.4876190476190476,440.292146382431,880.584292764862,0.9976418923087974
octave_detuned_octave_875,detuned_octaves,440 + 875,"{""frequencies_hz"": ""440,875""}",psola,PSOLA,local pitch-synchronous overlap-add,-12,22,0.5108390022675737,440.2922586218667,880.5845172437334,0.9976438275893643
octave_detuned_octave_875,detuned_octaves,440 + 875,"{""frequencies_hz"": ""440,875""}",psola,PSOLA,local pitch-synchronous overlap-add,-12,23,0.5340589569160997,440.29398153269676,880.5879630653935,0.9976737632922117
octave_detuned_octave_875,detuned_octaves,440 + 875,"{""frequencies_hz"": ""440,875""}",psola,PSOLA,local pitch-synchronous overlap-add,-12,24,0.5572789115646258,440.2967621613152,880.5935243226304,0.9977215017312254
octave_detuned_octave_875,detuned_octaves,440 + 875,"{""frequencies_hz"": ""440,875""}",psola,PSOLA,local pitch-synchronous overlap-add,-12,25,0.5804988662131519,440.2998477124877,880.5996954249754,0.9977737011922377
octave_detuned_octave_875,detuned_octaves,440 + 875,"{""frequencies_hz"": ""440,875""}",psola,PSOLA,local pitch-synchronous overlap-add,-12,26,0.603718820861678,440.30260544556313,880.6052108911263,0.9978196807724053
octave_detuned_octave_875,detuned_octaves,440 + 875,"{""frequencies_hz"": ""440,875""}",psola,PSOLA,local pitch-synchronous overlap-add,-12,27,0.626938775510204,440.3046353584492,880.6092707168984,0.9978531844449117
octave_detuned_octave_875,detuned_octaves,440 + 875,"{""frequencies_hz"": ""440,875""}",psola,PSOLA,local pitch-synchronous overlap-add,-12,28,0.6501587301587302,440.3057336282283,880.6114672564566,0.9978713057115937
octave_detuned_octave_875,detuned_octaves,440 + 875,"{""frequencies_hz"": ""440,875""}",psola,PSOLA,local pitch-synchronous overlap-add,-12,29,0.6733786848072563,440.3058226928067,880.6116453856134,0.9978730113129317
octave_detuned_octave_875,detuned_octaves,440 + 875,"{""frequencies_hz"": ""440,875""}",psola,PSOLA,local pitch-synchronous overlap-add,-12,30,0.6965986394557823,440.3048929072146,880.6097858144292,0.9978581865205717
octave_detuned_octave_875,detuned_octaves,440 + 875,"{""frequencies_hz"": ""440,875""}",psola,PSOLA,local pitch-synchronous overlap-add,-12,31,0.7198185941043084,440.3030065073855,880.606013014771,0.997827581425201
octave_detuned_octave_875,detuned_octaves,440 + 875,"{""frequencies_hz"": ""440,875""}",psola,PSOLA,local pitch-synchronous overlap-add,-12,32,0.7430385487528345,440.30032865354394,880.6006573070879,0.9977835290666841
octave_detuned_octave_875,detuned_octaves,440 + 875,"{""frequencies_hz"": ""440,875""}",psola,PSOLA,local pitch-synchronous overlap-add,-12,33,0.7662585034013606,440.29720983584104,880.5944196716821,0.9977314069630531
octave_detuned_octave_875,detuned_octaves,440 + 875,"{""frequencies_hz"": ""440,875""}",psola,PSOLA,local pitch-synchronous overlap-add,-12,34,0.7894784580498866,440.2942331717615,880.588466343523,0.9976809170897623
octave_detuned_octave_875,detuned_octaves,440 + 875,"{""frequencies_hz"": ""440,875""}",psola,PSOLA,local pitch-synchronous overlap-add,-12,35,0.8126984126984127,440.2921458855401,880.5842917710802,0.9976452017284121
octave_detuned_octave_875,detuned_octaves,440 + 875,"{""frequencies_hz"": ""440,875""}",psola,PSOLA,local pitch-synchronous overlap-add,-12,36,0.8359183673469388,440.29158578956265,880.5831715791253,0.9976358984897447
octave_detuned_octave_875,detuned_octaves,440 + 875,"{""frequencies_hz"": ""440,875""}",psola,PSOLA,local pitch-synchronous overlap-add,-12,37,0.8591383219954648,440.2927249919983,880.5854499839966,0.9976562515966374
octave_detuned_octave_875,detuned_octaves,440 + 875,"{""frequencies_hz"": ""440,875""}",psola,PSOLA,local pitch-synchronous overlap-add,-12,38,0.8823582766439909,440.2951684795709,880.5903369591418,0.9976988861791806
octave_detuned_octave_875,detuned_octaves,440 + 875,"{""frequencies_hz"": ""440,875""}",psola,PSOLA,local pitch-synchronous overlap-add,-12,39,0.905578231292517,440.2981870736753,880.5963741473506,0.9977507197978571
octave_detuned_octave_875,detuned_octaves,440 + 875,"{""frequencies_hz"": ""440,875""}",psola,PSOLA,local pitch-synchronous overlap-add,-12,40,0.9287981859410431,440.3010821734484,880.6021643468968,0.997799686694824
octave_detuned_octave_875,detuned_octaves,440 + 875,"{""frequencies_hz"": ""440,875""}",psola,PSOLA,local pitch-synchronous overlap-add,-12,41,0.9520181405895691,440.30336680190146,880.6067336038029,0.9978378408668035
octave_detuned_octave_875,detuned_octaves,440 + 875,"{""frequencies_hz"": ""440,875""}",psola,PSOLA,local pitch-synchronous overlap-add,-12,42,0.9752380952380952,440.30478650637406,880.6095730127481,0.9978612574790109
octave_detuned_octave_875,detuned_octaves,440 + 875,"{""frequencies_hz"": ""440,875""}",psola,PSOLA,local pitch-synchronous overlap-add,-12,43,0.9984580498866213,440.3052431572451,880.6104863144902,0.9978687212572687
octave_detuned_octave_875,detuned_octaves,440 + 875,"{""frequencies_hz"": ""440,875""}",psola,PSOLA,local pitch-synchronous overlap-add,-12,44,1.0216780045351475,440.3047171509717,880.6094343019435,0.9978601354601242
octave_detuned_octave_875,detuned_octaves,440 + 875,"{""frequencies_hz"": ""440,875""}",psola,PSOLA,local pitch-synchronous overlap-add,-12,45,1.0448979591836736,440.3032356991544,880.6064713983088,0.9978357219771758
octave_detuned_octave_875,detuned_octaves,440 + 875,"{""frequencies_hz"": ""440,875""}",psola,PSOLA,local pitch-synchronous overlap-add,-12,46,1.0681179138321995,440.300901381426,880.601802762852,0.9977967693932733
octave_detuned_octave_875,detuned_octaves,440 + 875,"{""frequencies_hz"": ""440,875""}",psola,PSOLA,local pitch-synchronous overlap-add,-12,47,1.0913378684807256,440.29798317511165,880.5959663502233,0.9977473512671909
octave_detuned_octave_875,detuned_octaves,440 + 875,"{""frequencies_hz"": ""440,875""}",psola,PSOLA,local pitch-synchronous overlap-add,-12,48,1.1145578231292517,440.29497730134034,880.5899546026807,0.997695692710503
octave_detuned_octave_875,detuned_octaves,440 + 875,"{""frequencies_hz"": ""440,875""}",psola,PSOLA,local pitch-synchronous overlap-add,-12,49,1.1377777777777778,440.2925972350333,880.5851944700667,0.9976540958775826
octave_detuned_octave_875,detuned_octaves,440 + 875,"{""frequencies_hz"": ""440,875""}",psola,PSOLA,local pitch-synchronous overlap-add,-12,50,1.1609977324263039,440.2915576157127,880.5831152314254,0.9976354901765822
octave_detuned_octave_875,detuned_octaves,440 + 875,"{""frequencies_hz"": ""440,875""}",psola,PSOLA,local pitch-synchronous overlap-add,-12,51,1.18421768707483,440.29222570414004,880.5844514082801,0.9976466609949213
octave_detuned_octave_875,detuned_octaves,440 + 875,"{""frequencies_hz"": ""440,875""}",psola,PSOLA,local pitch-synchronous overlap-add,-12,52,1.207437641723356,440.2943913450273,880.5887826900546,0.9976836936518346
octave_detuned_octave_875,detuned_octaves,440 + 875,"{""frequencies_hz"": ""440,875""}",psola,PSOLA,local pitch-synchronous overlap-add,-12,53,1.230657596371882,440.2973985212182,880.5947970424364,0.9977346650950384
octave_detuned_octave_875,detuned_octaves,440 + 875,"{""frequencies_hz"": ""440,875""}",psola,PSOLA,local pitch-synchronous overlap-add,-12,54,1.253877551020408,440.30050637865025,880.6010127573005,0.9977865409257259
octave_detuned_octave_875,detuned_octaves,440 + 875,"{""frequencies_hz"": ""440,875""}",psola,PSOLA,local pitch-synchronous overlap-add,-12,55,1.2770975056689342,440.3031425557249,880.6062851114498,0.9978298722054195
octave_detuned_octave_875,detuned_octaves,440 + 875,"{""frequencies_hz"": ""440,875""}",psola,PSOLA,local pitch-synchronous overlap-add,-12,56,1.3003174603174603,440.30497462689306,880.6099492537861,0.9978595400182579
octave_detuned_octave_875,detuned_octaves,440 + 875,"{""frequencies_hz"": ""440,875""}",psola,PSOLA,local pitch-synchronous overlap-add,-12,57,1.3235374149659864,440.30584144655154,880.6116828931031,0.9978733458273711
octave_detuned_octave_875,detuned_octaves,440 + 875,"{""frequencies_hz"": ""440,875""}",psola,PSOLA,local pitch-synchronous overlap-add,-12,58,1.3467573696145125,440.3056899342117,880.6113798684235,0.9978706213677633
octave_detuned_octave_875,detuned_octaves,440 + 875,"{""frequencies_hz"": ""440,875""}",psola,PSOLA,local pitch-synchronous overlap-add,-12,59,1.3699773242630386,440.3045303926634,880.6090607853268,0.9978514969721558
octave_detuned_octave_875,detuned_octaves,440 + 875,"{""frequencies_hz"": ""440,875""}",psola,PSOLA,local pitch-synchronous overlap-add,-12,60,1.3931972789115645,440.30244803272745,880.6048960654549,0.9978170997370401
octave_detuned_octave_875,detuned_octaves,440 + 875,"{""frequencies_hz"": ""440,875""}",psola,PSOLA,local pitch-synchronous overlap-add,-12,61,1.4164172335600906,440.29965674602107,880.5993134920421,0.99777050159247
octave_detuned_octave_875,detuned_octaves,440 + 875,"{""frequencies_hz"": ""440,875""}",psola,PSOLA,local pitch-synchronous overlap-add,-12,62,1.4396371882086167,440.2965692470625,880.593138494125,0.997718236254785
octave_detuned_octave_875,detuned_octaves,440 + 875,"{""frequencies_hz"": ""440,875""}",psola,PSOLA,local pitch-synchronous overlap-add,-12,63,1.4628571428571429,440.2938348658077,880.5876697316154,0.9976712279301798
octave_detuned_octave_875,detuned_octaves,440 + 875,"{""frequencies_hz"": ""440,875""}",psola,PSOLA,local pitch-synchronous overlap-add,-12,64,1.486077097505669,440.2921997442651,880.5843994885302,0.9976428138407373
octave_detuned_octave_875,detuned_octaves,440 + 875,"{""frequencies_hz"": ""440,875""}",psola,PSOLA,local pitch-synchronous overlap-add,-12,65,1.509297052154195,440.2921982628827,880.5843965257654,0.9976427734915579
octave_detuned_octave_875,detuned_octaves,440 + 875,"{""frequencies_hz"": ""440,875""}",psola,PSOLA,local pitch-synchronous overlap-add,-12,66,1.5325170068027212,440.2938287393167,880.5876574786334,0.9976711202829449
octave_detuned_octave_875,detuned_octaves,440 + 875,"{""frequencies_hz"": ""440,875""}",psola,PSOLA,local pitch-synchronous overlap-add,-12,67,1.555736961451247,440.29656266163704,880.5931253232741,0.9977181028582137
octave_detuned_octave_875,detuned_octaves,440 + 875,"{""frequencies_hz"": ""440,875""}",psola,PSOLA,local pitch-synchronous overlap-add,-12,68,1.5789569160997732,440.2996503403483,880.5993006806966,0.9977703741232512
octave_detuned_octave_875,detuned_octaves,440 + 875,"{""frequencies_hz"": ""440,875""}",psola,PSOLA,local pitch-synchronous overlap-add,-12,69,1.6021768707482993,440.3024439816176,880.6048879632352,0.9978170044397748
octave_detuned_octave_875,detuned_octaves,440 + 875,"{""frequencies_hz"": ""440,875""}",psola,PSOLA,local pitch-synchronous overlap-add,-12,70,1.6253968253968254,440.3045297356899,880.6090594713799,0.9978514491638797
octave_detuned_octave_875,detuned_octaves,440 + 875,"{""frequencies_hz"": ""440,875""}",psola,PSOLA,local pitch-synchronous overlap-add,-12,71,1.6486167800453515,440.3056921856056,880.6113843712112,0.9978706255929338
octave_detuned_octave_875,detuned_octaves,440 + 875,"{""frequencies_hz"": ""440,875""}",psola,PSOLA,local pitch-synchronous overlap-add,-12,72,1.6718367346938776,440.30584820668645,880.6116964133729,0.9978734042114759
octave_detuned_octave_875,detuned_octaves,440 + 875,"{""frequencies_hz"": ""440,875""}",psola,PSOLA,local pitch-synchronous overlap-add,-12,73,1.6950566893424037,440.30498414656677,880.6099682931335,0.9978596502969556
octave_detuned_octave_875,detuned_octaves,440 + 875,"{""frequencies_hz"": ""440,875""}",psola,PSOLA,local pitch-synchronous overlap-add,-12,74,1.7182766439909296,440.3031565555768,880.6063131111536,0.9978300350648798
octave_detuned_octave_875,detuned_octaves,440 + 875,"{""frequencies_hz"": ""440,875""}",psola,PSOLA,local pitch-synchronous overlap-add,-12,75,1.7414965986394557,440.3005224914501,880.6010449829002,0.9977867441609302
octave_detuned_octave_875,detuned_octaves,440 + 875,"{""frequencies_hz"": ""440,875""}",psola,PSOLA,local pitch-synchronous overlap-add,-12,76,1.7647165532879818,440.2974169208639,880.5948338417278,0.9977348956193273
octave_detuned_octave_875,detuned_octaves,440 + 875,"{""frequencies_hz"": ""440,875""}",psola,PSOLA,local pitch-synchronous overlap-add,-12,77,1.787936507936508,440.29440926931585,880.5888185386317,0.9976839135180543
octave_detuned_octave_875,detuned_octaves,440 + 875,"{""frequencies_hz"": ""440,875""}",psola,PSOLA,local pitch-synchronous overlap-add,-12,78,1.811156462585034,440.29224075388703,880.5844815077741,0.9976468283083476
octave_detuned_octave_875,detuned_octaves,440 + 875,"{""frequencies_hz"": ""440,875""}",psola,PSOLA,local pitch-synchronous overlap-add,-12,79,1.8343764172335602,440.29156923996237,880.5831384799247,0.9976355794250718
octave_detuned_octave_875,detuned_octaves,440 + 875,"{""frequencies_hz"": ""440,875""}",psola,PSOLA,local pitch-synchronous overlap-add,-12,80,1.8575963718820863,440.2926037164151,880.5852074328302,0.9976541085717386
octave_detuned_octave_875,detuned_octaves,440 + 875,"{""frequencies_hz"": ""440,875""}",psola,PSOLA,local pitch-synchronous overlap-add,-12,81,1.8808163265306121,440.29498252474315,880.5899650494863,0.997695658885716
octave_detuned_octave_875,detuned_octaves,440 + 875,"{""frequencies_hz"": ""440,875""}",psola,PSOLA,local pitch-synchronous overlap-add,-12,82,1.9040362811791383,440.2979868347571,880.5959736695143,0.9977473055307274
octave_detuned_octave_875,detuned_octaves,440 + 875,"{""frequencies_hz"": ""440,875""}",psola,PSOLA,local pitch-synchronous overlap-add,-12,83,1.9272562358276644,440.3008485673479,880.6016971346958,0.9973255978130523
octave_detuned_octave_875,detuned_octaves,440 + 875,"{""frequencies_hz"": ""440,875""}",psola,PSOLA,local pitch-synchronous overlap-add,-12,84,1.9504761904761905,440.30310810004903,880.6062162000981,0.9907567990167316
octave_detuned_octave_875,detuned_octaves,440 + 875,"{""frequencies_hz"": ""440,875""}",psola,PSOLA,local pitch-synchronous overlap-add,-12,85,1.9736961451247166,440.3047312265905,880.609462453181,0.9750405601732461
octave_detuned_octave_875,detuned_octaves,440 + 875,"{""frequencies_hz"": ""440,875""}",psola,PSOLA,local pitch-synchronous overlap-add,-12,86,1.9969160997732427,440.305473176893,880.610946353786,0.9638779095292916
octave_detuned_octave_885,detuned_octaves,440 + 885,"{""frequencies_hz"": ""440,885""}",phase_vocoder,Phase Vocoder,local phase vocoder,-12,0,0.0,219.9080810233499,439.8161620466998,0.9251020444541367
octave_detuned_octave_885,detuned_octaves,440 + 885,"{""frequencies_hz"": ""440,885""}",phase_vocoder,Phase Vocoder,local phase vocoder,-12,1,0.023219954648526078,220.1551945116766,440.3103890233532,0.9476264561887985
octave_detuned_octave_885,detuned_octaves,440 + 885,"{""frequencies_hz"": ""440,885""}",phase_vocoder,Phase Vocoder,local phase vocoder,-12,2,0.046439909297052155,220.51252288189184,441.0250457637837,0.9817094876644464
octave_detuned_octave_885,detuned_octaves,440 + 885,"{""frequencies_hz"": ""440,885""}",phase_vocoder,Phase Vocoder,local phase vocoder,-12,3,0.06965986394557823,220.65122511018865,441.3024502203773,0.9944165104554853
octave_detuned_octave_885,detuned_octaves,440 + 885,"{""frequencies_hz"": ""440,885""}",phase_vocoder,Phase Vocoder,local phase vocoder,-12,4,0.09287981859410431,220.67078699414725,441.3415739882945,0.9954651196075774
octave_detuned_octave_885,detuned_octaves,440 + 885,"{""frequencies_hz"": ""440,885""}",phase_vocoder,Phase Vocoder,local phase vocoder,-12,5,0.11609977324263039,220.67265591645062,441.34531183290125,0.9956671676065174
octave_detuned_octave_885,detuned_octaves,440 + 885,"{""frequencies_hz"": ""440,885""}",phase_vocoder,Phase Vocoder,local phase vocoder,-12,6,0.13931972789115646,220.67055063973046,441.34110127946093,0.9957827778293699
octave_detuned_octave_885,detuned_octaves,440 + 885,"{""frequencies_hz"": ""440,885""}",phase_vocoder,Phase Vocoder,local phase vocoder,-12,7,0.16253968253968254,220.66993229192897,441.33986458385795,0.9958047559847572
octave_detuned_octave_885,detuned_octaves,440 + 885,"{""frequencies_hz"": ""440,885""}",phase_vocoder,Phase Vocoder,local phase vocoder,-12,8,0.18575963718820862,220.66991787654038,441.33983575308076,0.9958054143896456
octave_detuned_octave_885,detuned_octaves,440 + 885,"{""frequencies_hz"": ""440,885""}",phase_vocoder,Phase Vocoder,local phase vocoder,-12,9,0.2089795918367347,220.6699192966646,441.3398385933292,0.995805483500947
octave_detuned_octave_885,detuned_octaves,440 + 885,"{""frequencies_hz"": ""440,885""}",phase_vocoder,Phase Vocoder,local phase vocoder,-12,10,0.23219954648526078,220.66991921756247,441.33983843512493,0.9958055193567724
octave_detuned_octave_885,detuned_octaves,440 + 885,"{""frequencies_hz"": ""440,885""}",phase_vocoder,Phase Vocoder,local phase vocoder,-12,11,0.25541950113378686,220.66991836680535,441.3398367336107,0.9958054476170324
octave_detuned_octave_885,detuned_octaves,440 + 885,"{""frequencies_hz"": ""440,885""}",phase_vocoder,Phase Vocoder,local phase vocoder,-12,12,0.2786394557823129,220.66991716889495,441.3398343377899,0.9958053732487476
octave_detuned_octave_885,detuned_octaves,440 + 885,"{""frequencies_hz"": ""440,885""}",phase_vocoder,Phase Vocoder,local phase vocoder,-12,13,0.301859410430839,220.66991659262672,441.33983318525344,0.995805483096051
octave_detuned_octave_885,detuned_octaves,440 + 885,"{""frequencies_hz"": ""440,885""}",phase_vocoder,Phase Vocoder,local phase vocoder,-12,14,0.3250793650793651,220.6699162390332,441.3398324780664,0.9958055014450942
octave_detuned_octave_885,detuned_octaves,440 + 885,"{""frequencies_hz"": ""440,885""}",phase_vocoder,Phase Vocoder,local phase vocoder,-12,15,0.34829931972789113,220.66991866792972,441.33983733585944,0.9958054298133796
octave_detuned_octave_885,detuned_octaves,440 + 885,"{""frequencies_hz"": ""440,885""}",phase_vocoder,Phase Vocoder,local phase vocoder,-12,16,0.37151927437641724,220.6699205983664,441.3398411967328,0.9958053965065866
octave_detuned_octave_885,detuned_octaves,440 + 885,"{""frequencies_hz"": ""440,885""}",phase_vocoder,Phase Vocoder,local phase vocoder,-12,17,0.3947392290249433,220.6699195825131,441.3398391650262,0.9958054369139
octave_detuned_octave_885,detuned_octaves,440 + 885,"{""frequencies_hz"": ""440,885""}",phase_vocoder,Phase Vocoder,local phase vocoder,-12,18,0.4179591836734694,220.66991768571393,441.33983537142785,0.9958054022555556
octave_detuned_octave_885,detuned_octaves,440 + 885,"{""frequencies_hz"": ""440,885""}",phase_vocoder,Phase Vocoder,local phase vocoder,-12,19,0.44117913832199546,220.66991685975745,441.3398337195149,0.9958054706225334
octave_detuned_octave_885,detuned_octaves,440 + 885,"{""frequencies_hz"": ""440,885""}",phase_vocoder,Phase Vocoder,local phase vocoder,-12,20,0.46439909297052157,220.66991529542202,441.33983059084403,0.9958055101965578
octave_detuned_octave_885,detuned_octaves,440 + 885,"{""frequencies_hz"": ""440,885""}",phase_vocoder,Phase Vocoder,local phase vocoder,-12,21,0.4876190476190476,220.66991693415343,441.33983386830687,0.9958054409534048
octave_detuned_octave_885,detuned_octaves,440 + 885,"{""frequencies_hz"": ""440,885""}",phase_vocoder,Phase Vocoder,local phase vocoder,-12,22,0.5108390022675737,220.66991917277392,441.33983834554783,0.9958053673490437
octave_detuned_octave_885,detuned_octaves,440 + 885,"{""frequencies_hz"": ""440,885""}",phase_vocoder,Phase Vocoder,local phase vocoder,-12,23,0.5340589569160997,220.66991983640818,441.33983967281637,0.9958054886824649
octave_detuned_octave_885,detuned_octaves,440 + 885,"{""frequencies_hz"": ""440,885""}",phase_vocoder,Phase Vocoder,local phase vocoder,-12,24,0.5572789115646258,220.6699187210684,441.3398374421368,0.995805495697005
octave_detuned_octave_885,detuned_octaves,440 + 885,"{""frequencies_hz"": ""440,885""}",phase_vocoder,Phase Vocoder,local phase vocoder,-12,25,0.5804988662131519,220.66991838859383,441.33983677718766,0.9958054283822955
octave_detuned_octave_885,detuned_octaves,440 + 885,"{""frequencies_hz"": ""440,885""}",phase_vocoder,Phase Vocoder,local phase vocoder,-12,26,0.603718820861678,220.66991696313428,441.33983392626857,0.9958053955665653
octave_detuned_octave_885,detuned_octaves,440 + 885,"{""frequencies_hz"": ""440,885""}",phase_vocoder,Phase Vocoder,local phase vocoder,-12,27,0.626938775510204,220.6699166816372,441.3398333632744,0.9958054255502519
octave_detuned_octave_885,detuned_octaves,440 + 885,"{""frequencies_hz"": ""440,885""}",phase_vocoder,Phase Vocoder,local phase vocoder,-12,28,0.6501587301587302,220.66991701837281,441.33983403674563,0.9958053983507648
octave_detuned_octave_885,detuned_octaves,440 + 885,"{""frequencies_hz"": ""440,885""}",phase_vocoder,Phase Vocoder,local phase vocoder,-12,29,0.6733786848072563,220.66991870184546,441.3398374036909,0.9958054997191846
octave_detuned_octave_885,detuned_octaves,440 + 885,"{""frequencies_hz"": ""440,885""}",phase_vocoder,Phase Vocoder,local phase vocoder,-12,30,0.6965986394557823,220.66991941964858,441.33983883929716,0.9958055466597029
octave_detuned_octave_885,detuned_octaves,440 + 885,"{""frequencies_hz"": ""440,885""}",phase_vocoder,Phase Vocoder,local phase vocoder,-12,31,0.7198185941043084,220.6699191522736,441.3398383045472,0.9958054587027148
octave_detuned_octave_885,detuned_octaves,440 + 885,"{""frequencies_hz"": ""440,885""}",phase_vocoder,Phase Vocoder,local phase vocoder,-12,32,0.7430385487528345,220.66991856473376,441.3398371294675,0.9958053701584479
octave_detuned_octave_885,detuned_octaves,440 + 885,"{""frequencies_hz"": ""440,885""}",phase_vocoder,Phase Vocoder,local phase vocoder,-12,33,0.7662585034013606,220.6699173313735,441.339834662747,0.9958054674800187
octave_detuned_octave_885,detuned_octaves,440 + 885,"{""frequencies_hz"": ""440,885""}",phase_vocoder,Phase Vocoder,local phase vocoder,-12,34,0.7894784580498866,220.66991553094616,441.3398310618923,0.9958054784847792
octave_detuned_octave_885,detuned_octaves,440 + 885,"{""frequencies_hz"": ""440,885""}",phase_vocoder,Phase Vocoder,local phase vocoder,-12,35,0.8126984126984127,220.6699169257976,441.3398338515952,0.9958054303149299
octave_detuned_octave_885,detuned_octaves,440 + 885,"{""frequencies_hz"": ""440,885""}",phase_vocoder,Phase Vocoder,local phase vocoder,-12,36,0.8359183673469388,220.66991909285613,441.33983818571227,0.9958054125216329
octave_detuned_octave_885,detuned_octaves,440 + 885,"{""frequencies_hz"": ""440,885""}",phase_vocoder,Phase Vocoder,local phase vocoder,-12,37,0.8591383219954648,220.66991938973962,441.33983877947924,0.9958054327031627
octave_detuned_octave_885,detuned_octaves,440 + 885,"{""frequencies_hz"": ""440,885""}",phase_vocoder,Phase Vocoder,local phase vocoder,-12,38,0.8823582766439909,220.66991871066716,441.3398374213343,0.9958053901169358
octave_detuned_octave_885,detuned_octaves,440 + 885,"{""frequencies_hz"": ""440,885""}",phase_vocoder,Phase Vocoder,local phase vocoder,-12,39,0.905578231292517,220.66991819411177,441.33983638822355,0.9958054878945098
octave_detuned_octave_885,detuned_octaves,440 + 885,"{""frequencies_hz"": ""440,885""}",phase_vocoder,Phase Vocoder,local phase vocoder,-12,40,0.9287981859410431,220.66991682703264,441.3398336540653,0.9958055321884599
octave_detuned_octave_885,detuned_octaves,440 + 885,"{""frequencies_hz"": ""440,885""}",phase_vocoder,Phase Vocoder,local phase vocoder,-12,41,0.9520181405895691,220.66991745572213,441.33983491144426,0.9958054436974865
octave_detuned_octave_885,detuned_octaves,440 + 885,"{""frequencies_hz"": ""440,885""}",phase_vocoder,Phase Vocoder,local phase vocoder,-12,42,0.9752380952380952,220.66991795779776,441.33983591559553,0.995805359031472
octave_detuned_octave_885,detuned_octaves,440 + 885,"{""frequencies_hz"": ""440,885""}",phase_vocoder,Phase Vocoder,local phase vocoder,-12,43,0.9984580498866213,220.66991787057862,441.33983574115723,0.9958054666863412
octave_detuned_octave_885,detuned_octaves,440 + 885,"{""frequencies_hz"": ""440,885""}",phase_vocoder,Phase Vocoder,local phase vocoder,-12,44,1.0216780045351475,220.6699175238205,441.339835047641,0.9958054675190217
octave_detuned_octave_885,detuned_octaves,440 + 885,"{""frequencies_hz"": ""440,885""}",phase_vocoder,Phase Vocoder,local phase vocoder,-12,45,1.0448979591836736,220.6699189974633,441.3398379949266,0.9958054385110534
octave_detuned_octave_885,detuned_octaves,440 + 885,"{""frequencies_hz"": ""440,885""}",phase_vocoder,Phase Vocoder,local phase vocoder,-12,46,1.0681179138321995,220.66991972284637,441.33983944569275,0.9958054284994129
octave_detuned_octave_885,detuned_octaves,440 + 885,"{""frequencies_hz"": ""440,885""}",phase_vocoder,Phase Vocoder,local phase vocoder,-12,47,1.0913378684807256,220.66991887966427,441.33983775932853,0.9958054307904554
octave_detuned_octave_885,detuned_octaves,440 + 885,"{""frequencies_hz"": ""440,885""}",phase_vocoder,Phase Vocoder,local phase vocoder,-12,48,1.1145578231292517,220.66991672716335,441.3398334543267,0.9958053854578598
octave_detuned_octave_885,detuned_octaves,440 + 885,"{""frequencies_hz"": ""440,885""}",phase_vocoder,Phase Vocoder,local phase vocoder,-12,49,1.1377777777777778,220.66991636007583,441.33983272015166,0.9958055011407696
octave_detuned_octave_885,detuned_octaves,440 + 885,"{""frequencies_hz"": ""440,885""}",phase_vocoder,Phase Vocoder,local phase vocoder,-12,50,1.1609977324263039,220.6699167621913,441.3398335243826,0.9958055473783368
octave_detuned_octave_885,detuned_octaves,440 + 885,"{""frequencies_hz"": ""440,885""}",phase_vocoder,Phase Vocoder,local phase vocoder,-12,51,1.18421768707483,220.66991805444437,441.33983610888873,0.9958054572767752
octave_detuned_octave_885,detuned_octaves,440 + 885,"{""frequencies_hz"": ""440,885""}",phase_vocoder,Phase Vocoder,local phase vocoder,-12,52,1.207437641723356,220.6699198708198,441.3398397416396,0.9958053728150686
octave_detuned_octave_885,detuned_octaves,440 + 885,"{""frequencies_hz"": ""440,885""}",phase_vocoder,Phase Vocoder,local phase vocoder,-12,53,1.230657596371882,220.66991957638697,441.33983915277395,0.9958054566192667
octave_detuned_octave_885,detuned_octaves,440 + 885,"{""frequencies_hz"": ""440,885""}",phase_vocoder,Phase Vocoder,local phase vocoder,-12,54,1.253877551020408,220.66991753481753,441.33983506963506,0.9958054591267531
octave_detuned_octave_885,detuned_octaves,440 + 885,"{""frequencies_hz"": ""440,885""}",phase_vocoder,Phase Vocoder,local phase vocoder,-12,55,1.2770975056689342,220.66991744459872,441.33983488919745,0.9958054403673972
octave_detuned_octave_885,detuned_octaves,440 + 885,"{""frequencies_hz"": ""440,885""}",phase_vocoder,Phase Vocoder,local phase vocoder,-12,56,1.3003174603174603,220.66991746803185,441.3398349360637,0.9958054373255747
octave_detuned_octave_885,detuned_octaves,440 + 885,"{""frequencies_hz"": ""440,885""}",phase_vocoder,Phase Vocoder,local phase vocoder,-12,57,1.3235374149659864,220.66991674399299,441.33983348798597,0.9958054354041632
octave_detuned_octave_885,detuned_octaves,440 + 885,"{""frequencies_hz"": ""440,885""}",phase_vocoder,Phase Vocoder,local phase vocoder,-12,58,1.3467573696145125,220.669917637866,441.339835275732,0.9958053802119725
octave_detuned_octave_885,detuned_octaves,440 + 885,"{""frequencies_hz"": ""440,885""}",phase_vocoder,Phase Vocoder,local phase vocoder,-12,59,1.3699773242630386,220.66991967056626,441.3398393411325,0.9958054919815899
octave_detuned_octave_885,detuned_octaves,440 + 885,"{""frequencies_hz"": ""440,885""}",phase_vocoder,Phase Vocoder,local phase vocoder,-12,60,1.3931972789115645,220.66991939393967,441.33983878787933,0.9958055389974968
octave_detuned_octave_885,detuned_octaves,440 + 885,"{""frequencies_hz"": ""440,885""}",phase_vocoder,Phase Vocoder,local phase vocoder,-12,61,1.4164172335600906,220.66991871548225,441.3398374309645,0.9958054485674577
octave_detuned_octave_885,detuned_octaves,440 + 885,"{""frequencies_hz"": ""440,885""}",phase_vocoder,Phase Vocoder,local phase vocoder,-12,62,1.4396371882086167,220.66991771460772,441.33983542921544,0.9958053599561107
octave_detuned_octave_885,detuned_octaves,440 + 885,"{""frequencies_hz"": ""440,885""}",phase_vocoder,Phase Vocoder,local phase vocoder,-12,63,1.4628571428571429,220.6699164949381,441.3398329898762,0.995805447479073
octave_detuned_octave_885,detuned_octaves,440 + 885,"{""frequencies_hz"": ""440,885""}",phase_vocoder,Phase Vocoder,local phase vocoder,-12,64,1.486077097505669,220.66991578260433,441.33983156520867,0.9958054384860496
octave_detuned_octave_885,detuned_octaves,440 + 885,"{""frequencies_hz"": ""440,885""}",phase_vocoder,Phase Vocoder,local phase vocoder,-12,65,1.509297052154195,220.66991807384835,441.3398361476967,0.9958054430511695
octave_detuned_octave_885,detuned_octaves,440 + 885,"{""frequencies_hz"": ""440,885""}",phase_vocoder,Phase Vocoder,local phase vocoder,-12,66,1.5325170068027212,220.66991981410487,441.33983962820975,0.995805459373652
octave_detuned_octave_885,detuned_octaves,440 + 885,"{""frequencies_hz"": ""440,885""}",phase_vocoder,Phase Vocoder,local phase vocoder,-12,67,1.555736961451247,220.66991947641577,441.33983895283154,0.9958054446784335
octave_detuned_octave_885,detuned_octaves,440 + 885,"{""frequencies_hz"": ""440,885""}",phase_vocoder,Phase Vocoder,local phase vocoder,-12,68,1.5789569160997732,220.66991840202544,441.3398368040509,0.9958053807281734
octave_detuned_octave_885,detuned_octaves,440 + 885,"{""frequencies_hz"": ""440,885""}",phase_vocoder,Phase Vocoder,local phase vocoder,-12,69,1.6021768707482993,220.66991772388994,441.3398354477799,0.9958054977643901
octave_detuned_octave_885,detuned_octaves,440 + 885,"{""frequencies_hz"": ""440,885""}",phase_vocoder,Phase Vocoder,local phase vocoder,-12,70,1.6253968253968254,220.66991623266676,441.33983246533353,0.9958055396306538
octave_detuned_octave_885,detuned_octaves,440 + 885,"{""frequencies_hz"": ""440,885""}",phase_vocoder,Phase Vocoder,local phase vocoder,-12,71,1.6486167800453515,220.66991642712634,441.3398328542527,0.995805447968347
octave_detuned_octave_885,detuned_octaves,440 + 885,"{""frequencies_hz"": ""440,885""}",phase_vocoder,Phase Vocoder,local phase vocoder,-12,72,1.6718367346938776,220.66991859836327,441.33983719672653,0.9958053711936878
octave_detuned_octave_885,detuned_octaves,440 + 885,"{""frequencies_hz"": ""440,885""}",phase_vocoder,Phase Vocoder,local phase vocoder,-12,73,1.6950566893424037,220.66991930577703,441.33983861155406,0.995805444397765
octave_detuned_octave_885,detuned_octaves,440 + 885,"{""frequencies_hz"": ""440,885""}",phase_vocoder,Phase Vocoder,local phase vocoder,-12,74,1.7182766439909296,220.66991896899998,441.33983793799996,0.9958054405043991
octave_detuned_octave_885,detuned_octaves,440 + 885,"{""frequencies_hz"": ""440,885""}",phase_vocoder,Phase Vocoder,local phase vocoder,-12,75,1.7414965986394557,220.66991931980778,441.33983863961555,0.9958054587711874
octave_detuned_octave_885,detuned_octaves,440 + 885,"{""frequencies_hz"": ""440,885""}",phase_vocoder,Phase Vocoder,local phase vocoder,-12,76,1.7647165532879818,220.6699181726079,441.3398363452158,0.9958054795714938
octave_detuned_octave_885,detuned_octaves,440 + 885,"{""frequencies_hz"": ""440,885""}",phase_vocoder,Phase Vocoder,local phase vocoder,-12,77,1.787936507936508,220.66991254414773,441.33982508829547,0.9958054773273896
octave_detuned_octave_885,detuned_octaves,440 + 885,"{""frequencies_hz"": ""440,885""}",phase_vocoder,Phase Vocoder,local phase vocoder,-12,78,1.811156462585034,220.66968208386294,441.3393641677259,0.9958076829254007
octave_detuned_octave_885,detuned_octaves,440 + 885,"{""frequencies_hz"": ""440,885""}",phase_vocoder,Phase Vocoder,local phase vocoder,-12,79,1.8343764172335602,220.66810376080565,441.3362075216113,0.9958226514830861
octave_detuned_octave_885,detuned_octaves,440 + 885,"{""frequencies_hz"": ""440,885""}",phase_vocoder,Phase Vocoder,local phase vocoder,-12,80,1.8575963718820863,220.66342572918862,441.32685145837723,0.9958379235742204
octave_detuned_octave_885,detuned_octaves,440 + 885,"{""frequencies_hz"": ""440,885""}",phase_vocoder,Phase Vocoder,local phase vocoder,-12,81,1.8808163265306121,220.65633869940538,441.31267739881076,0.9957753154603336
octave_detuned_octave_885,detuned_octaves,440 + 885,"{""frequencies_hz"": ""440,885""}",phase_vocoder,Phase Vocoder,local phase vocoder,-12,82,1.9040362811791383,220.6550471214993,441.3100942429986,0.995371771612131
octave_detuned_octave_885,detuned_octaves,440 + 885,"{""frequencies_hz"": ""440,885""}",phase_vocoder,Phase Vocoder,local phase vocoder,-12,83,1.9272562358276644,220.65191373453456,441.3038274690691,0.9937297414907541
octave_detuned_octave_885,detuned_octaves,440 + 885,"{""frequencies_hz"": ""440,885""}",phase_vocoder,Phase Vocoder,local phase vocoder,-12,84,1.9504761904761905,220.56811742468412,441.13623484936824,0.9833214140132084
octave_detuned_octave_885,detuned_octaves,440 + 885,"{""frequencies_hz"": ""440,885""}",phase_vocoder,Phase Vocoder,local phase vocoder,-12,85,1.9736961451247166,220.2000898467181,440.4001796934362,0.9500620576646416
octave_detuned_octave_885,detuned_octaves,440 + 885,"{""frequencies_hz"": ""440,885""}",phase_vocoder,Phase Vocoder,local phase vocoder,-12,86,1.9969160997732427,219.62752972670796,439.2550594534159,0.9147683032141387
octave_detuned_octave_885,detuned_octaves,440 + 885,"{""frequencies_hz"": ""440,885""}",wsola,WSOLA,local waveform-similarity overlap-add,-12,0,0.0,745.7800314376941,1491.5600628753882,0.18619092492175993
octave_detuned_octave_885,detuned_octaves,440 + 885,"{""frequencies_hz"": ""440,885""}",wsola,WSOLA,local waveform-similarity overlap-add,-12,1,0.023219954648526078,745.7742417222712,1491.5484834445424,0.18677810439725412
octave_detuned_octave_885,detuned_octaves,440 + 885,"{""frequencies_hz"": ""440,885""}",wsola,WSOLA,local waveform-similarity overlap-add,-12,2,0.046439909297052155,745.7457086246291,1491.4914172492581,0.19089746362526905
octave_detuned_octave_885,detuned_octaves,440 + 885,"{""frequencies_hz"": ""440,885""}",wsola,WSOLA,local waveform-similarity overlap-add,-12,3,0.06965986394557823,745.5613048339039,1491.1226096678079,0.2523030061449477
octave_detuned_octave_885,detuned_octaves,440 + 885,"{""frequencies_hz"": ""440,885""}",wsola,WSOLA,local waveform-similarity overlap-add,-12,4,0.09287981859410431,144.5460394586649,289.0920789173298,0.9995075401960012
octave_detuned_octave_885,detuned_octaves,440 + 885,"{""frequencies_hz"": ""440,885""}",wsola,WSOLA,local waveform-similarity overlap-add,-12,5,0.11609977324263039,225.18584173191303,450.37168346382606,0.9876805141892412
octave_detuned_octave_885,detuned_octaves,440 + 885,"{""frequencies_hz"": ""440,885""}",wsola,WSOLA,local waveform-similarity overlap-add,-12,6,0.13931972789115646,225.85649515281102,451.71299030562204,0.9843239292006382
octave_detuned_octave_885,detuned_octaves,440 + 885,"{""frequencies_hz"": ""440,885""}",wsola,WSOLA,local waveform-similarity overlap-add,-12,7,0.16253968253968254,226.1989428295706,452.3978856591412,0.9812294930080049
octave_detuned_octave_885,detuned_octaves,440 + 885,"{""frequencies_hz"": ""440,885""}",wsola,WSOLA,local waveform-similarity overlap-add,-12,8,0.18575963718820862,226.73490627267768,453.46981254535535,0.9834455762029373
octave_detuned_octave_885,detuned_octaves,440 + 885,"{""frequencies_hz"": ""440,885""}",wsola,WSOLA,local waveform-similarity overlap-add,-12,9,0.2089795918367347,227.55030251532315,455.1006050306463,0.9859090206396963
octave_detuned_octave_885,detuned_octaves,440 + 885,"{""frequencies_hz"": ""440,885""}",wsola,WSOLA,local waveform-similarity overlap-add,-12,10,0.23219954648526078,228.43275017768966,456.8655003553793,0.9840723802090584
octave_detuned_octave_885,detuned_octaves,440 + 885,"{""frequencies_hz"": ""440,885""}",wsola,WSOLA,local waveform-similarity overlap-add,-12,11,0.25541950113378686,229.03689420466978,458.07378840933956,0.9840118400808189
octave_detuned_octave_885,detuned_octaves,440 + 885,"{""frequencies_hz"": ""440,885""}",wsola,WSOLA,local waveform-similarity overlap-add,-12,12,0.2786394557823129,228.96083326570385,457.9216665314077,0.9860988440466578
octave_detuned_octave_885,detuned_octaves,440 + 885,"{""frequencies_hz"": ""440,885""}",wsola,WSOLA,local waveform-similarity overlap-add,-12,13,0.301859410430839,228.78472983761924,457.5694596752385,0.9880489126730015
octave_detuned_octave_885,detuned_octaves,440 + 885,"{""frequencies_hz"": ""440,885""}",wsola,WSOLA,local waveform-similarity overlap-add,-12,14,0.3250793650793651,228.99679292178357,457.99358584356713,0.9877891052843882
octave_detuned_octave_885,detuned_octaves,440 + 885,"{""frequencies_hz"": ""440,885""}",wsola,WSOLA,local waveform-similarity overlap-add,-12,15,0.34829931972789113,229.328847046554,458.657694093108,0.9872370518153412
octave_detuned_octave_885,detuned_octaves,440 + 885,"{""frequencies_hz"": ""440,885""}",wsola,WSOLA,local waveform-similarity overlap-add,-12,16,0.37151927437641724,229.32232252867567,458.64464505735134,0.9887116667390456
octave_detuned_octave_885,detuned_octaves,440 + 885,"{""frequencies_hz"": ""440,885""}",wsola,WSOLA,local waveform-similarity overlap-add,-12,17,0.3947392290249433,229.2057667264317,458.4115334528634,0.9897786734085036
octave_detuned_octave_885,detuned_octaves,440 + 885,"{""frequencies_hz"": ""440,885""}",wsola,WSOLA,local waveform-similarity overlap-add,-12,18,0.4179591836734694,229.3287321548624,458.6574643097248,0.9889043269046065
octave_detuned_octave_885,detuned_octaves,440 + 885,"{""frequencies_hz"": ""440,885""}",wsola,WSOLA,local waveform-similarity overlap-add,-12,19,0.44117913832199546,229.52244104721726,459.0448820944345,0.9882271147972598
octave_detuned_octave_885,detuned_octaves,440 + 885,"{""frequencies_hz"": ""440,885""}",wsola,WSOLA,local waveform-similarity overlap-add,-12,20,0.46439909297052157,229.4622893204826,458.9245786409652,0.9894768567059353
octave_detuned_octave_885,detuned_octaves,440 + 885,"{""frequencies_hz"": ""440,885""}",wsola,WSOLA,local waveform-similarity overlap-add,-12,21,0.4876190476190476,229.34415819497428,458.68831638994857,0.9900269594571485
octave_detuned_octave_885,detuned_octaves,440 + 885,"{""frequencies_hz"": ""440,885""}",wsola,WSOLA,local waveform-similarity overlap-add,-12,22,0.5108390022675737,229.4348686334293,458.8697372668586,0.9888055735539094
octave_detuned_octave_885,detuned_octaves,440 + 885,"{""frequencies_hz"": ""440,885""}",wsola,WSOLA,local waveform-similarity overlap-add,-12,23,0.5340589569160997,229.54974062850823,459.09948125701646,0.9883021423463288
octave_detuned_octave_885,detuned_octaves,440 + 885,"{""frequencies_hz"": ""440,885""}",wsola,WSOLA,local waveform-similarity overlap-add,-12,24,0.5572789115646258,229.434091147143,458.868182294286,0.9896469324976295
octave_detuned_octave_885,detuned_octaves,440 + 885,"{""frequencies_hz"": ""440,885""}",wsola,WSOLA,local waveform-similarity overlap-add,-12,25,0.5804988662131519,229.33567663119342,458.67135326238684,0.9899387123719384
octave_detuned_octave_885,detuned_octaves,440 + 885,"{""frequencies_hz"": ""440,885""}",wsola,WSOLA,local waveform-similarity overlap-add,-12,26,0.603718820861678,229.4690651805012,458.9381303610024,0.9885828607992143
octave_detuned_octave_885,detuned_octaves,440 + 885,"{""frequencies_hz"": ""440,885""}",wsola,WSOLA,local waveform-similarity overlap-add,-12,27,0.626938775510204,229.5740632363557,459.1481264727114,0.9883504757974385
octave_detuned_octave_885,detuned_octaves,440 + 885,"{""frequencies_hz"": ""440,885""}",wsola,WSOLA,local waveform-similarity overlap-add,-12,28,0.6501587301587302,229.43044983490674,458.8608996698135,0.9897514071893023
octave_detuned_octave_885,detuned_octaves,440 + 885,"{""frequencies_hz"": ""440,885""}",wsola,WSOLA,local waveform-similarity overlap-add,-12,29,0.6733786848072563,229.3465187813176,458.6930375626352,0.9898035721217084
octave_detuned_octave_885,detuned_octaves,440 + 885,"{""frequencies_hz"": ""440,885""}",wsola,WSOLA,local waveform-similarity overlap-add,-12,30,0.6965986394557823,229.4878756646675,458.975751329335,0.988397228305562
octave_detuned_octave_885,detuned_octaves,440 + 885,"{""frequencies_hz"": ""440,885""}",wsola,WSOLA,local waveform-similarity overlap-add,-12,31,0.7198185941043084,229.52475485988464,459.0495097197693,0.9883690872797365
octave_detuned_octave_885,detuned_octaves,440 + 885,"{""frequencies_hz"": ""440,885""}",wsola,WSOLA,local waveform-similarity overlap-add,-12,32,0.7430385487528345,229.2997743372531,458.5995486745062,0.9895457097382176
octave_detuned_octave_885,detuned_octaves,440 + 885,"{""frequencies_hz"": ""440,885""}",wsola,WSOLA,local waveform-similarity overlap-add,-12,33,0.7662585034013606,229.1762878086998,458.3525756173996,0.9891553283223441
octave_detuned_octave_885,detuned_octaves,440 + 885,"{""frequencies_hz"": ""440,885""}",wsola,WSOLA,local waveform-similarity overlap-add,-12,34,0.7894784580498866,229.28180904601325,458.5636180920265,0.9877272370425995
octave_detuned_octave_885,detuned_octaves,440 + 885,"{""frequencies_hz"": ""440,885""}",wsola,WSOLA,local waveform-similarity overlap-add,-12,35,0.8126984126984127,229.3122995737203,458.6245991474406,0.9882578459111926
octave_detuned_octave_885,detuned_octaves,440 + 885,"{""frequencies_hz"": ""440,885""}",wsola,WSOLA,local waveform-similarity overlap-add,-12,36,0.8359183673469388,229.2084700950458,458.4169401900916,0.9897034199684895
octave_detuned_octave_885,detuned_octaves,440 + 885,"{""frequencies_hz"": ""440,885""}",wsola,WSOLA,local waveform-similarity overlap-add,-12,37,0.8591383219954648,229.27175614933896,458.5435122986779,0.9893713076533095
octave_detuned_octave_885,detuned_octaves,440 + 885,"{""frequencies_hz"": ""440,885""}",wsola,WSOLA,local waveform-similarity overlap-add,-12,38,0.8823582766439909,229.4910296762965,458.982059352593,0.9882142181033716
octave_detuned_octave_885,detuned_octaves,440 + 885,"{""frequencies_hz"": ""440,885""}",wsola,WSOLA,local waveform-similarity overlap-add,-12,39,0.905578231292517,229.50594866463572,459.01189732927145,0.988950799205459
octave_detuned_octave_885,detuned_octaves,440 + 885,"{""frequencies_hz"": ""440,885""}",wsola,WSOLA,local waveform-similarity overlap-add,-12,40,0.9287981859410431,229.35146653992126,458.7029330798425,0.9900815749807694
octave_detuned_octave_885,detuned_octaves,440 + 885,"{""frequencies_hz"": ""440,885""}",wsola,WSOLA,local waveform-similarity overlap-add,-12,41,0.9520181405895691,229.3787428947867,458.7574857895734,0.9893315238775108
octave_detuned_octave_885,detuned_octaves,440 + 885,"{""frequencies_hz"": ""440,885""}",wsola,WSOLA,local waveform-similarity overlap-add,-12,42,0.9752380952380952,229.55352946409883,459.10705892819766,0.9881419869885124
octave_detuned_octave_885,detuned_octaves,440 + 885,"{""frequencies_hz"": ""440,885""}",wsola,WSOLA,local waveform-similarity overlap-add,-12,43,0.9984580498866213,229.51848500985784,459.0369700197157,0.9890758111863377
octave_detuned_octave_885,detuned_octaves,440 + 885,"{""frequencies_hz"": ""440,885""}",wsola,WSOLA,local waveform-similarity overlap-add,-12,44,1.0216780045351475,229.35722033180656,458.7144406636131,0.9900506022866956
octave_detuned_octave_885,detuned_octaves,440 + 885,"{""frequencies_hz"": ""440,885""}",wsola,WSOLA,local waveform-similarity overlap-add,-12,45,1.0448979591836736,229.40476054858235,458.8095210971647,0.9891106736733153
octave_detuned_octave_885,detuned_octaves,440 + 885,"{""frequencies_hz"": ""440,885""}",wsola,WSOLA,local waveform-similarity overlap-add,-12,46,1.0681179138321995,229.56658767680395,459.1331753536079,0.9881303048575311
octave_detuned_octave_885,detuned_octaves,440 + 885,"{""frequencies_hz"": ""440,885""}",wsola,WSOLA,local waveform-similarity overlap-add,-12,47,1.0913378684807256,229.4963675161984,458.9927350323968,0.9892741279093779
octave_detuned_octave_885,detuned_octaves,440 + 885,"{""frequencies_hz"": ""440,885""}",wsola,WSOLA,local waveform-similarity overlap-add,-12,48,1.1145578231292517,229.34801091112965,458.6960218222593,0.9900340634046773
octave_detuned_octave_885,detuned_octaves,440 + 885,"{""frequencies_hz"": ""440,885""}",wsola,WSOLA,local waveform-similarity overlap-add,-12,49,1.1377777777777778,229.42692691584932,458.85385383169864,0.9889126664634478
octave_detuned_octave_885,detuned_octaves,440 + 885,"{""frequencies_hz"": ""440,885""}",wsola,WSOLA,local waveform-similarity overlap-add,-12,50,1.1609977324263039,229.57021488149766,459.1404297629953,0.988176370523902
octave_detuned_octave_885,detuned_octaves,440 + 885,"{""frequencies_hz"": ""440,885""}",wsola,WSOLA,local waveform-similarity overlap-add,-12,51,1.18421768707483,229.46166150338675,458.9233230067735,0.9894699997057835
octave_detuned_octave_885,detuned_octaves,440 + 885,"{""frequencies_hz"": ""440,885""}",wsola,WSOLA,local waveform-similarity overlap-add,-12,52,1.207437641723356,229.32968052729686,458.6593610545937,0.9899809963952568
octave_detuned_octave_885,detuned_octaves,440 + 885,"{""frequencies_hz"": ""440,885""}",wsola,WSOLA,local waveform-similarity overlap-add,-12,53,1.230657596371882,229.44696922049704,458.8939384409941,0.988695481209473
octave_detuned_octave_885,detuned_octaves,440 + 885,"{""frequencies_hz"": ""440,885""}",wsola,WSOLA,local waveform-similarity overlap-add,-12,54,1.253877551020408,229.58229209393176,459.1645841878635,0.9882158137994539
octave_detuned_octave_885,detuned_octaves,440 + 885,"{""frequencies_hz"": ""440,885""}",wsola,WSOLA,local waveform-similarity overlap-add,-12,55,1.2770975056689342,229.44878165378088,458.89756330756177,0.9896049106740333
octave_detuned_octave_885,detuned_octaves,440 + 885,"{""frequencies_hz"": ""440,885""}",wsola,WSOLA,local waveform-similarity overlap-add,-12,56,1.3003174603174603,229.33568701573643,458.67137403147285,0.9898712394087344
octave_detuned_octave_885,detuned_octaves,440 + 885,"{""frequencies_hz"": ""440,885""}",wsola,WSOLA,local waveform-similarity overlap-add,-12,57,1.3235374149659864,229.4752695323153,458.9505390646306,0.9885034663990662
octave_detuned_octave_885,detuned_octaves,440 + 885,"{""frequencies_hz"": ""440,885""}",wsola,WSOLA,local waveform-similarity overlap-add,-12,58,1.3467573696145125,229.58390220018848,459.16780440037695,0.9883359060331073
octave_detuned_octave_885,detuned_octaves,440 + 885,"{""frequencies_hz"": ""440,885""}",wsola,WSOLA,local waveform-similarity overlap-add,-12,59,1.3699773242630386,229.43037483490667,458.86074966981334,0.9897555472673767
octave_detuned_octave_885,detuned_octaves,440 + 885,"{""frequencies_hz"": ""440,885""}",wsola,WSOLA,local waveform-similarity overlap-add,-12,60,1.3931972789115645,229.3381395437411,458.6762790874822,0.9897654990291485
octave_detuned_octave_885,detuned_octaves,440 + 885,"{""frequencies_hz"": ""440,885""}",wsola,WSOLA,local waveform-similarity overlap-add,-12,61,1.4164172335600906,229.4823596773652,458.9647193547304,0.988385066062658
octave_detuned_octave_885,detuned_octaves,440 + 885,"{""frequencies_hz"": ""440,885""}",wsola,WSOLA,local waveform-similarity overlap-add,-12,62,1.4396371882086167,229.55243004577574,459.1048600915515,0.9885315912172977
octave_detuned_octave_885,detuned_octaves,440 + 885,"{""frequencies_hz"": ""440,885""}",wsola,WSOLA,local waveform-similarity overlap-add,-12,63,1.4628571428571429,229.3922833395591,458.7845666791182,0.9898859274758273
octave_detuned_octave_885,detuned_octaves,440 + 885,"{""frequencies_hz"": ""440,885""}",wsola,WSOLA,local waveform-similarity overlap-add,-12,64,1.486077097505669,229.34104430349535,458.6820886069907,0.989604439138884
octave_detuned_octave_885,detuned_octaves,440 + 885,"{""frequencies_hz"": ""440,885""}",wsola,WSOLA,local waveform-similarity overlap-add,-12,65,1.509297052154195,229.51141017318335,459.0228203463667,0.9882177144296145
octave_detuned_octave_885,detuned_octaves,440 + 885,"{""frequencies_hz"": ""440,885""}",wsola,WSOLA,local waveform-similarity overlap-add,-12,66,1.5325170068027212,229.55415661634083,459.10831323268167,0.9886641556376763
octave_detuned_octave_885,detuned_octaves,440 + 885,"{""frequencies_hz"": ""440,885""}",wsola,WSOLA,local waveform-similarity overlap-add,-12,67,1.555736961451247,229.38020838125377,458.76041676250753,0.9899487755775906
octave_detuned_octave_885,detuned_octaves,440 + 885,"{""frequencies_hz"": ""440,885""}",wsola,WSOLA,local waveform-similarity overlap-add,-12,68,1.5789569160997732,229.33934968904498,458.67869937808996,0.9894449024174055
octave_detuned_octave_885,detuned_octaves,440 + 885,"{""frequencies_hz"": ""440,885""}",wsola,WSOLA,local waveform-similarity overlap-add,-12,69,1.6021768707482993,229.45862098332847,458.91724196665695,0.9881466724211633
octave_detuned_octave_885,detuned_octaves,440 + 885,"{""frequencies_hz"": ""440,885""}",wsola,WSOLA,local waveform-similarity overlap-add,-12,70,1.6253968253968254,229.41295656365455,458.8259131273091,0.9887994377657854
octave_detuned_octave_885,detuned_octaves,440 + 885,"{""frequencies_hz"": ""440,885""}",wsola,WSOLA,local waveform-similarity overlap-add,-12,71,1.6486167800453515,229.2688149309854,458.5376298619708,0.9898750001732419
octave_detuned_octave_885,detuned_octaves,440 + 885,"{""frequencies_hz"": ""440,885""}",wsola,WSOLA,local waveform-similarity overlap-add,-12,72,1.6718367346938776,229.3265189013774,458.6530378027548,0.9891605760389557
octave_detuned_octave_885,detuned_octaves,440 + 885,"{""frequencies_hz"": ""440,885""}",wsola,WSOLA,local waveform-similarity overlap-add,-12,73,1.6950566893424037,229.45720813261232,458.91441626522465,0.9881117187413536
octave_detuned_octave_885,detuned_octaves,440 + 885,"{""frequencies_hz"": ""440,885""}",wsola,WSOLA,local waveform-similarity overlap-add,-12,74,1.7182766439909296,229.35002906170882,458.70005812341765,0.98907906985211
octave_detuned_octave_885,detuned_octaves,440 + 885,"{""frequencies_hz"": ""440,885""}",wsola,WSOLA,local waveform-similarity overlap-add,-12,75,1.7414965986394557,229.21207078847826,458.4241415769565,0.9899654436717349
octave_detuned_octave_885,detuned_octaves,440 + 885,"{""frequencies_hz"": ""440,885""}",wsola,WSOLA,local waveform-similarity overlap-add,-12,76,1.7647165532879818,229.33268202240808,458.66536404481616,0.9890319277099706
octave_detuned_octave_885,detuned_octaves,440 + 885,"{""frequencies_hz"": ""440,885""}",wsola,WSOLA,local waveform-similarity overlap-add,-12,77,1.787936507936508,229.5282307305714,459.0564614611428,0.9881964712003639
octave_detuned_octave_885,detuned_octaves,440 + 885,"{""frequencies_hz"": ""440,885""}",wsola,WSOLA,local waveform-similarity overlap-add,-12,78,1.811156462585034,229.46154276028514,458.9230855205703,0.9893942787628758
octave_detuned_octave_885,detuned_octaves,440 + 885,"{""frequencies_hz"": ""440,885""}",wsola,WSOLA,local waveform-similarity overlap-add,-12,79,1.8343764172335602,229.33160859996514,458.6632171999303,0.9900678289053931
octave_detuned_octave_885,detuned_octaves,440 + 885,"{""frequencies_hz"": ""440,885""}",wsola,WSOLA,local waveform-similarity overlap-add,-12,80,1.8575963718820863,229.42872230544216,458.85744461088433,0.988890279755553
octave_detuned_octave_885,detuned_octaves,440 + 885,"{""frequencies_hz"": ""440,885""}",wsola,WSOLA,local waveform-similarity overlap-add,-12,81,1.8808163265306121,229.55889396919264,459.1177879383853,0.9883620352043082
octave_detuned_octave_885,detuned_octaves,440 + 885,"{""frequencies_hz"": ""440,885""}",wsola,WSOLA,local waveform-similarity overlap-add,-12,82,1.9040362811791383,229.33334257688944,458.6666851537789,0.9907905419580131
octave_detuned_octave_885,detuned_octaves,440 + 885,"{""frequencies_hz"": ""440,885""}",wsola,WSOLA,local waveform-similarity overlap-add,-12,83,1.9272562358276644,413.94363150357333,827.8872630071467,0.49798408742264344
octave_detuned_octave_885,detuned_octaves,440 + 885,"{""frequencies_hz"": ""440,885""}",wsola,WSOLA,local waveform-similarity overlap-add,-12,84,1.9504761904761905,414.58504728809817,829.1700945761963,0.39681572275963556
octave_detuned_octave_885,detuned_octaves,440 + 885,"{""frequencies_hz"": ""440,885""}",wsola,WSOLA,local waveform-similarity overlap-add,-12,85,1.9736961451247166,414.68372246575785,829.3674449315157,0.3911631402058713
octave_detuned_octave_885,detuned_octaves,440 + 885,"{""frequencies_hz"": ""440,885""}",wsola,WSOLA,local waveform-similarity overlap-add,-12,86,1.9969160997732427,414.705840947526,829.411681895052,0.39034309472381645
octave_detuned_octave_885,detuned_octaves,440 + 885,"{""frequencies_hz"": ""440,885""}",rubber_band,Rubber Band,local hybrid spectral/time-domain proxy,-12,0,0.0,734.8338534184517,1469.6677068369033,0.1991638978610028
octave_detuned_octave_885,detuned_octaves,440 + 885,"{""frequencies_hz"": ""440,885""}",rubber_band,Rubber Band,local hybrid spectral/time-domain proxy,-12,1,0.023219954648526078,734.8280549931284,1469.6561099862568,0.19975514215176202
octave_detuned_octave_885,detuned_octaves,440 + 885,"{""frequencies_hz"": ""440,885""}",rubber_band,Rubber Band,local hybrid spectral/time-domain proxy,-12,2,0.046439909297052155,734.7994917208463,1469.5989834416926,0.2039034856391188
octave_detuned_octave_885,detuned_octaves,440 + 885,"{""frequencies_hz"": ""440,885""}",rubber_band,Rubber Band,local hybrid spectral/time-domain proxy,-12,3,0.06965986394557823,734.6153236635997,1469.2306473271994,0.26564249422724184
octave_detuned_octave_885,detuned_octaves,440 + 885,"{""frequencies_hz"": ""440,885""}",rubber_band,Rubber Band,local hybrid spectral/time-domain proxy,-12,4,0.09287981859410431,174.37204643921717,348.74409287843434,0.9994653995043236
octave_detuned_octave_885,detuned_octaves,440 + 885,"{""frequencies_hz"": ""440,885""}",rubber_band,Rubber Band,local hybrid spectral/time-domain proxy,-12,5,0.11609977324263039,225.25909770165055,450.5181954033011,0.987558108876805
octave_detuned_octave_885,detuned_octaves,440 + 885,"{""frequencies_hz"": ""440,885""}",rubber_band,Rubber Band,local hybrid spectral/time-domain proxy,-12,6,0.13931972789115646,225.9459368548909,451.8918737097818,0.9840857763613782
octave_detuned_octave_885,detuned_octaves,440 + 885,"{""frequencies_hz"": ""440,885""}",rubber_band,Rubber Band,local hybrid spectral/time-domain proxy,-12,7,0.16253968253968254,226.2517472299452,452.5034944598904,0.9811041067190357
octave_detuned_octave_885,detuned_octaves,440 + 885,"{""frequencies_hz"": ""440,885""}",rubber_band,Rubber Band,local hybrid spectral/time-domain proxy,-12,8,0.18575963718820862,226.753971813816,453.507943627632,0.9832144917999659
octave_detuned_octave_885,detuned_octaves,440 + 885,"{""frequencies_hz"": ""440,885""}",rubber_band,Rubber Band,local hybrid spectral/time-domain proxy,-12,9,0.2089795918367347,227.5985680819117,455.1971361638234,0.985796374178982
octave_detuned_octave_885,detuned_octaves,440 + 885,"{""frequencies_hz"": ""440,885""}",rubber_band,Rubber Band,local hybrid spectral/time-domain proxy,-12,10,0.23219954648526078,228.5563745984066,457.1127491968132,0.9843990105309047
octave_detuned_octave_885,detuned_octaves,440 + 885,"{""frequencies_hz"": ""440,885""}",rubber_band,Rubber Band,local hybrid spectral/time-domain proxy,-12,11,0.25541950113378686,229.22115810123393,458.44231620246785,0.9851257612569435
octave_detuned_octave_885,detuned_octaves,440 + 885,"{""frequencies_hz"": ""440,885""}",rubber_band,Rubber Band,local hybrid spectral/time-domain proxy,-12,12,0.2786394557823129,229.10772823198647,458.21545646397294,0.9870529508809475
octave_detuned_octave_885,detuned_octaves,440 + 885,"{""frequencies_hz"": ""440,885""}",rubber_band,Rubber Band,local hybrid spectral/time-domain proxy,-12,13,0.301859410430839,228.8611022852634,457.7222045705268,0.9885575858004721
octave_detuned_octave_885,detuned_octaves,440 + 885,"{""frequencies_hz"": ""440,885""}",rubber_band,Rubber Band,local hybrid spectral/time-domain proxy,-12,14,0.3250793650793651,229.0270875311585,458.054175062317,0.9880117178303481
octave_detuned_octave_885,detuned_octaves,440 + 885,"{""frequencies_hz"": ""440,885""}",rubber_band,Rubber Band,local hybrid spectral/time-domain proxy,-12,15,0.34829931972789113,229.3420041084709,458.6840082169418,0.9873603199762923
octave_detuned_octave_885,detuned_octaves,440 + 885,"{""frequencies_hz"": ""440,885""}",rubber_band,Rubber Band,local hybrid spectral/time-domain proxy,-12,16,0.37151927437641724,229.33163639415767,458.66327278831534,0.9887492209659372
octave_detuned_octave_885,detuned_octaves,440 + 885,"{""frequencies_hz"": ""440,885""}",rubber_band,Rubber Band,local hybrid spectral/time-domain proxy,-12,17,0.3947392290249433,229.19296261365946,458.3859252273189,0.9896451474236084
octave_detuned_octave_885,detuned_octaves,440 + 885,"{""frequencies_hz"": ""440,885""}",rubber_band,Rubber Band,local hybrid spectral/time-domain proxy,-12,18,0.4179591836734694,229.2830849413899,458.5661698827798,0.988543423664294
octave_detuned_octave_885,detuned_octaves,440 + 885,"{""frequencies_hz"": ""440,885""}",rubber_band,Rubber Band,local hybrid spectral/time-domain proxy,-12,19,0.44117913832199546,229.4433553054629,458.8867106109258,0.9876594782315233
octave_detuned_octave_885,detuned_octaves,440 + 885,"{""frequencies_hz"": ""440,885""}",rubber_band,Rubber Band,local hybrid spectral/time-domain proxy,-12,20,0.46439909297052157,229.37580210799717,458.75160421599435,0.9888558258950009
octave_detuned_octave_885,detuned_octaves,440 + 885,"{""frequencies_hz"": ""440,885""}",rubber_band,Rubber Band,local hybrid spectral/time-domain proxy,-12,21,0.4876190476190476,229.27093244216104,458.5418648843221,0.9894845450375143
octave_detuned_octave_885,detuned_octaves,440 + 885,"{""frequencies_hz"": ""440,885""}",rubber_band,Rubber Band,local hybrid spectral/time-domain proxy,-12,22,0.5108390022675737,229.37793738748346,458.7558747749669,0.988384440131435
octave_detuned_octave_885,detuned_octaves,440 + 885,"{""frequencies_hz"": ""440,885""}",rubber_band,Rubber Band,local hybrid spectral/time-domain proxy,-12,23,0.5340589569160997,229.51229487578343,459.02458975156685,0.9880157342595741
octave_detuned_octave_885,detuned_octaves,440 + 885,"{""frequencies_hz"": ""440,885""}",rubber_band,Rubber Band,local hybrid spectral/time-domain proxy,-12,24,0.5572789115646258,229.41219948255338,458.82439896510675,0.9894678503627845
octave_detuned_octave_885,detuned_octaves,440 + 885,"{""frequencies_hz"": ""440,885""}",rubber_band,Rubber Band,local hybrid spectral/time-domain proxy,-12,25,0.5804988662131519,229.33235552071838,458.66471104143676,0.9898913707776822
octave_detuned_octave_885,detuned_octaves,440 + 885,"{""frequencies_hz"": ""440,885""}",rubber_band,Rubber Band,local hybrid spectral/time-domain proxy,-12,26,0.603718820861678,229.4851745887316,458.9703491774632,0.9887254759315045
octave_detuned_octave_885,detuned_octaves,440 + 885,"{""frequencies_hz"": ""440,885""}",rubber_band,Rubber Band,local hybrid spectral/time-domain proxy,-12,27,0.626938775510204,229.62025177285682,459.24050354571364,0.988717800010809
octave_detuned_octave_885,detuned_octaves,440 + 885,"{""frequencies_hz"": ""440,885""}",rubber_band,Rubber Band,local hybrid spectral/time-domain proxy,-12,28,0.6501587301587302,229.51304023577507,459.02608047155013,0.9903155613149399
octave_detuned_octave_885,detuned_octaves,440 + 885,"{""frequencies_hz"": ""440,885""}",rubber_band,Rubber Band,local hybrid spectral/time-domain proxy,-12,29,0.6733786848072563,229.45229705894832,458.90459411789664,0.9905648322969537
octave_detuned_octave_885,detuned_octaves,440 + 885,"{""frequencies_hz"": ""440,885""}",rubber_band,Rubber Band,local hybrid spectral/time-domain proxy,-12,30,0.6965986394557823,229.60685320748757,459.21370641497515,0.9893039230365538
octave_detuned_octave_885,detuned_octaves,440 + 885,"{""frequencies_hz"": ""440,885""}",rubber_band,Rubber Band,local hybrid spectral/time-domain proxy,-12,31,0.7198185941043084,229.6571609025129,459.3143218050258,0.9892284594963281
octave_detuned_octave_885,detuned_octaves,440 + 885,"{""frequencies_hz"": ""440,885""}",rubber_band,Rubber Band,local hybrid spectral/time-domain proxy,-12,32,0.7430385487528345,229.47188035364394,458.9437607072879,0.9903235906001407
octave_detuned_octave_885,detuned_octaves,440 + 885,"{""frequencies_hz"": ""440,885""}",rubber_band,Rubber Band,local hybrid spectral/time-domain proxy,-12,33,0.7662585034013606,229.40240511459268,458.80481022918536,0.9899907402006896
octave_detuned_octave_885,detuned_octaves,440 + 885,"{""frequencies_hz"": ""440,885""}",rubber_band,Rubber Band,local hybrid spectral/time-domain proxy,-12,34,0.7894784580498866,229.5583560097511,459.1167120195022,0.9886175665702002
octave_detuned_octave_885,detuned_octaves,440 + 885,"{""frequencies_hz"": ""440,885""}",rubber_band,Rubber Band,local hybrid spectral/time-domain proxy,-12,35,0.8126984126984127,229.58111051545959,459.16222103091917,0.9888710509744644
octave_detuned_octave_885,detuned_octaves,440 + 885,"{""frequencies_hz"": ""440,885""}",rubber_band,Rubber Band,local hybrid spectral/time-domain proxy,-12,36,0.8359183673469388,229.3733430894791,458.7466861789582,0.989838165968605
octave_detuned_octave_885,detuned_octaves,440 + 885,"{""frequencies_hz"": ""440,885""}",rubber_band,Rubber Band,local hybrid spectral/time-domain proxy,-12,37,0.8591383219954648,229.30906397092932,458.61812794185863,0.9890345896042229
octave_detuned_octave_885,detuned_octaves,440 + 885,"{""frequencies_hz"": ""440,885""}",rubber_band,Rubber Band,local hybrid spectral/time-domain proxy,-12,38,0.8823582766439909,229.44427211932455,458.8885442386491,0.9875316757820025
octave_detuned_octave_885,detuned_octaves,440 + 885,"{""frequencies_hz"": ""440,885""}",rubber_band,Rubber Band,local hybrid spectral/time-domain proxy,-12,39,0.905578231292517,229.44417816309956,458.88835632619913,0.9882549636382032
octave_detuned_octave_885,detuned_octaves,440 + 885,"{""frequencies_hz"": ""440,885""}",rubber_band,Rubber Band,local hybrid spectral/time-domain proxy,-12,40,0.9287981859410431,229.29374426941064,458.5874885388213,0.9895686742244854
octave_detuned_octave_885,detuned_octaves,440 + 885,"{""frequencies_hz"": ""440,885""}",rubber_band,Rubber Band,local hybrid spectral/time-domain proxy,-12,41,0.9520181405895691,229.31213469490598,458.62426938981196,0.9889379124096505
octave_detuned_octave_885,detuned_octaves,440 + 885,"{""frequencies_hz"": ""440,885""}",rubber_band,Rubber Band,local hybrid spectral/time-domain proxy,-12,42,0.9752380952380952,229.441990168624,458.883980337248,0.9877262462085971
octave_detuned_octave_885,detuned_octaves,440 + 885,"{""frequencies_hz"": ""440,885""}",rubber_band,Rubber Band,local hybrid spectral/time-domain proxy,-12,43,0.9984580498866213,229.35040044639084,458.7008008927817,0.988647200371662
octave_detuned_octave_885,detuned_octaves,440 + 885,"{""frequencies_hz"": ""440,885""}",rubber_band,Rubber Band,local hybrid spectral/time-domain proxy,-12,44,1.0216780045351475,229.2100818778619,458.4201637557238,0.9898831987668026
octave_detuned_octave_885,detuned_octaves,440 + 885,"{""frequencies_hz"": ""440,885""}",rubber_band,Rubber Band,local hybrid spectral/time-domain proxy,-12,45,1.0448979591836736,229.3397025335129,458.6794050670258,0.9894950848469272
octave_detuned_octave_885,detuned_octaves,440 + 885,"{""frequencies_hz"": ""440,885""}",rubber_band,Rubber Band,local hybrid spectral/time-domain proxy,-12,46,1.0681179138321995,229.58278103626387,459.16556207252773,0.9890463988118222
octave_detuned_octave_885,detuned_octaves,440 + 885,"{""frequencies_hz"": ""440,885""}",rubber_band,Rubber Band,local hybrid spectral/time-domain proxy,-12,47,1.0913378684807256,229.5627976462007,459.1255952924014,0.9902222529094811
octave_detuned_octave_885,detuned_octaves,440 + 885,"{""frequencies_hz"": ""440,885""}",rubber_band,Rubber Band,local hybrid spectral/time-domain proxy,-12,48,1.1145578231292517,229.43947911866326,458.8789582373265,0.990839889219668
octave_detuned_octave_885,detuned_octaves,440 + 885,"{""frequencies_hz"": ""440,885""}",rubber_band,Rubber Band,local hybrid spectral/time-domain proxy,-12,49,1.1377777777777778,229.52288697864063,459.04577395728126,0.9896984172352293
octave_detuned_octave_885,detuned_octaves,440 + 885,"{""frequencies_hz"": ""440,885""}",rubber_band,Rubber Band,local hybrid spectral/time-domain proxy,-12,50,1.1609977324263039,229.64918857147185,459.2983771429437,0.9889324564634502
octave_detuned_octave_885,detuned_octaves,440 + 885,"{""frequencies_hz"": ""440,885""}",rubber_band,Rubber Band,local hybrid spectral/time-domain proxy,-12,51,1.18421768707483,229.53859260492084,459.0771852098417,0.9900787903641922
octave_detuned_octave_885,detuned_octaves,440 + 885,"{""frequencies_hz"": ""440,885""}",rubber_band,Rubber Band,local hybrid spectral/time-domain proxy,-12,52,1.207437641723356,229.40854957205127,458.81709914410254,0.9904966085584435
octave_detuned_octave_885,detuned_octaves,440 + 885,"{""frequencies_hz"": ""440,885""}",rubber_band,Rubber Band,local hybrid spectral/time-domain proxy,-12,53,1.230657596371882,229.51227803994271,459.02455607988543,0.9892009043945429
octave_detuned_octave_885,detuned_octaves,440 + 885,"{""frequencies_hz"": ""440,885""}",rubber_band,Rubber Band,local hybrid spectral/time-domain proxy,-12,54,1.253877551020408,229.6129416802789,459.2258833605578,0.9885580809433187
octave_detuned_octave_885,detuned_octaves,440 + 885,"{""frequencies_hz"": ""440,885""}",rubber_band,Rubber Band,local hybrid spectral/time-domain proxy,-12,55,1.2770975056689342,229.43868192421402,458.87736384842805,0.9895622835196627
octave_detuned_octave_885,detuned_octaves,440 + 885,"{""frequencies_hz"": ""440,885""}",rubber_band,Rubber Band,local hybrid spectral/time-domain proxy,-12,56,1.3003174603174603,229.29294153876114,458.5858830775223,0.9894992524754067
octave_detuned_octave_885,detuned_octaves,440 + 885,"{""frequencies_hz"": ""440,885""}",rubber_band,Rubber Band,local hybrid spectral/time-domain proxy,-12,57,1.3235374149659864,229.40026997574842,458.80053995149683,0.9879842580775977
octave_detuned_octave_885,detuned_octaves,440 + 885,"{""frequencies_hz"": ""440,885""}",rubber_band,Rubber Band,local hybrid spectral/time-domain proxy,-12,58,1.3467573696145125,229.50033010760353,459.00066021520706,0.9878562079573671
octave_detuned_octave_885,detuned_octaves,440 + 885,"{""frequencies_hz"": ""440,885""}",rubber_band,Rubber Band,local hybrid spectral/time-domain proxy,-12,59,1.3699773242630386,229.3591018750463,458.7182037500926,0.9893369377417243
octave_detuned_octave_885,detuned_octaves,440 + 885,"{""frequencies_hz"": ""440,885""}",rubber_band,Rubber Band,local hybrid spectral/time-domain proxy,-12,60,1.3931972789115645,229.2664763402587,458.5329526805174,0.9893238825418221
octave_detuned_octave_885,detuned_octaves,440 + 885,"{""frequencies_hz"": ""440,885""}",rubber_band,Rubber Band,local hybrid spectral/time-domain proxy,-12,61,1.4164172335600906,229.36547968372426,458.7309593674485,0.9878413408754837
octave_detuned_octave_885,detuned_octaves,440 + 885,"{""frequencies_hz"": ""440,885""}",rubber_band,Rubber Band,local hybrid spectral/time-domain proxy,-12,62,1.4396371882086167,229.3738602239356,458.7477204478712,0.9879296492300379
octave_detuned_octave_885,detuned_octaves,440 + 885,"{""frequencies_hz"": ""440,885""}",rubber_band,Rubber Band,local hybrid spectral/time-domain proxy,-12,63,1.4628571428571429,229.2447221965047,458.4894443930094,0.9894450955456567
octave_detuned_octave_885,detuned_octaves,440 + 885,"{""frequencies_hz"": ""440,885""}",rubber_band,Rubber Band,local hybrid spectral/time-domain proxy,-12,64,1.486077097505669,229.28911659948787,458.57823319897574,0.9895446829432413
octave_detuned_octave_885,detuned_octaves,440 + 885,"{""frequencies_hz"": ""440,885""}",rubber_band,Rubber Band,local hybrid spectral/time-domain proxy,-12,65,1.509297052154195,229.49996643878393,458.99993287756786,0.9886074460179272
octave_detuned_octave_885,detuned_octaves,440 + 885,"{""frequencies_hz"": ""440,885""}",rubber_band,Rubber Band,local hybrid spectral/time-domain proxy,-12,66,1.5325170068027212,229.4915582538237,458.9831165076474,0.9892253324319754
octave_detuned_octave_885,detuned_octaves,440 + 885,"{""frequencies_hz"": ""440,885""}",rubber_band,Rubber Band,local hybrid spectral/time-domain proxy,-12,67,1.555736961451247,229.3100008898174,458.6200017796348,0.9904485773280013
octave_detuned_octave_885,detuned_octaves,440 + 885,"{""frequencies_hz"": ""440,885""}",rubber_band,Rubber Band,local hybrid spectral/time-domain proxy,-12,68,1.5789569160997732,229.34340242433524,458.6868048486705,0.9900320077621542
octave_detuned_octave_885,detuned_octaves,440 + 885,"{""frequencies_hz"": ""440,885""}",rubber_band,Rubber Band,local hybrid spectral/time-domain proxy,-12,69,1.6021768707482993,229.5658107634301,459.1316215268602,0.9889766674334669
octave_detuned_octave_885,detuned_octaves,440 + 885,"{""frequencies_hz"": ""440,885""}",rubber_band,Rubber Band,local hybrid spectral/time-domain proxy,-12,70,1.6253968253968254,229.59809409119737,459.19618818239474,0.9897330864130433
octave_detuned_octave_885,detuned_octaves,440 + 885,"{""frequencies_hz"": ""440,885""}",rubber_band,Rubber Band,local hybrid spectral/time-domain proxy,-12,71,1.6486167800453515,229.44135857626682,458.88271715253364,0.9906945235688515
octave_detuned_octave_885,detuned_octaves,440 + 885,"{""frequencies_hz"": ""440,885""}",rubber_band,Rubber Band,local hybrid spectral/time-domain proxy,-12,72,1.6718367346938776,229.44454013662508,458.88908027325016,0.9897858133765127
octave_detuned_octave_885,detuned_octaves,440 + 885,"{""frequencies_hz"": ""440,885""}",rubber_band,Rubber Band,local hybrid spectral/time-domain proxy,-12,73,1.6950566893424037,229.5767823335972,459.1535646671944,0.9884577727442004
octave_detuned_octave_885,detuned_octaves,440 + 885,"{""frequencies_hz"": ""440,885""}",rubber_band,Rubber Band,local hybrid spectral/time-domain proxy,-12,74,1.7182766439909296,229.49858108214522,458.99716216429044,0.9891218880365793
octave_detuned_octave_885,detuned_octaves,440 + 885,"{""frequencies_hz"": ""440,885""}",rubber_band,Rubber Band,local hybrid spectral/time-domain proxy,-12,75,1.7414965986394557,229.319285522198,458.638571044396,0.9897926337439908
octave_detuned_octave_885,detuned_octaves,440 + 885,"{""frequencies_hz"": ""440,885""}",rubber_band,Rubber Band,local hybrid spectral/time-domain proxy,-12,76,1.7647165532879818,229.3585863937651,458.7171727875302,0.9886871394280113
octave_detuned_octave_885,detuned_octaves,440 + 885,"{""frequencies_hz"": ""440,885""}",rubber_band,Rubber Band,local hybrid spectral/time-domain proxy,-12,77,1.787936507936508,229.5107565002717,459.0215130005434,0.9877339223678918
octave_detuned_octave_885,detuned_octaves,440 + 885,"{""frequencies_hz"": ""440,885""}",rubber_band,Rubber Band,local hybrid spectral/time-domain proxy,-12,78,1.811156462585034,229.41974408797793,458.83948817595586,0.9888732153470862
octave_detuned_octave_885,detuned_octaves,440 + 885,"{""frequencies_hz"": ""440,885""}",rubber_band,Rubber Band,local hybrid spectral/time-domain proxy,-12,79,1.8343764172335602,229.2567207901564,458.5134415803128,0.9894768830472409
octave_detuned_octave_885,detuned_octaves,440 + 885,"{""frequencies_hz"": ""440,885""}",rubber_band,Rubber Band,local hybrid spectral/time-domain proxy,-12,80,1.8575963718820863,229.31260685228904,458.6252137045781,0.9881944400254559
octave_detuned_octave_885,detuned_octaves,440 + 885,"{""frequencies_hz"": ""440,885""}",rubber_band,Rubber Band,local hybrid spectral/time-domain proxy,-12,81,1.8808163265306121,229.39524135980335,458.7904827196067,0.9876465728778895
octave_detuned_octave_885,detuned_octaves,440 + 885,"{""frequencies_hz"": ""440,885""}",rubber_band,Rubber Band,local hybrid spectral/time-domain proxy,-12,82,1.9040362811791383,229.19322924266325,458.3864584853265,0.9903282481461324
octave_detuned_octave_885,detuned_octaves,440 + 885,"{""frequencies_hz"": ""440,885""}",rubber_band,Rubber Band,local hybrid spectral/time-domain proxy,-12,83,1.9272562358276644,568.2318653143692,1136.4637306287384,0.36389544833538673
octave_detuned_octave_885,detuned_octaves,440 + 885,"{""frequencies_hz"": ""440,885""}",rubber_band,Rubber Band,local hybrid spectral/time-domain proxy,-12,84,1.9504761904761905,568.9407565540407,1137.8815131080814,0.2633697055899664
octave_detuned_octave_885,detuned_octaves,440 + 885,"{""frequencies_hz"": ""440,885""}",rubber_band,Rubber Band,local hybrid spectral/time-domain proxy,-12,85,1.9736961451247166,569.0422183928551,1138.0844367857103,0.2579511232399761
octave_detuned_octave_885,detuned_octaves,440 + 885,"{""frequencies_hz"": ""440,885""}",rubber_band,Rubber Band,local hybrid spectral/time-domain proxy,-12,86,1.9969160997732427,569.0647053818865,1138.129410763773,0.2571644360385351
octave_detuned_octave_885,detuned_octaves,440 + 885,"{""frequencies_hz"": ""440,885""}",psola,PSOLA,local pitch-synchronous overlap-add,-12,0,0.0,441.2379475267209,882.4758950534418,0.9649561150446422
octave_detuned_octave_885,detuned_octaves,440 + 885,"{""frequencies_hz"": ""440,885""}",psola,PSOLA,local pitch-synchronous overlap-add,-12,1,0.023219954648526078,441.23827061424953,882.4765412284991,0.9741860220892347
octave_detuned_octave_885,detuned_octaves,440 + 885,"{""frequencies_hz"": ""440,885""}",psola,PSOLA,local pitch-synchronous overlap-add,-12,2,0.046439909297052155,441.239186359957,882.478372719914,0.990309425797536
octave_detuned_octave_885,detuned_octaves,440 + 885,"{""frequencies_hz"": ""440,885""}",psola,PSOLA,local pitch-synchronous overlap-add,-12,3,0.06965986394557823,441.24065025772785,882.4813005154557,0.9980363632020525
octave_detuned_octave_885,detuned_octaves,440 + 885,"{""frequencies_hz"": ""440,885""}",psola,PSOLA,local pitch-synchronous overlap-add,-12,4,0.09287981859410431,441.2426482178182,882.4852964356364,0.9987794509706709
octave_detuned_octave_885,detuned_octaves,440 + 885,"{""frequencies_hz"": ""440,885""}",psola,PSOLA,local pitch-synchronous overlap-add,-12,5,0.11609977324263039,441.2450758964034,882.4901517928068,0.99876574974254
octave_detuned_octave_885,detuned_octaves,440 + 885,"{""frequencies_hz"": ""440,885""}",psola,PSOLA,local pitch-synchronous overlap-add,-12,6,0.13931972789115646,441.2477688315835,882.495537663167,0.9987504192577364
octave_detuned_octave_885,detuned_octaves,440 + 885,"{""frequencies_hz"": ""440,885""}",psola,PSOLA,local pitch-synchronous overlap-add,-12,7,0.16253968253968254,441.2505075267807,882.5010150535614,0.998734670320272
octave_detuned_octave_885,detuned_octaves,440 + 885,"{""frequencies_hz"": ""440,885""}",psola,PSOLA,local pitch-synchronous overlap-add,-12,8,0.18575963718820862,441.2530115685984,882.5060231371968,0.998720104311143
octave_detuned_octave_885,detuned_octaves,440 + 885,"{""frequencies_hz"": ""440,885""}",psola,PSOLA,local pitch-synchronous overlap-add,-12,9,0.2089795918367347,441.2549725243223,882.5099450486446,0.9987085461120027
octave_detuned_octave_885,detuned_octaves,440 + 885,"{""frequencies_hz"": ""440,885""}",psola,PSOLA,local pitch-synchronous overlap-add,-12,10,0.23219954648526078,441.25611051683654,882.5122210336731,0.9987017104052268
octave_detuned_octave_885,detuned_octaves,440 + 885,"{""frequencies_hz"": ""440,885""}",psola,PSOLA,local pitch-synchronous overlap-add,-12,11,0.25541950113378686,441.2562444631464,882.5124889262928,0.9987007319247163
octave_detuned_octave_885,detuned_octaves,440 + 885,"{""frequencies_hz"": ""440,885""}",psola,PSOLA,local pitch-synchronous overlap-add,-12,12,0.2786394557823129,441.2553475946614,882.5106951893227,0.998705785779683
octave_detuned_octave_885,detuned_octaves,440 + 885,"{""frequencies_hz"": ""440,885""}",psola,PSOLA,local pitch-synchronous overlap-add,-12,13,0.301859410430839,441.2535533293266,882.5071066586532,0.9987160278478611
octave_detuned_octave_885,detuned_octaves,440 + 885,"{""frequencies_hz"": ""440,885""}",psola,PSOLA,local pitch-synchronous overlap-add,-12,14,0.3250793650793651,441.2511180633848,882.5022361267696,0.9987298923539285
octave_detuned_octave_885,detuned_octaves,440 + 885,"{""frequencies_hz"": ""440,885""}",psola,PSOLA,local pitch-synchronous overlap-add,-12,15,0.34829931972789113,441.2483481509445,882.496696301889,0.9987455425282225
octave_detuned_octave_885,detuned_octaves,440 + 885,"{""frequencies_hz"": ""440,885""}",psola,PSOLA,local pitch-synchronous overlap-add,-12,16,0.37151927437641724,441.24553895900675,882.4910779180135,0.9987612681615667
octave_detuned_octave_885,detuned_octaves,440 + 885,"{""frequencies_hz"": ""440,885""}",psola,PSOLA,local pitch-synchronous overlap-add,-12,17,0.3947392290249433,441.24293167184567,882.4858633436913,0.9987757208445236
octave_detuned_octave_885,detuned_octaves,440 + 885,"{""frequencies_hz"": ""440,885""}",psola,PSOLA,local pitch-synchronous overlap-add,-12,18,0.4179591836734694,441.2407020790012,882.4814041580024,0.9987879676977479
octave_detuned_octave_885,detuned_octaves,440 + 885,"{""frequencies_hz"": ""440,885""}",psola,PSOLA,local pitch-synchronous overlap-add,-12,19,0.44117913832199546,441.2389658534785,882.477931706957,0.9987974370572841
octave_detuned_octave_885,detuned_octaves,440 + 885,"{""frequencies_hz"": ""440,885""}",psola,PSOLA,local pitch-synchronous overlap-add,-12,20,0.46439909297052157,441.2377914473731,882.4755828947463,0.9988038086352767
octave_detuned_octave_885,detuned_octaves,440 + 885,"{""frequencies_hz"": ""440,885""}",psola,PSOLA,local pitch-synchronous overlap-add,-12,21,0.4876190476190476,441.23721649373766,882.4744329874753,0.9988069194686654
octave_detuned_octave_885,detuned_octaves,440 + 885,"{""frequencies_hz"": ""440,885""}",psola,PSOLA,local pitch-synchronous overlap-add,-12,22,0.5108390022675737,441.23725534711724,882.4745106942345,0.9988067047840239
octave_detuned_octave_885,detuned_octaves,440 + 885,"{""frequencies_hz"": ""440,885""}",psola,PSOLA,local pitch-synchronous overlap-add,-12,23,0.5340589569160997,441.2379078841949,882.4758157683898,0.9988031726150174
octave_detuned_octave_885,detuned_octaves,440 + 885,"{""frequencies_hz"": ""440,885""}",psola,PSOLA,local pitch-synchronous overlap-add,-12,24,0.5572789115646258,441.2391557630409,882.4783115260818,0.9987963976852752
octave_detuned_octave_885,detuned_octaves,440 + 885,"{""frequencies_hz"": ""440,885""}",psola,PSOLA,local pitch-synchronous overlap-add,-12,25,0.5804988662131519,441.2409591973795,882.481918394759,0.9987865535469556
octave_detuned_octave_885,detuned_octaves,440 + 885,"{""frequencies_hz"": ""440,885""}",psola,PSOLA,local pitch-synchronous overlap-add,-12,26,0.603718820861678,441.2432438965468,882.4864877930936,0.9987739820182205
octave_detuned_octave_885,detuned_octaves,440 + 885,"{""frequencies_hz"": ""440,885""}",psola,PSOLA,local pitch-synchronous overlap-add,-12,27,0.626938775510204,441.245887225902,882.491774451804,0.9987593066298728
octave_detuned_octave_885,detuned_octaves,440 + 885,"{""frequencies_hz"": ""440,885""}",psola,PSOLA,local pitch-synchronous overlap-add,-12,28,0.6501587301587302,441.24870564251563,882.4974112850313,0.9987435109457319
octave_detuned_octave_885,detuned_octaves,440 + 885,"{""frequencies_hz"": ""440,885""}",psola,PSOLA,local pitch-synchronous overlap-add,-12,29,0.6733786848072563,441.2514486992328,882.5028973984656,0.9987279921437597
octave_detuned_octave_885,detuned_octaves,440 + 885,"{""frequencies_hz"": ""440,885""}",psola,PSOLA,local pitch-synchronous overlap-add,-12,30,0.6965986394557823,441.25381831827735,882.5076366365547,0.9987144856781368
octave_detuned_octave_885,detuned_octaves,440 + 885,"{""frequencies_hz"": ""440,885""}",psola,PSOLA,local pitch-synchronous overlap-add,-12,31,0.7198185941043084,441.25550881614396,882.5110176322879,0.998704829457609
octave_detuned_octave_885,detuned_octaves,440 + 885,"{""frequencies_hz"": ""440,885""}",psola,PSOLA,local pitch-synchronous overlap-add,-12,32,0.7430385487528345,441.25627770655746,882.5125554131149,0.9987005259779856
octave_detuned_octave_885,detuned_octaves,440 + 885,"{""frequencies_hz"": ""440,885""}",psola,PSOLA,local pitch-synchronous overlap-add,-12,33,0.7662585034013606,441.256009256037,882.512018512074,0.9987022896921827
octave_detuned_octave_885,detuned_octaves,440 + 885,"{""frequencies_hz"": ""440,885""}",psola,PSOLA,local pitch-synchronous overlap-add,-12,34,0.7894784580498866,441.2547525594796,882.5095051189592,0.9987098056932743
octave_detuned_octave_885,detuned_octaves,440 + 885,"{""frequencies_hz"": ""440,885""}",psola,PSOLA,local pitch-synchronous overlap-add,-12,35,0.8126984126984127,441.2527046988975,882.505409397795,0.998721848323229
octave_detuned_octave_885,detuned_octaves,440 + 885,"{""frequencies_hz"": ""440,885""}",psola,PSOLA,local pitch-synchronous overlap-add,-12,36,0.8359183673469388,441.2501527984615,882.500305596923,0.9987366710492136
octave_detuned_octave_885,detuned_octaves,440 + 885,"{""frequencies_hz"": ""440,885""}",psola,PSOLA,local pitch-synchronous overlap-add,-12,37,0.8591383219954648,441.2474053000002,882.4948106000004,0.9987524523838752
octave_detuned_octave_885,detuned_octaves,440 + 885,"{""frequencies_hz"": ""440,885""}",psola,PSOLA,local pitch-synchronous overlap-add,-12,38,0.8823582766439909,441.2447345554345,882.489469110869,0.9987676310398207
octave_detuned_octave_885,detuned_octaves,440 + 885,"{""frequencies_hz"": ""440,885""}",psola,PSOLA,local pitch-synchronous overlap-add,-12,39,0.905578231292517,441.24235346783905,882.4847069356781,0.9987810548489121
octave_detuned_octave_885,detuned_octaves,440 + 885,"{""frequencies_hz"": ""440,885""}",psola,PSOLA,local pitch-synchronous overlap-add,-12,40,0.9287981859410431,441.2404086332435,882.480817266487,0.9987919676898095
octave_detuned_octave_885,detuned_octaves,440 + 885,"{""frequencies_hz"": ""440,885""}",psola,PSOLA,local pitch-synchronous overlap-add,-12,41,0.9520181405895691,441.2389927638519,882.4779855277038,0.9987998336399821
octave_detuned_octave_885,detuned_octaves,440 + 885,"{""frequencies_hz"": ""440,885""}",psola,PSOLA,local pitch-synchronous overlap-add,-12,42,0.9752380952380952,441.23814912744143,882.4762982548829,0.9988043914494766
octave_detuned_octave_885,detuned_octaves,440 + 885,"{""frequencies_hz"": ""440,885""}",psola,PSOLA,local pitch-synchronous overlap-add,-12,43,0.9984580498866213,441.237884132458,882.475768264916,0.9988057702308594
octave_detuned_octave_885,detuned_octaves,440 + 885,"{""frequencies_hz"": ""440,885""}",psola,PSOLA,local pitch-synchronous overlap-add,-12,44,1.0216780045351475,441.23819309209125,882.4763861841825,0.9988041408455727
octave_detuned_octave_885,detuned_octaves,440 + 885,"{""frequencies_hz"": ""440,885""}",psola,PSOLA,local pitch-synchronous overlap-add,-12,45,1.0448979591836736,441.2390766477135,882.478153295427,0.998799383791108
octave_detuned_octave_885,detuned_octaves,440 + 885,"{""frequencies_hz"": ""440,885""}",psola,PSOLA,local pitch-synchronous overlap-add,-12,46,1.0681179138321995,441.2405281826832,882.4810563653664,0.9987913482369145
octave_detuned_octave_885,detuned_octaves,440 + 885,"{""frequencies_hz"": ""440,885""}",psola,PSOLA,local pitch-synchronous overlap-add,-12,47,1.0913378684807256,441.24250274976504,882.4850054995301,0.9987802675783374
octave_detuned_octave_885,detuned_octaves,440 + 885,"{""frequencies_hz"": ""440,885""}",psola,PSOLA,local pitch-synchronous overlap-add,-12,48,1.1145578231292517,441.2449068855448,882.4898137710896,0.9987667034831897
octave_detuned_octave_885,detuned_octaves,440 + 885,"{""frequencies_hz"": ""440,885""}",psola,PSOLA,local pitch-synchronous overlap-add,-12,49,1.1377777777777778,441.24758853903217,882.4951770780643,0.9987514519443047
octave_detuned_octave_885,detuned_octaves,440 + 885,"{""frequencies_hz"": ""440,885""}",psola,PSOLA,local pitch-synchronous overlap-add,-12,50,1.1609977324263039,441.25033215537786,882.5006643107557,0.9987356874064893
octave_detuned_octave_885,detuned_octaves,440 + 885,"{""frequencies_hz"": ""440,885""}",psola,PSOLA,local pitch-synchronous overlap-add,-12,51,1.18421768707483,441.2528610418649,882.5057220837298,0.9987209825639921
octave_detuned_octave_885,detuned_octaves,440 + 885,"{""frequencies_hz"": ""440,885""}",psola,PSOLA,local pitch-synchronous overlap-add,-12,52,1.207437641723356,441.25486664659155,882.5097332931831,0.9987091698521989
octave_detuned_octave_885,detuned_octaves,440 + 885,"{""frequencies_hz"": ""440,885""}",psola,PSOLA,local pitch-synchronous overlap-add,-12,53,1.230657596371882,441.2560655638304,882.5121311276608,0.9987019876458622
octave_detuned_octave_885,detuned_octaves,440 + 885,"{""frequencies_hz"": ""440,885""}",psola,PSOLA,local pitch-synchronous overlap-add,-12,54,1.253877551020408,441.2562677918191,882.5125355836382,0.9987006133657257
octave_detuned_octave_885,detuned_octaves,440 + 885,"{""frequencies_hz"": ""440,885""}",psola,PSOLA,local pitch-synchronous overlap-add,-12,55,1.2770975056689342,441.25543593899374,882.5108718779875,0.9987052816852419
octave_detuned_octave_885,detuned_octaves,440 + 885,"{""frequencies_hz"": ""440,885""}",psola,PSOLA,local pitch-synchronous overlap-add,-12,56,1.3003174603174603,441.253693564908,882.507387129816,0.9987152236564468
octave_detuned_octave_885,detuned_octaves,440 + 885,"{""frequencies_hz"": ""440,885""}",psola,PSOLA,local pitch-synchronous overlap-add,-12,57,1.3235374149659864,441.2512909797946,882.5025819595892,0.9987289110901741
octave_detuned_octave_885,detuned_octaves,440 + 885,"{""frequencies_hz"": ""440,885""}",psola,PSOLA,local pitch-synchronous overlap-add,-12,58,1.3467573696145125,441.2485336258251,882.4970672516502,0.998744503856464
octave_detuned_octave_885,detuned_octaves,440 + 885,"{""frequencies_hz"": ""440,885""}",psola,PSOLA,local pitch-synchronous overlap-add,-12,59,1.3699773242630386,441.245718806136,882.491437612272,0.9987602662297848
octave_detuned_octave_885,detuned_octaves,440 + 885,"{""frequencies_hz"": ""440,885""}",psola,PSOLA,local pitch-synchronous overlap-add,-12,60,1.3931972789115645,441.2430923461478,882.4861846922956,0.9987748313496746
octave_detuned_octave_885,detuned_octaves,440 + 885,"{""frequencies_hz"": ""440,885""}",psola,PSOLA,local pitch-synchronous overlap-add,-12,61,1.4164172335600906,441.24083380730866,882.4816676146173,0.9987872462596222
octave_detuned_octave_885,detuned_octaves,440 + 885,"{""frequencies_hz"": ""440,885""}",psola,PSOLA,local pitch-synchronous overlap-add,-12,62,1.4396371882086167,441.23906284848437,882.4781256969687,0.998796912480012
octave_detuned_octave_885,detuned_octaves,440 + 885,"{""frequencies_hz"": ""440,885""}",psola,PSOLA,local pitch-synchronous overlap-add,-12,63,1.4628571428571429,441.23785021698694,882.4757004339739,0.9988034910298702
octave_detuned_octave_885,detuned_octaves,440 + 885,"{""frequencies_hz"": ""440,885""}",psola,PSOLA,local pitch-synchronous overlap-add,-12,64,1.486077097505669,441.2372354031137,882.4744708062274,0.9988068139282457
octave_detuned_octave_885,detuned_octaves,440 + 885,"{""frequencies_hz"": ""440,885""}",psola,PSOLA,local pitch-synchronous overlap-add,-12,65,1.509297052154195,441.23723398910965,882.4744679782193,0.9988068192787307
octave_detuned_octave_885,detuned_octaves,440 + 885,"{""frequencies_hz"": ""440,885""}",psola,PSOLA,local pitch-synchronous overlap-add,-12,66,1.5325170068027212,441.23784663857805,882.4756932771561,0.9988035065399349
octave_detuned_octave_885,detuned_octaves,440 + 885,"{""frequencies_hz"": ""440,885""}",psola,PSOLA,local pitch-synchronous overlap-add,-12,67,1.555736961451247,441.23905660124154,882.4781132024831,0.9987969391427166
octave_detuned_octave_885,detuned_octaves,440 + 885,"{""frequencies_hz"": ""440,885""}",psola,PSOLA,local pitch-synchronous overlap-add,-12,68,1.5789569160997732,441.24082540362696,882.4816508072539,0.99878728250141
octave_detuned_octave_885,detuned_octaves,440 + 885,"{""frequencies_hz"": ""440,885""}",psola,PSOLA,local pitch-synchronous overlap-add,-12,69,1.6021768707482993,441.24308186577457,882.4861637315491,0.998774875135942
octave_detuned_octave_885,detuned_octaves,440 + 885,"{""frequencies_hz"": ""440,885""}",psola,PSOLA,local pitch-synchronous overlap-add,-12,70,1.6253968253968254,441.245706534553,882.491413069106,0.9987603166718754
octave_detuned_octave_885,detuned_octaves,440 + 885,"{""frequencies_hz"": ""440,885""}",psola,PSOLA,local pitch-synchronous overlap-add,-12,71,1.6486167800453515,441.2485205259726,882.4970410519452,0.9987445574011797
octave_detuned_octave_885,detuned_octaves,440 + 885,"{""frequencies_hz"": ""440,885""}",psola,PSOLA,local pitch-synchronous overlap-add,-12,72,1.6718367346938776,441.25127725508287,882.5025545101657,0.9987289633955921
octave_detuned_octave_885,detuned_octaves,440 + 885,"{""frequencies_hz"": ""440,885""}",psola,PSOLA,local pitch-synchronous overlap-add,-12,73,1.6950566893424037,441.2536808553212,882.5073617106424,0.9987152679711857
octave_detuned_octave_885,detuned_octaves,440 + 885,"{""frequencies_hz"": ""440,885""}",psola,PSOLA,local pitch-synchronous overlap-add,-12,74,1.7182766439909296,441.2554243429581,882.5108486859162,0.9987053132610499
octave_detuned_octave_885,detuned_octaves,440 + 885,"{""frequencies_hz"": ""440,885""}",psola,PSOLA,local pitch-synchronous overlap-add,-12,75,1.7414965986394557,441.2562586369416,882.5125172738832,0.9987006293603402
octave_detuned_octave_885,detuned_octaves,440 + 885,"{""frequencies_hz"": ""440,885""}",psola,PSOLA,local pitch-synchronous overlap-add,-12,76,1.7647165532879818,441.25605850171564,882.5121170034313,0.9987019877023522
octave_detuned_octave_885,detuned_octaves,440 + 885,"{""frequencies_hz"": ""440,885""}",psola,PSOLA,local pitch-synchronous overlap-add,-12,77,1.787936507936508,441.2548616873944,882.5097233747888,0.9987091545585256
octave_detuned_octave_885,detuned_octaves,440 + 885,"{""frequencies_hz"": ""440,885""}",psola,PSOLA,local pitch-synchronous overlap-add,-12,78,1.811156462585034,441.25285752155867,882.5057150431173,0.9987209564564898
octave_detuned_octave_885,detuned_octaves,440 + 885,"{""frequencies_hz"": ""440,885""}",psola,PSOLA,local pitch-synchronous overlap-add,-12,79,1.8343764172335602,441.2503289738356,882.5006579476712,0.9987356564996586
octave_detuned_octave_885,detuned_octaves,440 + 885,"{""frequencies_hz"": ""440,885""}",psola,PSOLA,local pitch-synchronous overlap-add,-12,80,1.8575963718820863,441.24758538707215,882.4951707741443,0.9987514216159671
octave_detuned_octave_885,detuned_octaves,440 + 885,"{""frequencies_hz"": ""440,885""}",psola,PSOLA,local pitch-synchronous overlap-add,-12,81,1.8808163265306121,441.24490242192,882.48980484384,0.9987666771077323
octave_detuned_octave_885,detuned_octaves,440 + 885,"{""frequencies_hz"": ""440,885""}",psola,PSOLA,local pitch-synchronous overlap-add,-12,82,1.9040362811791383,441.2424971673572,882.4849943347144,0.998780247105214
octave_detuned_octave_885,detuned_octaves,440 + 885,"{""frequencies_hz"": ""440,885""}",psola,PSOLA,local pitch-synchronous overlap-add,-12,83,1.9272562358276644,441.24052620071257,882.4810524014251,0.998351651208704
octave_detuned_octave_885,detuned_octaves,440 + 885,"{""frequencies_hz"": ""440,885""}",psola,PSOLA,local pitch-synchronous overlap-add,-12,84,1.9504761904761905,441.23909405008374,882.4781881001675,0.9919997842251641
octave_detuned_octave_885,detuned_octaves,440 + 885,"{""frequencies_hz"": ""440,885""}",psola,PSOLA,local pitch-synchronous overlap-add,-12,85,1.9736961451247166,441.238202508039,882.476405016078,0.9764338120595433
octave_detuned_octave_885,detuned_octaves,440 + 885,"{""frequencies_hz"": ""440,885""}",psola,PSOLA,local pitch-synchronous overlap-add,-12,86,1.9969160997732427,441.23784606638355,882.4756921327671,0.9651998522341367
