signal_family,signal_name,signal_label,depth_semitones,rate_hz,shift_semitones,algorithm,algorithm_label,implementation,rms_error,spectral_distance,spectral_centroid_difference,rms_error_normalized,spectral_distance_normalized,spectral_centroid_difference_normalized,composite_stress
subtle_modulation,vibrato_depth_0_rate_2,0 st / 2 Hz,0.0,2.0,3,phase_vocoder,Phase Vocoder,local phase vocoder,0.6567827858967449,0.3346762127651767,48.14976616720389,3.5656387327727324e-05,0.005799652198057145,0.0039039247260771416,0.0032464111038206715
subtle_modulation,vibrato_depth_0_rate_2,0 st / 2 Hz,0.0,2.0,3,wsola,WSOLA,local waveform-similarity overlap-add,181.70650543901198,2.014150135363799,265.4122615850279,0.3051678781374765,0.9453217301807064,0.23159853348085407,0.494029380599679
subtle_modulation,vibrato_depth_0_rate_2,0 st / 2 Hz,0.0,2.0,3,rubber_band,Rubber Band,local hybrid spectral/time-domain proxy,108.76175591720609,1.917680941535495,277.52507137469553,0.18223041565242276,0.8913554635853661,0.24429295402810666,0.43929294442196515
subtle_modulation,vibrato_depth_0_rate_2,0 st / 2 Hz,0.0,2.0,3,psola,PSOLA,local pitch-synchronous overlap-add,0.6959427980035754,0.4901861847950184,766.5642855489966,0.000101654729235236,0.09279418667849411,0.756813959197533,0.2832366002017541
subtle_modulation,vibrato_depth_0_rate_2,0 st / 2 Hz,0.0,2.0,7,phase_vocoder,Phase Vocoder,local phase vocoder,0.6557663472745655,0.4129686451447999,120.66605752979025,3.394333209343412e-05,0.04959757473192145,0.07990217080346669,0.04317789628916052
subtle_modulation,vibrato_depth_0_rate_2,0 st / 2 Hz,0.0,2.0,7,wsola,WSOLA,local waveform-similarity overlap-add,289.2623573892146,2.0573470321801905,332.3831875826537,0.4864371758025989,0.9694867009571163,0.3017851469764271,0.5859030079120474
subtle_modulation,vibrato_depth_0_rate_2,0 st / 2 Hz,0.0,2.0,7,rubber_band,Rubber Band,local hybrid spectral/time-domain proxy,173.63493009307143,1.9500541798329722,346.167135185492,0.29156444543269744,0.909465522757474,0.3162309469774296,0.5057536383892004
subtle_modulation,vibrato_depth_0_rate_2,0 st / 2 Hz,0.0,2.0,7,psola,PSOLA,local pitch-synchronous overlap-add,0.6497467451589565,0.4521484525272932,869.554095213382,2.379819328476069e-05,0.07151532739937821,0.8647489452712377,0.31209602362130023
subtle_modulation,vibrato_depth_0_rate_2,0 st / 2 Hz,0.0,2.0,12,phase_vocoder,Phase Vocoder,local phase vocoder,0.6461439556559453,0.4198603218575903,228.20455697712845,1.7726230569533626e-05,0.05345287866898229,0.19260425733086217,0.08202495407680467
subtle_modulation,vibrato_depth_0_rate_2,0 st / 2 Hz,0.0,2.0,12,wsola,WSOLA,local waveform-similarity overlap-add,46.499596123107565,1.7912791723268178,435.1260106183861,0.07729685999414695,0.8206444800626993,0.4094612870690496,0.43580087570863196
subtle_modulation,vibrato_depth_0_rate_2,0 st / 2 Hz,0.0,2.0,12,rubber_band,Rubber Band,local hybrid spectral/time-domain proxy,13.320328630959631,1.562923347932316,457.37210899542004,0.021378168390741817,0.6928989189273405,0.4327755579308371,0.38235088174963977
subtle_modulation,vibrato_depth_0_rate_2,0 st / 2 Hz,0.0,2.0,12,psola,PSOLA,local pitch-synchronous overlap-add,0.636309829848889,0.3706119753906879,165.47979439104608,1.152282747327762e-06,0.02590263916410153,0.12686769175930332,0.05092382773538406
subtle_modulation,vibrato_depth_0_rate_2,0 st / 2 Hz,0.0,2.0,-12,phase_vocoder,Phase Vocoder,local phase vocoder,0.8870141080799917,0.47391675318883564,110.55128641742743,0.0004236768373167438,0.08369283060230899,0.06930172710219902,0.05113941151394158
subtle_modulation,vibrato_depth_0_rate_2,0 st / 2 Hz,0.0,2.0,-12,wsola,WSOLA,local waveform-similarity overlap-add,409.239829964894,1.9704419123580204,211.05590027981825,0.6886412567065289,0.9208707161156715,0.17463218778496623,0.5947147202023889
subtle_modulation,vibrato_depth_0_rate_2,0 st / 2 Hz,0.0,2.0,-12,rubber_band,Rubber Band,local hybrid spectral/time-domain proxy,261.6178401356519,1.9047637075625294,218.40657200941777,0.4398464777049745,0.8841293754986331,0.18233581063223772,0.5021038879452818
subtle_modulation,vibrato_depth_0_rate_2,0 st / 2 Hz,0.0,2.0,-12,psola,PSOLA,local pitch-synchronous overlap-add,0.7479889569265551,0.39580956390298355,214.99228512542325,0.00018937074378090572,0.0399985357425931,0.17875758276215536,0.07298182974950979
subtle_modulation,vibrato_depth_0.025_rate_2,0.025 st / 2 Hz,0.025,2.0,3,phase_vocoder,Phase Vocoder,local phase vocoder,0.6570240563106367,0.33458328669407705,47.9002342253815,3.6063012515297626e-05,0.005747668005719588,0.003642411215630701,0.003142047411288529
subtle_modulation,vibrato_depth_0.025_rate_2,0.025 st / 2 Hz,0.025,2.0,3,wsola,WSOLA,local waveform-similarity overlap-add,182.28148091312474,2.0144605634121096,265.3978846685107,0.30613691328040243,0.945495388134598,0.23158346623984136,0.4944052558849472
subtle_modulation,vibrato_depth_0.025_rate_2,0.025 st / 2 Hz,0.025,2.0,3,rubber_band,Rubber Band,local hybrid spectral/time-domain proxy,109.10725006275224,1.9179609226434498,277.47777797713496,0.18281269434739847,0.8915120890791007,0.24424338978263702,0.43952272440304546
subtle_modulation,vibrato_depth_0.025_rate_2,0.025 st / 2 Hz,0.025,2.0,3,psola,PSOLA,local pitch-synchronous overlap-add,0.696131724698596,0.48905454652200936,764.5132895764873,0.0001019731369154841,0.09216113181085014,0.7546644822497514,0.2823091957325057
subtle_modulation,vibrato_depth_0.025_rate_2,0.025 st / 2 Hz,0.025,2.0,7,phase_vocoder,Phase Vocoder,local phase vocoder,0.6560323814920286,0.4131001676634891,120.517187169552,3.439169296715719e-05,0.04967115033699497,0.07974615225841389,0.043150564762792006
subtle_modulation,vibrato_depth_0.025_rate_2,0.025 st / 2 Hz,0.025,2.0,7,wsola,WSOLA,local waveform-similarity overlap-add,297.37980792162926,2.060976054200543,332.51203531011527,0.5001179242710638,0.9715168285248791,0.30192018147852506,0.5911849780914893
subtle_modulation,vibrato_depth_0.025_rate_2,0.025 st / 2 Hz,0.025,2.0,7,rubber_band,Rubber Band,local hybrid spectral/time-domain proxy,178.532677775913,1.9536609086084902,346.2625955343195,0.2998188664289694,0.9114831791606478,0.31633099096678025,0.5092110121854658
subtle_modulation,vibrato_depth_0.025_rate_2,0.025 st / 2 Hz,0.025,2.0,7,psola,PSOLA,local pitch-synchronous overlap-add,0.6497737234975357,0.45126641290032027,847.7535896912619,2.384366123836579e-05,0.07102190163548519,0.8419016629275026,0.30431580274140874
subtle_modulation,vibrato_depth_0.025_rate_2,0.025 st / 2 Hz,0.025,2.0,12,phase_vocoder,Phase Vocoder,local phase vocoder,0.6464235370402902,0.41929279637600403,228.1510443720423,1.819742316632427e-05,0.05313539668096604,0.19254817525532902,0.08190058978648714
subtle_modulation,vibrato_depth_0.025_rate_2,0.025 st / 2 Hz,0.025,2.0,12,wsola,WSOLA,local waveform-similarity overlap-add,52.90393339331967,1.8095889633476283,434.3034985873244,0.08809041234794548,0.8308872427968077,0.40859928115887845,0.44252564543454387
subtle_modulation,vibrato_depth_0.025_rate_2,0.025 st / 2 Hz,0.025,2.0,12,rubber_band,Rubber Band,local hybrid spectral/time-domain proxy,22.070735351493997,1.6298002827985902,452.2802790084411,0.03612566982143866,0.7303108465370606,0.42743923775969406,0.39795858470606443
subtle_modulation,vibrato_depth_0.025_rate_2,0.025 st / 2 Hz,0.025,2.0,12,psola,PSOLA,local pitch-synchronous overlap-add,0.6363100511850917,0.3705698632961523,188.9442685807839,1.1526557763846073e-06,0.025879081047459233,0.15145884017630987,0.05911302462651516
subtle_modulation,vibrato_depth_0.025_rate_2,0.025 st / 2 Hz,0.025,2.0,-12,phase_vocoder,Phase Vocoder,local phase vocoder,0.8870260930294762,0.4739601890791219,110.54516341728568,0.0004236970361561023,0.08371712926949976,0.06929531009902963,0.051145378801561836
subtle_modulation,vibrato_depth_0.025_rate_2,0.025 st / 2 Hz,0.025,2.0,-12,wsola,WSOLA,local waveform-similarity overlap-add,354.3418623258891,1.954476932035616,211.16966559821157,0.5961189452122886,0.9119396745045882,0.1747514156784488,0.5609366784651085
subtle_modulation,vibrato_depth_0.025_rate_2,0.025 st / 2 Hz,0.025,2.0,-12,rubber_band,Rubber Band,local hybrid spectral/time-domain proxy,228.25811277692327,1.8898784762086378,218.52903421180184,0.3836236479939844,0.8758023611254525,0.18246415300078808,0.48063005404007497
subtle_modulation,vibrato_depth_0.025_rate_2,0.025 st / 2 Hz,0.025,2.0,-12,psola,PSOLA,local pitch-synchronous overlap-add,0.7486658513143329,0.3959315502562498,214.99180752748558,0.00019051154800532637,0.04006677667837906,0.17875708223179299,0.07300479015272579
subtle_modulation,vibrato_depth_0.05_rate_2,0.05 st / 2 Hz,0.05,2.0,3,phase_vocoder,Phase Vocoder,local phase vocoder,0.6577925112620313,0.33468430160416857,47.93095851378583,3.735812837185826e-05,0.005804177211941476,0.003674610766749908,0.0031720487023544144
subtle_modulation,vibrato_depth_0.05_rate_2,0.05 st / 2 Hz,0.05,2.0,3,wsola,WSOLA,local waveform-similarity overlap-add,205.21047704698836,2.0283731592520597,265.1695063887421,0.34478030599208964,0.9532782960903571,0.23134412210932312,0.5098009080639233
subtle_modulation,vibrato_depth_0.05_rate_2,0.05 st / 2 Hz,0.05,2.0,3,rubber_band,Rubber Band,local hybrid spectral/time-domain proxy,122.99220690742676,1.9318422425209953,277.264494354983,0.2062137118625588,0.8992775008077415,0.244019865097411,0.4498370259225704
subtle_modulation,vibrato_depth_0.05_rate_2,0.05 st / 2 Hz,0.05,2.0,3,psola,PSOLA,local pitch-synchronous overlap-add,0.6962330089178259,0.4857679576864339,762.1530057191845,0.00010214383631446122,0.09032256633464632,0.7521908665969198,0.28087185892262684
subtle_modulation,vibrato_depth_0.05_rate_2,0.05 st / 2 Hz,0.05,2.0,7,phase_vocoder,Phase Vocoder,local phase vocoder,0.6568379331797798,0.41362503780651266,120.41381460319755,3.574932982302275e-05,0.049964770309778785,0.07963781613713908,0.04321277859224696
subtle_modulation,vibrato_depth_0.05_rate_2,0.05 st / 2 Hz,0.05,2.0,7,wsola,WSOLA,local waveform-similarity overlap-add,295.52755968389664,2.0605286182936275,332.67602388940827,0.4969962369703049,0.9712665263871844,0.30209204416163826,0.5901182691730426
subtle_modulation,vibrato_depth_0.05_rate_2,0.05 st / 2 Hz,0.05,2.0,7,rubber_band,Rubber Band,local hybrid spectral/time-domain proxy,177.4048742815317,1.9532038941783294,346.4465554941558,0.29791812236322185,0.9112275186580849,0.31652378397967884,0.5085564750003285
subtle_modulation,vibrato_depth_0.05_rate_2,0.05 st / 2 Hz,0.05,2.0,7,psola,PSOLA,local pitch-synchronous overlap-add,0.649830151892321,0.4498522226344486,810.3619366203114,2.3938762855856857e-05,0.07023078308379087,0.802714605813429,0.2909897758866919
subtle_modulation,vibrato_depth_0.05_rate_2,0.05 st / 2 Hz,0.05,2.0,12,phase_vocoder,Phase Vocoder,local phase vocoder,0.6472711424806934,0.417354466618521,228.77671972330302,1.9625935330870727e-05,0.052051066893488124,0.19320389314183697,0.08175819532355198
subtle_modulation,vibrato_depth_0.05_rate_2,0.05 st / 2 Hz,0.05,2.0,12,wsola,WSOLA,local waveform-similarity overlap-add,30.79454967414831,1.7129924815158664,440.3985993706645,0.05082835374384055,0.7768497694456483,0.41498704534944714,0.41422172284631203
subtle_modulation,vibrato_depth_0.05_rate_2,0.05 st / 2 Hz,0.05,2.0,12,rubber_band,Rubber Band,local hybrid spectral/time-domain proxy,13.687725391902969,1.5674047283239607,457.0595755498042,0.021997360667248295,0.6954058681339552,0.43244801782555836,0.3832837488755873
subtle_modulation,vibrato_depth_0.05_rate_2,0.05 st / 2 Hz,0.05,2.0,12,psola,PSOLA,local pitch-synchronous overlap-add,0.6363110304613031,0.3704609551855407,218.87110764632047,1.1543061999352733e-06,0.025818156270352423,0.182822651492156,0.06954732068956947
subtle_modulation,vibrato_depth_0.05_rate_2,0.05 st / 2 Hz,0.05,2.0,-12,phase_vocoder,Phase Vocoder,local phase vocoder,0.8870303222618727,0.4739577688851201,110.52602919607253,0.00042370416389459614,0.08371577537786314,0.06927525712576071,0.05113824555583948
subtle_modulation,vibrato_depth_0.05_rate_2,0.05 st / 2 Hz,0.05,2.0,-12,wsola,WSOLA,local waveform-similarity overlap-add,384.6975590906986,1.9635943097269932,211.0935036110986,0.6472789307725356,0.9170400678593725,0.17467159668426702,0.5796635317720584
subtle_modulation,vibrato_depth_0.05_rate_2,0.05 st / 2 Hz,0.05,2.0,-12,rubber_band,Rubber Band,local hybrid spectral/time-domain proxy,246.83737980878558,1.8983927536588654,218.44104842196498,0.4149362230415767,0.8805653714556048,0.1823719424701378,0.49262451232243976
subtle_modulation,vibrato_depth_0.05_rate_2,0.05 st / 2 Hz,0.05,2.0,-12,psola,PSOLA,local pitch-synchronous overlap-add,0.7489182968578958,0.39638468696477897,215.014021411932,0.000190937007202112,0.04032026792720345,0.1787803627419345,0.07309718922544668
subtle_modulation,vibrato_depth_0.1_rate_2,0.1 st / 2 Hz,0.1,2.0,3,phase_vocoder,Phase Vocoder,local phase vocoder,0.6608488107445077,0.3363850486976285,47.8533699967295,4.2509063914624294e-05,0.006755599810333487,0.003593296746117721,0.0034638018734552776
subtle_modulation,vibrato_depth_0.1_rate_2,0.1 st / 2 Hz,0.1,2.0,3,wsola,WSOLA,local waveform-similarity overlap-add,189.9445493484263,2.01941319918552,265.31610554193577,0.3190518687016102,0.9482659644387101,0.23149776039266337,0.4996051978443279
subtle_modulation,vibrato_depth_0.1_rate_2,0.1 st / 2 Hz,0.1,2.0,3,rubber_band,Rubber Band,local hybrid spectral/time-domain proxy,113.74094073482723,1.9228439575313292,277.4087562671861,0.19062208675603606,0.8942437296380824,0.2441710539143954,0.44301229010283794
subtle_modulation,vibrato_depth_0.1_rate_2,0.1 st / 2 Hz,0.1,2.0,3,psola,PSOLA,local pitch-synchronous overlap-add,0.6960598694422022,0.48954832826852157,783.1428415976038,0.00010185203563067373,0.09243736048359741,0.7741885540439525,0.28890925552106017
subtle_modulation,vibrato_depth_0.1_rate_2,0.1 st / 2 Hz,0.1,2.0,7,phase_vocoder,Phase Vocoder,local phase vocoder,0.6599279540914592,0.41646784540465615,120.0225045279622,4.09570977898462e-05,0.05155507812341844,0.07922771685004781,0.043607917357085364
subtle_modulation,vibrato_depth_0.1_rate_2,0.1 st / 2 Hz,0.1,2.0,7,wsola,WSOLA,local waveform-similarity overlap-add,297.81459050952435,2.0611196436862067,332.5584377152182,0.5008506852777012,0.9715971545663449,0.30196881194949,0.591472217264512
subtle_modulation,vibrato_depth_0.1_rate_2,0.1 st / 2 Hz,0.1,2.0,7,rubber_band,Rubber Band,local hybrid spectral/time-domain proxy,178.60532639917437,1.9537865642081984,346.3523614391643,0.2999413048149442,0.9115534727261265,0.31642506708674684,0.5093066148759392
subtle_modulation,vibrato_depth_0.1_rate_2,0.1 st / 2 Hz,0.1,2.0,7,psola,PSOLA,local pitch-synchronous overlap-add,0.6500169747084593,0.45087143971433247,877.8978724036758,2.4253624762997894e-05,0.07080094790500242,0.8734933587017627,0.31477285341050937
subtle_modulation,vibrato_depth_0.1_rate_2,0.1 st / 2 Hz,0.1,2.0,12,phase_vocoder,Phase Vocoder,local phase vocoder,0.65063018066885,0.4250979942082864,229.71556375791653,2.5287091671107703e-05,0.056382908569717054,0.19418781687304504,0.0835320041781444
subtle_modulation,vibrato_depth_0.1_rate_2,0.1 st / 2 Hz,0.1,2.0,12,wsola,WSOLA,local waveform-similarity overlap-add,61.455118943018256,1.828754333139849,433.6248906642037,0.10250215629950353,0.8416086287083152,0.4078880890810387,0.45066629136295244
subtle_modulation,vibrato_depth_0.1_rate_2,0.1 st / 2 Hz,0.1,2.0,12,rubber_band,Rubber Band,local hybrid spectral/time-domain proxy,37.142050397633724,1.6880742133282562,449.7305102470746,0.06152611660111193,0.762910128709144,0.4247670388630645,0.41640109472444015
subtle_modulation,vibrato_depth_0.1_rate_2,0.1 st / 2 Hz,0.1,2.0,12,psola,PSOLA,local pitch-synchronous overlap-add,0.6363147803804773,0.3700164757349785,236.70376899088188,1.16062612770005e-06,0.02556950801723359,0.20151156897005604,0.07569407920447245
subtle_modulation,vibrato_depth_0.1_rate_2,0.1 st / 2 Hz,0.1,2.0,-12,phase_vocoder,Phase Vocoder,local phase vocoder,0.8870422657889694,0.47347720062928716,110.6356666538589,0.0004237242929227169,0.0834469385235022,0.06939015895457164,0.051086940590332176
subtle_modulation,vibrato_depth_0.1_rate_2,0.1 st / 2 Hz,0.1,2.0,-12,wsola,WSOLA,local waveform-similarity overlap-add,364.3437826699439,1.9574437350296117,211.10124342126204,0.6129756856238538,0.9135993471415835,0.17467970813048608,0.5670849136319744
subtle_modulation,vibrato_depth_0.1_rate_2,0.1 st / 2 Hz,0.1,2.0,-12,rubber_band,Rubber Band,local hybrid spectral/time-domain proxy,234.4593172453888,1.8926394494715095,218.45801815417147,0.39407485039994006,0.8773468896246948,0.18238972702392375,0.4846038223495195
subtle_modulation,vibrato_depth_0.1_rate_2,0.1 st / 2 Hz,0.1,2.0,-12,psola,PSOLA,local pitch-synchronous overlap-add,0.7472214535049732,0.3983527511910465,215.17309046762344,0.00018807723158549165,0.041421231607904854,0.17894706968475502,0.07351879284141512
subtle_modulation,vibrato_depth_0.2_rate_2,0.2 st / 2 Hz,0.2,2.0,3,phase_vocoder,Phase Vocoder,local phase vocoder,0.6726931270138814,0.34348128765084335,47.67462741611929,6.247088702832146e-05,0.010725338832461325,0.0034059716310232318,0.00473126045017096
subtle_modulation,vibrato_depth_0.2_rate_2,0.2 st / 2 Hz,0.2,2.0,3,wsola,WSOLA,local waveform-similarity overlap-add,192.4874479846012,2.021064861944433,265.2512572901801,0.32333754392480896,0.9491899285482448,0.23142979837610111,0.5013190902830517
subtle_modulation,vibrato_depth_0.2_rate_2,0.2 st / 2 Hz,0.2,2.0,3,rubber_band,Rubber Band,local hybrid spectral/time-domain proxy,102.17668876158253,1.9103360732495505,277.5834952756165,0.17113227011469595,0.8872466377074136,0.2443541832210999,0.4342443636810698
subtle_modulation,vibrato_depth_0.2_rate_2,0.2 st / 2 Hz,0.2,2.0,3,psola,PSOLA,local pitch-synchronous overlap-add,0.6953030102924324,0.48743162179262306,782.3852621001931,0.00010057646276297218,0.0912532441719619,0.7733945984791328,0.28824947303795256
subtle_modulation,vibrato_depth_0.2_rate_2,0.2 st / 2 Hz,0.2,2.0,7,phase_vocoder,Phase Vocoder,local phase vocoder,0.6718351716717409,0.4236848170426671,119.1882648668208,6.102493165278453e-05,0.05559235676100188,0.0783534201938946,0.044668933962183084
subtle_modulation,vibrato_depth_0.2_rate_2,0.2 st / 2 Hz,0.2,2.0,7,wsola,WSOLA,local waveform-similarity overlap-add,291.363797136984,2.058111545730159,332.3416624257478,0.48997883811345194,0.9699143809284736,0.30174162794044723,0.5872116156607909
subtle_modulation,vibrato_depth_0.2_rate_2,0.2 st / 2 Hz,0.2,2.0,7,rubber_band,Rubber Band,local hybrid spectral/time-domain proxy,174.83349072664595,1.9505840937713324,346.0775467369408,0.29358444007099666,0.9097619643025442,0.3161370568345286,0.5064944870693565
subtle_modulation,vibrato_depth_0.2_rate_2,0.2 st / 2 Hz,0.2,2.0,7,psola,PSOLA,local pitch-synchronous overlap-add,0.6505335766919504,0.45041029035864816,913.2141124460759,2.5124280120394927e-05,0.07054297426511255,0.9105053493984523,0.3270244826478951
subtle_modulation,vibrato_depth_0.2_rate_2,0.2 st / 2 Hz,0.2,2.0,12,phase_vocoder,Phase Vocoder,local phase vocoder,0.6634369651972362,0.44296961405954566,230.25974538217085,4.687101104616813e-05,0.06638055199462416,0.1947581280157383,0.08706185034046954
subtle_modulation,vibrato_depth_0.2_rate_2,0.2 st / 2 Hz,0.2,2.0,12,wsola,WSOLA,local waveform-similarity overlap-add,86.2798596834586,1.8694404386740877,432.46673029789326,0.14434054293440104,0.8643690264151184,0.40667431828744083,0.47179462921232007
subtle_modulation,vibrato_depth_0.2_rate_2,0.2 st / 2 Hz,0.2,2.0,12,rubber_band,Rubber Band,local hybrid spectral/time-domain proxy,53.40914397818186,1.7282227181422687,448.50090603636016,0.08894186920715343,0.7853697847735819,0.4234783937651454,0.4325966825819602
subtle_modulation,vibrato_depth_0.2_rate_2,0.2 st / 2 Hz,0.2,2.0,12,psola,PSOLA,local pitch-synchronous overlap-add,0.6363293598117092,0.36793729336371883,266.4061097229517,1.1851975778987503e-06,0.02440638323412994,0.23264010240185462,0.08568255694452082
subtle_modulation,vibrato_depth_0.2_rate_2,0.2 st / 2 Hz,0.2,2.0,-12,phase_vocoder,Phase Vocoder,local phase vocoder,0.8868972703078489,0.47140284110195163,110.63093192698295,0.0004234799247312075,0.08228651170925916,0.06938519688423592,0.0506983961727421
subtle_modulation,vibrato_depth_0.2_rate_2,0.2 st / 2 Hz,0.2,2.0,-12,wsola,WSOLA,local waveform-similarity overlap-add,367.3868866797243,1.9580734113300788,211.06034329138157,0.6181043821714876,0.9139515971993611,0.17463684413293673,0.5688976078345951
subtle_modulation,vibrato_depth_0.2_rate_2,0.2 st / 2 Hz,0.2,2.0,-12,rubber_band,Rubber Band,local hybrid spectral/time-domain proxy,236.65336911367478,1.893268795755899,218.4122480724136,0.3977725965847705,0.8776989550666906,0.18234175923805032,0.48593777029650376
subtle_modulation,vibrato_depth_0.2_rate_2,0.2 st / 2 Hz,0.2,2.0,-12,psola,PSOLA,local pitch-synchronous overlap-add,0.732876531725363,0.4056760431395128,215.52646512520982,0.0001639010119851397,0.04551798736964405,0.1793174120406607,0.07499976680742997
subtle_modulation,vibrato_depth_0.35_rate_2,0.35 st / 2 Hz,0.35,2.0,3,phase_vocoder,Phase Vocoder,local phase vocoder,0.7013557761944286,0.35849669974947035,46.88730958064546,0.00011077749417216262,0.019125178202899325,0.0025808498069867496,0.007272268501352745
subtle_modulation,vibrato_depth_0.35_rate_2,0.35 st / 2 Hz,0.35,2.0,3,wsola,WSOLA,local waveform-similarity overlap-add,255.06837915591322,2.055033324580563,264.62987018468766,0.4288083410498716,0.9681923793587894,0.23077857464050763,0.5425930983497228
subtle_modulation,vibrato_depth_0.35_rate_2,0.35 st / 2 Hz,0.35,2.0,3,rubber_band,Rubber Band,local hybrid spectral/time-domain proxy,164.4413754242555,1.9661357144936422,276.5998354875066,0.2760700844319241,0.9184617665563446,0.24332329185546978,0.4792850476145795
subtle_modulation,vibrato_depth_0.35_rate_2,0.35 st / 2 Hz,0.35,2.0,3,psola,PSOLA,local pitch-synchronous overlap-add,0.6963502999988819,0.4926900282707083,830.4487032758014,0.00010234151288435387,0.0941948730443673,0.8237658621104469,0.3060210255558995
subtle_modulation,vibrato_depth_0.35_rate_2,0.35 st / 2 Hz,0.35,2.0,7,phase_vocoder,Phase Vocoder,local phase vocoder,0.6992476679276889,0.43234393800753096,118.46906857983629,0.0001072245930702229,0.0604363946546205,0.0775996908543328,0.04604777003400784
subtle_modulation,vibrato_depth_0.35_rate_2,0.35 st / 2 Hz,0.35,2.0,7,wsola,WSOLA,local waveform-similarity overlap-add,291.16657159361944,2.0580283715194563,332.2288708195472,0.4896464439658619,0.9698678520683213,0.30162342051308944,0.5870459055157575
subtle_modulation,vibrato_depth_0.35_rate_2,0.35 st / 2 Hz,0.35,2.0,7,rubber_band,Rubber Band,local hybrid spectral/time-domain proxy,174.6554574703917,1.9501381694133813,346.00827945930166,0.29328439165208603,0.9095125077472693,0.3160644636073763,0.5062871210022438
subtle_modulation,vibrato_depth_0.35_rate_2,0.35 st / 2 Hz,0.35,2.0,7,psola,PSOLA,local pitch-synchronous overlap-add,0.6508865530348291,0.4531069277300881,965.2409787487129,2.571916893960715e-05,0.07205151233330763,0.9650303466591813,0.3457025260538095
subtle_modulation,vibrato_depth_0.35_rate_2,0.35 st / 2 Hz,0.35,2.0,12,phase_vocoder,Phase Vocoder,local phase vocoder,0.6936744783500585,0.45259903276117197,228.26349371977864,9.783181580916432e-05,0.07176738851919405,0.19266602399028127,0.08817708144176149
subtle_modulation,vibrato_depth_0.35_rate_2,0.35 st / 2 Hz,0.35,2.0,12,wsola,WSOLA,local waveform-similarity overlap-add,97.10662562542937,1.8841423942061428,431.84250288420475,0.16258743720096644,0.8725935136346118,0.4060201178629245,0.4804003562328343
subtle_modulation,vibrato_depth_0.35_rate_2,0.35 st / 2 Hz,0.35,2.0,12,rubber_band,Rubber Band,local hybrid spectral/time-domain proxy,57.39044988088942,1.7365530147562371,448.0349291467438,0.09565176468646162,0.7900298735547507,0.42299004244907534,0.4362238935634292
subtle_modulation,vibrato_depth_0.35_rate_2,0.35 st / 2 Hz,0.35,2.0,12,psola,PSOLA,local pitch-synchronous overlap-add,0.6363688394456454,0.36128461283808305,320.43239669142827,1.2517345945828137e-06,0.02068477723150206,0.28926052485490245,0.10331551794033304
subtle_modulation,vibrato_depth_0.35_rate_2,0.35 st / 2 Hz,0.35,2.0,-12,phase_vocoder,Phase Vocoder,local phase vocoder,0.8855566274382741,0.46676466973712194,110.98796931026507,0.0004212204717402155,0.07969185135753314,0.06975937783590413,0.04995748322172583
subtle_modulation,vibrato_depth_0.35_rate_2,0.35 st / 2 Hz,0.35,2.0,-12,wsola,WSOLA,local waveform-similarity overlap-add,278.43562220761584,1.9265710796681872,211.3489311558911,0.4681903333780386,0.8963287358342475,0.1749392888819695,0.5131527860314186
subtle_modulation,vibrato_depth_0.35_rate_2,0.35 st / 2 Hz,0.35,2.0,-12,rubber_band,Rubber Band,local hybrid spectral/time-domain proxy,183.27312679198,1.8644798526903315,218.7021126101279,0.30780818405491905,0.8615940026479978,0.18264554196124796,0.45068257622138835
subtle_modulation,vibrato_depth_0.35_rate_2,0.35 st / 2 Hz,0.35,2.0,-12,psola,PSOLA,local pitch-synchronous overlap-add,0.7059845785877493,0.42017957491587077,216.0317857628493,0.00011857864811826652,0.05363147346148366,0.17984699624092387,0.0778656827835086
subtle_modulation,vibrato_depth_0.5_rate_2,0.5 st / 2 Hz,0.5,2.0,3,phase_vocoder,Phase Vocoder,local phase vocoder,0.7032213271843757,0.3546252517365452,46.54957980325852,0.00011392160127163274,0.01695943401779326,0.0022269035385382076,0.006433419719201032
subtle_modulation,vibrato_depth_0.5_rate_2,0.5 st / 2 Hz,0.5,2.0,3,wsola,WSOLA,local waveform-similarity overlap-add,286.8649719086729,2.07138016186642,264.47544046012746,0.4823967412338544,0.9773370372951798,0.23061672979173967,0.5634501694402579
subtle_modulation,vibrato_depth_0.5_rate_2,0.5 st / 2 Hz,0.5,2.0,3,rubber_band,Rubber Band,local hybrid spectral/time-domain proxy,182.52042184281456,1.9804571869533298,276.46631115370275,0.30653961247085076,0.926473406025136,0.2431833561942953,0.492065458230094
subtle_modulation,vibrato_depth_0.5_rate_2,0.5 st / 2 Hz,0.5,2.0,3,psola,PSOLA,local pitch-synchronous overlap-add,0.696733520072222,0.49717849288113464,820.2085863416124,0.00010298737298667264,0.09670578526574579,0.8130340539608197,0.30328094219985074
subtle_modulation,vibrato_depth_0.5_rate_2,0.5 st / 2 Hz,0.5,2.0,7,phase_vocoder,Phase Vocoder,local phase vocoder,0.7013119410164034,0.43054963970737903,118.74907036240191,0.00011070361653752373,0.059432638153971123,0.07789313725063471,0.04581215967371446
subtle_modulation,vibrato_depth_0.5_rate_2,0.5 st / 2 Hz,0.5,2.0,7,wsola,WSOLA,local waveform-similarity overlap-add,282.90698768687,2.056743606570768,332.13923456800813,0.47572615095869186,0.969149135916752,0.3015294802718841,0.5821349223824427
subtle_modulation,vibrato_depth_0.5_rate_2,0.5 st / 2 Hz,0.5,2.0,7,rubber_band,Rubber Band,local hybrid spectral/time-domain proxy,175.23764408170945,1.952510110291546,346.0787638576947,0.29426558008795534,0.9108394058864541,0.31613833239676187,0.5070811061237238
subtle_modulation,vibrato_depth_0.5_rate_2,0.5 st / 2 Hz,0.5,2.0,7,psola,PSOLA,local pitch-synchronous overlap-add,0.6503239980573168,0.45691414111761564,998.6084536760836,2.4771066685543894e-05,0.07418132273705516,1.0,0.35806869793458024
subtle_modulation,vibrato_depth_0.5_rate_2,0.5 st / 2 Hz,0.5,2.0,12,phase_vocoder,Phase Vocoder,local phase vocoder,0.7273233558717737,0.4586030933415,228.5378937256113,0.000154541964861817,0.07512614711428754,0.1929535996339754,0.08941142957104159
subtle_modulation,vibrato_depth_0.5_rate_2,0.5 st / 2 Hz,0.5,2.0,12,wsola,WSOLA,local waveform-similarity overlap-add,113.05496289616073,1.9037412519811996,431.37538677449396,0.18946597373406412,0.8835573990127287,0.4055305726257721,0.4928513151241883
subtle_modulation,vibrato_depth_0.5_rate_2,0.5 st / 2 Hz,0.5,2.0,12,rubber_band,Rubber Band,local hybrid spectral/time-domain proxy,61.09391624498844,1.7460933497250506,447.8499846471232,0.10189340318938056,0.795366875346765,0.42279621762256087,0.44001883205290215
subtle_modulation,vibrato_depth_0.5_rate_2,0.5 st / 2 Hz,0.5,2.0,12,psola,PSOLA,local pitch-synchronous overlap-add,0.6364298340000487,0.36056467434409223,378.5112648789115,1.3545317909939314e-06,0.02028203319315023,0.3501281179635856,0.1234705018961756
subtle_modulation,vibrato_depth_0.5_rate_2,0.5 st / 2 Hz,0.5,2.0,-12,phase_vocoder,Phase Vocoder,local phase vocoder,0.8382682374553391,0.46340097367904565,111.04495951705377,0.00034152296496122803,0.07781015098239659,0.06981910449426111,0.049323592813872975
subtle_modulation,vibrato_depth_0.5_rate_2,0.5 st / 2 Hz,0.5,2.0,-12,wsola,WSOLA,local waveform-similarity overlap-add,237.2694746167339,1.9101523083727006,211.71980829028308,0.3988109502382644,0.8871438369692569,0.17532797411661652,0.48709425377471255
subtle_modulation,vibrato_depth_0.5_rate_2,0.5 st / 2 Hz,0.5,2.0,-12,rubber_band,Rubber Band,local hybrid spectral/time-domain proxy,163.63997815451768,1.8536139880938942,219.04363068656758,0.2747194492261021,0.855515480351607,0.18300345842836793,0.437746129335359
subtle_modulation,vibrato_depth_0.5_rate_2,0.5 st / 2 Hz,0.5,2.0,-12,psola,PSOLA,local pitch-synchronous overlap-add,0.7226971125831982,0.43596555429036205,216.71309253274003,0.0001467451239039088,0.06246237934537205,0.18056101675382427,0.0810567137410334
subtle_modulation,vibrato_depth_0.75_rate_2,0.75 st / 2 Hz,0.75,2.0,3,phase_vocoder,Phase Vocoder,local phase vocoder,0.7189391639028714,0.3435616925870877,45.94324349612204,0.00014041166360776597,0.010770318520305156,0.001591453283022405,0.004167394488978442
subtle_modulation,vibrato_depth_0.75_rate_2,0.75 st / 2 Hz,0.75,2.0,3,wsola,WSOLA,local waveform-similarity overlap-add,290.2427498021922,2.081601526792503,265.3022526531953,0.4880894805439433,0.9830550171256222,0.2314832423412352,0.5675425800036001
subtle_modulation,vibrato_depth_0.75_rate_2,0.75 st / 2 Hz,0.75,2.0,3,rubber_band,Rubber Band,local hybrid spectral/time-domain proxy,195.4523589336952,1.9978170465607483,277.24205928125343,0.3283344577666586,0.9361847633450595,0.24399635277732365,0.5028385246296806
subtle_modulation,vibrato_depth_0.75_rate_2,0.75 st / 2 Hz,0.75,2.0,3,psola,PSOLA,local pitch-synchronous overlap-add,0.6964048570161565,0.4959921132209475,861.8652612461798,0.00010243346057501653,0.09604210727193048,0.8566909229302179,0.3176118212209078
subtle_modulation,vibrato_depth_0.75_rate_2,0.75 st / 2 Hz,0.75,2.0,7,phase_vocoder,Phase Vocoder,local phase vocoder,0.7256114187373358,0.4433370066365338,114.98424310540675,0.00015165675093454446,0.06658607673229511,0.0739475374007284,0.046895090294652685
subtle_modulation,vibrato_depth_0.75_rate_2,0.75 st / 2 Hz,0.75,2.0,7,wsola,WSOLA,local waveform-similarity overlap-add,255.92619355160127,2.0586361127920645,332.67643477963344,0.43025405888124907,0.9702078313532829,0.30209247478123913,0.5675181216719237
subtle_modulation,vibrato_depth_0.75_rate_2,0.75 st / 2 Hz,0.75,2.0,7,rubber_band,Rubber Band,local hybrid spectral/time-domain proxy,153.16504205186138,1.9505137863966646,346.508993106292,0.2570655115185131,0.9097226333371409,0.31658921960693515,0.49445912148752974
subtle_modulation,vibrato_depth_0.75_rate_2,0.75 st / 2 Hz,0.75,2.0,7,psola,PSOLA,local pitch-synchronous overlap-add,0.6499310507434388,0.4623396855390881,992.2475816685246,2.4108812774533715e-05,0.07721645099981607,0.9933337032684126,0.3568580876936678
subtle_modulation,vibrato_depth_0.75_rate_2,0.75 st / 2 Hz,0.75,2.0,12,phase_vocoder,Phase Vocoder,local phase vocoder,0.7826617799829322,0.4874265226358904,226.76908528022292,0.00024780659984577596,0.09125039162970748,0.19109985977813737,0.0941993526692302
subtle_modulation,vibrato_depth_0.75_rate_2,0.75 st / 2 Hz,0.75,2.0,12,wsola,WSOLA,local waveform-similarity overlap-add,102.92596670736327,1.9089988725850389,432.09466804439955,0.1723950659972531,0.8864985882556795,0.40628439102880953,0.48839268176058076
subtle_modulation,vibrato_depth_0.75_rate_2,0.75 st / 2 Hz,0.75,2.0,12,rubber_band,Rubber Band,local hybrid spectral/time-domain proxy,74.53198142259396,1.7847860782393772,448.09450898664164,0.1245412516565239,0.8170121490288659,0.4230524830848101,0.45486862792339994
subtle_modulation,vibrato_depth_0.75_rate_2,0.75 st / 2 Hz,0.75,2.0,12,psola,PSOLA,local pitch-synchronous overlap-add,0.6365726484259061,0.37141208483376237,451.6003314335465,1.5952241401522433e-06,0.026350231994484826,0.42672664170513047,0.1510261563079185
subtle_modulation,vibrato_depth_0.75_rate_2,0.75 st / 2 Hz,0.75,2.0,-12,phase_vocoder,Phase Vocoder,local phase vocoder,0.8124781739832199,0.4624827986162023,109.71586270478717,0.0002980576712783289,0.07729651053142746,0.06842618954092655,0.048673585914544105
subtle_modulation,vibrato_depth_0.75_rate_2,0.75 st / 2 Hz,0.75,2.0,-12,wsola,WSOLA,local waveform-similarity overlap-add,88.00967309799721,1.739146935705445,215.78079653165915,0.14725588465741857,0.7914809505661471,0.17958395546765282,0.37277359689707285
subtle_modulation,vibrato_depth_0.75_rate_2,0.75 st / 2 Hz,0.75,2.0,-12,rubber_band,Rubber Band,local hybrid spectral/time-domain proxy,71.25109128162626,1.7524171485001714,222.7725736908902,0.11901180215855524,0.7989045001267632,0.18691145100115528,0.3682759177621579
subtle_modulation,vibrato_depth_0.75_rate_2,0.75 st / 2 Hz,0.75,2.0,-12,psola,PSOLA,local pitch-synchronous overlap-add,0.7640498284730459,0.46115664579742116,218.89409549375057,0.00021643894000020642,0.07655464140487624,0.18284674312802093,0.08653927449096578
subtle_modulation,vibrato_depth_1_rate_2,1 st / 2 Hz,1.0,2.0,3,phase_vocoder,Phase Vocoder,local phase vocoder,0.7349588952522036,0.3408917032861282,46.187079039068145,0.0001674105241794982,0.009276687769345062,0.001846996875324659,0.003763698389616406
subtle_modulation,vibrato_depth_1_rate_2,1 st / 2 Hz,1.0,2.0,3,wsola,WSOLA,local waveform-similarity overlap-add,255.43139652238835,2.056130546827273,263.6846316201592,0.4294201525121773,0.9688061814020164,0.22978794933853675,0.5426714277509102
subtle_modulation,vibrato_depth_1_rate_2,1 st / 2 Hz,1.0,2.0,3,rubber_band,Rubber Band,local hybrid spectral/time-domain proxy,158.10060972991062,1.9625995430632008,275.6049896189317,0.26538367245868105,0.9164835809556473,0.24228067729661168,0.4747159769036467
subtle_modulation,vibrato_depth_1_rate_2,1 st / 2 Hz,1.0,2.0,3,psola,PSOLA,local pitch-synchronous overlap-add,0.6928072860799983,0.5012185347875684,855.9405294368341,9.637029297350116e-05,0.09896584332082806,0.8504817081795929,0.31651464059779816
subtle_modulation,vibrato_depth_1_rate_2,1 st / 2 Hz,1.0,2.0,7,phase_vocoder,Phase Vocoder,local phase vocoder,0.7414753052211189,0.45037299972392675,114.87873855387706,0.00017839295830042527,0.07052211334303969,0.07383696692451158,0.048179157741950564
subtle_modulation,vibrato_depth_1_rate_2,1 st / 2 Hz,1.0,2.0,7,wsola,WSOLA,local waveform-similarity overlap-add,237.73702889810488,2.042388714026425,330.2270466198653,0.3995989430314755,0.9611188007677485,0.2995254763784341,0.553414406725886
subtle_modulation,vibrato_depth_1_rate_2,1 st / 2 Hz,1.0,2.0,7,rubber_band,Rubber Band,local hybrid spectral/time-domain proxy,107.26911835225728,1.9007712018065637,343.8008114094624,0.17971479834140822,0.8818959098557735,0.31375100139209516,0.45845390319642565
subtle_modulation,vibrato_depth_1_rate_2,1 st / 2 Hz,1.0,2.0,7,psola,PSOLA,local pitch-synchronous overlap-add,0.6509629754880014,0.47240985803163393,986.7308536093223,2.5847967551316368e-05,0.08284985158944909,0.9875520830461516,0.35680926086771736
subtle_modulation,vibrato_depth_1_rate_2,1 st / 2 Hz,1.0,2.0,12,phase_vocoder,Phase Vocoder,local phase vocoder,0.8212484673367876,0.5048301799519689,225.90564843953663,0.0003128386886538815,0.10098625002326929,0.19019496400564595,0.09716468423918971
subtle_modulation,vibrato_depth_1_rate_2,1 st / 2 Hz,1.0,2.0,12,wsola,WSOLA,local waveform-similarity overlap-add,64.7794116982462,1.8528610642205807,423.4303818294438,0.10810475441059858,0.8550942838135126,0.39720407895718485,0.45346770572709866
subtle_modulation,vibrato_depth_1_rate_2,1 st / 2 Hz,1.0,2.0,12,rubber_band,Rubber Band,local hybrid spectral/time-domain proxy,23.362026035417887,1.6530093890808355,443.8752053084217,0.03830194708680561,0.7432943573073117,0.418630584595693,0.40007562966327015
subtle_modulation,vibrato_depth_1_rate_2,1 st / 2 Hz,1.0,2.0,12,psola,PSOLA,local pitch-synchronous overlap-add,0.6366131311591529,0.38808966153998165,482.8826137376508,1.6634517306565732e-06,0.035679910360968695,0.4595109794551477,0.1650641844226157
subtle_modulation,vibrato_depth_1_rate_2,1 st / 2 Hz,1.0,2.0,-12,phase_vocoder,Phase Vocoder,local phase vocoder,0.7914521111615903,0.45848671493072013,109.59406287595851,0.0002626213879777776,0.07506104334288807,0.06829854135057413,0.04787406869381333
subtle_modulation,vibrato_depth_1_rate_2,1 st / 2 Hz,1.0,2.0,-12,wsola,WSOLA,local waveform-similarity overlap-add,203.56295726649333,1.8853909847622246,209.71717822737386,0.34200365787778714,0.8732919933061415,0.17322918542426655,0.4628416122027317
subtle_modulation,vibrato_depth_1_rate_2,1 st / 2 Hz,1.0,2.0,-12,rubber_band,Rubber Band,local hybrid spectral/time-domain proxy,165.43402400924342,1.8505854099680867,217.27813528234998,0.2777430451176183,0.8538212498096472,0.18115319069325517,0.4375724952068402
subtle_modulation,vibrato_depth_1_rate_2,1 st / 2 Hz,1.0,2.0,-12,psola,PSOLA,local pitch-synchronous overlap-add,0.7177247854995926,0.48294529989635904,218.81970750350823,0.00013836501048503352,0.08874353061597216,0.18276878331124857,0.0905502263125686
subtle_modulation,vibrato_depth_0_rate_4,0 st / 4 Hz,0.0,4.0,3,phase_vocoder,Phase Vocoder,local phase vocoder,0.6567827858967449,0.3346762127651767,48.14976616720389,3.5656387327727324e-05,0.005799652198057145,0.0039039247260771416,0.0032464111038206715
subtle_modulation,vibrato_depth_0_rate_4,0 st / 4 Hz,0.0,4.0,3,wsola,WSOLA,local waveform-similarity overlap-add,181.70650543901198,2.014150135363799,265.4122615850279,0.3051678781374765,0.9453217301807064,0.23159853348085407,0.494029380599679
subtle_modulation,vibrato_depth_0_rate_4,0 st / 4 Hz,0.0,4.0,3,rubber_band,Rubber Band,local hybrid spectral/time-domain proxy,108.76175591720609,1.917680941535495,277.52507137469553,0.18223041565242276,0.8913554635853661,0.24429295402810666,0.43929294442196515
subtle_modulation,vibrato_depth_0_rate_4,0 st / 4 Hz,0.0,4.0,3,psola,PSOLA,local pitch-synchronous overlap-add,0.6959427980035754,0.4901861847950184,766.5642855489966,0.000101654729235236,0.09279418667849411,0.756813959197533,0.2832366002017541
subtle_modulation,vibrato_depth_0_rate_4,0 st / 4 Hz,0.0,4.0,7,phase_vocoder,Phase Vocoder,local phase vocoder,0.6557663472745655,0.4129686451447999,120.66605752979025,3.394333209343412e-05,0.04959757473192145,0.07990217080346669,0.04317789628916052
subtle_modulation,vibrato_depth_0_rate_4,0 st / 4 Hz,0.0,4.0,7,wsola,WSOLA,local waveform-similarity overlap-add,289.2623573892146,2.0573470321801905,332.3831875826537,0.4864371758025989,0.9694867009571163,0.3017851469764271,0.5859030079120474
subtle_modulation,vibrato_depth_0_rate_4,0 st / 4 Hz,0.0,4.0,7,rubber_band,Rubber Band,local hybrid spectral/time-domain proxy,173.63493009307143,1.9500541798329722,346.167135185492,0.29156444543269744,0.909465522757474,0.3162309469774296,0.5057536383892004
subtle_modulation,vibrato_depth_0_rate_4,0 st / 4 Hz,0.0,4.0,7,psola,PSOLA,local pitch-synchronous overlap-add,0.6497467451589565,0.4521484525272932,869.554095213382,2.379819328476069e-05,0.07151532739937821,0.8647489452712377,0.31209602362130023
subtle_modulation,vibrato_depth_0_rate_4,0 st / 4 Hz,0.0,4.0,12,phase_vocoder,Phase Vocoder,local phase vocoder,0.6461439556559453,0.4198603218575903,228.20455697712845,1.7726230569533626e-05,0.05345287866898229,0.19260425733086217,0.08202495407680467
subtle_modulation,vibrato_depth_0_rate_4,0 st / 4 Hz,0.0,4.0,12,wsola,WSOLA,local waveform-similarity overlap-add,46.499596123107565,1.7912791723268178,435.1260106183861,0.07729685999414695,0.8206444800626993,0.4094612870690496,0.43580087570863196
subtle_modulation,vibrato_depth_0_rate_4,0 st / 4 Hz,0.0,4.0,12,rubber_band,Rubber Band,local hybrid spectral/time-domain proxy,13.320328630959631,1.562923347932316,457.37210899542004,0.021378168390741817,0.6928989189273405,0.4327755579308371,0.38235088174963977
subtle_modulation,vibrato_depth_0_rate_4,0 st / 4 Hz,0.0,4.0,12,psola,PSOLA,local pitch-synchronous overlap-add,0.636309829848889,0.3706119753906879,165.47979439104608,1.152282747327762e-06,0.02590263916410153,0.12686769175930332,0.05092382773538406
subtle_modulation,vibrato_depth_0_rate_4,0 st / 4 Hz,0.0,4.0,-12,phase_vocoder,Phase Vocoder,local phase vocoder,0.8870141080799917,0.47391675318883564,110.55128641742743,0.0004236768373167438,0.08369283060230899,0.06930172710219902,0.05113941151394158
subtle_modulation,vibrato_depth_0_rate_4,0 st / 4 Hz,0.0,4.0,-12,wsola,WSOLA,local waveform-similarity overlap-add,409.239829964894,1.9704419123580204,211.05590027981825,0.6886412567065289,0.9208707161156715,0.17463218778496623,0.5947147202023889
subtle_modulation,vibrato_depth_0_rate_4,0 st / 4 Hz,0.0,4.0,-12,rubber_band,Rubber Band,local hybrid spectral/time-domain proxy,261.6178401356519,1.9047637075625294,218.40657200941777,0.4398464777049745,0.8841293754986331,0.18233581063223772,0.5021038879452818
subtle_modulation,vibrato_depth_0_rate_4,0 st / 4 Hz,0.0,4.0,-12,psola,PSOLA,local pitch-synchronous overlap-add,0.7479889569265551,0.39580956390298355,214.99228512542325,0.00018937074378090572,0.0399985357425931,0.17875758276215536,0.07298182974950979
subtle_modulation,vibrato_depth_0.025_rate_4,0.025 st / 4 Hz,0.025,4.0,3,phase_vocoder,Phase Vocoder,local phase vocoder,0.6568570645802101,0.33394250741667725,47.7916274362652,3.5781572936311995e-05,0.005389206781564717,0.003528589544253912,0.002984525966251647
subtle_modulation,vibrato_depth_0.025_rate_4,0.025 st / 4 Hz,0.025,4.0,3,wsola,WSOLA,local waveform-similarity overlap-add,182.35932172407846,2.014501942495274,265.38954752284434,0.3062681023219601,0.9455185361940448,0.23157472877635515,0.4944537890974534
subtle_modulation,vibrato_depth_0.025_rate_4,0.025 st / 4 Hz,0.025,4.0,3,rubber_band,Rubber Band,local hybrid spectral/time-domain proxy,122.10995469961661,1.9310184422383723,277.2669245078058,0.20472680775484653,0.8988166549780098,0.2440224119368696,0.4491886248899086
subtle_modulation,vibrato_depth_0.025_rate_4,0.025 st / 4 Hz,0.025,4.0,3,psola,PSOLA,local pitch-synchronous overlap-add,0.6960673806531116,0.4899413946758501,765.9389650670531,0.00010186469465295348,0.09265724753443476,0.7561586132198084,0.28297257514963203
subtle_modulation,vibrato_depth_0.025_rate_4,0.025 st / 4 Hz,0.025,4.0,7,phase_vocoder,Phase Vocoder,local phase vocoder,0.6559703250745634,0.4132728439547912,120.29372359303672,3.4287106159414456e-05,0.04976774795952396,0.07951195881638543,0.043104664627356265
subtle_modulation,vibrato_depth_0.025_rate_4,0.025 st / 4 Hz,0.025,4.0,7,wsola,WSOLA,local waveform-similarity overlap-add,289.1421457780579,2.0573981711958877,332.35122685004154,0.4862345771161447,0.9695153088644183,0.3017516516117824,0.5858338458641151
subtle_modulation,vibrato_depth_0.025_rate_4,0.025 st / 4 Hz,0.025,4.0,7,rubber_band,Rubber Band,local hybrid spectral/time-domain proxy,173.54479407163197,1.9500595316969425,346.10255044347565,0.29141253465328,0.9094685166678235,0.31616326112333565,0.5056814374814796
subtle_modulation,vibrato_depth_0.025_rate_4,0.025 st / 4 Hz,0.025,4.0,7,psola,PSOLA,local pitch-synchronous overlap-add,0.6497558991181601,0.45194600186564,865.1183137855661,2.381362091352856e-05,0.0714020735621105,0.860100174599678,0.3105086872609007
subtle_modulation,vibrato_depth_0.025_rate_4,0.025 st / 4 Hz,0.025,4.0,12,phase_vocoder,Phase Vocoder,local phase vocoder,0.6463861075579952,0.42050229344332274,228.13756499312308,1.813434137352021e-05,0.05381200688771635,0.19253404864823395,0.08212139662577461
subtle_modulation,vibrato_depth_0.025_rate_4,0.025 st / 4 Hz,0.025,4.0,12,wsola,WSOLA,local waveform-similarity overlap-add,46.65175607682049,1.7926855950913998,434.976744606223,0.07755330283237644,0.8214312533614819,0.4093048538743811,0.4360964700227465
subtle_modulation,vibrato_depth_0.025_rate_4,0.025 st / 4 Hz,0.025,4.0,12,rubber_band,Rubber Band,local hybrid spectral/time-domain proxy,22.075574957701434,1.6299606051426019,452.2555372661876,0.03613382625367634,0.7304005331822452,0.4274133080136904,0.3979825558165373
subtle_modulation,vibrato_depth_0.025_rate_4,0.025 st / 4 Hz,0.025,4.0,12,psola,PSOLA,local pitch-synchronous overlap-add,0.6363101341046088,0.3705938182373051,209.2013753223838,1.152795524825649e-06,0.025892481789076566,0.17268861563830126,0.06619408340763422
subtle_modulation,vibrato_depth_0.025_rate_4,0.025 st / 4 Hz,0.025,4.0,-12,phase_vocoder,Phase Vocoder,local phase vocoder,0.8870372625715611,0.4740778816645762,110.66401880552414,0.0004237158607482771,0.08378296820927804,0.06941987246802622,0.051208852179350846
subtle_modulation,vibrato_depth_0.025_rate_4,0.025 st / 4 Hz,0.025,4.0,-12,wsola,WSOLA,local waveform-similarity overlap-add,382.78430372961395,1.9630601660570532,211.09796374717598,0.6440544250922831,0.916741260141092,0.17467627097900518,0.5784906520707934
subtle_modulation,vibrato_depth_0.025_rate_4,0.025 st / 4 Hz,0.025,4.0,-12,rubber_band,Rubber Band,local hybrid spectral/time-domain proxy,245.66749158232633,1.8978945207287536,218.44798312311272,0.41296455145596045,0.8802866527261745,0.18237921014908823,0.49187680477707435
subtle_modulation,vibrato_depth_0.025_rate_4,0.025 st / 4 Hz,0.025,4.0,-12,psola,PSOLA,local pitch-synchronous overlap-add,0.7480650185506812,0.3959529160959118,214.99417655248908,0.00018949893426923906,0.04007872903905998,0.1787595650083084,0.07300926432721254
subtle_modulation,vibrato_depth_0.05_rate_4,0.05 st / 4 Hz,0.05,4.0,3,phase_vocoder,Phase Vocoder,local phase vocoder,0.6571877883259882,0.33341560295451367,47.658127476215356,3.6338958332191134e-05,0.00509444878114022,0.0033886794271678023,0.002839822388880071
subtle_modulation,vibrato_depth_0.05_rate_4,0.05 st / 4 Hz,0.05,4.0,3,wsola,WSOLA,local waveform-similarity overlap-add,205.35930271438409,2.0284751676545767,265.16625154780314,0.3450311293895544,0.9533353610706553,0.231340710983382,0.5099024004811973
subtle_modulation,vibrato_depth_0.05_rate_4,0.05 st / 4 Hz,0.05,4.0,3,rubber_band,Rubber Band,local hybrid spectral/time-domain proxy,96.96068871509296,1.9039855660410947,277.75517450786776,0.16234148237135523,0.883694071842324,0.24453410583288615,0.4301898866821885
subtle_modulation,vibrato_depth_0.05_rate_4,0.05 st / 4 Hz,0.05,4.0,3,psola,PSOLA,local pitch-synchronous overlap-add,0.6961718682201494,0.489480030996819,770.7311874180338,0.00010204079281542685,0.09239915399895535,0.7611809397431873,0.2845607115116527
subtle_modulation,vibrato_depth_0.05_rate_4,0.05 st / 4 Hz,0.05,4.0,7,phase_vocoder,Phase Vocoder,local phase vocoder,0.656651442645407,0.41395825390843544,120.14780873585794,3.5435027927086827e-05,0.050151176231468454,0.07935903768633518,0.043181882981910245
subtle_modulation,vibrato_depth_0.05_rate_4,0.05 st / 4 Hz,0.05,4.0,7,wsola,WSOLA,local waveform-similarity overlap-add,297.2670198350867,2.0611410896086846,332.61994080798075,0.4999278368247571,0.9716091517265149,0.3020332681853298,0.5911900855788672
subtle_modulation,vibrato_depth_0.05_rate_4,0.05 st / 4 Hz,0.05,4.0,7,rubber_band,Rubber Band,local hybrid spectral/time-domain proxy,178.4387551129407,1.9537875615053877,346.3968031450074,0.2996605738317455,0.9115540306286429,0.3164716427131792,0.5092287490578559
subtle_modulation,vibrato_depth_0.05_rate_4,0.05 st / 4 Hz,0.05,4.0,7,psola,PSOLA,local pitch-synchronous overlap-add,0.6497739147617899,0.45171798590937123,863.8407922384338,2.384398358565235e-05,0.07127451812813546,0.8587613113582765,0.3100198911566659
subtle_modulation,vibrato_depth_0.05_rate_4,0.05 st / 4 Hz,0.05,4.0,12,phase_vocoder,Phase Vocoder,local phase vocoder,0.6471285026679336,0.42123486366432,229.23541422272717,1.9385537265965666e-05,0.05422181729741572,0.19368461239521523,0.08264193840996564
subtle_modulation,vibrato_depth_0.05_rate_4,0.05 st / 4 Hz,0.05,4.0,12,wsola,WSOLA,local waveform-similarity overlap-add,53.35587836578122,1.8111172074714648,434.2253273385619,0.08885209798620641,0.8317421647313323,0.4085173564259943,0.44303720638117766
subtle_modulation,vibrato_depth_0.05_rate_4,0.05 st / 4 Hz,0.05,4.0,12,rubber_band,Rubber Band,local hybrid spectral/time-domain proxy,17.901543322874726,1.6049001225321693,453.86421521597504,0.02909912038544195,0.7163813356343779,0.4290992285205172,0.3915265615134456
subtle_modulation,vibrato_depth_0.05_rate_4,0.05 st / 4 Hz,0.05,4.0,12,psola,PSOLA,local pitch-synchronous overlap-add,0.6363112046432533,0.3705613725159096,241.94185184432342,1.154599757553995e-06,0.02587433118180785,0.20700116451044506,0.07762555009733682
subtle_modulation,vibrato_depth_0.05_rate_4,0.05 st / 4 Hz,0.05,4.0,-12,phase_vocoder,Phase Vocoder,local phase vocoder,0.8869752818269775,0.4738870176181743,110.55396675492689,0.00042361140147585517,0.08367619609267964,0.0693045361392447,0.0511347812111334
subtle_modulation,vibrato_depth_0.05_rate_4,0.05 st / 4 Hz,0.05,4.0,-12,wsola,WSOLA,local waveform-similarity overlap-add,384.7334022715984,1.9636369891784022,211.08933379838635,0.6473393390916553,0.917063943363681,0.1746672266531106,0.5796901697028157
subtle_modulation,vibrato_depth_0.05_rate_4,0.05 st / 4 Hz,0.05,4.0,-12,rubber_band,Rubber Band,local hybrid spectral/time-domain proxy,246.85851024454945,1.8984317279929566,218.4375284203083,0.41497183522985676,0.8805871742635321,0.18236825345147634,0.49264242098162175
subtle_modulation,vibrato_depth_0.05_rate_4,0.05 st / 4 Hz,0.05,4.0,-12,psola,PSOLA,local pitch-synchronous overlap-add,0.7480313227957365,0.3964509316829851,215.01972000319822,0.000189442145115303,0.040357326183641344,0.17878633495773882,0.07311103442883182
subtle_modulation,vibrato_depth_0.1_rate_4,0.1 st / 4 Hz,0.1,4.0,3,phase_vocoder,Phase Vocoder,local phase vocoder,0.658660810575108,0.3336206087120963,47.491434059375464,3.882151696290753e-05,0.005209131976140017,0.0032139820305630033,0.0028206451745553095
subtle_modulation,vibrato_depth_0.1_rate_4,0.1 st / 4 Hz,0.1,4.0,3,wsola,WSOLA,local waveform-similarity overlap-add,232.0534799440551,2.042800746598555,264.94861696360425,0.3900201715516778,0.9613492977663356,0.23111262641956726,0.5274940319125269
subtle_modulation,vibrato_depth_0.1_rate_4,0.1 st / 4 Hz,0.1,4.0,3,rubber_band,Rubber Band,local hybrid spectral/time-domain proxy,139.2016640419512,1.9461047829301221,277.02715423824645,0.2335323268614763,0.9072561728324674,0.24377112881682003,0.4615198761702546
subtle_modulation,vibrato_depth_0.1_rate_4,0.1 st / 4 Hz,0.1,4.0,3,psola,PSOLA,local pitch-synchronous overlap-add,0.6963060477887298,0.4905881423124969,786.2863722428368,0.0001022669324044549,0.09301904754534093,0.777483024997158,0.2902014464916345
subtle_modulation,vibrato_depth_0.1_rate_4,0.1 st / 4 Hz,0.1,4.0,7,phase_vocoder,Phase Vocoder,local phase vocoder,0.6592962521787258,0.4173656050148288,120.12802581015,3.9892458721133144e-05,0.05205729787397771,0.07933830486026491,0.043811831730987925
subtle_modulation,vibrato_depth_0.1_rate_4,0.1 st / 4 Hz,0.1,4.0,7,wsola,WSOLA,local waveform-similarity overlap-add,294.90847879744365,2.059793965719316,332.4602112967138,0.4959528687532302,0.9708555510788304,0.3018658690743853,0.5895580963021486
subtle_modulation,vibrato_depth_0.1_rate_4,0.1 st / 4 Hz,0.1,4.0,7,rubber_band,Rubber Band,local hybrid spectral/time-domain proxy,176.97708018355473,1.9523937868110586,346.2419246236202,0.2971971394108347,0.9107743328438571,0.3163093275180786,0.5080935999242568
subtle_modulation,vibrato_depth_0.1_rate_4,0.1 st / 4 Hz,0.1,4.0,7,psola,PSOLA,local pitch-synchronous overlap-add,0.649835486433695,0.4516394035109616,886.5898824856846,2.3947753427273583e-05,0.07123055799439759,0.8826027258344077,0.31795241052741086
subtle_modulation,vibrato_depth_0.1_rate_4,0.1 st / 4 Hz,0.1,4.0,12,phase_vocoder,Phase Vocoder,local phase vocoder,0.6500834492860106,0.4300272367632895,229.10824558525633,2.4365657718590892e-05,0.05914039836806494,0.19355133760658172,0.08423870054412175
subtle_modulation,vibrato_depth_0.1_rate_4,0.1 st / 4 Hz,0.1,4.0,12,wsola,WSOLA,local waveform-similarity overlap-add,73.94402706361447,1.8517566757187176,432.91529301148415,0.12355034254484949,0.8544764728631853,0.4071444192654151,0.46172374489115
subtle_modulation,vibrato_depth_0.1_rate_4,0.1 st / 4 Hz,0.1,4.0,12,rubber_band,Rubber Band,local hybrid spectral/time-domain proxy,41.40226094967359,1.7005146645119356,449.3084505204392,0.06870606414158935,0.7698694975864215,0.42432471344402434,0.4209667583906784
subtle_modulation,vibrato_depth_0.1_rate_4,0.1 st / 4 Hz,0.1,4.0,12,psola,PSOLA,local pitch-synchronous overlap-add,0.6363151535418456,0.37035366286001664,274.84803555406916,1.1612550353599503e-06,0.025758135386865312,0.241487377195217,0.08908222461237257
subtle_modulation,vibrato_depth_0.1_rate_4,0.1 st / 4 Hz,0.1,4.0,-12,phase_vocoder,Phase Vocoder,local phase vocoder,0.886739431038833,0.4733900320830336,110.60349287190641,0.0004232139102566837,0.08339817517409326,0.06935644031077284,0.05105927646504093
subtle_modulation,vibrato_depth_0.1_rate_4,0.1 st / 4 Hz,0.1,4.0,-12,wsola,WSOLA,local waveform-similarity overlap-add,392.39245193910057,1.9657776509766327,211.04076477216512,0.6602475214809613,0.918261460630171,0.1746163255281752,0.5843751025464358
subtle_modulation,vibrato_depth_0.1_rate_4,0.1 st / 4 Hz,0.1,4.0,-12,rubber_band,Rubber Band,local hybrid spectral/time-domain proxy,251.53712149011614,1.9003937638814583,218.38799667106676,0.42285693454481244,0.8816847656046286,0.18231634337724653,0.4956193478422292
subtle_modulation,vibrato_depth_0.1_rate_4,0.1 st / 4 Hz,0.1,4.0,-12,psola,PSOLA,local pitch-synchronous overlap-add,0.7475206060766807,0.39854463381620303,215.18680623266394,0.00018858140849065203,0.04152857353223606,0.17896144402832803,0.07355953298968491
subtle_modulation,vibrato_depth_0.2_rate_4,0.2 st / 4 Hz,0.2,4.0,3,phase_vocoder,Phase Vocoder,local phase vocoder,0.6644110851262807,0.33551460440244557,46.536245981027356,4.851274445423271e-05,0.006268660643267998,0.0022129294772061255,0.0028433676216427853
subtle_modulation,vibrato_depth_0.2_rate_4,0.2 st / 4 Hz,0.2,4.0,3,wsola,WSOLA,local waveform-similarity overlap-add,254.46654312010196,2.0533992545241477,264.75635720367495,0.4277940364486531,0.9672782568622655,0.23091113508194727,0.5419944761309553
subtle_modulation,vibrato_depth_0.2_rate_4,0.2 st / 4 Hz,0.2,4.0,3,rubber_band,Rubber Band,local hybrid spectral/time-domain proxy,140.77641331755663,1.9471685168157131,276.94418090713305,0.2361863311765536,0.907851241000638,0.2436841714239731,0.46257391453372154
subtle_modulation,vibrato_depth_0.2_rate_4,0.2 st / 4 Hz,0.2,4.0,3,psola,PSOLA,local pitch-synchronous overlap-add,0.69629682157861,0.4906259428240453,807.0556473550852,0.00010225138300757672,0.09304019369990807,0.7992495611943472,0.29746400209242096
subtle_modulation,vibrato_depth_0.2_rate_4,0.2 st / 4 Hz,0.2,4.0,7,phase_vocoder,Phase Vocoder,local phase vocoder,0.6695711922601801,0.42599626995651263,118.62156684010357,5.720933305521197e-05,0.056885417055391595,0.07775951149728622,0.04490071262857767
subtle_modulation,vibrato_depth_0.2_rate_4,0.2 st / 4 Hz,0.2,4.0,7,wsola,WSOLA,local waveform-similarity overlap-add,286.8935457525455,2.0562503076886256,332.317694189531,0.48244489817293734,0.9688731773653387,0.30171650884127904,0.5843448614598518
subtle_modulation,vibrato_depth_0.2_rate_4,0.2 st / 4 Hz,0.2,4.0,7,rubber_band,Rubber Band,local hybrid spectral/time-domain proxy,172.06058425108645,1.948647610902348,346.10038037210944,0.288911121044632,0.9086786676912869,0.3161609868534496,0.5045835918631228
subtle_modulation,vibrato_depth_0.2_rate_4,0.2 st / 4 Hz,0.2,4.0,7,psola,PSOLA,local pitch-synchronous overlap-add,0.6500446122746979,0.4532848413657326,906.9318243241993,2.4300203746199668e-05,0.07215103980224477,0.9039214098499142,0.32536558328530174
subtle_modulation,vibrato_depth_0.2_rate_4,0.2 st / 4 Hz,0.2,4.0,12,phase_vocoder,Phase Vocoder,local phase vocoder,0.6614416129370119,0.45054003081892274,229.36066496685595,4.350814332444868e-05,0.07061555296085498,0.1938158772006102,0.0881583127682632
subtle_modulation,vibrato_depth_0.2_rate_4,0.2 st / 4 Hz,0.2,4.0,12,wsola,WSOLA,local waveform-similarity overlap-add,110.31246062784491,1.898021563655953,431.74702243264534,0.18484389645041452,0.880357722382779,0.40592005280558574,0.49037389054625974
subtle_modulation,vibrato_depth_0.2_rate_4,0.2 st / 4 Hz,0.2,4.0,12,rubber_band,Rubber Band,local hybrid spectral/time-domain proxy,67.58028927146489,1.7545914435905292,447.7397513701554,0.11282521453747678,0.8001208323448186,0.4226806913656122,0.44520891274930247
subtle_modulation,vibrato_depth_0.2_rate_4,0.2 st / 4 Hz,0.2,4.0,12,psola,PSOLA,local pitch-synchronous overlap-add,0.6363302197019907,0.3691197359922366,313.0070828412427,1.1866467943249745e-06,0.025067858795311225,0.2814786758581486,0.10218257376675138
subtle_modulation,vibrato_depth_0.2_rate_4,0.2 st / 4 Hz,0.2,4.0,-12,phase_vocoder,Phase Vocoder,local phase vocoder,0.8855728767936228,0.47198286827593794,110.7256609177784,0.0004212478575976855,0.08261098732537758,0.06948447439854145,0.05083890319383891
subtle_modulation,vibrato_depth_0.2_rate_4,0.2 st / 4 Hz,0.2,4.0,-12,wsola,WSOLA,local waveform-similarity overlap-add,338.486693840649,1.9492248183888263,211.14744041726686,0.5693974307287036,0.9090015659333056,0.17472812332939436,0.5510423733304678
subtle_modulation,vibrato_depth_0.2_rate_4,0.2 st / 4 Hz,0.2,4.0,-12,rubber_band,Rubber Band,local hybrid spectral/time-domain proxy,253.6586401819745,1.9010686254072535,218.3359304949554,0.4264324369120351,0.8820622929329985,0.18226177718267053,0.49691883567590134
subtle_modulation,vibrato_depth_0.2_rate_4,0.2 st / 4 Hz,0.2,4.0,-12,psola,PSOLA,local pitch-synchronous overlap-add,0.7441553036751459,0.40634984835368637,215.5490527988996,0.00018290969475591825,0.045894923781967974,0.17934108428797416,0.07513963925489935
subtle_modulation,vibrato_depth_0.35_rate_4,0.35 st / 4 Hz,0.35,4.0,3,phase_vocoder,Phase Vocoder,local phase vocoder,0.6681650889839867,0.3331592256774417,47.29899673452127,5.4839556342009856e-05,0.0049510276128439746,0.0030123046020301743,0.0026727239237387193
subtle_modulation,vibrato_depth_0.35_rate_4,0.35 st / 4 Hz,0.35,4.0,3,wsola,WSOLA,local waveform-similarity overlap-add,274.8368272701708,2.0630974947258274,264.54497902606005,0.4621251029054698,0.9727035931324224,0.23068960733341082,0.5551727677904343
subtle_modulation,vibrato_depth_0.35_rate_4,0.35 st / 4 Hz,0.35,4.0,3,rubber_band,Rubber Band,local hybrid spectral/time-domain proxy,164.90222411100578,1.9659425040030383,276.6277973787876,0.2768467759485865,0.9183536818048176,0.2433525963697304,0.47951768470771156
subtle_modulation,vibrato_depth_0.35_rate_4,0.35 st / 4 Hz,0.35,4.0,3,psola,PSOLA,local pitch-synchronous overlap-add,0.6961854447342621,0.4919157596512621,816.0266443604224,0.00010206367399886158,0.09376173594561839,0.8086513111344014,0.3008383702513395
subtle_modulation,vibrato_depth_0.35_rate_4,0.35 st / 4 Hz,0.35,4.0,7,phase_vocoder,Phase Vocoder,local phase vocoder,0.6889104488768804,0.43688736833426717,117.08729361259127,8.980275685048706e-05,0.06297805549514118,0.07615156834267268,0.04640647553155478
subtle_modulation,vibrato_depth_0.35_rate_4,0.35 st / 4 Hz,0.35,4.0,7,wsola,WSOLA,local waveform-similarity overlap-add,266.68977271043656,2.047773537757357,332.01988028203186,0.44839446127784177,0.9641311492854484,0.3014043950499901,0.5713100018710934
subtle_modulation,vibrato_depth_0.35_rate_4,0.35 st / 4 Hz,0.35,4.0,7,rubber_band,Rubber Band,local hybrid spectral/time-domain proxy,159.73694620676787,1.939801182695371,345.76450731732535,0.26814147278777023,0.9037298474089909,0.3158089864603157,0.49589343555235893
subtle_modulation,vibrato_depth_0.35_rate_4,0.35 st / 4 Hz,0.35,4.0,7,psola,PSOLA,local pitch-synchronous overlap-add,0.6504530686970218,0.4578825829679403,930.6645359624093,2.49885959392692e-05,0.07472308315820811,0.9287936754508407,0.33451391573499606
subtle_modulation,vibrato_depth_0.35_rate_4,0.35 st / 4 Hz,0.35,4.0,12,phase_vocoder,Phase Vocoder,local phase vocoder,0.6883185103515189,0.46906724630759716,227.29934468681017,8.880513302242354e-05,0.08097994609666417,0.1916555802115662,0.0909081104804176
subtle_modulation,vibrato_depth_0.35_rate_4,0.35 st / 4 Hz,0.35,4.0,12,wsola,WSOLA,local waveform-similarity overlap-add,124.49785446163304,1.9123602803367687,431.160263530899,0.20875125556411903,0.8883790085190473,0.4053051199875235,0.50081179469023
subtle_modulation,vibrato_depth_0.35_rate_4,0.35 st / 4 Hz,0.35,4.0,12,rubber_band,Rubber Band,local hybrid spectral/time-domain proxy,65.89281180950402,1.7527852848083245,447.6926098659756,0.10998122372889677,0.7991104409184379,0.42263128630686203,0.4439076503180655
subtle_modulation,vibrato_depth_0.35_rate_4,0.35 st / 4 Hz,0.35,4.0,12,psola,PSOLA,local pitch-synchronous overlap-add,0.6363703453691588,0.3662365294674334,357.2103739237834,1.2542726033723864e-06,0.02345495123599356,0.3278044397657969,0.11708688175813127
subtle_modulation,vibrato_depth_0.35_rate_4,0.35 st / 4 Hz,0.35,4.0,-12,phase_vocoder,Phase Vocoder,local phase vocoder,0.8686176429217991,0.4692368652896443,111.17722403404876,0.00039267234747931116,0.08107483341604074,0.06995771984704621,0.05047507520352209
subtle_modulation,vibrato_depth_0.35_rate_4,0.35 st / 4 Hz,0.35,4.0,-12,wsola,WSOLA,local waveform-similarity overlap-add,396.61620344338456,1.9671483553116569,210.96275895184792,0.6673660227508694,0.9190282525212586,0.17453457416697699,0.5869762831463684
subtle_modulation,vibrato_depth_0.35_rate_4,0.35 st / 4 Hz,0.35,4.0,-12,rubber_band,Rubber Band,local hybrid spectral/time-domain proxy,203.11958486440108,1.8768084071383897,218.54971335479715,0.34125642002439194,0.8684907748679795,0.18248582507706912,0.46407767332314687
subtle_modulation,vibrato_depth_0.35_rate_4,0.35 st / 4 Hz,0.35,4.0,-12,psola,PSOLA,local pitch-synchronous overlap-add,0.7326793705971796,0.42139774524754325,216.0951665455857,0.00016356872639970054,0.05431293561814453,0.1799134203262221,0.07812997489025544
subtle_modulation,vibrato_depth_0.5_rate_4,0.5 st / 4 Hz,0.5,4.0,3,phase_vocoder,Phase Vocoder,local phase vocoder,0.6928315239783492,0.3506311892974866,46.0210215731385,9.641114232508257e-05,0.014725097543827306,0.001672965965558358,0.0054981582172369155
subtle_modulation,vibrato_depth_0.5_rate_4,0.5 st / 4 Hz,0.5,4.0,3,wsola,WSOLA,local waveform-similarity overlap-add,251.22347048682198,2.0556048255575146,264.7399129960906,0.4223283227022377,0.9685120852965892,0.2308939012864641,0.540578103095097
subtle_modulation,vibrato_depth_0.5_rate_4,0.5 st / 4 Hz,0.5,4.0,3,rubber_band,Rubber Band,local hybrid spectral/time-domain proxy,162.00894543803815,1.966822795037193,276.6889521774794,0.27197058759166526,0.9188461293805197,0.24341668758775137,0.47807780151997886
subtle_modulation,vibrato_depth_0.5_rate_4,0.5 st / 4 Hz,0.5,4.0,3,psola,PSOLA,local pitch-synchronous overlap-add,0.6966974826651857,0.49921211690446193,803.8572671213236,0.00010292663732845701,0.097843424048059,0.7958976069853392,0.29794798589024224
subtle_modulation,vibrato_depth_0.5_rate_4,0.5 st / 4 Hz,0.5,4.0,7,phase_vocoder,Phase Vocoder,local phase vocoder,0.6957770206100571,0.4454770466226046,117.2725905963726,0.00010137533623943943,0.06778324614804182,0.07634576257828797,0.04807679468752307
subtle_modulation,vibrato_depth_0.5_rate_4,0.5 st / 4 Hz,0.5,4.0,7,wsola,WSOLA,local waveform-similarity overlap-add,276.26309770116967,2.054748412160254,332.2100032304873,0.4645288683410075,0.9680329952173805,0.3016036469746291,0.5780551701776724
subtle_modulation,vibrato_depth_0.5_rate_4,0.5 st / 4 Hz,0.5,4.0,7,rubber_band,Rubber Band,local hybrid spectral/time-domain proxy,165.3925377320931,1.946594192325411,345.999493806396,0.2776731262039988,0.9075299555485066,0.31605525610105006,0.5004194459511851
subtle_modulation,vibrato_depth_0.5_rate_4,0.5 st / 4 Hz,0.5,4.0,7,psola,PSOLA,local pitch-synchronous overlap-add,0.6507447285842061,0.4678145626197264,951.46616435415,2.5480145045601967e-05,0.08027917666782883,0.9505941184081532,0.3436329250736759
subtle_modulation,vibrato_depth_0.5_rate_4,0.5 st / 4 Hz,0.5,4.0,12,phase_vocoder,Phase Vocoder,local phase vocoder,0.7198605580937,0.4820214493281577,227.50589617743682,0.00014196453567205452,0.08822671520496599,0.19187204951408207,0.09341357641824004
subtle_modulation,vibrato_depth_0.5_rate_4,0.5 st / 4 Hz,0.5,4.0,12,wsola,WSOLA,local waveform-similarity overlap-add,121.9290697841772,1.9141846211910114,431.23569843808644,0.20442195329099924,0.8893995712603102,0.40538417699018503,0.49973523384716484
subtle_modulation,vibrato_depth_0.5_rate_4,0.5 st / 4 Hz,0.5,4.0,12,rubber_band,Rubber Band,local hybrid spectral/time-domain proxy,75.70533710044272,1.770637548947652,446.6018796705548,0.1265187671127122,0.8090972564772791,0.42148818342283345,0.4523680690042749
subtle_modulation,vibrato_depth_0.5_rate_4,0.5 st / 4 Hz,0.5,4.0,12,psola,PSOLA,local pitch-synchronous overlap-add,0.636432279997401,0.37117047912402584,393.6475616158094,1.3586541536000384e-06,0.026215074255260803,0.365991201727197,0.1307358782122038
subtle_modulation,vibrato_depth_0.5_rate_4,0.5 st / 4 Hz,0.5,4.0,-12,phase_vocoder,Phase Vocoder,local phase vocoder,0.8374984945832648,0.4726777068534267,111.51840862890982,0.00034022567850704004,0.08299969010629046,0.07031528682007875,0.05121840086829208
subtle_modulation,vibrato_depth_0.5_rate_4,0.5 st / 4 Hz,0.5,4.0,-12,wsola,WSOLA,local waveform-similarity overlap-add,269.7242353935053,1.9270384200832447,211.53908127267132,0.45350859416208095,0.8965901728425701,0.1751385692794522,0.5084124454280344
subtle_modulation,vibrato_depth_0.5_rate_4,0.5 st / 4 Hz,0.5,4.0,-12,rubber_band,Rubber Band,local hybrid spectral/time-domain proxy,184.5938917152962,1.869121782013007,218.8559502816709,0.3100341357413145,0.864190765255863,0.18280676632887924,0.45234388910868556
subtle_modulation,vibrato_depth_0.5_rate_4,0.5 st / 4 Hz,0.5,4.0,-12,psola,PSOLA,local pitch-synchronous overlap-add,0.7168165890905489,0.43833979666583583,216.79303313255272,0.00013683438130750105,0.06379056497554138,0.18064479579522286,0.08152406505069058
subtle_modulation,vibrato_depth_0.75_rate_4,0.75 st / 4 Hz,0.75,4.0,3,phase_vocoder,Phase Vocoder,local phase vocoder,0.7377845147472384,0.35829992937045846,47.42849983749445,0.00017217268311410435,0.01901510199815026,0.0031480259482629907,0.007445100209842452
subtle_modulation,vibrato_depth_0.75_rate_4,0.75 st / 4 Hz,0.75,4.0,3,wsola,WSOLA,local waveform-similarity overlap-add,322.96691068897076,2.0944580343814336,265.3469745914168,0.5432411580498147,0.9902471339921122,0.23153011165573206,0.5883394678992196
subtle_modulation,vibrato_depth_0.75_rate_4,0.75 st / 4 Hz,0.75,4.0,3,rubber_band,Rubber Band,local hybrid spectral/time-domain proxy,203.9089007849977,2.003229389028982,277.42961223959884,0.34258669392365587,0.9392125062436457,0.24419291131076556,0.5086640371593557
subtle_modulation,vibrato_depth_0.75_rate_4,0.75 st / 4 Hz,0.75,4.0,3,psola,PSOLA,local pitch-synchronous overlap-add,0.6973021892027648,0.5033137535474831,861.6014472716964,0.0001039457797309663,0.10013793909240006,0.8564144416185745,0.3188854421635685
subtle_modulation,vibrato_depth_0.75_rate_4,0.75 st / 4 Hz,0.75,4.0,7,phase_vocoder,Phase Vocoder,local phase vocoder,0.723419084890657,0.46416633634124843,114.39258390815732,0.00014796190021810977,0.07823830595945659,0.07332746899373163,0.05057124561780211
subtle_modulation,vibrato_depth_0.75_rate_4,0.75 st / 4 Hz,0.75,4.0,7,wsola,WSOLA,local waveform-similarity overlap-add,210.0767708580248,2.0360385043988187,332.5332469772209,0.35298171619306234,0.9575664013737033,0.3019424116486857,0.5374968430718171
subtle_modulation,vibrato_depth_0.75_rate_4,0.75 st / 4 Hz,0.75,4.0,7,rubber_band,Rubber Band,local hybrid spectral/time-domain proxy,146.3269296798021,1.9463713382064998,346.6578665971567,0.24554089612508695,0.9074052877212369,0.31674524143293514,0.489897141759753
subtle_modulation,vibrato_depth_0.75_rate_4,0.75 st / 4 Hz,0.75,4.0,7,psola,PSOLA,local pitch-synchronous overlap-add,0.650652569970172,0.4759900770785177,921.2767986408031,2.5324825488954424e-05,0.08485267806582374,0.9189551749198356,0.33461105927038276
subtle_modulation,vibrato_depth_0.75_rate_4,0.75 st / 4 Hz,0.75,4.0,12,phase_vocoder,Phase Vocoder,local phase vocoder,0.7750424055998113,0.5098771618176495,224.8100467433207,0.00023496528421270926,0.10380960490016324,0.18904675571000243,0.09769710863145946
subtle_modulation,vibrato_depth_0.75_rate_4,0.75 st / 4 Hz,0.75,4.0,12,wsola,WSOLA,local waveform-similarity overlap-add,126.80871777109587,1.9336113019375605,431.5720124758142,0.21264586995758197,0.9002671383107486,0.4057366395405755,0.5062165492696353
subtle_modulation,vibrato_depth_0.75_rate_4,0.75 st / 4 Hz,0.75,4.0,12,rubber_band,Rubber Band,local hybrid spectral/time-domain proxy,81.97334216900487,1.7962197354431937,447.28706639065877,0.13708255193648672,0.823408302747317,0.42220627018630363,0.46089904162336914
subtle_modulation,vibrato_depth_0.75_rate_4,0.75 st / 4 Hz,0.75,4.0,12,psola,PSOLA,local pitch-synchronous overlap-add,0.6365757317882622,0.3852507934190146,446.55543948309645,1.6004206861197923e-06,0.03409180634801516,0.42143951335534896,0.15184430670801674
subtle_modulation,vibrato_depth_0.75_rate_4,0.75 st / 4 Hz,0.75,4.0,-12,phase_vocoder,Phase Vocoder,local phase vocoder,0.8091861637669006,0.47515436411514855,109.68140175180513,0.000292509480556964,0.0843851681096544,0.06839007390490077,0.05102258383170405
subtle_modulation,vibrato_depth_0.75_rate_4,0.75 st / 4 Hz,0.75,4.0,-12,wsola,WSOLA,local waveform-similarity overlap-add,287.0220581407188,1.9492286195900255,212.711538087188,0.4826614865772227,0.9090036923804039,0.17636732298197155,0.5226775006465327
subtle_modulation,vibrato_depth_0.75_rate_4,0.75 st / 4 Hz,0.75,4.0,-12,rubber_band,Rubber Band,local hybrid spectral/time-domain proxy,134.87838245732075,1.8485030583489808,220.62836388662146,0.2262460825312528,0.8526563521033191,0.18466428445024086,0.4211889063616043
subtle_modulation,vibrato_depth_0.75_rate_4,0.75 st / 4 Hz,0.75,4.0,-12,psola,PSOLA,local pitch-synchronous overlap-add,0.7025158095922361,0.46653433349615425,219.1439646529699,0.0001127325569184093,0.079562997922635,0.18310861004775286,0.08759478017576876
subtle_modulation,vibrato_depth_1_rate_4,1 st / 4 Hz,1.0,4.0,3,phase_vocoder,Phase Vocoder,local phase vocoder,0.7685855103445753,0.35117389746866695,46.31142320308834,0.00022408315323804332,0.015028696368354803,0.0019773115701046725,0.005743363697232507
subtle_modulation,vibrato_depth_1_rate_4,1 st / 4 Hz,1.0,4.0,3,wsola,WSOLA,local waveform-similarity overlap-add,108.08956837090454,1.9505082237997526,266.80364658883116,0.18109754410514764,0.9097195215397267,0.23305672746624015,0.44129126437037147
subtle_modulation,vibrato_depth_1_rate_4,1 st / 4 Hz,1.0,4.0,3,rubber_band,Rubber Band,local hybrid spectral/time-domain proxy,45.41647833651928,1.8015790835607335,280.82639876146885,0.07547142700371923,0.826406399837287,0.24775279851832657,0.383210208453111
subtle_modulation,vibrato_depth_1_rate_4,1 st / 4 Hz,1.0,4.0,3,psola,PSOLA,local pitch-synchronous overlap-add,0.6961513836052942,0.5101187491725472,844.4877537969139,0.00010200626906167077,0.1039447523714241,0.8384790140953109,0.3141752575785989
subtle_modulation,vibrato_depth_1_rate_4,1 st / 4 Hz,1.0,4.0,7,phase_vocoder,Phase Vocoder,local phase vocoder,0.7447033138684118,0.4785035497103404,114.34061459668463,0.00018383328395209355,0.0862587511213367,0.07327300431486346,0.053238529573384076
subtle_modulation,vibrato_depth_1_rate_4,1 st / 4 Hz,1.0,4.0,7,wsola,WSOLA,local waveform-similarity overlap-add,294.4123264116427,2.0691606561224174,332.1905843668695,0.4951166781333962,0.976095413581563,0.3015832956915168,0.5909317958021586
subtle_modulation,vibrato_depth_1_rate_4,1 st / 4 Hz,1.0,4.0,7,rubber_band,Rubber Band,local hybrid spectral/time-domain proxy,154.29355899093133,1.9456554101050905,346.1355574852936,0.2589674579885491,0.9070047871546776,0.3161978530369489,0.49405669939339186
subtle_modulation,vibrato_depth_1_rate_4,1 st / 4 Hz,1.0,4.0,7,psola,PSOLA,local pitch-synchronous overlap-add,0.6508085843859706,0.48774300109322527,934.5976264203088,2.5587764446385957e-05,0.09142743427018618,0.9329156178564376,0.3414562132970234
subtle_modulation,vibrato_depth_1_rate_4,1 st / 4 Hz,1.0,4.0,12,phase_vocoder,Phase Vocoder,local phase vocoder,0.8154942449785046,0.5333523617430596,224.9991601975582,0.00030314080772428023,0.1169419723148673,0.18924494966837552,0.1021633542636557
subtle_modulation,vibrato_depth_1_rate_4,1 st / 4 Hz,1.0,4.0,12,wsola,WSOLA,local waveform-similarity overlap-add,125.15967781215416,1.9278587096662652,430.2950413558185,0.20986665980993252,0.8970490547360113,0.40439835315571465,0.5037713559005529
subtle_modulation,vibrato_depth_1_rate_4,1 st / 4 Hz,1.0,4.0,12,rubber_band,Rubber Band,local hybrid spectral/time-domain proxy,82.64794242821911,1.793638724755179,445.92990304107747,0.13821948975042447,0.8219644479233333,0.4207839410479728,0.46032262624057685
subtle_modulation,vibrato_depth_1_rate_4,1 st / 4 Hz,1.0,4.0,12,psola,PSOLA,local pitch-synchronous overlap-add,0.6366184665404204,0.40476688074334916,466.8577827933943,1.6724437175881214e-06,0.04500938873517065,0.4427166974728991,0.16257591955059578
subtle_modulation,vibrato_depth_1_rate_4,1 st / 4 Hz,1.0,4.0,-12,phase_vocoder,Phase Vocoder,local phase vocoder,0.784149261047514,0.4753002321512647,109.8705626301098,0.0002503135266468557,0.08446676880530024,0.0685883175644632,0.051101799965470096
subtle_modulation,vibrato_depth_1_rate_4,1 st / 4 Hz,1.0,4.0,-12,wsola,WSOLA,local waveform-similarity overlap-add,199.08179095666884,1.88612468111706,209.80429705137138,0.33445132246345205,0.8737024336914478,0.17332048736069666,0.4604914145051988
subtle_modulation,vibrato_depth_1_rate_4,1 st / 4 Hz,1.0,4.0,-12,rubber_band,Rubber Band,local hybrid spectral/time-domain proxy,206.31968066395595,1.8813147065003466,217.67071698944082,0.3466497027470744,0.8710116641081095,0.18156462267109574,0.4664086631754265
subtle_modulation,vibrato_depth_1_rate_4,1 st / 4 Hz,1.0,4.0,-12,psola,PSOLA,local pitch-synchronous overlap-add,0.7244749792092214,0.4876858245708579,218.89727147658175,0.0001497414521259259,0.0913954488940612,0.18285007160938985,0.09146508731852565
subtle_modulation,vibrato_depth_0_rate_5.5,0 st / 5.5 Hz,0.0,5.5,3,phase_vocoder,Phase Vocoder,local phase vocoder,0.6567827858967449,0.3346762127651767,48.14976616720389,3.5656387327727324e-05,0.005799652198057145,0.0039039247260771416,0.0032464111038206715
subtle_modulation,vibrato_depth_0_rate_5.5,0 st / 5.5 Hz,0.0,5.5,3,wsola,WSOLA,local waveform-similarity overlap-add,181.70650543901198,2.014150135363799,265.4122615850279,0.3051678781374765,0.9453217301807064,0.23159853348085407,0.494029380599679
subtle_modulation,vibrato_depth_0_rate_5.5,0 st / 5.5 Hz,0.0,5.5,3,rubber_band,Rubber Band,local hybrid spectral/time-domain proxy,108.76175591720609,1.917680941535495,277.52507137469553,0.18223041565242276,0.8913554635853661,0.24429295402810666,0.43929294442196515
subtle_modulation,vibrato_depth_0_rate_5.5,0 st / 5.5 Hz,0.0,5.5,3,psola,PSOLA,local pitch-synchronous overlap-add,0.6959427980035754,0.4901861847950184,766.5642855489966,0.000101654729235236,0.09279418667849411,0.756813959197533,0.2832366002017541
subtle_modulation,vibrato_depth_0_rate_5.5,0 st / 5.5 Hz,0.0,5.5,7,phase_vocoder,Phase Vocoder,local phase vocoder,0.6557663472745655,0.4129686451447999,120.66605752979025,3.394333209343412e-05,0.04959757473192145,0.07990217080346669,0.04317789628916052
subtle_modulation,vibrato_depth_0_rate_5.5,0 st / 5.5 Hz,0.0,5.5,7,wsola,WSOLA,local waveform-similarity overlap-add,289.2623573892146,2.0573470321801905,332.3831875826537,0.4864371758025989,0.9694867009571163,0.3017851469764271,0.5859030079120474
subtle_modulation,vibrato_depth_0_rate_5.5,0 st / 5.5 Hz,0.0,5.5,7,rubber_band,Rubber Band,local hybrid spectral/time-domain proxy,173.63493009307143,1.9500541798329722,346.167135185492,0.29156444543269744,0.909465522757474,0.3162309469774296,0.5057536383892004
subtle_modulation,vibrato_depth_0_rate_5.5,0 st / 5.5 Hz,0.0,5.5,7,psola,PSOLA,local pitch-synchronous overlap-add,0.6497467451589565,0.4521484525272932,869.554095213382,2.379819328476069e-05,0.07151532739937821,0.8647489452712377,0.31209602362130023
subtle_modulation,vibrato_depth_0_rate_5.5,0 st / 5.5 Hz,0.0,5.5,12,phase_vocoder,Phase Vocoder,local phase vocoder,0.6461439556559453,0.4198603218575903,228.20455697712845,1.7726230569533626e-05,0.05345287866898229,0.19260425733086217,0.08202495407680467
subtle_modulation,vibrato_depth_0_rate_5.5,0 st / 5.5 Hz,0.0,5.5,12,wsola,WSOLA,local waveform-similarity overlap-add,46.499596123107565,1.7912791723268178,435.1260106183861,0.07729685999414695,0.8206444800626993,0.4094612870690496,0.43580087570863196
subtle_modulation,vibrato_depth_0_rate_5.5,0 st / 5.5 Hz,0.0,5.5,12,rubber_band,Rubber Band,local hybrid spectral/time-domain proxy,13.320328630959631,1.562923347932316,457.37210899542004,0.021378168390741817,0.6928989189273405,0.4327755579308371,0.38235088174963977
subtle_modulation,vibrato_depth_0_rate_5.5,0 st / 5.5 Hz,0.0,5.5,12,psola,PSOLA,local pitch-synchronous overlap-add,0.636309829848889,0.3706119753906879,165.47979439104608,1.152282747327762e-06,0.02590263916410153,0.12686769175930332,0.05092382773538406
subtle_modulation,vibrato_depth_0_rate_5.5,0 st / 5.5 Hz,0.0,5.5,-12,phase_vocoder,Phase Vocoder,local phase vocoder,0.8870141080799917,0.47391675318883564,110.55128641742743,0.0004236768373167438,0.08369283060230899,0.06930172710219902,0.05113941151394158
subtle_modulation,vibrato_depth_0_rate_5.5,0 st / 5.5 Hz,0.0,5.5,-12,wsola,WSOLA,local waveform-similarity overlap-add,409.239829964894,1.9704419123580204,211.05590027981825,0.6886412567065289,0.9208707161156715,0.17463218778496623,0.5947147202023889
subtle_modulation,vibrato_depth_0_rate_5.5,0 st / 5.5 Hz,0.0,5.5,-12,rubber_band,Rubber Band,local hybrid spectral/time-domain proxy,261.6178401356519,1.9047637075625294,218.40657200941777,0.4398464777049745,0.8841293754986331,0.18233581063223772,0.5021038879452818
subtle_modulation,vibrato_depth_0_rate_5.5,0 st / 5.5 Hz,0.0,5.5,-12,psola,PSOLA,local pitch-synchronous overlap-add,0.7479889569265551,0.39580956390298355,214.99228512542325,0.00018937074378090572,0.0399985357425931,0.17875758276215536,0.07298182974950979
subtle_modulation,vibrato_depth_0.025_rate_5.5,0.025 st / 5.5 Hz,0.025,5.5,3,phase_vocoder,Phase Vocoder,local phase vocoder,0.6569153054082758,0.3337002242792821,47.920939218039365,3.587972913894981e-05,0.005253670079480383,0.003664110382776121,0.002984553397131818
subtle_modulation,vibrato_depth_0.025_rate_5.5,0.025 st / 5.5 Hz,0.025,5.5,3,wsola,WSOLA,local waveform-similarity overlap-add,224.65145178103046,2.038835228881566,264.9860732003607,0.37754516045669656,0.9591309296240198,0.23115188116142815,0.5226093237473816
subtle_modulation,vibrato_depth_0.025_rate_5.5,0.025 st / 5.5 Hz,0.025,5.5,3,rubber_band,Rubber Band,local hybrid spectral/time-domain proxy,134.75163607757955,1.9422173269578977,277.09035031294485,0.22603247046997768,0.905081473562687,0.24383735932510733,0.45831710111925733
subtle_modulation,vibrato_depth_0.025_rate_5.5,0.025 st / 5.5 Hz,0.025,5.5,3,psola,PSOLA,local pitch-synchronous overlap-add,0.6958726504568351,0.49007286297241986,768.4228826461501,0.00010153650603956618,0.09273079280686804,0.758761799012478,0.2838647094417952
subtle_modulation,vibrato_depth_0.025_rate_5.5,0.025 st / 5.5 Hz,0.025,5.5,7,phase_vocoder,Phase Vocoder,local phase vocoder,0.6559358898382224,0.4131661616487622,120.43243027345858,3.422907072021431e-05,0.049708068329792486,0.07965732566062421,0.04313320768704563
subtle_modulation,vibrato_depth_0.025_rate_5.5,0.025 st / 5.5 Hz,0.025,5.5,7,wsola,WSOLA,local waveform-similarity overlap-add,289.13514350788495,2.0573940210297073,332.34927026459366,0.48622277583733653,0.9695129872012467,0.3017496010785912,0.5858284547057248
subtle_modulation,vibrato_depth_0.025_rate_5.5,0.025 st / 5.5 Hz,0.025,5.5,7,rubber_band,Rubber Band,local hybrid spectral/time-domain proxy,175.87559592243107,1.9517040486788542,346.18926883510414,0.2953407524752776,0.9103884833260332,0.3162541434001673,0.5073277930671594
subtle_modulation,vibrato_depth_0.025_rate_5.5,0.025 st / 5.5 Hz,0.025,5.5,7,psola,PSOLA,local pitch-synchronous overlap-add,0.6497434583445433,0.45159557328142264,868.1802100623075,2.3792653850788178e-05,0.07120603872810784,0.8633090914145181,0.31151297426549224
subtle_modulation,vibrato_depth_0.025_rate_5.5,0.025 st / 5.5 Hz,0.025,5.5,12,phase_vocoder,Phase Vocoder,local phase vocoder,0.6463517982804605,0.4217242968725331,228.01835129304405,1.8076518219044273e-05,0.05449561333475019,0.19240911076263384,0.08230760020520102
subtle_modulation,vibrato_depth_0.025_rate_5.5,0.025 st / 5.5 Hz,0.025,5.5,12,wsola,WSOLA,local waveform-similarity overlap-add,71.8098396966034,1.847912430367209,433.00601408989917,0.1199534890209428,0.8523259462415298,0.4072394964227303,0.4598396438950676
subtle_modulation,vibrato_depth_0.025_rate_5.5,0.025 st / 5.5 Hz,0.025,5.5,12,rubber_band,Rubber Band,local hybrid spectral/time-domain proxy,39.927420309469404,1.6963521948949964,449.43192910257653,0.06622044088473884,0.7675409516939107,0.42445412099499297,0.4194051711912142
subtle_modulation,vibrato_depth_0.025_rate_5.5,0.025 st / 5.5 Hz,0.025,5.5,12,psola,PSOLA,local pitch-synchronous overlap-add,0.6363129574070256,0.37061393949644117,223.14889145779804,1.1575537786716268e-06,0.025903737913355002,0.18730583810666454,0.07107024452459941
subtle_modulation,vibrato_depth_0.025_rate_5.5,0.025 st / 5.5 Hz,0.025,5.5,-12,phase_vocoder,Phase Vocoder,local phase vocoder,0.8870105133371288,0.4739550275807321,110.56219594052686,0.00042367077891543667,0.08371424185241787,0.06931316045883541,0.0511503576967229
subtle_modulation,vibrato_depth_0.025_rate_5.5,0.025 st / 5.5 Hz,0.025,5.5,-12,wsola,WSOLA,local waveform-similarity overlap-add,435.5180659074725,1.9773593348514669,211.00140920548387,0.7329292920557816,0.9247404226159492,0.17457508025783722,0.6107482649765227
subtle_modulation,vibrato_depth_0.025_rate_5.5,0.025 st / 5.5 Hz,0.025,5.5,-12,rubber_band,Rubber Band,local hybrid spectral/time-domain proxy,277.19050233144253,1.9110895248626152,218.3492851879463,0.46609187010179287,0.8876681294707812,0.18227577311689633,0.5120119242298234
subtle_modulation,vibrato_depth_0.025_rate_5.5,0.025 st / 5.5 Hz,0.025,5.5,-12,psola,PSOLA,local pitch-synchronous overlap-add,0.7479332528001893,0.3958577957511646,215.01425780296577,0.0001892768628094821,0.04002551733820958,0.17878061048356084,0.0729984682281933
subtle_modulation,vibrato_depth_0.05_rate_5.5,0.05 st / 5.5 Hz,0.05,5.5,3,phase_vocoder,Phase Vocoder,local phase vocoder,0.6574329972104469,0.33332584552068095,47.73619254205138,3.675222122269058e-05,0.005044237170460119,0.003470492878627822,0.0028504940901035434
subtle_modulation,vibrato_depth_0.05_rate_5.5,0.05 st / 5.5 Hz,0.05,5.5,3,wsola,WSOLA,local waveform-similarity overlap-add,184.12102549031357,2.0155479722197174,265.3774925011065,0.30923719046183457,0.9461037003976188,0.23156209491862073,0.4956343285926914
subtle_modulation,vibrato_depth_0.05_rate_5.5,0.05 st / 5.5 Hz,0.05,5.5,3,rubber_band,Rubber Band,local hybrid spectral/time-domain proxy,110.2079554814967,1.9190322430406443,277.4756644024927,0.18466776866064347,0.892111401251927,0.24424117472223136,0.44034011487826724
subtle_modulation,vibrato_depth_0.05_rate_5.5,0.05 st / 5.5 Hz,0.05,5.5,3,psola,PSOLA,local pitch-synchronous overlap-add,0.6957916210562747,0.48970267704721365,770.8214270219049,0.0001013999431072525,0.0925237054296782,0.7612755123073942,0.2846335392267266
subtle_modulation,vibrato_depth_0.05_rate_5.5,0.05 st / 5.5 Hz,0.05,5.5,7,phase_vocoder,Phase Vocoder,local phase vocoder,0.6564640284261449,0.4148933563606757,119.95240028982617,3.511916929845714e-05,0.0506742861096475,0.07915424647475945,0.0432878839179018
subtle_modulation,vibrato_depth_0.05_rate_5.5,0.05 st / 5.5 Hz,0.05,5.5,7,wsola,WSOLA,local waveform-similarity overlap-add,297.27126949175573,2.061219331415163,332.6089387141854,0.49993499898530663,0.971652921328185,0.302021737813107,0.5912032193755329
subtle_modulation,vibrato_depth_0.05_rate_5.5,0.05 st / 5.5 Hz,0.05,5.5,7,rubber_band,Rubber Band,local hybrid spectral/time-domain proxy,178.42849734871152,1.9538464994403804,346.3599437216138,0.2996432859047408,0.911587001364545,0.3164330134413741,0.5092211002368866
subtle_modulation,vibrato_depth_0.05_rate_5.5,0.05 st / 5.5 Hz,0.05,5.5,7,psola,PSOLA,local pitch-synchronous overlap-add,0.6497414156529597,0.4511478828684728,869.3586396910679,2.3789211199719154e-05,0.07095559421604496,0.8645441047229567,0.3118411627167338
subtle_modulation,vibrato_depth_0.05_rate_5.5,0.05 st / 5.5 Hz,0.05,5.5,12,phase_vocoder,Phase Vocoder,local phase vocoder,0.646992161814425,0.42435367069202706,228.50503094217166,1.9155755154528145e-05,0.05596652319613214,0.1929191589054756,0.08296827928558742
subtle_modulation,vibrato_depth_0.05_rate_5.5,0.05 st / 5.5 Hz,0.05,5.5,12,wsola,WSOLA,local waveform-similarity overlap-add,41.066362648947106,1.7736420550390286,435.9580859456537,0.06813995780747943,0.8107780207739429,0.4103333154683016,0.4297504313499079
subtle_modulation,vibrato_depth_0.05_rate_5.5,0.05 st / 5.5 Hz,0.05,5.5,12,rubber_band,Rubber Band,local hybrid spectral/time-domain proxy,17.908841005432585,1.6050482441997123,453.8700357344819,0.02911141953762995,0.7164641970441393,0.4291053285180415,0.39156031503327027
subtle_modulation,vibrato_depth_0.05_rate_5.5,0.05 st / 5.5 Hz,0.05,5.5,12,psola,PSOLA,local pitch-synchronous overlap-add,0.636311633780859,0.3706461649247404,257.33068629128553,1.1553230047876096e-06,0.02592176528546967,0.22312891187822942,0.08301727749556796
subtle_modulation,vibrato_depth_0.05_rate_5.5,0.05 st / 5.5 Hz,0.05,5.5,-12,phase_vocoder,Phase Vocoder,local phase vocoder,0.8869423872968019,0.4740628317198104,110.67099956433435,0.0004235559626664009,0.08377454905183258,0.06942718841615177,0.05120843114355025
subtle_modulation,vibrato_depth_0.05_rate_5.5,0.05 st / 5.5 Hz,0.05,5.5,-12,wsola,WSOLA,local waveform-similarity overlap-add,384.76026986956214,1.9636405143101476,211.08592660029234,0.6473846204085203,0.9170659153735217,0.17466365585440705,0.579704730545483
subtle_modulation,vibrato_depth_0.05_rate_5.5,0.05 st / 5.5 Hz,0.05,5.5,-12,rubber_band,Rubber Band,local hybrid spectral/time-domain proxy,246.87435251980517,1.898437043432381,218.43688869268854,0.4149985350147309,0.880590147797462,0.18236758300658518,0.49265208860625936
subtle_modulation,vibrato_depth_0.05_rate_5.5,0.05 st / 5.5 Hz,0.05,5.5,-12,psola,PSOLA,local pitch-synchronous overlap-add,0.7478008247932285,0.39632816865541654,215.06927199067331,0.00018905367521552315,0.04028865076498274,0.1788382662419647,0.07310532356072098
subtle_modulation,vibrato_depth_0.1_rate_5.5,0.1 st / 5.5 Hz,0.1,5.5,3,phase_vocoder,Phase Vocoder,local phase vocoder,0.6595395800223356,0.3340378743101029,47.46780021137047,4.030255139869327e-05,0.005442556405322723,0.0031892133756485004,0.0028906907774566386
subtle_modulation,vibrato_depth_0.1_rate_5.5,0.1 st / 5.5 Hz,0.1,5.5,3,wsola,WSOLA,local waveform-similarity overlap-add,211.67669648660248,2.0319666542233668,265.10383358909223,0.3556781514845887,0.9552885493114602,0.2312752959532332,0.514080665583094
subtle_modulation,vibrato_depth_0.1_rate_5.5,0.1 st / 5.5 Hz,0.1,5.5,3,rubber_band,Rubber Band,local hybrid spectral/time-domain proxy,126.86796064699757,1.9353360704988234,277.1861869911902,0.2127457149619369,0.9012319988667312,0.24393779771377383,0.45263850384748067
subtle_modulation,vibrato_depth_0.1_rate_5.5,0.1 st / 5.5 Hz,0.1,5.5,3,psola,PSOLA,local pitch-synchronous overlap-add,0.695596197856404,0.4890575840038413,775.6181937743415,0.00010107058653998339,0.09216283102225449,0.7663026014369908,0.2861888343485951
subtle_modulation,vibrato_depth_0.1_rate_5.5,0.1 st / 5.5 Hz,0.1,5.5,7,phase_vocoder,Phase Vocoder,local phase vocoder,0.6585889081613471,0.41895909168988094,119.54470181199471,3.8700336201409816e-05,0.05294871743818637,0.07872697187671517,0.04390479655036764
subtle_modulation,vibrato_depth_0.1_rate_5.5,0.1 st / 5.5 Hz,0.1,5.5,7,wsola,WSOLA,local waveform-similarity overlap-add,287.457171167757,2.056701626243024,332.3341209165812,0.48339480448960065,0.9691256515123647,0.3017337243168797,0.584751393439615
subtle_modulation,vibrato_depth_0.1_rate_5.5,0.1 st / 5.5 Hz,0.1,5.5,7,rubber_band,Rubber Band,local hybrid spectral/time-domain proxy,169.19897295900805,1.9468681537256056,346.05999316177997,0.28408830332062945,0.9076832135303867,0.31611866040388464,0.5026300590849669
subtle_modulation,vibrato_depth_0.1_rate_5.5,0.1 st / 5.5 Hz,0.1,5.5,7,psola,PSOLA,local pitch-synchronous overlap-add,0.6497401458096372,0.45109197802006107,874.3105313231563,2.3787071068772864e-05,0.07092432023278011,0.8697337672350993,0.3135606248463161
subtle_modulation,vibrato_depth_0.1_rate_5.5,0.1 st / 5.5 Hz,0.1,5.5,12,phase_vocoder,Phase Vocoder,local phase vocoder,0.649547836833566,0.43405920701404743,229.22472575878277,2.3462963059816973e-05,0.06139594102185917,0.19367341071214825,0.08503093823235575
subtle_modulation,vibrato_depth_0.1_rate_5.5,0.1 st / 5.5 Hz,0.1,5.5,12,wsola,WSOLA,local waveform-similarity overlap-add,96.39385886113226,1.8823691854885132,432.1919505589417,0.16138617545257733,0.8716015549523914,0.40638634467729706,0.4797913583607553
subtle_modulation,vibrato_depth_0.1_rate_5.5,0.1 st / 5.5 Hz,0.1,5.5,12,rubber_band,Rubber Band,local hybrid spectral/time-domain proxy,59.52361984061772,1.740480130384261,448.22935844436,0.09924690352260152,0.7922267590113645,0.4231938074972768,0.4382224900104143
subtle_modulation,vibrato_depth_0.1_rate_5.5,0.1 st / 5.5 Hz,0.1,5.5,12,psola,PSOLA,local pitch-synchronous overlap-add,0.6362959348797043,0.37066468072120473,293.59977488421333,1.1288648555113908e-06,0.0259321232906376,0.26113950326528546,0.09569091847359286
subtle_modulation,vibrato_depth_0.1_rate_5.5,0.1 st / 5.5 Hz,0.1,5.5,-12,phase_vocoder,Phase Vocoder,local phase vocoder,0.8865530762623897,0.47386861632686705,110.71073253866588,0.0004228998371604279,0.0836659021433578,0.06946882921581063,0.051185877065442954
subtle_modulation,vibrato_depth_0.1_rate_5.5,0.1 st / 5.5 Hz,0.1,5.5,-12,wsola,WSOLA,local waveform-similarity overlap-add,392.4454493599056,1.9658408565623335,211.05029192946196,0.6603368407050965,0.9182968187517939,0.17462631014309493,0.5844199898666618
subtle_modulation,vibrato_depth_0.1_rate_5.5,0.1 st / 5.5 Hz,0.1,5.5,-12,rubber_band,Rubber Band,local hybrid spectral/time-domain proxy,251.56756199606824,1.9004130744421843,218.388545843889,0.42290823746357004,0.8816955682124549,0.18231691891924542,0.49564024153175684
subtle_modulation,vibrato_depth_0.1_rate_5.5,0.1 st / 5.5 Hz,0.1,5.5,-12,psola,PSOLA,local pitch-synchronous overlap-add,0.7472660233437297,0.398407279056399,215.30482504651283,0.00018815234738088501,0.04145173528686919,0.17908512965383533,0.07357500576269514
subtle_modulation,vibrato_depth_0.2_rate_5.5,0.2 st / 5.5 Hz,0.2,5.5,3,phase_vocoder,Phase Vocoder,local phase vocoder,0.6669479338261266,0.33517566474401994,46.746809037805306,5.2788223414844354e-05,0.006079052881033703,0.002433602965923368,0.002855148023457305
subtle_modulation,vibrato_depth_0.2_rate_5.5,0.2 st / 5.5 Hz,0.2,5.5,3,wsola,WSOLA,local waveform-similarity overlap-add,291.5818765631892,2.0687615270978807,264.54457664404083,0.4903463783607435,0.9758721350147035,0.23068918563054738,0.5656358996686648
subtle_modulation,vibrato_depth_0.2_rate_5.5,0.2 st / 5.5 Hz,0.2,5.5,3,rubber_band,Rubber Band,local hybrid spectral/time-domain proxy,164.2704562107064,1.9646599964661697,276.69770916321175,0.27578202566770305,0.9176362284821706,0.24342586505041638,0.47894803973343003
subtle_modulation,vibrato_depth_0.2_rate_5.5,0.2 st / 5.5 Hz,0.2,5.5,3,psola,PSOLA,local pitch-synchronous overlap-add,0.6951047324147859,0.4869477142567548,783.2496443142622,0.00010024229506338341,0.09098253927590318,0.774300485018218,0.2884610888630615
subtle_modulation,vibrato_depth_0.2_rate_5.5,0.2 st / 5.5 Hz,0.2,5.5,7,phase_vocoder,Phase Vocoder,local phase vocoder,0.6659817563831222,0.42845982650861963,118.66650239506716,5.115987587877181e-05,0.05826356633173287,0.07780660468558333,0.04537377696439832
subtle_modulation,vibrato_depth_0.2_rate_5.5,0.2 st / 5.5 Hz,0.2,5.5,7,wsola,WSOLA,local waveform-similarity overlap-add,274.73837525629085,2.0511903650263785,332.16726674339975,0.4619591767649006,0.9660425720308112,0.3015588584450293,0.5765202024135804
subtle_modulation,vibrato_depth_0.2_rate_5.5,0.2 st / 5.5 Hz,0.2,5.5,7,rubber_band,Rubber Band,local hybrid spectral/time-domain proxy,168.63920407331267,1.9463766662016275,346.01045230514694,0.2831448966075129,0.9074082682790094,0.3160667407849613,0.5022066352238279
subtle_modulation,vibrato_depth_0.2_rate_5.5,0.2 st / 5.5 Hz,0.2,5.5,7,psola,PSOLA,local pitch-synchronous overlap-add,0.6497451302811106,0.4539626891222372,874.627341614346,2.37954716497438e-05,0.07253023767139756,0.8700657895437045,0.3142066075622506
subtle_modulation,vibrato_depth_0.2_rate_5.5,0.2 st / 5.5 Hz,0.2,5.5,12,phase_vocoder,Phase Vocoder,local phase vocoder,0.6594350030200565,0.4565226482293261,229.59107979426844,4.012630250650071e-05,0.0739623159355967,0.19405735566599416,0.08935326596803246
subtle_modulation,vibrato_depth_0.2_rate_5.5,0.2 st / 5.5 Hz,0.2,5.5,12,wsola,WSOLA,local waveform-similarity overlap-add,106.23915318108936,1.8943644529161687,431.8715950562525,0.17797894613242207,0.878311881577857,0.4060506069297075,0.4874471448799955
subtle_modulation,vibrato_depth_0.2_rate_5.5,0.2 st / 5.5 Hz,0.2,5.5,12,rubber_band,Rubber Band,local hybrid spectral/time-domain proxy,67.58280148458886,1.7550439219430725,447.7376294521663,0.11282944849685983,0.800373955299753,0.42267846756124405,0.4452939571192856
subtle_modulation,vibrato_depth_0.2_rate_5.5,0.2 st / 5.5 Hz,0.2,5.5,12,psola,PSOLA,local pitch-synchronous overlap-add,0.6362190716609043,0.37032005483965746,333.85379495558874,9.993233992770956e-07,0.025739334572693767,0.30332636728584306,0.1096889003939787
subtle_modulation,vibrato_depth_0.2_rate_5.5,0.2 st / 5.5 Hz,0.2,5.5,-12,phase_vocoder,Phase Vocoder,local phase vocoder,0.8843804591965482,0.4732185764703506,110.77188317268833,0.00041923821612838326,0.08330226041689329,0.06953291606919079,0.05108480490073749
subtle_modulation,vibrato_depth_0.2_rate_5.5,0.2 st / 5.5 Hz,0.2,5.5,-12,wsola,WSOLA,local waveform-similarity overlap-add,367.67144672801044,1.9586625211895572,211.0643605748565,0.6185839655615226,0.9142811538015148,0.17464105431098573,0.5691687245580077
subtle_modulation,vibrato_depth_0.2_rate_5.5,0.2 st / 5.5 Hz,0.2,5.5,-12,rubber_band,Rubber Band,local hybrid spectral/time-domain proxy,253.72139767058763,1.9013092730512517,218.34894724464343,0.4265382052703146,0.8821969147163491,0.18227541894684973,0.49700351297783785
subtle_modulation,vibrato_depth_0.2_rate_5.5,0.2 st / 5.5 Hz,0.2,5.5,-12,psola,PSOLA,local pitch-synchronous overlap-add,0.7449125209025117,0.4066639518130044,215.84746497688312,0.00018418587110983784,0.04607063781409978,0.1796538250764059,0.07530288292053851
subtle_modulation,vibrato_depth_0.35_rate_5.5,0.35 st / 5.5 Hz,0.35,5.5,3,phase_vocoder,Phase Vocoder,local phase vocoder,0.6681930673948551,0.341209985476222,47.4542536617856,5.4886709767843304e-05,0.009454739444097526,0.0031750163726095198,0.00422821417549163
subtle_modulation,vibrato_depth_0.35_rate_5.5,0.35 st / 5.5 Hz,0.35,5.5,3,wsola,WSOLA,local waveform-similarity overlap-add,325.51507202278816,2.081903091028396,264.2801934691805,0.5475357027625687,0.9832237165342519,0.23041210778770388,0.5870571756948415
subtle_modulation,vibrato_depth_0.35_rate_5.5,0.35 st / 5.5 Hz,0.35,5.5,3,rubber_band,Rubber Band,local hybrid spectral/time-domain proxy,195.35091650391547,1.9847067990710572,276.34531007002136,0.3281634917274688,0.9288507006968447,0.24305654510177446,0.5000235791753627
subtle_modulation,vibrato_depth_0.35_rate_5.5,0.35 st / 5.5 Hz,0.35,5.5,3,psola,PSOLA,local pitch-synchronous overlap-add,0.6944060446959389,0.4907996394256124,790.3292072457145,9.906476143981757e-05,0.09313736209880188,0.7817199814606749,0.2916521361069722
subtle_modulation,vibrato_depth_0.35_rate_5.5,0.35 st / 5.5 Hz,0.35,5.5,7,phase_vocoder,Phase Vocoder,local phase vocoder,0.6717662658948882,0.4366533584075832,116.88863812495134,6.0908801274486364e-05,0.0628471469471558,0.07594337417898066,0.04628380997580365
subtle_modulation,vibrato_depth_0.35_rate_5.5,0.35 st / 5.5 Hz,0.35,5.5,7,wsola,WSOLA,local waveform-similarity overlap-add,248.13515679847302,2.039422733690536,331.9250343217343,0.41712343200493013,0.9594595883376331,0.3013049949497547,0.5592960050974393
subtle_modulation,vibrato_depth_0.35_rate_5.5,0.35 st / 5.5 Hz,0.35,5.5,7,rubber_band,Rubber Band,local hybrid spectral/time-domain proxy,148.43214452601663,1.9313826792874749,345.7014685019694,0.2490889207995991,0.8990204144676014,0.31574292076236243,0.4879507520098543
subtle_modulation,vibrato_depth_0.35_rate_5.5,0.35 st / 5.5 Hz,0.35,5.5,7,psola,PSOLA,local pitch-synchronous overlap-add,0.6497664097283774,0.46287648008765725,895.6725906088009,2.3831334974619365e-05,0.07751674165806045,0.8921215508324801,0.3232207079418384
subtle_modulation,vibrato_depth_0.35_rate_5.5,0.35 st / 5.5 Hz,0.35,5.5,12,phase_vocoder,Phase Vocoder,local phase vocoder,0.6826625442220123,0.48095874996368326,227.6739089484827,7.927284826688961e-05,0.08763222576291675,0.19204812961523127,0.09325320940880498
subtle_modulation,vibrato_depth_0.35_rate_5.5,0.35 st / 5.5 Hz,0.35,5.5,12,wsola,WSOLA,local waveform-similarity overlap-add,127.43429085750171,1.9159891843602543,430.76095290168024,0.21370017980641745,0.890409070077651,0.40488663599047314,0.5029986286248472
subtle_modulation,vibrato_depth_0.35_rate_5.5,0.35 st / 5.5 Hz,0.35,5.5,12,rubber_band,Rubber Band,local hybrid spectral/time-domain proxy,74.0076177468834,1.766224579318183,447.1412234568247,0.12365751512807202,0.8066285772435237,0.4220534244330818,0.4507798389348925
subtle_modulation,vibrato_depth_0.35_rate_5.5,0.35 st / 5.5 Hz,0.35,5.5,12,psola,PSOLA,local pitch-synchronous overlap-add,0.636022948497428,0.3707449261518505,380.9960231638332,6.687871480681219e-07,0.0259770137487355,0.35273218482955526,0.12623662245514627
subtle_modulation,vibrato_depth_0.35_rate_5.5,0.35 st / 5.5 Hz,0.35,5.5,-12,phase_vocoder,Phase Vocoder,local phase vocoder,0.8566394465812676,0.4739001765656248,111.76031931708397,0.0003724848895346856,0.08368355739879244,0.07056881313345136,0.05154161847392616
subtle_modulation,vibrato_depth_0.35_rate_5.5,0.35 st / 5.5 Hz,0.35,5.5,-12,wsola,WSOLA,local waveform-similarity overlap-add,423.1658185541264,1.975189824169572,210.92970886310684,0.7121114270886241,0.9235267668653999,0.17449993713949216,0.6033793770311721
subtle_modulation,vibrato_depth_0.35_rate_5.5,0.35 st / 5.5 Hz,0.35,5.5,-12,rubber_band,Rubber Band,local hybrid spectral/time-domain proxy,239.9103474457914,1.8958048184591099,218.35107296649647,0.40326174630622535,0.8791176429592928,0.18227764673772878,0.4882190120010823
subtle_modulation,vibrato_depth_0.35_rate_5.5,0.35 st / 5.5 Hz,0.35,5.5,-12,psola,PSOLA,local pitch-synchronous overlap-add,0.737836838269329,0.4222765409683174,216.63457695236895,0.0001722608665827744,0.054804546693847614,0.1804787311558458,0.07848517957209207
subtle_modulation,vibrato_depth_0.5_rate_5.5,0.5 st / 5.5 Hz,0.5,5.5,3,phase_vocoder,Phase Vocoder,local phase vocoder,0.6899116620730694,0.3492660877629175,46.95782691560545,9.149015190705983e-05,0.013961439940599266,0.002654753114427212,0.005569227735644513
subtle_modulation,vibrato_depth_0.5_rate_5.5,0.5 st / 5.5 Hz,0.5,5.5,3,wsola,WSOLA,local waveform-similarity overlap-add,336.5930939540774,2.088424552621486,264.36027864759996,0.5662060514102031,0.9868719167622994,0.2304960383498205,0.5945246688407743
subtle_modulation,vibrato_depth_0.5_rate_5.5,0.5 st / 5.5 Hz,0.5,5.5,3,rubber_band,Rubber Band,local hybrid spectral/time-domain proxy,193.04684268020958,1.986206706561319,276.5376651061923,0.32428031999651424,0.9296897707074419,0.2432581362904365,0.49907607566479756
subtle_modulation,vibrato_depth_0.5_rate_5.5,0.5 st / 5.5 Hz,0.5,5.5,3,psola,PSOLA,local pitch-synchronous overlap-add,0.6941935636150253,0.4984007725963079,796.9053134496328,9.87066563659795e-05,0.0973895462711556,0.7886118471108021,0.2953667000127746
subtle_modulation,vibrato_depth_0.5_rate_5.5,0.5 st / 5.5 Hz,0.5,5.5,7,phase_vocoder,Phase Vocoder,local phase vocoder,0.6869960588399604,0.45347044276333714,117.04571484752711,8.657633884386614e-05,0.07225486791675582,0.07610799312447601,0.04948314579335857
subtle_modulation,vibrato_depth_0.5_rate_5.5,0.5 st / 5.5 Hz,0.5,5.5,7,wsola,WSOLA,local waveform-similarity overlap-add,204.23284288432242,2.0189551956451104,331.6467097931854,0.3431326498689999,0.9480097506135241,0.3010133063427868,0.5307185689417703
subtle_modulation,vibrato_depth_0.5_rate_5.5,0.5 st / 5.5 Hz,0.5,5.5,7,rubber_band,Rubber Band,local hybrid spectral/time-domain proxy,129.50070783064933,1.9179487407778002,345.5369656138282,0.2171828164701964,0.8915052743667229,0.315570519075259,0.474752869970726
subtle_modulation,vibrato_depth_0.5_rate_5.5,0.5 st / 5.5 Hz,0.5,5.5,7,psola,PSOLA,local pitch-synchronous overlap-add,0.6498539744754859,0.47484259553815533,923.1917723007599,2.397891225582509e-05,0.08421076024456939,0.920962098284317,0.33506561248038075
subtle_modulation,vibrato_depth_0.5_rate_5.5,0.5 st / 5.5 Hz,0.5,5.5,12,phase_vocoder,Phase Vocoder,local phase vocoder,0.7115423204177408,0.49787016268360784,227.1289987399739,0.00012794539051172611,0.09709271538794262,0.19147705490445668,0.09623257189430368
subtle_modulation,vibrato_depth_0.5_rate_5.5,0.5 st / 5.5 Hz,0.5,5.5,12,wsola,WSOLA,local waveform-similarity overlap-add,126.36513720220677,1.9188031932383027,430.728992225562,0.2118982812701933,0.8919832674694598,0.404853140685035,0.5029115631415627
subtle_modulation,vibrato_depth_0.5_rate_5.5,0.5 st / 5.5 Hz,0.5,5.5,12,rubber_band,Rubber Band,local hybrid spectral/time-domain proxy,76.25226862597053,1.772954455653983,446.8957091218458,0.1274405383757881,0.8103933677023083,0.42179612143957984,0.45321000917255877
subtle_modulation,vibrato_depth_0.5_rate_5.5,0.5 st / 5.5 Hz,0.5,5.5,12,psola,PSOLA,local pitch-synchronous overlap-add,0.6357936802281879,0.37847258660767097,418.3061685438141,2.8238977973814074e-07,0.030299979120036433,0.391833820565355,0.1407113606917237
subtle_modulation,vibrato_depth_0.5_rate_5.5,0.5 st / 5.5 Hz,0.5,5.5,-12,phase_vocoder,Phase Vocoder,local phase vocoder,0.838637252975515,0.473545902589953,110.24773802339298,0.0003421448854142479,0.08348537139702153,0.06898360347628328,0.05093703991957302
subtle_modulation,vibrato_depth_0.5_rate_5.5,0.5 st / 5.5 Hz,0.5,5.5,-12,wsola,WSOLA,local waveform-similarity overlap-add,464.60578311758314,1.9892764359169097,211.19131157782044,0.78195228777153,0.9314070218443613,0.17477410101513646,0.6293778035436759
subtle_modulation,vibrato_depth_0.5_rate_5.5,0.5 st / 5.5 Hz,0.5,5.5,-12,rubber_band,Rubber Band,local hybrid spectral/time-domain proxy,303.5495467373818,1.9249875967176273,218.37709469731928,0.5105160960267625,0.8954429124986532,0.18230491793245304,0.5294213088192895
subtle_modulation,vibrato_depth_0.5_rate_5.5,0.5 st / 5.5 Hz,0.5,5.5,-12,psola,PSOLA,local pitch-synchronous overlap-add,0.7272330238062877,0.44028065504555014,217.49028331001435,0.00015438972367948827,0.06487630931098053,0.18137552525709344,0.08213540809725116
subtle_modulation,vibrato_depth_0.75_rate_5.5,0.75 st / 5.5 Hz,0.75,5.5,3,phase_vocoder,Phase Vocoder,local phase vocoder,0.722510410403114,0.3578169064954337,44.42470463610574,0.00014643046531078938,0.018744891994201963,0.0,0.006297107486504251
subtle_modulation,vibrato_depth_0.75_rate_5.5,0.75 st / 5.5 Hz,0.75,5.5,3,wsola,WSOLA,local waveform-similarity overlap-add,373.454611835296,2.111892094223877,265.1774674157417,0.6283306251646138,1.0,0.231352465394364,0.6198943635196593
subtle_modulation,vibrato_depth_0.75_rate_5.5,0.75 st / 5.5 Hz,0.75,5.5,3,rubber_band,Rubber Band,local hybrid spectral/time-domain proxy,186.341668383727,1.9937518233228544,277.6801122228985,0.3129797518413908,0.9339106184878296,0.2444554393443353,0.4971152698911852
subtle_modulation,vibrato_depth_0.75_rate_5.5,0.75 st / 5.5 Hz,0.75,5.5,3,psola,PSOLA,local pitch-synchronous overlap-add,0.6962063561256441,0.5082629457511096,827.3700361818326,0.00010209891702060585,0.10290658901361589,0.8205393692079359,0.3078493523795241
subtle_modulation,vibrato_depth_0.75_rate_5.5,0.75 st / 5.5 Hz,0.75,5.5,7,phase_vocoder,Phase Vocoder,local phase vocoder,0.7225263103932198,0.47894105145251303,115.7535968544907,0.00014645726236540884,0.08650349594315034,0.0747538325717141,0.053801261925743284
subtle_modulation,vibrato_depth_0.75_rate_5.5,0.75 st / 5.5 Hz,0.75,5.5,7,wsola,WSOLA,local waveform-similarity overlap-add,152.4542386489075,1.997414269458767,332.09405627858666,0.2558675587219411,0.9359594439907515,0.30148213269394963,0.49776971180221413
subtle_modulation,vibrato_depth_0.75_rate_5.5,0.75 st / 5.5 Hz,0.75,5.5,7,rubber_band,Rubber Band,local hybrid spectral/time-domain proxy,80.67251057064927,1.8752209220861873,345.6538521665047,0.13489019488720508,0.8676027126986641,0.31569301807274674,0.4393953085528719
subtle_modulation,vibrato_depth_0.75_rate_5.5,0.75 st / 5.5 Hz,0.75,5.5,7,psola,PSOLA,local pitch-synchronous overlap-add,0.6502686936739676,0.4839141443795102,907.5058685538065,2.4677859421171545e-05,0.0892855162757696,0.9045230174859538,0.3312777372070482
subtle_modulation,vibrato_depth_0.75_rate_5.5,0.75 st / 5.5 Hz,0.75,5.5,12,phase_vocoder,Phase Vocoder,local phase vocoder,0.76551253684619,0.5239396266094699,224.34025954562875,0.0002189041161359641,0.11167635172188597,0.18855441112944904,0.100149888989157
subtle_modulation,vibrato_depth_0.75_rate_5.5,0.75 st / 5.5 Hz,0.75,5.5,12,wsola,WSOLA,local waveform-similarity overlap-add,55.24375447301346,1.8281405285019523,428.0911578412467,0.09203383073093141,0.8412652574888444,0.4020886475913627,0.4451292452703795
subtle_modulation,vibrato_depth_0.75_rate_5.5,0.75 st / 5.5 Hz,0.75,5.5,12,rubber_band,Rubber Band,local hybrid spectral/time-domain proxy,49.4896976811882,1.7359422870364576,445.7018562708326,0.08233622883882508,0.7896882236079144,0.4205449443447966,0.43085646559717866
subtle_modulation,vibrato_depth_0.75_rate_5.5,0.75 st / 5.5 Hz,0.75,5.5,12,psola,PSOLA,local pitch-synchronous overlap-add,0.6356261246976431,0.3930438671221674,457.29115400847934,0.0,0.03845136483888426,0.43269071579532375,0.15704736021140267
subtle_modulation,vibrato_depth_0.75_rate_5.5,0.75 st / 5.5 Hz,0.75,5.5,-12,phase_vocoder,Phase Vocoder,local phase vocoder,0.7960401030670796,0.4804411689760895,108.87556987118737,0.0002703537619520581,0.08734268344943089,0.06754554906214537,0.05171952875784277
subtle_modulation,vibrato_depth_0.75_rate_5.5,0.75 st / 5.5 Hz,0.75,5.5,-12,wsola,WSOLA,local waveform-similarity overlap-add,256.8563128394103,1.9391891407679476,213.26220371413532,0.4318216357911878,0.9033874622753321,0.176944429464346,0.504051175843622
subtle_modulation,vibrato_depth_0.75_rate_5.5,0.75 st / 5.5 Hz,0.75,5.5,-12,rubber_band,Rubber Band,local hybrid spectral/time-domain proxy,246.70992786266558,1.918747471569437,220.14951021720785,0.41472142185372574,0.8919520959594905,0.1841624380607007,0.49694531862463903
subtle_modulation,vibrato_depth_0.75_rate_5.5,0.75 st / 5.5 Hz,0.75,5.5,-12,psola,PSOLA,local pitch-synchronous overlap-add,0.7091536465423908,0.47143931813433376,220.07041207700118,0.00012391963805024036,0.08230691749037976,0.18407954193059342,0.08883679301967447
subtle_modulation,vibrato_depth_1_rate_5.5,1 st / 5.5 Hz,1.0,5.5,3,phase_vocoder,Phase Vocoder,local phase vocoder,0.7473630358291358,0.3596639799287267,45.380986657734894,0.0001883158474115709,0.0197781716699881,0.0010021990236066063,0.006989562180335425
subtle_modulation,vibrato_depth_1_rate_5.5,1 st / 5.5 Hz,1.0,5.5,3,wsola,WSOLA,local waveform-similarity overlap-add,236.17066670062053,2.0485221353039336,264.9111490492798,0.39695907388182994,0.9645499256136,0.23107335943942622,0.5308607863116187
subtle_modulation,vibrato_depth_1_rate_5.5,1 st / 5.5 Hz,1.0,5.5,3,rubber_band,Rubber Band,local hybrid spectral/time-domain proxy,116.37659170208997,1.928658865842385,277.1971203572161,0.19506408215715396,0.8974966737095381,0.24394925605818274,0.44550333730829167
subtle_modulation,vibrato_depth_1_rate_5.5,1 st / 5.5 Hz,1.0,5.5,3,psola,PSOLA,local pitch-synchronous overlap-add,0.700764794886445,0.5180001587976355,842.961995460701,0.00010978148359078593,0.10835372725859482,0.8368799946844815,0.31511450114222234
subtle_modulation,vibrato_depth_1_rate_5.5,1 st / 5.5 Hz,1.0,5.5,7,phase_vocoder,Phase Vocoder,local phase vocoder,0.7734954428989612,0.5026740978028242,117.42838740523824,0.0002323581100123964,0.0997801063887606,0.07650904015351641,0.058840501550763126
subtle_modulation,vibrato_depth_1_rate_5.5,1 st / 5.5 Hz,1.0,5.5,7,wsola,WSOLA,local waveform-similarity overlap-add,205.18818600315115,2.0275905737069237,331.34676762228605,0.34474273777253367,0.952840506382716,0.30069896209703634,0.5327607354174287
subtle_modulation,vibrato_depth_1_rate_5.5,1 st / 5.5 Hz,1.0,5.5,7,rubber_band,Rubber Band,local hybrid spectral/time-domain proxy,121.63282574386558,1.9183458812039649,345.5949295417405,0.20392267828037847,0.8917274404828027,0.3156312662091005,0.4704271283240939
subtle_modulation,vibrato_depth_1_rate_5.5,1 st / 5.5 Hz,1.0,5.5,7,psola,PSOLA,local pitch-synchronous overlap-add,0.6508398150900809,0.49587692339903156,900.725406836293,2.5640399125922462e-05,0.09597766841438546,0.8974169839527527,0.3311400975887547
subtle_modulation,vibrato_depth_1_rate_5.5,1 st / 5.5 Hz,1.0,5.5,12,phase_vocoder,Phase Vocoder,local phase vocoder,0.8084124537358185,0.5515539986818,224.44979517893125,0.00029120550804977174,0.12712423208637438,0.1886692062445542,0.10536154794632613
subtle_modulation,vibrato_depth_1_rate_5.5,1 st / 5.5 Hz,1.0,5.5,12,wsola,WSOLA,local waveform-similarity overlap-add,116.34198647376559,1.921854860032743,429.21576815301813,0.19500576022189742,0.8936904141476213,0.4032672573852341,0.49732114391825094
subtle_modulation,vibrato_depth_1_rate_5.5,1 st / 5.5 Hz,1.0,5.5,12,rubber_band,Rubber Band,local hybrid spectral/time-domain proxy,88.16507037765358,1.8029495770097537,446.3294911351452,0.14751778352420847,0.8271730737556845,0.42120271583267205,0.46529785770418836
subtle_modulation,vibrato_depth_1_rate_5.5,1 st / 5.5 Hz,1.0,5.5,12,psola,PSOLA,local pitch-synchronous overlap-add,0.6357905134116953,0.4160802544971879,467.89317060741047,2.770525843086188e-07,0.051338254146641046,0.4438018006462217,0.1650467772818157
subtle_modulation,vibrato_depth_1_rate_5.5,1 st / 5.5 Hz,1.0,5.5,-12,phase_vocoder,Phase Vocoder,local phase vocoder,0.7379899353993943,0.4836331117174584,108.79845773051144,0.00017251888889154035,0.08912830252741714,0.06746473429166379,0.05225518523599082
subtle_modulation,vibrato_depth_1_rate_5.5,1 st / 5.5 Hz,1.0,5.5,-12,wsola,WSOLA,local waveform-similarity overlap-add,436.0063147104651,1.9912903690148778,211.65909695521026,0.7337521623692006,0.932533645237354,0.1752643476556399,0.6138500517540649
subtle_modulation,vibrato_depth_1_rate_5.5,1 st / 5.5 Hz,1.0,5.5,-12,rubber_band,Rubber Band,local hybrid spectral/time-domain proxy,271.3329570776739,1.922070910634569,219.05332901880462,0.4562198538893797,0.8938112759887287,0.18301362243739322,0.5110149174385005
subtle_modulation,vibrato_depth_1_rate_5.5,1 st / 5.5 Hz,1.0,5.5,-12,psola,PSOLA,local pitch-synchronous overlap-add,0.7055998956714965,0.4937240546869118,220.30946818045282,0.0001179303226130657,0.09477332242316877,0.18433007659301265,0.09307377644626484
subtle_modulation,vibrato_depth_0_rate_8,0 st / 8 Hz,0.0,8.0,3,phase_vocoder,Phase Vocoder,local phase vocoder,0.6567827858967449,0.3346762127651767,48.14976616720389,3.5656387327727324e-05,0.005799652198057145,0.0039039247260771416,0.0032464111038206715
subtle_modulation,vibrato_depth_0_rate_8,0 st / 8 Hz,0.0,8.0,3,wsola,WSOLA,local waveform-similarity overlap-add,181.70650543901198,2.014150135363799,265.4122615850279,0.3051678781374765,0.9453217301807064,0.23159853348085407,0.494029380599679
subtle_modulation,vibrato_depth_0_rate_8,0 st / 8 Hz,0.0,8.0,3,rubber_band,Rubber Band,local hybrid spectral/time-domain proxy,108.76175591720609,1.917680941535495,277.52507137469553,0.18223041565242276,0.8913554635853661,0.24429295402810666,0.43929294442196515
subtle_modulation,vibrato_depth_0_rate_8,0 st / 8 Hz,0.0,8.0,3,psola,PSOLA,local pitch-synchronous overlap-add,0.6959427980035754,0.4901861847950184,766.5642855489966,0.000101654729235236,0.09279418667849411,0.756813959197533,0.2832366002017541
subtle_modulation,vibrato_depth_0_rate_8,0 st / 8 Hz,0.0,8.0,7,phase_vocoder,Phase Vocoder,local phase vocoder,0.6557663472745655,0.4129686451447999,120.66605752979025,3.394333209343412e-05,0.04959757473192145,0.07990217080346669,0.04317789628916052
subtle_modulation,vibrato_depth_0_rate_8,0 st / 8 Hz,0.0,8.0,7,wsola,WSOLA,local waveform-similarity overlap-add,289.2623573892146,2.0573470321801905,332.3831875826537,0.4864371758025989,0.9694867009571163,0.3017851469764271,0.5859030079120474
subtle_modulation,vibrato_depth_0_rate_8,0 st / 8 Hz,0.0,8.0,7,rubber_band,Rubber Band,local hybrid spectral/time-domain proxy,173.63493009307143,1.9500541798329722,346.167135185492,0.29156444543269744,0.909465522757474,0.3162309469774296,0.5057536383892004
subtle_modulation,vibrato_depth_0_rate_8,0 st / 8 Hz,0.0,8.0,7,psola,PSOLA,local pitch-synchronous overlap-add,0.6497467451589565,0.4521484525272932,869.554095213382,2.379819328476069e-05,0.07151532739937821,0.8647489452712377,0.31209602362130023
subtle_modulation,vibrato_depth_0_rate_8,0 st / 8 Hz,0.0,8.0,12,phase_vocoder,Phase Vocoder,local phase vocoder,0.6461439556559453,0.4198603218575903,228.20455697712845,1.7726230569533626e-05,0.05345287866898229,0.19260425733086217,0.08202495407680467
subtle_modulation,vibrato_depth_0_rate_8,0 st / 8 Hz,0.0,8.0,12,wsola,WSOLA,local waveform-similarity overlap-add,46.499596123107565,1.7912791723268178,435.1260106183861,0.07729685999414695,0.8206444800626993,0.4094612870690496,0.43580087570863196
subtle_modulation,vibrato_depth_0_rate_8,0 st / 8 Hz,0.0,8.0,12,rubber_band,Rubber Band,local hybrid spectral/time-domain proxy,13.320328630959631,1.562923347932316,457.37210899542004,0.021378168390741817,0.6928989189273405,0.4327755579308371,0.38235088174963977
subtle_modulation,vibrato_depth_0_rate_8,0 st / 8 Hz,0.0,8.0,12,psola,PSOLA,local pitch-synchronous overlap-add,0.636309829848889,0.3706119753906879,165.47979439104608,1.152282747327762e-06,0.02590263916410153,0.12686769175930332,0.05092382773538406
subtle_modulation,vibrato_depth_0_rate_8,0 st / 8 Hz,0.0,8.0,-12,phase_vocoder,Phase Vocoder,local phase vocoder,0.8870141080799917,0.47391675318883564,110.55128641742743,0.0004236768373167438,0.08369283060230899,0.06930172710219902,0.05113941151394158
subtle_modulation,vibrato_depth_0_rate_8,0 st / 8 Hz,0.0,8.0,-12,wsola,WSOLA,local waveform-similarity overlap-add,409.239829964894,1.9704419123580204,211.05590027981825,0.6886412567065289,0.9208707161156715,0.17463218778496623,0.5947147202023889
subtle_modulation,vibrato_depth_0_rate_8,0 st / 8 Hz,0.0,8.0,-12,rubber_band,Rubber Band,local hybrid spectral/time-domain proxy,261.6178401356519,1.9047637075625294,218.40657200941777,0.4398464777049745,0.8841293754986331,0.18233581063223772,0.5021038879452818
subtle_modulation,vibrato_depth_0_rate_8,0 st / 8 Hz,0.0,8.0,-12,psola,PSOLA,local pitch-synchronous overlap-add,0.7479889569265551,0.39580956390298355,214.99228512542325,0.00018937074378090572,0.0399985357425931,0.17875758276215536,0.07298182974950979
subtle_modulation,vibrato_depth_0.025_rate_8,0.025 st / 8 Hz,0.025,8.0,3,phase_vocoder,Phase Vocoder,local phase vocoder,0.6571147391899539,0.33290733436148034,49.11173649602973,3.621584494185585e-05,0.004810115956274972,0.004912085187616852,0.00325280566294456
subtle_modulation,vibrato_depth_0.025_rate_8,0.025 st / 8 Hz,0.025,8.0,3,wsola,WSOLA,local waveform-similarity overlap-add,300.00003420285657,2.0723093504192027,264.5313615697934,0.5045339236714653,0.9778568388522041,0.2306753360190226,0.571022032847564
subtle_modulation,vibrato_depth_0.025_rate_8,0.025 st / 8 Hz,0.025,8.0,3,rubber_band,Rubber Band,local hybrid spectral/time-domain proxy,180.26443029816517,1.9755572978620632,276.6453207586989,0.3027374762279396,0.9237323369802601,0.24337096115526458,0.4899469247878214
subtle_modulation,vibrato_depth_0.025_rate_8,0.025 st / 8 Hz,0.025,8.0,3,psola,PSOLA,local pitch-synchronous overlap-add,0.6959474387093223,0.4901332972699294,768.1729432072899,0.00010166255045050377,0.09276460062967108,0.7584998584385458,0.28378870720622246
subtle_modulation,vibrato_depth_0.025_rate_8,0.025 st / 8 Hz,0.025,8.0,7,phase_vocoder,Phase Vocoder,local phase vocoder,0.6558437249822813,0.4138011752002223,120.23953279587646,3.407374064376635e-05,0.05006330412320798,0.07945516598459094,0.04318418128281423
subtle_modulation,vibrato_depth_0.025_rate_8,0.025 st / 8 Hz,0.025,8.0,7,wsola,WSOLA,local waveform-similarity overlap-add,293.0001656289392,2.059080258525125,332.39733232254474,0.49273669239919915,0.9704562929199898,0.30179997089258087,0.5883309854039233
subtle_modulation,vibrato_depth_0.025_rate_8,0.025 st / 8 Hz,0.025,8.0,7,rubber_band,Rubber Band,local hybrid spectral/time-domain proxy,175.85937700397574,1.9517133621760485,346.15155090731525,0.2953134179146379,0.9103936934314832,0.3162146144018723,0.5073072419159977
subtle_modulation,vibrato_depth_0.025_rate_8,0.025 st / 8 Hz,0.025,8.0,7,psola,PSOLA,local pitch-synchronous overlap-add,0.6497488581738843,0.4518274728926809,870.4921885835129,2.3801754455305804e-05,0.07133576673502777,0.8657320822939283,0.3123638835944705
subtle_modulation,vibrato_depth_0.025_rate_8,0.025 st / 8 Hz,0.025,8.0,12,phase_vocoder,Phase Vocoder,local phase vocoder,0.6462933139192558,0.42374388461053797,227.88536952483076,1.7977951577734247e-05,0.05562540001541667,0.19226974371897262,0.08263770722865567
subtle_modulation,vibrato_depth_0.025_rate_8,0.025 st / 8 Hz,0.025,8.0,12,wsola,WSOLA,local waveform-similarity overlap-add,59.266314106633104,1.8246370102340979,433.7212014931487,0.09881325320196443,0.8393053385410278,0.4079890243873064,0.4487025387100996
subtle_modulation,vibrato_depth_0.025_rate_8,0.025 st / 8 Hz,0.025,8.0,12,rubber_band,Rubber Band,local hybrid spectral/time-domain proxy,35.63017772277759,1.6838373687011974,449.8424652049221,0.05897808138999997,0.760539976356945,0.424884369469418,0.41480080907212097
subtle_modulation,vibrato_depth_0.025_rate_8,0.025 st / 8 Hz,0.025,8.0,12,psola,PSOLA,local pitch-synchronous overlap-add,0.6363102963554971,0.3706417084100897,241.6263310510956,1.1530689744244469e-06,0.025919272246519295,0.20667049361655773,0.07753030631068382
subtle_modulation,vibrato_depth_0.025_rate_8,0.025 st / 8 Hz,0.025,8.0,-12,phase_vocoder,Phase Vocoder,local phase vocoder,0.8870170340513028,0.4741183751299824,110.67615687313607,0.0004236817686036514,0.0838056208413024,0.06943259335917966,0.05122063198969523
subtle_modulation,vibrato_depth_0.025_rate_8,0.025 st / 8 Hz,0.025,8.0,-12,wsola,WSOLA,local waveform-similarity overlap-add,354.4010645071763,1.954513209875987,211.18053060656132,0.5962187216319588,0.911959968854808,0.17476280238290764,0.5609804976232248
subtle_modulation,vibrato_depth_0.025_rate_8,0.025 st / 8 Hz,0.025,8.0,-12,rubber_band,Rubber Band,local hybrid spectral/time-domain proxy,228.2954820868686,1.8899021053697762,218.53646614595684,0.3836866283752951,0.8758155796210034,0.18247194178797135,0.48065804992808997
subtle_modulation,vibrato_depth_0.025_rate_8,0.025 st / 8 Hz,0.025,8.0,-12,psola,PSOLA,local pitch-synchronous overlap-add,0.7479839897955559,0.3960223251881479,215.00156582211744,0.0001893623724247098,0.040117557492238706,0.17876730908237776,0.07302474298234705
subtle_modulation,vibrato_depth_0.05_rate_8,0.05 st / 8 Hz,0.05,8.0,3,phase_vocoder,Phase Vocoder,local phase vocoder,0.6566877704326471,0.3342195613221096,48.98172193657382,3.549625297769404e-05,0.005544194755740744,0.004775827826718892,0.003451839611812443
subtle_modulation,vibrato_depth_0.05_rate_8,0.05 st / 8 Hz,0.05,8.0,3,wsola,WSOLA,local waveform-similarity overlap-add,205.65537390781364,2.028685310618542,265.1590554339847,0.34553011309261406,0.9534529180934357,0.2313331693397251,0.5101054001752583
subtle_modulation,vibrato_depth_0.05_rate_8,0.05 st / 8 Hz,0.05,8.0,3,rubber_band,Rubber Band,local hybrid spectral/time-domain proxy,123.237622300586,1.932006593845079,277.2654612608596,0.2066273227925785,0.8993694413228305,0.2440208784304064,0.4500058808486051
subtle_modulation,vibrato_depth_0.05_rate_8,0.05 st / 8 Hz,0.05,8.0,3,psola,PSOLA,local pitch-synchronous overlap-add,0.6959482447264836,0.48992015413836604,770.6148372589029,0.00010166390887184575,0.09264536526961008,0.76105900289481,0.2846020106910973
subtle_modulation,vibrato_depth_0.05_rate_8,0.05 st / 8 Hz,0.05,8.0,7,phase_vocoder,Phase Vocoder,local phase vocoder,0.6561509833977023,0.41610310940978734,120.07975145524654,3.4591578735838286e-05,0.05135103951632653,0.07928771255563592,0.04355778121689943
subtle_modulation,vibrato_depth_0.05_rate_8,0.05 st / 8 Hz,0.05,8.0,7,wsola,WSOLA,local waveform-similarity overlap-add,297.2782994230634,2.0612047707755092,332.6126496710481,0.4999468468828191,0.9716447758951181,0.30202562695591245,0.5912057499112833
subtle_modulation,vibrato_depth_0.05_rate_8,0.05 st / 8 Hz,0.05,8.0,7,rubber_band,Rubber Band,local hybrid spectral/time-domain proxy,178.75874821634457,1.9539201324376871,346.34335584435735,0.30019987433525097,0.9116281927315003,0.3164156290777511,0.5094145653815009
subtle_modulation,vibrato_depth_0.05_rate_8,0.05 st / 8 Hz,0.05,8.0,7,psola,PSOLA,local pitch-synchronous overlap-add,0.6497534232139012,0.4519183130632943,874.5176872002361,2.3809448147305546e-05,0.07138658404437123,0.8699508699443922,0.3137870878123036
subtle_modulation,vibrato_depth_0.05_rate_8,0.05 st / 8 Hz,0.05,8.0,12,phase_vocoder,Phase Vocoder,local phase vocoder,0.6467530930213544,0.4288116638868113,227.62888968578673,1.8752840469480476e-05,0.05846038926552343,0.19200094869987688,0.0834933636019566
subtle_modulation,vibrato_depth_0.05_rate_8,0.05 st / 8 Hz,0.05,8.0,12,wsola,WSOLA,local waveform-similarity overlap-add,84.13089156645565,1.8665272356611275,432.5903457082567,0.1407187786676439,0.8627393383851388,0.40680386923660317,0.47008732876312864
subtle_modulation,vibrato_depth_0.05_rate_8,0.05 st / 8 Hz,0.05,8.0,12,rubber_band,Rubber Band,local hybrid spectral/time-domain proxy,35.94914198787766,1.6848160045936473,449.8831166452859,0.0595156479404628,0.7610874394731573,0.4249269728363321,0.41517668674998404
subtle_modulation,vibrato_depth_0.05_rate_8,0.05 st / 8 Hz,0.05,8.0,12,psola,PSOLA,local pitch-synchronous overlap-add,0.636311556995194,0.3707730709027656,279.56645032184866,1.155193594036808e-06,0.02599275833071934,0.24643235217778905,0.09080875523403414
subtle_modulation,vibrato_depth_0.05_rate_8,0.05 st / 8 Hz,0.05,8.0,-12,phase_vocoder,Phase Vocoder,local phase vocoder,0.8868869838498432,0.47405668733162704,110.58428456855725,0.0004234625884451352,0.08377111179194048,0.06933630969822732,0.05117696135953764
subtle_modulation,vibrato_depth_0.05_rate_8,0.05 st / 8 Hz,0.05,8.0,-12,wsola,WSOLA,local waveform-similarity overlap-add,411.79251932224304,1.9712331158526069,211.05252368627959,0.6929434327255346,0.9213133268292638,0.17462864906033163,0.5962951362050434
subtle_modulation,vibrato_depth_0.05_rate_8,0.05 st / 8 Hz,0.05,8.0,-12,rubber_band,Rubber Band,local hybrid spectral/time-domain proxy,263.1466739216864,1.90549957543319,218.4124547048552,0.44242309833152577,0.8845410306613962,0.18234197579219077,0.5031020349283709
subtle_modulation,vibrato_depth_0.05_rate_8,0.05 st / 8 Hz,0.05,8.0,-12,psola,PSOLA,local pitch-synchronous overlap-add,0.7479109485162093,0.3966149417125609,215.03763683729443,0.0001892392722756463,0.040449075773631174,0.1788051120896217,0.07314780904517616
subtle_modulation,vibrato_depth_0.1_rate_8,0.1 st / 8 Hz,0.1,8.0,3,phase_vocoder,Phase Vocoder,local phase vocoder,0.6555569000551595,0.3335243060305039,47.94616399560444,3.359034013928912e-05,0.005155258858905196,0.003690546357598005,0.0029597985188808303
subtle_modulation,vibrato_depth_0.1_rate_8,0.1 st / 8 Hz,0.1,8.0,3,wsola,WSOLA,local waveform-similarity overlap-add,232.6094609655487,2.042889391182235,264.93087535961763,0.39095719438636223,0.9613988868324949,0.23109403293167305,0.5278167047168434
subtle_modulation,vibrato_depth_0.1_rate_8,0.1 st / 8 Hz,0.1,8.0,3,rubber_band,Rubber Band,local hybrid spectral/time-domain proxy,139.49772185517332,1.9461207463903523,277.02945210170975,0.23403128801419806,0.9072651030237168,0.2437735370148905,0.4616899760176018
subtle_modulation,vibrato_depth_0.1_rate_8,0.1 st / 8 Hz,0.1,8.0,3,psola,PSOLA,local pitch-synchronous overlap-add,0.6959390211839717,0.48948821843451007,776.0897297797399,0.00010164836397082162,0.09240373417038243,0.766796778796302,0.2864340537768851
subtle_modulation,vibrato_depth_0.1_rate_8,0.1 st / 8 Hz,0.1,8.0,7,phase_vocoder,Phase Vocoder,local phase vocoder,0.657352952067915,0.4215074451233445,119.45725493294172,3.6617317110034946e-05,0.05437430332018526,0.07863532613328159,0.04434874892352563
subtle_modulation,vibrato_depth_0.1_rate_8,0.1 st / 8 Hz,0.1,8.0,7,wsola,WSOLA,local waveform-similarity overlap-add,250.03315659200044,2.039848918197334,331.99069799794114,0.4203222267083606,0.9596980021337885,0.3013738115443288,0.560464680128826
subtle_modulation,vibrato_depth_0.1_rate_8,0.1 st / 8 Hz,0.1,8.0,7,rubber_band,Rubber Band,local hybrid spectral/time-domain proxy,149.77828809515935,1.9322507329523242,345.77123075426533,0.2513576443967856,0.8995060162813752,0.3158160327309598,0.48889323113637356
subtle_modulation,vibrato_depth_0.1_rate_8,0.1 st / 8 Hz,0.1,8.0,7,psola,PSOLA,local pitch-synchronous overlap-add,0.6497694940036846,0.4531182484936971,882.622219153676,2.3836533059229322e-05,0.07205784533271128,0.8784445504976337,0.3168420774544681
subtle_modulation,vibrato_depth_0.1_rate_8,0.1 st / 8 Hz,0.1,8.0,12,phase_vocoder,Phase Vocoder,local phase vocoder,0.648592898075904,0.4400505008452997,227.1476725217726,2.185355664653571e-05,0.06474755771230063,0.19149662532977307,0.08542201219957342
subtle_modulation,vibrato_depth_0.1_rate_8,0.1 st / 8 Hz,0.1,8.0,12,wsola,WSOLA,local waveform-similarity overlap-add,85.72497279955418,1.8690277148392223,432.59154530714295,0.14340536410493565,0.8641381427141284,0.4068051264356358,0.47144954441823334
subtle_modulation,vibrato_depth_0.1_rate_8,0.1 st / 8 Hz,0.1,8.0,12,rubber_band,Rubber Band,local hybrid spectral/time-domain proxy,41.42977621484338,1.7007095971753818,449.41288374926296,0.0687524370046364,0.7699785457464218,0.42443416115672,0.4210550479692594
subtle_modulation,vibrato_depth_0.1_rate_8,0.1 st / 8 Hz,0.1,8.0,12,psola,PSOLA,local pitch-synchronous overlap-add,0.6363159713735492,0.37116763828912397,320.90458054778685,1.1626333683453565e-06,0.026213485051002076,0.2897553811724971,0.10532334295228918
subtle_modulation,vibrato_depth_0.1_rate_8,0.1 st / 8 Hz,0.1,8.0,-12,phase_vocoder,Phase Vocoder,local phase vocoder,0.8863406736210122,0.47433098905578064,110.64163696338984,0.00042254186428469326,0.08392456015598074,0.06939641593551157,0.051247839318592336
subtle_modulation,vibrato_depth_0.1_rate_8,0.1 st / 8 Hz,0.1,8.0,-12,wsola,WSOLA,local waveform-similarity overlap-add,419.11290072680623,1.9733322969360598,211.02893054072217,0.7052808404238192,0.9224876391821082,0.17460392306224043,0.6007908008893893
subtle_modulation,vibrato_depth_0.1_rate_8,0.1 st / 8 Hz,0.1,8.0,-12,rubber_band,Rubber Band,local hybrid spectral/time-domain proxy,267.5392603235273,1.9074555751416407,218.40527167128758,0.4498261455628723,0.8856352452757997,0.18233444785684827,0.5059319462318401
subtle_modulation,vibrato_depth_0.1_rate_8,0.1 st / 8 Hz,0.1,8.0,-12,psola,PSOLA,local pitch-synchronous overlap-add,0.7475468582734265,0.39919688634133066,215.22344432625667,0.00018862565264083066,0.04189345305762289,0.1789998413429224,0.07369397335106204
subtle_modulation,vibrato_depth_0.2_rate_8,0.2 st / 8 Hz,0.2,8.0,3,phase_vocoder,Phase Vocoder,local phase vocoder,0.657767136303074,0.3243088516833665,48.172420633234076,3.73153626747338e-05,0.0,0.003927666972843528,0.0013216607785060872
subtle_modulation,vibrato_depth_0.2_rate_8,0.2 st / 8 Hz,0.2,8.0,3,wsola,WSOLA,local waveform-similarity overlap-add,352.13586144067807,2.0900710384218533,264.2247772990294,0.5924010607470529,0.9877929848061165,0.23035403074519836,0.6035160254327893
subtle_modulation,vibrato_depth_0.2_rate_8,0.2 st / 8 Hz,0.2,8.0,3,rubber_band,Rubber Band,local hybrid spectral/time-domain proxy,211.45440443017262,1.9929710119557458,276.313101173791,0.35530351147928024,0.9334738212811167,0.24302278965764457,0.5106000408060138
subtle_modulation,vibrato_depth_0.2_rate_8,0.2 st / 8 Hz,0.2,8.0,3,psola,PSOLA,local pitch-synchronous overlap-add,0.695901977967173,0.4882387754819074,782.437065365255,0.00010158593317072479,0.09170477765587241,0.7734488891386772,0.28841841757590675
subtle_modulation,vibrato_depth_0.2_rate_8,0.2 st / 8 Hz,0.2,8.0,7,phase_vocoder,Phase Vocoder,local phase vocoder,0.6620307191637193,0.43433922209643366,119.23072697202795,4.450099373685431e-05,0.06155258552138372,0.07839792116684649,0.04666500256065569
subtle_modulation,vibrato_depth_0.2_rate_8,0.2 st / 8 Hz,0.2,8.0,7,wsola,WSOLA,local waveform-similarity overlap-add,187.67550017762738,2.005309856515846,331.4179611247931,0.3152277257832985,0.9403763499390627,0.30077357403900107,0.5187925499204541
subtle_modulation,vibrato_depth_0.2_rate_8,0.2 st / 8 Hz,0.2,8.0,7,rubber_band,Rubber Band,local hybrid spectral/time-domain proxy,148.82735479995,1.93164275797065,345.70607071486296,0.24975498859123457,0.8991659062561715,0.3157477439559016,0.48822287960110256
subtle_modulation,vibrato_depth_0.2_rate_8,0.2 st / 8 Hz,0.2,8.0,7,psola,PSOLA,local pitch-synchronous overlap-add,0.6498290599670395,0.4562088801102339,894.5944922918162,2.3936922579151535e-05,0.07378678949765234,0.8909916863613347,0.32160080426052207
subtle_modulation,vibrato_depth_0.2_rate_8,0.2 st / 8 Hz,0.2,8.0,12,phase_vocoder,Phase Vocoder,local phase vocoder,0.6557842142896589,0.4655984300314896,226.72202515693053,3.39734442743953e-05,0.07903943994648473,0.19105054000787325,0.09004131779954412
subtle_modulation,vibrato_depth_0.2_rate_8,0.2 st / 8 Hz,0.2,8.0,12,wsola,WSOLA,local waveform-similarity overlap-add,110.34507655314951,1.8993026104216906,431.81753594147256,0.1848988657130391,0.8810743585288625,0.4059939521031772,0.4906557254483596
subtle_modulation,vibrato_depth_0.2_rate_8,0.2 st / 8 Hz,0.2,8.0,12,rubber_band,Rubber Band,local hybrid spectral/time-domain proxy,65.32817928802604,1.7518293059570553,447.9594560560666,0.1090296200852885,0.7985756524797688,0.422910945429499,0.4435054059981854
subtle_modulation,vibrato_depth_0.2_rate_8,0.2 st / 8 Hz,0.2,8.0,12,psola,PSOLA,local pitch-synchronous overlap-add,0.6363323068465795,0.3722634650286437,366.5801656456512,1.190164364284041e-06,0.026826506427261098,0.3376241330180608,0.12148394320322874
subtle_modulation,vibrato_depth_0.2_rate_8,0.2 st / 8 Hz,0.2,8.0,-12,phase_vocoder,Phase Vocoder,local phase vocoder,0.8835015112960443,0.4758223265037501,110.95764335471966,0.00041775688093629773,0.08475883596058606,0.06972759574406288,0.05163472952852841
subtle_modulation,vibrato_depth_0.2_rate_8,0.2 st / 8 Hz,0.2,8.0,-12,wsola,WSOLA,local waveform-similarity overlap-add,491.65457199819946,1.991772112419682,210.87516551685363,0.8275389748199632,0.9328031394870986,0.17444277483054685,0.6449282963792028
subtle_modulation,vibrato_depth_0.2_rate_8,0.2 st / 8 Hz,0.2,8.0,-12,rubber_band,Rubber Band,local hybrid spectral/time-domain proxy,309.544509313487,1.9237919394403535,218.22078402053472,0.5206197085777785,0.8947740444712406,0.18214110181533533,0.5325116182881181
subtle_modulation,vibrato_depth_0.2_rate_8,0.2 st / 8 Hz,0.2,8.0,-12,psola,PSOLA,local pitch-synchronous overlap-add,0.7458768994538109,0.4086675584429628,215.62343739728882,0.00018581118688306276,0.04719148443107236,0.17941904055002963,0.07559877872266169
subtle_modulation,vibrato_depth_0.35_rate_8,0.35 st / 8 Hz,0.35,8.0,3,phase_vocoder,Phase Vocoder,local phase vocoder,0.6681968990731609,0.3252458183007263,47.633754463787334,5.489316748839304e-05,0.0005241527191920854,0.0033631361159842444,0.0013140606675549078
subtle_modulation,vibrato_depth_0.35_rate_8,0.35 st / 8 Hz,0.35,8.0,3,wsola,WSOLA,local waveform-similarity overlap-add,375.5239171026453,2.097489444041715,264.00925520998356,0.631818129616169,0.9919429485355362,0.23012816011046713,0.6179630794207241
subtle_modulation,vibrato_depth_0.35_rate_8,0.35 st / 8 Hz,0.35,8.0,3,rubber_band,Rubber Band,local hybrid spectral/time-domain proxy,225.25612008340505,2.000118794620604,276.11642064450194,0.3785642384194889,0.9374723946033301,0.24281666528224316,0.5196177661016874
subtle_modulation,vibrato_depth_0.35_rate_8,0.35 st / 8 Hz,0.35,8.0,3,psola,PSOLA,local pitch-synchronous overlap-add,0.6959933581843015,0.4914980529978855,787.7582366713646,0.00010173994085583932,0.09352806478366289,0.7790255627211641,0.2908851224818943
subtle_modulation,vibrato_depth_0.35_rate_8,0.35 st / 8 Hz,0.35,8.0,7,phase_vocoder,Phase Vocoder,local phase vocoder,0.6711722693281331,0.45113970035385315,118.23548763779449,5.9907708925545296e-05,0.07095101679865541,0.07735489424961509,0.049455272919065346
subtle_modulation,vibrato_depth_0.35_rate_8,0.35 st / 8 Hz,0.35,8.0,7,wsola,WSOLA,local waveform-similarity overlap-add,157.1876976923465,1.9847827908017432,330.97026479477995,0.26384509579475485,0.9288932115734728,0.30030438104502727,0.4976808961377516
subtle_modulation,vibrato_depth_0.35_rate_8,0.35 st / 8 Hz,0.35,8.0,7,rubber_band,Rubber Band,local hybrid spectral/time-domain proxy,93.19489648515125,1.8764945574688814,344.77239838239655,0.15599480294576382,0.8683152028095492,0.31476924025218017,0.4463597486691644
subtle_modulation,vibrato_depth_0.35_rate_8,0.35 st / 8 Hz,0.35,8.0,7,psola,PSOLA,local pitch-synchronous overlap-add,0.6499827749820938,0.4652247414333078,893.7644222947523,2.4195986240628232e-05,0.07883039312321583,0.8901217595805663,0.32299211623000756
subtle_modulation,vibrato_depth_0.35_rate_8,0.35 st / 8 Hz,0.35,8.0,12,phase_vocoder,Phase Vocoder,local phase vocoder,0.6720537518753102,0.49616199306543485,226.71388042148268,6.1393315885405e-05,0.09613714052154068,0.19104200419340772,0.09574684601027794
subtle_modulation,vibrato_depth_0.35_rate_8,0.35 st / 8 Hz,0.35,8.0,12,wsola,WSOLA,local waveform-similarity overlap-add,127.48682089731555,1.9178221813686969,430.9024068401202,0.2137887113298141,0.8914344751971561,0.4050348820055434,0.5034193561775046
subtle_modulation,vibrato_depth_0.35_rate_8,0.35 st / 8 Hz,0.35,8.0,12,rubber_band,Rubber Band,local hybrid spectral/time-domain proxy,88.87992144627552,1.7887550593723132,446.97444319227606,0.14872255805571657,0.8192324546563091,0.4218786360186737,0.4632778829102331
subtle_modulation,vibrato_depth_0.35_rate_8,0.35 st / 8 Hz,0.35,8.0,12,psola,PSOLA,local pitch-synchronous overlap-add,0.63637520698853,0.37769573959678315,414.48821768659866,1.2624661355043101e-06,0.029865399631707958,0.38783254632330594,0.13923306947371647
subtle_modulation,vibrato_depth_0.35_rate_8,0.35 st / 8 Hz,0.35,8.0,-12,phase_vocoder,Phase Vocoder,local phase vocoder,0.8684750591065525,0.48220636325368776,112.19309713203035,0.0003924320437898371,0.08833015873762477,0.07102237128237372,0.053248320687929444
subtle_modulation,vibrato_depth_0.35_rate_8,0.35 st / 8 Hz,0.35,8.0,-12,wsola,WSOLA,local waveform-similarity overlap-add,593.697281586908,2.0141695777002004,210.74870892638563,0.9995166958235148,0.9453326065057573,0.17431024627868752,0.7063865162026532
subtle_modulation,vibrato_depth_0.35_rate_8,0.35 st / 8 Hz,0.35,8.0,-12,rubber_band,Rubber Band,local hybrid spectral/time-domain proxy,353.6887522306456,1.9392546155473467,218.0909781348784,0.5950182258547068,0.9034240898168311,0.182005063147954,0.5601491262731639
subtle_modulation,vibrato_depth_0.35_rate_8,0.35 st / 8 Hz,0.35,8.0,-12,psola,PSOLA,local pitch-synchronous overlap-add,0.7408892342448163,0.4264818206659684,216.25225936825348,0.000177405223348491,0.057157041166594216,0.18007805614487427,0.079137500844939
subtle_modulation,vibrato_depth_0.5_rate_8,0.5 st / 8 Hz,0.5,8.0,3,phase_vocoder,Phase Vocoder,local phase vocoder,0.6840958047340213,0.33765089038291707,46.375199900626974,8.168839443822496e-05,0.0074637300138196095,0.00204415058051834,0.003196522996258725
subtle_modulation,vibrato_depth_0.5_rate_8,0.5 st / 8 Hz,0.5,8.0,3,wsola,WSOLA,local waveform-similarity overlap-add,390.3052365369227,2.1037347005338525,264.0443630451475,0.6567298321765822,0.995436635622948,0.23016495368948092,0.6274438071630037
subtle_modulation,vibrato_depth_0.5_rate_8,0.5 st / 8 Hz,0.5,8.0,3,rubber_band,Rubber Band,local hybrid spectral/time-domain proxy,217.4073412792268,1.9982129536245248,276.3558794982915,0.36533629595457306,0.9364062395003259,0.24306762203352975,0.5149367191628096
subtle_modulation,vibrato_depth_0.5_rate_8,0.5 st / 8 Hz,0.5,8.0,3,psola,PSOLA,local pitch-synchronous overlap-add,0.6965827077289367,0.49815940915292783,792.9100171063563,0.0001027332013442109,0.09725452405924617,0.7844247119313399,0.2939273230639768
subtle_modulation,vibrato_depth_0.5_rate_8,0.5 st / 8 Hz,0.5,8.0,7,phase_vocoder,Phase Vocoder,local phase vocoder,0.6763342836622075,0.4634540741616622,117.2502626020667,6.860751182709438e-05,0.07783985616275008,0.07632236247916832,0.05141027538458184
subtle_modulation,vibrato_depth_0.5_rate_8,0.5 st / 8 Hz,0.5,8.0,7,wsola,WSOLA,local waveform-similarity overlap-add,44.59752126518035,1.7047186930661826,317.7704808686808,0.07409119737931696,0.7722212921513966,0.28647079402430964,0.37759442785167435
subtle_modulation,vibrato_depth_0.5_rate_8,0.5 st / 8 Hz,0.5,8.0,7,rubber_band,Rubber Band,local hybrid spectral/time-domain proxy,30.1590907529971,1.711239258339267,337.96810269472337,0.0497573827995032,0.775868990965029,0.30763822833281024,0.37775486736578084
subtle_modulation,vibrato_depth_0.5_rate_8,0.5 st / 8 Hz,0.5,8.0,7,psola,PSOLA,local pitch-synchronous overlap-add,0.6502192827139692,0.4760604618772056,886.3091668224821,2.4594584640176795e-05,0.08489205234334708,0.8823085312796535,0.32240839273588023
subtle_modulation,vibrato_depth_0.5_rate_8,0.5 st / 8 Hz,0.5,8.0,12,phase_vocoder,Phase Vocoder,local phase vocoder,0.6945385332867485,0.5181979396274909,227.03798336155162,9.928805113879014e-05,0.10846436872420533,0.19138166931597456,0.0999817753637729
subtle_modulation,vibrato_depth_0.5_rate_8,0.5 st / 8 Hz,0.5,8.0,12,wsola,WSOLA,local waveform-similarity overlap-add,95.46275406589307,1.8869985463457168,429.6194502762196,0.159816937617301,0.8741912865783292,0.4036903227786739,0.47923284899143476
subtle_modulation,vibrato_depth_0.5_rate_8,0.5 st / 8 Hz,0.5,8.0,12,rubber_band,Rubber Band,local hybrid spectral/time-domain proxy,80.5662339117128,1.7806936393583734,446.5202818160475,0.1347110814779921,0.8147227793460378,0.42140266755171385,0.45694550945858126
subtle_modulation,vibrato_depth_0.5_rate_8,0.5 st / 8 Hz,0.5,8.0,12,psola,PSOLA,local pitch-synchronous overlap-add,0.6364398075952219,0.38832577025657206,454.0213207761146,1.3713407935675574e-06,0.03581199300247682,0.42926387768824575,0.1550257473438387
subtle_modulation,vibrato_depth_0.5_rate_8,0.5 st / 8 Hz,0.5,8.0,-12,phase_vocoder,Phase Vocoder,local phase vocoder,0.8450607441249031,0.4849451002223765,112.02757005859299,0.00035297071876589866,0.08986224793129861,0.07084889623251679,0.053688038294193774
subtle_modulation,vibrato_depth_0.5_rate_8,0.5 st / 8 Hz,0.5,8.0,-12,wsola,WSOLA,local waveform-similarity overlap-add,588.9242574655692,2.0172637983437514,211.39756684042544,0.9914724777309989,0.9470635584244794,0.17499025986589503,0.7045087653404578
subtle_modulation,vibrato_depth_0.5_rate_8,0.5 st / 8 Hz,0.5,8.0,-12,rubber_band,Rubber Band,local hybrid spectral/time-domain proxy,370.498872838855,1.9477723780468355,218.58144128044506,0.623349169276799,0.908189049734101,0.18251907645625037,0.5713524318223834
subtle_modulation,vibrato_depth_0.5_rate_8,0.5 st / 8 Hz,0.5,8.0,-12,psola,PSOLA,local pitch-synchronous overlap-add,0.7331504690906374,0.44503409804805133,217.11704528683407,0.00016436269243215535,0.0675354542891722,0.18098436577281612,0.08289472758480683
subtle_modulation,vibrato_depth_0.75_rate_8,0.75 st / 8 Hz,0.75,8.0,3,phase_vocoder,Phase Vocoder,local phase vocoder,0.7211642480663002,0.35298474449270256,45.37181359272203,0.00014416171008350094,0.01604171046523235,0.0009925855031268289,0.005726152559480893
subtle_modulation,vibrato_depth_0.75_rate_8,0.75 st / 8 Hz,0.75,8.0,3,wsola,WSOLA,local waveform-similarity overlap-add,360.137854863851,2.1061329843375276,265.2155515721621,0.6058872235307484,0.9967782703768444,0.2313923782061874,0.6113526240379268
subtle_modulation,vibrato_depth_0.75_rate_8,0.75 st / 8 Hz,0.75,8.0,3,rubber_band,Rubber Band,local hybrid spectral/time-domain proxy,181.4598203096811,1.9892088428296508,277.74340154183403,0.3047521272570972,0.9313692092907132,0.24452176757409105,0.49354770137396714
subtle_modulation,vibrato_depth_0.75_rate_8,0.75 st / 8 Hz,0.75,8.0,3,psola,PSOLA,local pitch-synchronous overlap-add,0.6990749759477495,0.5060993438484614,796.4590483651888,0.00010693354657346409,0.1016962387199013,0.7881441540853309,0.2966491087839352
subtle_modulation,vibrato_depth_0.75_rate_8,0.75 st / 8 Hz,0.75,8.0,7,phase_vocoder,Phase Vocoder,local phase vocoder,0.705541137566603,0.4939876394872283,113.86119263457401,0.00011783129461772134,0.09492077558453424,0.07277056234538642,0.05593638974151279
subtle_modulation,vibrato_depth_0.75_rate_8,0.75 st / 8 Hz,0.75,8.0,7,wsola,WSOLA,local waveform-similarity overlap-add,188.46215263617975,2.0289883176693326,334.9089381695547,0.31655351081575167,0.9536224246336514,0.30443217443779624,0.5248693699623997
subtle_modulation,vibrato_depth_0.75_rate_8,0.75 st / 8 Hz,0.75,8.0,7,rubber_band,Rubber Band,local hybrid spectral/time-domain proxy,37.928210774710664,1.7881444738828431,352.69786239251954,0.0628510723038557,0.8188908842751714,0.3230752547049488,0.40160573709465863
subtle_modulation,vibrato_depth_0.75_rate_8,0.75 st / 8 Hz,0.75,8.0,7,psola,PSOLA,local pitch-synchronous overlap-add,0.6509013777240803,0.48755057102775945,882.2232881555437,2.5744153735505652e-05,0.09131978609980373,0.8780264643601013,0.32312399820454685
subtle_modulation,vibrato_depth_0.75_rate_8,0.75 st / 8 Hz,0.75,8.0,12,phase_vocoder,Phase Vocoder,local phase vocoder,0.7406737780113697,0.5472519930247361,224.89379703880786,0.00017704210410015358,0.12471762770863933,0.18913452737407807,0.10467639906227251
subtle_modulation,vibrato_depth_0.75_rate_8,0.75 st / 8 Hz,0.75,8.0,12,wsola,WSOLA,local waveform-similarity overlap-add,37.23263278818421,1.7630176332523457,425.1264240898773,0.06167877966888733,0.8048345650881626,0.39898155867441953,0.4218316344771565
subtle_modulation,vibrato_depth_0.75_rate_8,0.75 st / 8 Hz,0.75,8.0,12,rubber_band,Rubber Band,local hybrid spectral/time-domain proxy,44.763488451102596,1.7266841085633167,445.5458097758164,0.07437091024181663,0.7845090642530844,0.42038140509444444,0.42642045986311516
subtle_modulation,vibrato_depth_0.75_rate_8,0.75 st / 8 Hz,0.75,8.0,12,psola,PSOLA,local pitch-synchronous overlap-add,0.6365884307256052,0.4038221257468156,486.11631128141016,1.6218228451982898e-06,0.044480879083675554,0.4628999467761829,0.16912748256090124
subtle_modulation,vibrato_depth_0.75_rate_8,0.75 st / 8 Hz,0.75,8.0,-12,phase_vocoder,Phase Vocoder,local phase vocoder,0.8178398761724289,0.4890223234728664,109.68869171183975,0.0003070940181855847,0.09214310576967001,0.06839771390090989,0.0536159712295885
subtle_modulation,vibrato_depth_0.75_rate_8,0.75 st / 8 Hz,0.75,8.0,-12,wsola,WSOLA,local waveform-similarity overlap-add,593.9840493579676,2.0350519127180386,212.85729894321014,1.0,0.9570144876740772,0.17652008271631914,0.7111781901301321
subtle_modulation,vibrato_depth_0.75_rate_8,0.75 st / 8 Hz,0.75,8.0,-12,rubber_band,Rubber Band,local hybrid spectral/time-domain proxy,322.68354131758673,1.9508752063064432,220.0862343695019,0.542763581367568,0.9099248168781239,0.18409612394901143,0.5455948407315677
subtle_modulation,vibrato_depth_0.75_rate_8,0.75 st / 8 Hz,0.75,8.0,-12,psola,PSOLA,local pitch-synchronous overlap-add,0.7171582557907124,0.4767340923759708,219.62086456304635,0.00013741020941588573,0.08526889101733681,0.18360840886591157,0.08967157003088809
subtle_modulation,vibrato_depth_1_rate_8,1 st / 8 Hz,1.0,8.0,3,phase_vocoder,Phase Vocoder,local phase vocoder,0.75282063691471,0.36128422241987296,45.521979824829394,0.00019751381756178167,0.020684558825891174,0.0011499621428552372,0.007344011595436063
subtle_modulation,vibrato_depth_1_rate_8,1 st / 8 Hz,1.0,8.0,3,wsola,WSOLA,local waveform-similarity overlap-add,71.59629161919533,1.8769660226947327,269.7711411823509,0.11959358568414043,0.8685789472968724,0.23616670979040508,0.408113080923806
subtle_modulation,vibrato_depth_1_rate_8,1 st / 8 Hz,1.0,8.0,3,rubber_band,Rubber Band,local hybrid spectral/time-domain proxy,33.13751827990305,1.6553385793908482,253.34745989247727,0.05477707681111939,0.7445973401584501,0.21895442619576433,0.33944294772177797
subtle_modulation,vibrato_depth_1_rate_8,1 st / 8 Hz,1.0,8.0,3,psola,PSOLA,local pitch-synchronous overlap-add,0.7044737589569289,0.5258673848618234,818.7186539879747,0.000116032387655337,0.11275476765602381,0.8114725807591049,0.30811446026759465
subtle_modulation,vibrato_depth_1_rate_8,1 st / 8 Hz,1.0,8.0,7,phase_vocoder,Phase Vocoder,local phase vocoder,0.8049915832242068,0.5347703613479605,114.30710883216221,0.0002854401425787207,0.11773522186608021,0.07323788973179063,0.06375285058014986
subtle_modulation,vibrato_depth_1_rate_8,1 st / 8 Hz,1.0,8.0,7,wsola,WSOLA,local waveform-similarity overlap-add,117.90950363592826,1.9690042917201334,334.87631156564805,0.19764757589172086,0.9200664902739457,0.3043979812292665,0.47403734913164436
subtle_modulation,vibrato_depth_1_rate_8,1 st / 8 Hz,1.0,8.0,7,rubber_band,Rubber Band,local hybrid spectral/time-domain proxy,37.87686523820764,1.7680037977316772,341.18303556389515,0.06276453708358287,0.8076238978367988,0.31100752997141645,0.39379865496393274
subtle_modulation,vibrato_depth_1_rate_8,1 st / 8 Hz,1.0,8.0,7,psola,PSOLA,local pitch-synchronous overlap-add,0.6517452414685955,0.5019841053831784,888.6119134538636,2.7166359831405924e-05,0.09939411461885274,0.8847218469892307,0.3280477093226383
subtle_modulation,vibrato_depth_1_rate_8,1 st / 8 Hz,1.0,8.0,12,phase_vocoder,Phase Vocoder,local phase vocoder,0.813058137962806,0.5832680350051954,223.97389000699891,0.00029903511380092936,0.14486552411052847,0.18817044992805734,0.11111166971746224
subtle_modulation,vibrato_depth_1_rate_8,1 st / 8 Hz,1.0,8.0,12,wsola,WSOLA,local waveform-similarity overlap-add,26.779959938568258,1.676973707268098,433.0624409504815,0.044062363343623796,0.7567003445737869,0.4072986326851526,0.4026871135341878
subtle_modulation,vibrato_depth_1_rate_8,1 st / 8 Hz,1.0,8.0,12,rubber_band,Rubber Band,local hybrid spectral/time-domain proxy,35.97026865063068,1.6980391598819633,442.90194653455103,0.05955125376989755,0.7684846643819807,0.4176105936611902,0.41521550393768947
subtle_modulation,vibrato_depth_1_rate_8,1 st / 8 Hz,1.0,8.0,12,psola,PSOLA,local pitch-synchronous overlap-add,0.6366410482924529,0.42869844826716913,480.39171471408986,1.7105018823161256e-06,0.05839705480537193,0.4569004769957764,0.17176641410101023
subtle_modulation,vibrato_depth_1_rate_8,1 st / 8 Hz,1.0,8.0,-12,phase_vocoder,Phase Vocoder,local phase vocoder,0.7860450342872441,0.5019437151352227,110.75728892010858,0.00025350856882696237,0.09937151972816767,0.06951762105646979,0.05638088311782147
subtle_modulation,vibrato_depth_1_rate_8,1 st / 8 Hz,1.0,8.0,-12,wsola,WSOLA,local waveform-similarity overlap-add,589.8502184611958,2.0284896098638665,211.54504832283598,0.9930330464615618,0.9533434402520585,0.17514482284452357,0.7071737698527146
subtle_modulation,vibrato_depth_1_rate_8,1 st / 8 Hz,1.0,8.0,-12,rubber_band,Rubber Band,local hybrid spectral/time-domain proxy,418.8620396628236,1.9729159741770756,218.61095490532864,0.7048580516303213,0.9222547421907533,0.18255000721242104,0.6032209336778319
subtle_modulation,vibrato_depth_1_rate_8,1 st / 8 Hz,1.0,8.0,-12,psola,PSOLA,local pitch-synchronous overlap-add,0.7060602081208004,0.5019263451821278,219.27354107997454,0.00011870611038173552,0.09936180272440437,0.1832444082387564,0.09424163902451417
