policy_id,threshold,micro_bonus,micro_rms_threshold,micro_strength_threshold,case_count,fixed_danger_cases,adaptive_catastrophic_cases,avoided_fixed_danger_cases,missed_fixed_danger_cases,introduced_catastrophic_cases,phase_vocoder_count,psola_count,rubberband_count,wsola_count,mean_selected_stress,max_selected_stress,p90_selected_stress
thr0.50_bonus0.06_rms5_str0.30,0.5,0.06,5.0,0.3,144,81,0,81,0,0,49,67,28,0,0.25380951076241876,0.5120119242298234,0.43307225739806815
thr0.50_bonus0.06_rms5_str0.35,0.5,0.06,5.0,0.35,144,81,0,81,0,0,49,67,28,0,0.25380951076241876,0.5120119242298234,0.43307225739806815
thr0.50_bonus0.06_rms5_str0.40,0.5,0.06,5.0,0.4,144,81,0,81,0,0,49,67,28,0,0.25380951076241876,0.5120119242298234,0.43307225739806815
thr0.50_bonus0.08_rms5_str0.30,0.5,0.08,5.0,0.3,144,81,0,81,0,0,49,67,28,0,0.25380951076241876,0.5120119242298234,0.43307225739806815
thr0.50_bonus0.08_rms5_str0.35,0.5,0.08,5.0,0.35,144,81,0,81,0,0,49,67,28,0,0.25380951076241876,0.5120119242298234,0.43307225739806815
thr0.50_bonus0.08_rms5_str0.40,0.5,0.08,5.0,0.4,144,81,0,81,0,0,49,67,28,0,0.25380951076241876,0.5120119242298234,0.43307225739806815
thr0.55_bonus0.10_rms5_str0.30,0.55,0.1,5.0,0.3,144,81,0,81,0,0,49,67,28,0,0.25380951076241876,0.5120119242298234,0.43307225739806815
thr0.55_bonus0.10_rms5_str0.35,0.55,0.1,5.0,0.35,144,81,0,81,0,0,49,67,28,0,0.25380951076241876,0.5120119242298234,0.43307225739806815
thr0.55_bonus0.10_rms5_str0.40,0.55,0.1,5.0,0.4,144,81,0,81,0,0,49,67,28,0,0.25380951076241876,0.5120119242298234,0.43307225739806815
thr0.55_bonus0.12_rms5_str0.30,0.55,0.12,5.0,0.3,144,81,0,81,0,0,49,67,28,0,0.25380951076241876,0.5120119242298234,0.43307225739806815
thr0.55_bonus0.12_rms5_str0.35,0.55,0.12,5.0,0.35,144,81,0,81,0,0,49,67,28,0,0.25380951076241876,0.5120119242298234,0.43307225739806815
thr0.55_bonus0.12_rms5_str0.40,0.55,0.12,5.0,0.4,144,81,0,81,0,0,49,67,28,0,0.25380951076241876,0.5120119242298234,0.43307225739806815
thr0.50_bonus0.10_rms5_str0.30,0.5,0.1,5.0,0.3,144,81,0,81,0,0,54,62,28,0,0.24301650698646668,0.5120119242298234,0.43307225739806815
thr0.50_bonus0.10_rms5_str0.35,0.5,0.1,5.0,0.35,144,81,0,81,0,0,54,62,28,0,0.24301650698646668,0.5120119242298234,0.43307225739806815
thr0.50_bonus0.10_rms5_str0.40,0.5,0.1,5.0,0.4,144,81,0,81,0,0,54,62,28,0,0.24301650698646668,0.5120119242298234,0.43307225739806815
thr0.50_bonus0.12_rms5_str0.30,0.5,0.12,5.0,0.3,144,81,0,81,0,0,54,62,28,0,0.24301650698646668,0.5120119242298234,0.43307225739806815
thr0.50_bonus0.12_rms5_str0.35,0.5,0.12,5.0,0.35,144,81,0,81,0,0,54,62,28,0,0.24301650698646668,0.5120119242298234,0.43307225739806815
thr0.50_bonus0.12_rms5_str0.40,0.5,0.12,5.0,0.4,144,81,0,81,0,0,54,62,28,0,0.24301650698646668,0.5120119242298234,0.43307225739806815
thr0.50_bonus0.15_rms5_str0.30,0.5,0.15,5.0,0.3,144,81,0,81,0,0,54,62,28,0,0.24301650698646668,0.5120119242298234,0.43307225739806815
thr0.50_bonus0.15_rms5_str0.35,0.5,0.15,5.0,0.35,144,81,0,81,0,0,54,62,28,0,0.24301650698646668,0.5120119242298234,0.43307225739806815
thr0.50_bonus0.15_rms5_str0.40,0.5,0.15,5.0,0.4,144,81,0,81,0,0,54,62,28,0,0.24301650698646668,0.5120119242298234,0.43307225739806815
thr0.55_bonus0.15_rms5_str0.30,0.55,0.15,5.0,0.3,144,81,0,81,0,0,54,62,28,0,0.24301650698646668,0.5120119242298234,0.43307225739806815
thr0.55_bonus0.15_rms5_str0.35,0.55,0.15,5.0,0.35,144,81,0,81,0,0,54,62,28,0,0.24301650698646668,0.5120119242298234,0.43307225739806815
thr0.55_bonus0.15_rms5_str0.40,0.55,0.15,5.0,0.4,144,81,0,81,0,0,54,62,28,0,0.24301650698646668,0.5120119242298234,0.43307225739806815
thr0.55_bonus0.20_rms5_str0.30,0.55,0.2,5.0,0.3,144,81,0,81,0,0,54,62,28,0,0.24301650698646668,0.5120119242298234,0.43307225739806815
thr0.55_bonus0.20_rms5_str0.35,0.55,0.2,5.0,0.35,144,81,0,81,0,0,54,62,28,0,0.24301650698646668,0.5120119242298234,0.43307225739806815
thr0.55_bonus0.20_rms5_str0.40,0.55,0.2,5.0,0.4,144,81,0,81,0,0,54,62,28,0,0.24301650698646668,0.5120119242298234,0.43307225739806815
thr0.50_bonus0.06_rms2_str0.30,0.5,0.06,2.0,0.3,144,81,0,81,0,0,59,67,18,0,0.22720254662818057,0.5120119242298234,0.3823508817496397
thr0.50_bonus0.06_rms2_str0.35,0.5,0.06,2.0,0.35,144,81,0,81,0,0,59,67,18,0,0.22720254662818057,0.5120119242298234,0.3823508817496397
thr0.50_bonus0.06_rms2_str0.40,0.5,0.06,2.0,0.4,144,81,0,81,0,0,59,67,18,0,0.22720254662818057,0.5120119242298234,0.3823508817496397
thr0.50_bonus0.08_rms2_str0.30,0.5,0.08,2.0,0.3,144,81,0,81,0,0,59,67,18,0,0.22720254662818057,0.5120119242298234,0.3823508817496397
thr0.50_bonus0.08_rms2_str0.35,0.5,0.08,2.0,0.35,144,81,0,81,0,0,59,67,18,0,0.22720254662818057,0.5120119242298234,0.3823508817496397
thr0.50_bonus0.08_rms2_str0.40,0.5,0.08,2.0,0.4,144,81,0,81,0,0,59,67,18,0,0.22720254662818057,0.5120119242298234,0.3823508817496397
thr0.55_bonus0.10_rms2_str0.30,0.55,0.1,2.0,0.3,144,81,0,81,0,0,59,67,18,0,0.22720254662818057,0.5120119242298234,0.3823508817496397
thr0.55_bonus0.10_rms2_str0.35,0.55,0.1,2.0,0.35,144,81,0,81,0,0,59,67,18,0,0.22720254662818057,0.5120119242298234,0.3823508817496397
thr0.55_bonus0.10_rms2_str0.40,0.55,0.1,2.0,0.4,144,81,0,81,0,0,59,67,18,0,0.22720254662818057,0.5120119242298234,0.3823508817496397
thr0.55_bonus0.12_rms2_str0.30,0.55,0.12,2.0,0.3,144,81,0,81,0,0,59,67,18,0,0.22720254662818057,0.5120119242298234,0.3823508817496397
thr0.55_bonus0.12_rms2_str0.35,0.55,0.12,2.0,0.35,144,81,0,81,0,0,59,67,18,0,0.22720254662818057,0.5120119242298234,0.3823508817496397
thr0.55_bonus0.12_rms2_str0.40,0.55,0.12,2.0,0.4,144,81,0,81,0,0,59,67,18,0,0.22720254662818057,0.5120119242298234,0.3823508817496397
thr0.50_bonus0.10_rms2_str0.30,0.5,0.1,2.0,0.3,144,81,0,81,0,0,64,62,18,0,0.21640954285222852,0.5120119242298234,0.3823508817496397
thr0.50_bonus0.10_rms2_str0.35,0.5,0.1,2.0,0.35,144,81,0,81,0,0,64,62,18,0,0.21640954285222852,0.5120119242298234,0.3823508817496397
thr0.50_bonus0.10_rms2_str0.40,0.5,0.1,2.0,0.4,144,81,0,81,0,0,64,62,18,0,0.21640954285222852,0.5120119242298234,0.3823508817496397
thr0.50_bonus0.12_rms2_str0.30,0.5,0.12,2.0,0.3,144,81,0,81,0,0,64,62,18,0,0.21640954285222852,0.5120119242298234,0.3823508817496397
thr0.50_bonus0.12_rms2_str0.35,0.5,0.12,2.0,0.35,144,81,0,81,0,0,64,62,18,0,0.21640954285222852,0.5120119242298234,0.3823508817496397
thr0.50_bonus0.12_rms2_str0.40,0.5,0.12,2.0,0.4,144,81,0,81,0,0,64,62,18,0,0.21640954285222852,0.5120119242298234,0.3823508817496397
thr0.50_bonus0.15_rms2_str0.30,0.5,0.15,2.0,0.3,144,81,0,81,0,0,64,62,18,0,0.21640954285222852,0.5120119242298234,0.3823508817496397
thr0.50_bonus0.15_rms2_str0.35,0.5,0.15,2.0,0.35,144,81,0,81,0,0,64,62,18,0,0.21640954285222852,0.5120119242298234,0.3823508817496397
thr0.50_bonus0.15_rms2_str0.40,0.5,0.15,2.0,0.4,144,81,0,81,0,0,64,62,18,0,0.21640954285222852,0.5120119242298234,0.3823508817496397
thr0.55_bonus0.15_rms2_str0.30,0.55,0.15,2.0,0.3,144,81,0,81,0,0,64,62,18,0,0.21640954285222852,0.5120119242298234,0.3823508817496397
thr0.55_bonus0.15_rms2_str0.35,0.55,0.15,2.0,0.35,144,81,0,81,0,0,64,62,18,0,0.21640954285222852,0.5120119242298234,0.3823508817496397
thr0.55_bonus0.15_rms2_str0.40,0.55,0.15,2.0,0.4,144,81,0,81,0,0,64,62,18,0,0.21640954285222852,0.5120119242298234,0.3823508817496397
thr0.55_bonus0.20_rms2_str0.30,0.55,0.2,2.0,0.3,144,81,0,81,0,0,64,62,18,0,0.21640954285222852,0.5120119242298234,0.3823508817496397
thr0.55_bonus0.20_rms2_str0.35,0.55,0.2,2.0,0.35,144,81,0,81,0,0,64,62,18,0,0.21640954285222852,0.5120119242298234,0.3823508817496397
thr0.55_bonus0.20_rms2_str0.40,0.55,0.2,2.0,0.4,144,81,0,81,0,0,64,62,18,0,0.21640954285222852,0.5120119242298234,0.3823508817496397
thr0.50_bonus0.06_rms1_str0.30,0.5,0.06,1.0,0.3,144,81,0,81,0,0,67,67,10,0,0.20578838471024616,0.5021038879452818,0.3335430621766117
thr0.50_bonus0.06_rms1_str0.35,0.5,0.06,1.0,0.35,144,81,0,81,0,0,67,67,10,0,0.20578838471024616,0.5021038879452818,0.3335430621766117
thr0.50_bonus0.06_rms1_str0.40,0.5,0.06,1.0,0.4,144,81,0,81,0,0,67,67,10,0,0.20578838471024616,0.5021038879452818,0.3335430621766117
thr0.50_bonus0.08_rms1_str0.30,0.5,0.08,1.0,0.3,144,81,0,81,0,0,67,67,10,0,0.20578838471024616,0.5021038879452818,0.3335430621766117
thr0.50_bonus0.08_rms1_str0.35,0.5,0.08,1.0,0.35,144,81,0,81,0,0,67,67,10,0,0.20578838471024616,0.5021038879452818,0.3335430621766117
thr0.50_bonus0.08_rms1_str0.40,0.5,0.08,1.0,0.4,144,81,0,81,0,0,67,67,10,0,0.20578838471024616,0.5021038879452818,0.3335430621766117
thr0.55_bonus0.10_rms1_str0.30,0.55,0.1,1.0,0.3,144,81,0,81,0,0,67,67,10,0,0.20578838471024616,0.5021038879452818,0.3335430621766117
thr0.55_bonus0.10_rms1_str0.35,0.55,0.1,1.0,0.35,144,81,0,81,0,0,67,67,10,0,0.20578838471024616,0.5021038879452818,0.3335430621766117
thr0.55_bonus0.10_rms1_str0.40,0.55,0.1,1.0,0.4,144,81,0,81,0,0,67,67,10,0,0.20578838471024616,0.5021038879452818,0.3335430621766117
thr0.55_bonus0.12_rms1_str0.30,0.55,0.12,1.0,0.3,144,81,0,81,0,0,67,67,10,0,0.20578838471024616,0.5021038879452818,0.3335430621766117
thr0.55_bonus0.12_rms1_str0.35,0.55,0.12,1.0,0.35,144,81,0,81,0,0,67,67,10,0,0.20578838471024616,0.5021038879452818,0.3335430621766117
thr0.55_bonus0.12_rms1_str0.40,0.55,0.12,1.0,0.4,144,81,0,81,0,0,67,67,10,0,0.20578838471024616,0.5021038879452818,0.3335430621766117
thr0.50_bonus0.06_rms0.5_str0.30,0.5,0.06,0.5,0.3,144,81,0,81,0,0,69,67,8,0,0.200499492211761,0.5021038879452818,0.32774074132021536
thr0.50_bonus0.06_rms0.5_str0.35,0.5,0.06,0.5,0.35,144,81,0,81,0,0,69,67,8,0,0.200499492211761,0.5021038879452818,0.32774074132021536
thr0.50_bonus0.06_rms0.5_str0.40,0.5,0.06,0.5,0.4,144,81,0,81,0,0,69,67,8,0,0.200499492211761,0.5021038879452818,0.32774074132021536
thr0.50_bonus0.06_rms0.7_str0.30,0.5,0.06,0.7,0.3,144,81,0,81,0,0,69,67,8,0,0.200499492211761,0.5021038879452818,0.32774074132021536
thr0.50_bonus0.06_rms0.7_str0.35,0.5,0.06,0.7,0.35,144,81,0,81,0,0,69,67,8,0,0.200499492211761,0.5021038879452818,0.32774074132021536
thr0.50_bonus0.06_rms0.7_str0.40,0.5,0.06,0.7,0.4,144,81,0,81,0,0,69,67,8,0,0.200499492211761,0.5021038879452818,0.32774074132021536
thr0.50_bonus0.08_rms0.5_str0.30,0.5,0.08,0.5,0.3,144,81,0,81,0,0,69,67,8,0,0.200499492211761,0.5021038879452818,0.32774074132021536
thr0.50_bonus0.08_rms0.5_str0.35,0.5,0.08,0.5,0.35,144,81,0,81,0,0,69,67,8,0,0.200499492211761,0.5021038879452818,0.32774074132021536
thr0.50_bonus0.08_rms0.5_str0.40,0.5,0.08,0.5,0.4,144,81,0,81,0,0,69,67,8,0,0.200499492211761,0.5021038879452818,0.32774074132021536
thr0.50_bonus0.08_rms0.7_str0.30,0.5,0.08,0.7,0.3,144,81,0,81,0,0,69,67,8,0,0.200499492211761,0.5021038879452818,0.32774074132021536
thr0.50_bonus0.08_rms0.7_str0.35,0.5,0.08,0.7,0.35,144,81,0,81,0,0,69,67,8,0,0.200499492211761,0.5021038879452818,0.32774074132021536
thr0.50_bonus0.08_rms0.7_str0.40,0.5,0.08,0.7,0.4,144,81,0,81,0,0,69,67,8,0,0.200499492211761,0.5021038879452818,0.32774074132021536
thr0.55_bonus0.10_rms0.5_str0.30,0.55,0.1,0.5,0.3,144,81,0,81,0,0,69,67,8,0,0.200499492211761,0.5021038879452818,0.32774074132021536
thr0.55_bonus0.10_rms0.5_str0.35,0.55,0.1,0.5,0.35,144,81,0,81,0,0,69,67,8,0,0.200499492211761,0.5021038879452818,0.32774074132021536
thr0.55_bonus0.10_rms0.5_str0.40,0.55,0.1,0.5,0.4,144,81,0,81,0,0,69,67,8,0,0.200499492211761,0.5021038879452818,0.32774074132021536
thr0.55_bonus0.10_rms0.7_str0.30,0.55,0.1,0.7,0.3,144,81,0,81,0,0,69,67,8,0,0.200499492211761,0.5021038879452818,0.32774074132021536
thr0.55_bonus0.10_rms0.7_str0.35,0.55,0.1,0.7,0.35,144,81,0,81,0,0,69,67,8,0,0.200499492211761,0.5021038879452818,0.32774074132021536
thr0.55_bonus0.10_rms0.7_str0.40,0.55,0.1,0.7,0.4,144,81,0,81,0,0,69,67,8,0,0.200499492211761,0.5021038879452818,0.32774074132021536
thr0.55_bonus0.12_rms0.5_str0.30,0.55,0.12,0.5,0.3,144,81,0,81,0,0,69,67,8,0,0.200499492211761,0.5021038879452818,0.32774074132021536
thr0.55_bonus0.12_rms0.5_str0.35,0.55,0.12,0.5,0.35,144,81,0,81,0,0,69,67,8,0,0.200499492211761,0.5021038879452818,0.32774074132021536
thr0.55_bonus0.12_rms0.5_str0.40,0.55,0.12,0.5,0.4,144,81,0,81,0,0,69,67,8,0,0.200499492211761,0.5021038879452818,0.32774074132021536
thr0.55_bonus0.12_rms0.7_str0.30,0.55,0.12,0.7,0.3,144,81,0,81,0,0,69,67,8,0,0.200499492211761,0.5021038879452818,0.32774074132021536
thr0.55_bonus0.12_rms0.7_str0.35,0.55,0.12,0.7,0.35,144,81,0,81,0,0,69,67,8,0,0.200499492211761,0.5021038879452818,0.32774074132021536
thr0.55_bonus0.12_rms0.7_str0.40,0.55,0.12,0.7,0.4,144,81,0,81,0,0,69,67,8,0,0.200499492211761,0.5021038879452818,0.32774074132021536
thr0.50_bonus0.20_rms5_str0.30,0.5,0.2,5.0,0.3,144,81,0,81,0,0,71,45,28,0,0.20993676602006123,0.5120119242298234,0.43307225739806815
thr0.50_bonus0.20_rms5_str0.35,0.5,0.2,5.0,0.35,144,81,0,81,0,0,71,45,28,0,0.20993676602006123,0.5120119242298234,0.43307225739806815
thr0.50_bonus0.20_rms5_str0.40,0.5,0.2,5.0,0.4,144,81,0,81,0,0,71,45,28,0,0.20993676602006123,0.5120119242298234,0.43307225739806815
thr0.50_bonus0.10_rms1_str0.30,0.5,0.1,1.0,0.3,144,81,0,81,0,0,72,62,10,0,0.1949953809342941,0.5021038879452818,0.3335430621766117
thr0.50_bonus0.10_rms1_str0.35,0.5,0.1,1.0,0.35,144,81,0,81,0,0,72,62,10,0,0.1949953809342941,0.5021038879452818,0.3335430621766117
thr0.50_bonus0.10_rms1_str0.40,0.5,0.1,1.0,0.4,144,81,0,81,0,0,72,62,10,0,0.1949953809342941,0.5021038879452818,0.3335430621766117
thr0.50_bonus0.12_rms1_str0.30,0.5,0.12,1.0,0.3,144,81,0,81,0,0,72,62,10,0,0.1949953809342941,0.5021038879452818,0.3335430621766117
thr0.50_bonus0.12_rms1_str0.35,0.5,0.12,1.0,0.35,144,81,0,81,0,0,72,62,10,0,0.1949953809342941,0.5021038879452818,0.3335430621766117
thr0.50_bonus0.12_rms1_str0.40,0.5,0.12,1.0,0.4,144,81,0,81,0,0,72,62,10,0,0.1949953809342941,0.5021038879452818,0.3335430621766117
thr0.50_bonus0.15_rms1_str0.30,0.5,0.15,1.0,0.3,144,81,0,81,0,0,72,62,10,0,0.1949953809342941,0.5021038879452818,0.3335430621766117
thr0.50_bonus0.15_rms1_str0.35,0.5,0.15,1.0,0.35,144,81,0,81,0,0,72,62,10,0,0.1949953809342941,0.5021038879452818,0.3335430621766117
thr0.50_bonus0.15_rms1_str0.40,0.5,0.15,1.0,0.4,144,81,0,81,0,0,72,62,10,0,0.1949953809342941,0.5021038879452818,0.3335430621766117
thr0.55_bonus0.15_rms1_str0.30,0.55,0.15,1.0,0.3,144,81,0,81,0,0,72,62,10,0,0.1949953809342941,0.5021038879452818,0.3335430621766117
thr0.55_bonus0.15_rms1_str0.35,0.55,0.15,1.0,0.35,144,81,0,81,0,0,72,62,10,0,0.1949953809342941,0.5021038879452818,0.3335430621766117
thr0.55_bonus0.15_rms1_str0.40,0.55,0.15,1.0,0.4,144,81,0,81,0,0,72,62,10,0,0.1949953809342941,0.5021038879452818,0.3335430621766117
thr0.55_bonus0.20_rms1_str0.30,0.55,0.2,1.0,0.3,144,81,0,81,0,0,72,62,10,0,0.1949953809342941,0.5021038879452818,0.3335430621766117
thr0.55_bonus0.20_rms1_str0.35,0.55,0.2,1.0,0.35,144,81,0,81,0,0,72,62,10,0,0.1949953809342941,0.5021038879452818,0.3335430621766117
thr0.55_bonus0.20_rms1_str0.40,0.55,0.2,1.0,0.4,144,81,0,81,0,0,72,62,10,0,0.1949953809342941,0.5021038879452818,0.3335430621766117
thr0.50_bonus0.10_rms0.5_str0.30,0.5,0.1,0.5,0.3,144,81,0,81,0,0,74,62,8,0,0.18970648843580898,0.5021038879452818,0.32774074132021536
thr0.50_bonus0.10_rms0.5_str0.35,0.5,0.1,0.5,0.35,144,81,0,81,0,0,74,62,8,0,0.18970648843580898,0.5021038879452818,0.32774074132021536
thr0.50_bonus0.10_rms0.5_str0.40,0.5,0.1,0.5,0.4,144,81,0,81,0,0,74,62,8,0,0.18970648843580898,0.5021038879452818,0.32774074132021536
thr0.50_bonus0.10_rms0.7_str0.30,0.5,0.1,0.7,0.3,144,81,0,81,0,0,74,62,8,0,0.18970648843580898,0.5021038879452818,0.32774074132021536
thr0.50_bonus0.10_rms0.7_str0.35,0.5,0.1,0.7,0.35,144,81,0,81,0,0,74,62,8,0,0.18970648843580898,0.5021038879452818,0.32774074132021536
thr0.50_bonus0.10_rms0.7_str0.40,0.5,0.1,0.7,0.4,144,81,0,81,0,0,74,62,8,0,0.18970648843580898,0.5021038879452818,0.32774074132021536
thr0.50_bonus0.12_rms0.5_str0.30,0.5,0.12,0.5,0.3,144,81,0,81,0,0,74,62,8,0,0.18970648843580898,0.5021038879452818,0.32774074132021536
thr0.50_bonus0.12_rms0.5_str0.35,0.5,0.12,0.5,0.35,144,81,0,81,0,0,74,62,8,0,0.18970648843580898,0.5021038879452818,0.32774074132021536
thr0.50_bonus0.12_rms0.5_str0.40,0.5,0.12,0.5,0.4,144,81,0,81,0,0,74,62,8,0,0.18970648843580898,0.5021038879452818,0.32774074132021536
thr0.50_bonus0.12_rms0.7_str0.30,0.5,0.12,0.7,0.3,144,81,0,81,0,0,74,62,8,0,0.18970648843580898,0.5021038879452818,0.32774074132021536
thr0.50_bonus0.12_rms0.7_str0.35,0.5,0.12,0.7,0.35,144,81,0,81,0,0,74,62,8,0,0.18970648843580898,0.5021038879452818,0.32774074132021536
thr0.50_bonus0.12_rms0.7_str0.40,0.5,0.12,0.7,0.4,144,81,0,81,0,0,74,62,8,0,0.18970648843580898,0.5021038879452818,0.32774074132021536
thr0.50_bonus0.15_rms0.5_str0.30,0.5,0.15,0.5,0.3,144,81,0,81,0,0,74,62,8,0,0.18970648843580898,0.5021038879452818,0.32774074132021536
thr0.50_bonus0.15_rms0.5_str0.35,0.5,0.15,0.5,0.35,144,81,0,81,0,0,74,62,8,0,0.18970648843580898,0.5021038879452818,0.32774074132021536
thr0.50_bonus0.15_rms0.5_str0.40,0.5,0.15,0.5,0.4,144,81,0,81,0,0,74,62,8,0,0.18970648843580898,0.5021038879452818,0.32774074132021536
thr0.50_bonus0.15_rms0.7_str0.30,0.5,0.15,0.7,0.3,144,81,0,81,0,0,74,62,8,0,0.18970648843580898,0.5021038879452818,0.32774074132021536
thr0.50_bonus0.15_rms0.7_str0.35,0.5,0.15,0.7,0.35,144,81,0,81,0,0,74,62,8,0,0.18970648843580898,0.5021038879452818,0.32774074132021536
thr0.50_bonus0.15_rms0.7_str0.40,0.5,0.15,0.7,0.4,144,81,0,81,0,0,74,62,8,0,0.18970648843580898,0.5021038879452818,0.32774074132021536
thr0.55_bonus0.15_rms0.5_str0.30,0.55,0.15,0.5,0.3,144,81,0,81,0,0,74,62,8,0,0.18970648843580898,0.5021038879452818,0.32774074132021536
thr0.55_bonus0.15_rms0.5_str0.35,0.55,0.15,0.5,0.35,144,81,0,81,0,0,74,62,8,0,0.18970648843580898,0.5021038879452818,0.32774074132021536
thr0.55_bonus0.15_rms0.5_str0.40,0.55,0.15,0.5,0.4,144,81,0,81,0,0,74,62,8,0,0.18970648843580898,0.5021038879452818,0.32774074132021536
thr0.55_bonus0.15_rms0.7_str0.30,0.55,0.15,0.7,0.3,144,81,0,81,0,0,74,62,8,0,0.18970648843580898,0.5021038879452818,0.32774074132021536
thr0.55_bonus0.15_rms0.7_str0.35,0.55,0.15,0.7,0.35,144,81,0,81,0,0,74,62,8,0,0.18970648843580898,0.5021038879452818,0.32774074132021536
thr0.55_bonus0.15_rms0.7_str0.40,0.55,0.15,0.7,0.4,144,81,0,81,0,0,74,62,8,0,0.18970648843580898,0.5021038879452818,0.32774074132021536
thr0.55_bonus0.20_rms0.5_str0.30,0.55,0.2,0.5,0.3,144,81,0,81,0,0,74,62,8,0,0.18970648843580898,0.5021038879452818,0.32774074132021536
thr0.55_bonus0.20_rms0.5_str0.35,0.55,0.2,0.5,0.35,144,81,0,81,0,0,74,62,8,0,0.18970648843580898,0.5021038879452818,0.32774074132021536
thr0.55_bonus0.20_rms0.5_str0.40,0.55,0.2,0.5,0.4,144,81,0,81,0,0,74,62,8,0,0.18970648843580898,0.5021038879452818,0.32774074132021536
thr0.55_bonus0.20_rms0.7_str0.30,0.55,0.2,0.7,0.3,144,81,0,81,0,0,74,62,8,0,0.18970648843580898,0.5021038879452818,0.32774074132021536
thr0.55_bonus0.20_rms0.7_str0.35,0.55,0.2,0.7,0.35,144,81,0,81,0,0,74,62,8,0,0.18970648843580898,0.5021038879452818,0.32774074132021536
thr0.55_bonus0.20_rms0.7_str0.40,0.55,0.2,0.7,0.4,144,81,0,81,0,0,74,62,8,0,0.18970648843580898,0.5021038879452818,0.32774074132021536
thr0.45_bonus0.00_rms0.5_str0.30,0.45,0.0,0.5,0.3,144,81,0,81,0,0,77,67,0,0,0.17963031431997833,0.3580686979345802,0.31860553267272124
thr0.45_bonus0.00_rms0.5_str0.35,0.45,0.0,0.5,0.35,144,81,0,81,0,0,77,67,0,0,0.17963031431997833,0.3580686979345802,0.31860553267272124
thr0.45_bonus0.00_rms0.5_str0.40,0.45,0.0,0.5,0.4,144,81,0,81,0,0,77,67,0,0,0.17963031431997833,0.3580686979345802,0.31860553267272124
thr0.45_bonus0.00_rms0.7_str0.30,0.45,0.0,0.7,0.3,144,81,0,81,0,0,77,67,0,0,0.17963031431997833,0.3580686979345802,0.31860553267272124
thr0.45_bonus0.00_rms0.7_str0.35,0.45,0.0,0.7,0.35,144,81,0,81,0,0,77,67,0,0,0.17963031431997833,0.3580686979345802,0.31860553267272124
thr0.45_bonus0.00_rms0.7_str0.40,0.45,0.0,0.7,0.4,144,81,0,81,0,0,77,67,0,0,0.17963031431997833,0.3580686979345802,0.31860553267272124
thr0.45_bonus0.00_rms1_str0.30,0.45,0.0,1.0,0.3,144,81,0,81,0,0,77,67,0,0,0.17963031431997833,0.3580686979345802,0.31860553267272124
thr0.45_bonus0.00_rms1_str0.35,0.45,0.0,1.0,0.35,144,81,0,81,0,0,77,67,0,0,0.17963031431997833,0.3580686979345802,0.31860553267272124
thr0.45_bonus0.00_rms1_str0.40,0.45,0.0,1.0,0.4,144,81,0,81,0,0,77,67,0,0,0.17963031431997833,0.3580686979345802,0.31860553267272124
thr0.45_bonus0.00_rms2_str0.30,0.45,0.0,2.0,0.3,144,81,0,81,0,0,77,67,0,0,0.17963031431997833,0.3580686979345802,0.31860553267272124
thr0.45_bonus0.00_rms2_str0.35,0.45,0.0,2.0,0.35,144,81,0,81,0,0,77,67,0,0,0.17963031431997833,0.3580686979345802,0.31860553267272124
thr0.45_bonus0.00_rms2_str0.40,0.45,0.0,2.0,0.4,144,81,0,81,0,0,77,67,0,0,0.17963031431997833,0.3580686979345802,0.31860553267272124
thr0.45_bonus0.00_rms5_str0.30,0.45,0.0,5.0,0.3,144,81,0,81,0,0,77,67,0,0,0.17963031431997833,0.3580686979345802,0.31860553267272124
thr0.45_bonus0.00_rms5_str0.35,0.45,0.0,5.0,0.35,144,81,0,81,0,0,77,67,0,0,0.17963031431997833,0.3580686979345802,0.31860553267272124
thr0.45_bonus0.00_rms5_str0.40,0.45,0.0,5.0,0.4,144,81,0,81,0,0,77,67,0,0,0.17963031431997833,0.3580686979345802,0.31860553267272124
thr0.45_bonus0.00_rms10_str0.30,0.45,0.0,10.0,0.3,144,81,0,81,0,0,77,67,0,0,0.17963031431997833,0.3580686979345802,0.31860553267272124
thr0.45_bonus0.00_rms10_str0.35,0.45,0.0,10.0,0.35,144,81,0,81,0,0,77,67,0,0,0.17963031431997833,0.3580686979345802,0.31860553267272124
thr0.45_bonus0.00_rms10_str0.40,0.45,0.0,10.0,0.4,144,81,0,81,0,0,77,67,0,0,0.17963031431997833,0.3580686979345802,0.31860553267272124
thr0.45_bonus0.00_rms20_str0.30,0.45,0.0,20.0,0.3,144,81,0,81,0,0,77,67,0,0,0.17963031431997833,0.3580686979345802,0.31860553267272124
thr0.45_bonus0.00_rms20_str0.35,0.45,0.0,20.0,0.35,144,81,0,81,0,0,77,67,0,0,0.17963031431997833,0.3580686979345802,0.31860553267272124
thr0.45_bonus0.00_rms20_str0.40,0.45,0.0,20.0,0.4,144,81,0,81,0,0,77,67,0,0,0.17963031431997833,0.3580686979345802,0.31860553267272124
thr0.45_bonus0.04_rms0.5_str0.30,0.45,0.04,0.5,0.3,144,81,0,81,0,0,77,67,0,0,0.17963031431997833,0.3580686979345802,0.31860553267272124
thr0.45_bonus0.04_rms0.5_str0.35,0.45,0.04,0.5,0.35,144,81,0,81,0,0,77,67,0,0,0.17963031431997833,0.3580686979345802,0.31860553267272124
thr0.45_bonus0.04_rms0.5_str0.40,0.45,0.04,0.5,0.4,144,81,0,81,0,0,77,67,0,0,0.17963031431997833,0.3580686979345802,0.31860553267272124
thr0.45_bonus0.04_rms0.7_str0.30,0.45,0.04,0.7,0.3,144,81,0,81,0,0,77,67,0,0,0.17963031431997833,0.3580686979345802,0.31860553267272124
thr0.45_bonus0.04_rms0.7_str0.35,0.45,0.04,0.7,0.35,144,81,0,81,0,0,77,67,0,0,0.17963031431997833,0.3580686979345802,0.31860553267272124
thr0.45_bonus0.04_rms0.7_str0.40,0.45,0.04,0.7,0.4,144,81,0,81,0,0,77,67,0,0,0.17963031431997833,0.3580686979345802,0.31860553267272124
thr0.45_bonus0.04_rms1_str0.30,0.45,0.04,1.0,0.3,144,81,0,81,0,0,77,67,0,0,0.17963031431997833,0.3580686979345802,0.31860553267272124
thr0.45_bonus0.04_rms1_str0.35,0.45,0.04,1.0,0.35,144,81,0,81,0,0,77,67,0,0,0.17963031431997833,0.3580686979345802,0.31860553267272124
thr0.45_bonus0.04_rms1_str0.40,0.45,0.04,1.0,0.4,144,81,0,81,0,0,77,67,0,0,0.17963031431997833,0.3580686979345802,0.31860553267272124
thr0.45_bonus0.04_rms2_str0.30,0.45,0.04,2.0,0.3,144,81,0,81,0,0,77,67,0,0,0.17963031431997833,0.3580686979345802,0.31860553267272124
thr0.45_bonus0.04_rms2_str0.35,0.45,0.04,2.0,0.35,144,81,0,81,0,0,77,67,0,0,0.17963031431997833,0.3580686979345802,0.31860553267272124
thr0.45_bonus0.04_rms2_str0.40,0.45,0.04,2.0,0.4,144,81,0,81,0,0,77,67,0,0,0.17963031431997833,0.3580686979345802,0.31860553267272124
thr0.45_bonus0.04_rms5_str0.30,0.45,0.04,5.0,0.3,144,81,0,81,0,0,77,67,0,0,0.17963031431997833,0.3580686979345802,0.31860553267272124
thr0.45_bonus0.04_rms5_str0.35,0.45,0.04,5.0,0.35,144,81,0,81,0,0,77,67,0,0,0.17963031431997833,0.3580686979345802,0.31860553267272124
thr0.45_bonus0.04_rms5_str0.40,0.45,0.04,5.0,0.4,144,81,0,81,0,0,77,67,0,0,0.17963031431997833,0.3580686979345802,0.31860553267272124
thr0.45_bonus0.04_rms10_str0.30,0.45,0.04,10.0,0.3,144,81,0,81,0,0,77,67,0,0,0.17963031431997833,0.3580686979345802,0.31860553267272124
thr0.45_bonus0.04_rms10_str0.35,0.45,0.04,10.0,0.35,144,81,0,81,0,0,77,67,0,0,0.17963031431997833,0.3580686979345802,0.31860553267272124
thr0.45_bonus0.04_rms10_str0.40,0.45,0.04,10.0,0.4,144,81,0,81,0,0,77,67,0,0,0.17963031431997833,0.3580686979345802,0.31860553267272124
thr0.45_bonus0.04_rms20_str0.30,0.45,0.04,20.0,0.3,144,81,0,81,0,0,77,67,0,0,0.17963031431997833,0.3580686979345802,0.31860553267272124
thr0.45_bonus0.04_rms20_str0.35,0.45,0.04,20.0,0.35,144,81,0,81,0,0,77,67,0,0,0.17963031431997833,0.3580686979345802,0.31860553267272124
thr0.45_bonus0.04_rms20_str0.40,0.45,0.04,20.0,0.4,144,81,0,81,0,0,77,67,0,0,0.17963031431997833,0.3580686979345802,0.31860553267272124
thr0.36_bonus0.00_rms0.5_str0.30,0.36,0.0,0.5,0.3,144,81,0,81,0,0,82,62,0,0,0.16883731054402634,0.3580686979345802,0.317619310605528
thr0.36_bonus0.00_rms0.5_str0.35,0.36,0.0,0.5,0.35,144,81,0,81,0,0,82,62,0,0,0.16883731054402634,0.3580686979345802,0.317619310605528
thr0.36_bonus0.00_rms0.5_str0.40,0.36,0.0,0.5,0.4,144,81,0,81,0,0,82,62,0,0,0.16883731054402634,0.3580686979345802,0.317619310605528
thr0.36_bonus0.00_rms0.7_str0.30,0.36,0.0,0.7,0.3,144,81,0,81,0,0,82,62,0,0,0.16883731054402634,0.3580686979345802,0.317619310605528
thr0.36_bonus0.00_rms0.7_str0.35,0.36,0.0,0.7,0.35,144,81,0,81,0,0,82,62,0,0,0.16883731054402634,0.3580686979345802,0.317619310605528
thr0.36_bonus0.00_rms0.7_str0.40,0.36,0.0,0.7,0.4,144,81,0,81,0,0,82,62,0,0,0.16883731054402634,0.3580686979345802,0.317619310605528
thr0.36_bonus0.00_rms1_str0.30,0.36,0.0,1.0,0.3,144,81,0,81,0,0,82,62,0,0,0.16883731054402634,0.3580686979345802,0.317619310605528
thr0.36_bonus0.00_rms1_str0.35,0.36,0.0,1.0,0.35,144,81,0,81,0,0,82,62,0,0,0.16883731054402634,0.3580686979345802,0.317619310605528
thr0.36_bonus0.00_rms1_str0.40,0.36,0.0,1.0,0.4,144,81,0,81,0,0,82,62,0,0,0.16883731054402634,0.3580686979345802,0.317619310605528
thr0.36_bonus0.00_rms2_str0.30,0.36,0.0,2.0,0.3,144,81,0,81,0,0,82,62,0,0,0.16883731054402634,0.3580686979345802,0.317619310605528
thr0.36_bonus0.00_rms2_str0.35,0.36,0.0,2.0,0.35,144,81,0,81,0,0,82,62,0,0,0.16883731054402634,0.3580686979345802,0.317619310605528
thr0.36_bonus0.00_rms2_str0.40,0.36,0.0,2.0,0.4,144,81,0,81,0,0,82,62,0,0,0.16883731054402634,0.3580686979345802,0.317619310605528
thr0.36_bonus0.00_rms5_str0.30,0.36,0.0,5.0,0.3,144,81,0,81,0,0,82,62,0,0,0.16883731054402634,0.3580686979345802,0.317619310605528
thr0.36_bonus0.00_rms5_str0.35,0.36,0.0,5.0,0.35,144,81,0,81,0,0,82,62,0,0,0.16883731054402634,0.3580686979345802,0.317619310605528
thr0.36_bonus0.00_rms5_str0.40,0.36,0.0,5.0,0.4,144,81,0,81,0,0,82,62,0,0,0.16883731054402634,0.3580686979345802,0.317619310605528
thr0.36_bonus0.00_rms10_str0.30,0.36,0.0,10.0,0.3,144,81,0,81,0,0,82,62,0,0,0.16883731054402634,0.3580686979345802,0.317619310605528
thr0.36_bonus0.00_rms10_str0.35,0.36,0.0,10.0,0.35,144,81,0,81,0,0,82,62,0,0,0.16883731054402634,0.3580686979345802,0.317619310605528
thr0.36_bonus0.00_rms10_str0.40,0.36,0.0,10.0,0.4,144,81,0,81,0,0,82,62,0,0,0.16883731054402634,0.3580686979345802,0.317619310605528
thr0.36_bonus0.00_rms20_str0.30,0.36,0.0,20.0,0.3,144,81,0,81,0,0,82,62,0,0,0.16883731054402634,0.3580686979345802,0.317619310605528
thr0.36_bonus0.00_rms20_str0.35,0.36,0.0,20.0,0.35,144,81,0,81,0,0,82,62,0,0,0.16883731054402634,0.3580686979345802,0.317619310605528
thr0.36_bonus0.00_rms20_str0.40,0.36,0.0,20.0,0.4,144,81,0,81,0,0,82,62,0,0,0.16883731054402634,0.3580686979345802,0.317619310605528
thr0.40_bonus0.00_rms0.5_str0.30,0.4,0.0,0.5,0.3,144,81,0,81,0,0,82,62,0,0,0.16883731054402634,0.3580686979345802,0.317619310605528
thr0.40_bonus0.00_rms0.5_str0.35,0.4,0.0,0.5,0.35,144,81,0,81,0,0,82,62,0,0,0.16883731054402634,0.3580686979345802,0.317619310605528
thr0.40_bonus0.00_rms0.5_str0.40,0.4,0.0,0.5,0.4,144,81,0,81,0,0,82,62,0,0,0.16883731054402634,0.3580686979345802,0.317619310605528
thr0.40_bonus0.00_rms0.7_str0.30,0.4,0.0,0.7,0.3,144,81,0,81,0,0,82,62,0,0,0.16883731054402634,0.3580686979345802,0.317619310605528
thr0.40_bonus0.00_rms0.7_str0.35,0.4,0.0,0.7,0.35,144,81,0,81,0,0,82,62,0,0,0.16883731054402634,0.3580686979345802,0.317619310605528
thr0.40_bonus0.00_rms0.7_str0.40,0.4,0.0,0.7,0.4,144,81,0,81,0,0,82,62,0,0,0.16883731054402634,0.3580686979345802,0.317619310605528
thr0.40_bonus0.00_rms1_str0.30,0.4,0.0,1.0,0.3,144,81,0,81,0,0,82,62,0,0,0.16883731054402634,0.3580686979345802,0.317619310605528
thr0.40_bonus0.00_rms1_str0.35,0.4,0.0,1.0,0.35,144,81,0,81,0,0,82,62,0,0,0.16883731054402634,0.3580686979345802,0.317619310605528
thr0.40_bonus0.00_rms1_str0.40,0.4,0.0,1.0,0.4,144,81,0,81,0,0,82,62,0,0,0.16883731054402634,0.3580686979345802,0.317619310605528
thr0.40_bonus0.00_rms2_str0.30,0.4,0.0,2.0,0.3,144,81,0,81,0,0,82,62,0,0,0.16883731054402634,0.3580686979345802,0.317619310605528
thr0.40_bonus0.00_rms2_str0.35,0.4,0.0,2.0,0.35,144,81,0,81,0,0,82,62,0,0,0.16883731054402634,0.3580686979345802,0.317619310605528
thr0.40_bonus0.00_rms2_str0.40,0.4,0.0,2.0,0.4,144,81,0,81,0,0,82,62,0,0,0.16883731054402634,0.3580686979345802,0.317619310605528
thr0.40_bonus0.00_rms5_str0.30,0.4,0.0,5.0,0.3,144,81,0,81,0,0,82,62,0,0,0.16883731054402634,0.3580686979345802,0.317619310605528
thr0.40_bonus0.00_rms5_str0.35,0.4,0.0,5.0,0.35,144,81,0,81,0,0,82,62,0,0,0.16883731054402634,0.3580686979345802,0.317619310605528
thr0.40_bonus0.00_rms5_str0.40,0.4,0.0,5.0,0.4,144,81,0,81,0,0,82,62,0,0,0.16883731054402634,0.3580686979345802,0.317619310605528
thr0.40_bonus0.00_rms10_str0.30,0.4,0.0,10.0,0.3,144,81,0,81,0,0,82,62,0,0,0.16883731054402634,0.3580686979345802,0.317619310605528
thr0.40_bonus0.00_rms10_str0.35,0.4,0.0,10.0,0.35,144,81,0,81,0,0,82,62,0,0,0.16883731054402634,0.3580686979345802,0.317619310605528
thr0.40_bonus0.00_rms10_str0.40,0.4,0.0,10.0,0.4,144,81,0,81,0,0,82,62,0,0,0.16883731054402634,0.3580686979345802,0.317619310605528
thr0.40_bonus0.00_rms20_str0.30,0.4,0.0,20.0,0.3,144,81,0,81,0,0,82,62,0,0,0.16883731054402634,0.3580686979345802,0.317619310605528
thr0.40_bonus0.00_rms20_str0.35,0.4,0.0,20.0,0.35,144,81,0,81,0,0,82,62,0,0,0.16883731054402634,0.3580686979345802,0.317619310605528
thr0.40_bonus0.00_rms20_str0.40,0.4,0.0,20.0,0.4,144,81,0,81,0,0,82,62,0,0,0.16883731054402634,0.3580686979345802,0.317619310605528
thr0.40_bonus0.04_rms0.5_str0.30,0.4,0.04,0.5,0.3,144,81,0,81,0,0,82,62,0,0,0.16883731054402634,0.3580686979345802,0.317619310605528
thr0.40_bonus0.04_rms0.5_str0.35,0.4,0.04,0.5,0.35,144,81,0,81,0,0,82,62,0,0,0.16883731054402634,0.3580686979345802,0.317619310605528
thr0.40_bonus0.04_rms0.5_str0.40,0.4,0.04,0.5,0.4,144,81,0,81,0,0,82,62,0,0,0.16883731054402634,0.3580686979345802,0.317619310605528
thr0.40_bonus0.04_rms0.7_str0.30,0.4,0.04,0.7,0.3,144,81,0,81,0,0,82,62,0,0,0.16883731054402634,0.3580686979345802,0.317619310605528
thr0.40_bonus0.04_rms0.7_str0.35,0.4,0.04,0.7,0.35,144,81,0,81,0,0,82,62,0,0,0.16883731054402634,0.3580686979345802,0.317619310605528
thr0.40_bonus0.04_rms0.7_str0.40,0.4,0.04,0.7,0.4,144,81,0,81,0,0,82,62,0,0,0.16883731054402634,0.3580686979345802,0.317619310605528
thr0.40_bonus0.04_rms1_str0.30,0.4,0.04,1.0,0.3,144,81,0,81,0,0,82,62,0,0,0.16883731054402634,0.3580686979345802,0.317619310605528
thr0.40_bonus0.04_rms1_str0.35,0.4,0.04,1.0,0.35,144,81,0,81,0,0,82,62,0,0,0.16883731054402634,0.3580686979345802,0.317619310605528
thr0.40_bonus0.04_rms1_str0.40,0.4,0.04,1.0,0.4,144,81,0,81,0,0,82,62,0,0,0.16883731054402634,0.3580686979345802,0.317619310605528
thr0.40_bonus0.04_rms2_str0.30,0.4,0.04,2.0,0.3,144,81,0,81,0,0,82,62,0,0,0.16883731054402634,0.3580686979345802,0.317619310605528
thr0.40_bonus0.04_rms2_str0.35,0.4,0.04,2.0,0.35,144,81,0,81,0,0,82,62,0,0,0.16883731054402634,0.3580686979345802,0.317619310605528
thr0.40_bonus0.04_rms2_str0.40,0.4,0.04,2.0,0.4,144,81,0,81,0,0,82,62,0,0,0.16883731054402634,0.3580686979345802,0.317619310605528
thr0.40_bonus0.04_rms5_str0.30,0.4,0.04,5.0,0.3,144,81,0,81,0,0,82,62,0,0,0.16883731054402634,0.3580686979345802,0.317619310605528
thr0.40_bonus0.04_rms5_str0.35,0.4,0.04,5.0,0.35,144,81,0,81,0,0,82,62,0,0,0.16883731054402634,0.3580686979345802,0.317619310605528
thr0.40_bonus0.04_rms5_str0.40,0.4,0.04,5.0,0.4,144,81,0,81,0,0,82,62,0,0,0.16883731054402634,0.3580686979345802,0.317619310605528
thr0.40_bonus0.04_rms10_str0.30,0.4,0.04,10.0,0.3,144,81,0,81,0,0,82,62,0,0,0.16883731054402634,0.3580686979345802,0.317619310605528
thr0.40_bonus0.04_rms10_str0.35,0.4,0.04,10.0,0.35,144,81,0,81,0,0,82,62,0,0,0.16883731054402634,0.3580686979345802,0.317619310605528
thr0.40_bonus0.04_rms10_str0.40,0.4,0.04,10.0,0.4,144,81,0,81,0,0,82,62,0,0,0.16883731054402634,0.3580686979345802,0.317619310605528
thr0.40_bonus0.04_rms20_str0.30,0.4,0.04,20.0,0.3,144,81,0,81,0,0,82,62,0,0,0.16883731054402634,0.3580686979345802,0.317619310605528
thr0.40_bonus0.04_rms20_str0.35,0.4,0.04,20.0,0.35,144,81,0,81,0,0,82,62,0,0,0.16883731054402634,0.3580686979345802,0.317619310605528
thr0.40_bonus0.04_rms20_str0.40,0.4,0.04,20.0,0.4,144,81,0,81,0,0,82,62,0,0,0.16883731054402634,0.3580686979345802,0.317619310605528
thr0.40_bonus0.06_rms0.5_str0.30,0.4,0.06,0.5,0.3,144,81,0,81,0,0,82,62,0,0,0.16883731054402634,0.3580686979345802,0.317619310605528
thr0.40_bonus0.06_rms0.5_str0.35,0.4,0.06,0.5,0.35,144,81,0,81,0,0,82,62,0,0,0.16883731054402634,0.3580686979345802,0.317619310605528
thr0.40_bonus0.06_rms0.5_str0.40,0.4,0.06,0.5,0.4,144,81,0,81,0,0,82,62,0,0,0.16883731054402634,0.3580686979345802,0.317619310605528
thr0.40_bonus0.06_rms0.7_str0.30,0.4,0.06,0.7,0.3,144,81,0,81,0,0,82,62,0,0,0.16883731054402634,0.3580686979345802,0.317619310605528
thr0.40_bonus0.06_rms0.7_str0.35,0.4,0.06,0.7,0.35,144,81,0,81,0,0,82,62,0,0,0.16883731054402634,0.3580686979345802,0.317619310605528
thr0.40_bonus0.06_rms0.7_str0.40,0.4,0.06,0.7,0.4,144,81,0,81,0,0,82,62,0,0,0.16883731054402634,0.3580686979345802,0.317619310605528
thr0.40_bonus0.06_rms1_str0.30,0.4,0.06,1.0,0.3,144,81,0,81,0,0,82,62,0,0,0.16883731054402634,0.3580686979345802,0.317619310605528
thr0.40_bonus0.06_rms1_str0.35,0.4,0.06,1.0,0.35,144,81,0,81,0,0,82,62,0,0,0.16883731054402634,0.3580686979345802,0.317619310605528
thr0.40_bonus0.06_rms1_str0.40,0.4,0.06,1.0,0.4,144,81,0,81,0,0,82,62,0,0,0.16883731054402634,0.3580686979345802,0.317619310605528
thr0.40_bonus0.06_rms2_str0.30,0.4,0.06,2.0,0.3,144,81,0,81,0,0,82,62,0,0,0.16883731054402634,0.3580686979345802,0.317619310605528
thr0.40_bonus0.06_rms2_str0.35,0.4,0.06,2.0,0.35,144,81,0,81,0,0,82,62,0,0,0.16883731054402634,0.3580686979345802,0.317619310605528
thr0.40_bonus0.06_rms2_str0.40,0.4,0.06,2.0,0.4,144,81,0,81,0,0,82,62,0,0,0.16883731054402634,0.3580686979345802,0.317619310605528
thr0.40_bonus0.06_rms5_str0.30,0.4,0.06,5.0,0.3,144,81,0,81,0,0,82,62,0,0,0.16883731054402634,0.3580686979345802,0.317619310605528
thr0.40_bonus0.06_rms5_str0.35,0.4,0.06,5.0,0.35,144,81,0,81,0,0,82,62,0,0,0.16883731054402634,0.3580686979345802,0.317619310605528
thr0.40_bonus0.06_rms5_str0.40,0.4,0.06,5.0,0.4,144,81,0,81,0,0,82,62,0,0,0.16883731054402634,0.3580686979345802,0.317619310605528
thr0.40_bonus0.06_rms10_str0.30,0.4,0.06,10.0,0.3,144,81,0,81,0,0,82,62,0,0,0.16883731054402634,0.3580686979345802,0.317619310605528
thr0.40_bonus0.06_rms10_str0.35,0.4,0.06,10.0,0.35,144,81,0,81,0,0,82,62,0,0,0.16883731054402634,0.3580686979345802,0.317619310605528
thr0.40_bonus0.06_rms10_str0.40,0.4,0.06,10.0,0.4,144,81,0,81,0,0,82,62,0,0,0.16883731054402634,0.3580686979345802,0.317619310605528
thr0.40_bonus0.06_rms20_str0.30,0.4,0.06,20.0,0.3,144,81,0,81,0,0,82,62,0,0,0.16883731054402634,0.3580686979345802,0.317619310605528
thr0.40_bonus0.06_rms20_str0.35,0.4,0.06,20.0,0.35,144,81,0,81,0,0,82,62,0,0,0.16883731054402634,0.3580686979345802,0.317619310605528
thr0.40_bonus0.06_rms20_str0.40,0.4,0.06,20.0,0.4,144,81,0,81,0,0,82,62,0,0,0.16883731054402634,0.3580686979345802,0.317619310605528
thr0.45_bonus0.06_rms0.5_str0.30,0.45,0.06,0.5,0.3,144,81,0,81,0,0,82,62,0,0,0.16883731054402634,0.3580686979345802,0.317619310605528
thr0.45_bonus0.06_rms0.5_str0.35,0.45,0.06,0.5,0.35,144,81,0,81,0,0,82,62,0,0,0.16883731054402634,0.3580686979345802,0.317619310605528
thr0.45_bonus0.06_rms0.5_str0.40,0.45,0.06,0.5,0.4,144,81,0,81,0,0,82,62,0,0,0.16883731054402634,0.3580686979345802,0.317619310605528
thr0.45_bonus0.06_rms0.7_str0.30,0.45,0.06,0.7,0.3,144,81,0,81,0,0,82,62,0,0,0.16883731054402634,0.3580686979345802,0.317619310605528
thr0.45_bonus0.06_rms0.7_str0.35,0.45,0.06,0.7,0.35,144,81,0,81,0,0,82,62,0,0,0.16883731054402634,0.3580686979345802,0.317619310605528
thr0.45_bonus0.06_rms0.7_str0.40,0.45,0.06,0.7,0.4,144,81,0,81,0,0,82,62,0,0,0.16883731054402634,0.3580686979345802,0.317619310605528
thr0.45_bonus0.06_rms1_str0.30,0.45,0.06,1.0,0.3,144,81,0,81,0,0,82,62,0,0,0.16883731054402634,0.3580686979345802,0.317619310605528
thr0.45_bonus0.06_rms1_str0.35,0.45,0.06,1.0,0.35,144,81,0,81,0,0,82,62,0,0,0.16883731054402634,0.3580686979345802,0.317619310605528
thr0.45_bonus0.06_rms1_str0.40,0.45,0.06,1.0,0.4,144,81,0,81,0,0,82,62,0,0,0.16883731054402634,0.3580686979345802,0.317619310605528
thr0.45_bonus0.06_rms2_str0.30,0.45,0.06,2.0,0.3,144,81,0,81,0,0,82,62,0,0,0.16883731054402634,0.3580686979345802,0.317619310605528
thr0.45_bonus0.06_rms2_str0.35,0.45,0.06,2.0,0.35,144,81,0,81,0,0,82,62,0,0,0.16883731054402634,0.3580686979345802,0.317619310605528
thr0.45_bonus0.06_rms2_str0.40,0.45,0.06,2.0,0.4,144,81,0,81,0,0,82,62,0,0,0.16883731054402634,0.3580686979345802,0.317619310605528
thr0.45_bonus0.06_rms5_str0.30,0.45,0.06,5.0,0.3,144,81,0,81,0,0,82,62,0,0,0.16883731054402634,0.3580686979345802,0.317619310605528
thr0.45_bonus0.06_rms5_str0.35,0.45,0.06,5.0,0.35,144,81,0,81,0,0,82,62,0,0,0.16883731054402634,0.3580686979345802,0.317619310605528
thr0.45_bonus0.06_rms5_str0.40,0.45,0.06,5.0,0.4,144,81,0,81,0,0,82,62,0,0,0.16883731054402634,0.3580686979345802,0.317619310605528
thr0.45_bonus0.06_rms10_str0.30,0.45,0.06,10.0,0.3,144,81,0,81,0,0,82,62,0,0,0.16883731054402634,0.3580686979345802,0.317619310605528
thr0.45_bonus0.06_rms10_str0.35,0.45,0.06,10.0,0.35,144,81,0,81,0,0,82,62,0,0,0.16883731054402634,0.3580686979345802,0.317619310605528
thr0.45_bonus0.06_rms10_str0.40,0.45,0.06,10.0,0.4,144,81,0,81,0,0,82,62,0,0,0.16883731054402634,0.3580686979345802,0.317619310605528
thr0.45_bonus0.06_rms20_str0.30,0.45,0.06,20.0,0.3,144,81,0,81,0,0,82,62,0,0,0.16883731054402634,0.3580686979345802,0.317619310605528
thr0.45_bonus0.06_rms20_str0.35,0.45,0.06,20.0,0.35,144,81,0,81,0,0,82,62,0,0,0.16883731054402634,0.3580686979345802,0.317619310605528
thr0.45_bonus0.06_rms20_str0.40,0.45,0.06,20.0,0.4,144,81,0,81,0,0,82,62,0,0,0.16883731054402634,0.3580686979345802,0.317619310605528
thr0.45_bonus0.08_rms0.5_str0.30,0.45,0.08,0.5,0.3,144,81,0,81,0,0,82,62,0,0,0.16883731054402634,0.3580686979345802,0.317619310605528
thr0.45_bonus0.08_rms0.5_str0.35,0.45,0.08,0.5,0.35,144,81,0,81,0,0,82,62,0,0,0.16883731054402634,0.3580686979345802,0.317619310605528
thr0.45_bonus0.08_rms0.5_str0.40,0.45,0.08,0.5,0.4,144,81,0,81,0,0,82,62,0,0,0.16883731054402634,0.3580686979345802,0.317619310605528
thr0.45_bonus0.08_rms0.7_str0.30,0.45,0.08,0.7,0.3,144,81,0,81,0,0,82,62,0,0,0.16883731054402634,0.3580686979345802,0.317619310605528
thr0.45_bonus0.08_rms0.7_str0.35,0.45,0.08,0.7,0.35,144,81,0,81,0,0,82,62,0,0,0.16883731054402634,0.3580686979345802,0.317619310605528
thr0.45_bonus0.08_rms0.7_str0.40,0.45,0.08,0.7,0.4,144,81,0,81,0,0,82,62,0,0,0.16883731054402634,0.3580686979345802,0.317619310605528
thr0.45_bonus0.08_rms1_str0.30,0.45,0.08,1.0,0.3,144,81,0,81,0,0,82,62,0,0,0.16883731054402634,0.3580686979345802,0.317619310605528
thr0.45_bonus0.08_rms1_str0.35,0.45,0.08,1.0,0.35,144,81,0,81,0,0,82,62,0,0,0.16883731054402634,0.3580686979345802,0.317619310605528
thr0.45_bonus0.08_rms1_str0.40,0.45,0.08,1.0,0.4,144,81,0,81,0,0,82,62,0,0,0.16883731054402634,0.3580686979345802,0.317619310605528
thr0.45_bonus0.08_rms2_str0.30,0.45,0.08,2.0,0.3,144,81,0,81,0,0,82,62,0,0,0.16883731054402634,0.3580686979345802,0.317619310605528
thr0.45_bonus0.08_rms2_str0.35,0.45,0.08,2.0,0.35,144,81,0,81,0,0,82,62,0,0,0.16883731054402634,0.3580686979345802,0.317619310605528
thr0.45_bonus0.08_rms2_str0.40,0.45,0.08,2.0,0.4,144,81,0,81,0,0,82,62,0,0,0.16883731054402634,0.3580686979345802,0.317619310605528
thr0.45_bonus0.08_rms5_str0.30,0.45,0.08,5.0,0.3,144,81,0,81,0,0,82,62,0,0,0.16883731054402634,0.3580686979345802,0.317619310605528
thr0.45_bonus0.08_rms5_str0.35,0.45,0.08,5.0,0.35,144,81,0,81,0,0,82,62,0,0,0.16883731054402634,0.3580686979345802,0.317619310605528
thr0.45_bonus0.08_rms5_str0.40,0.45,0.08,5.0,0.4,144,81,0,81,0,0,82,62,0,0,0.16883731054402634,0.3580686979345802,0.317619310605528
thr0.45_bonus0.08_rms10_str0.30,0.45,0.08,10.0,0.3,144,81,0,81,0,0,82,62,0,0,0.16883731054402634,0.3580686979345802,0.317619310605528
thr0.45_bonus0.08_rms10_str0.35,0.45,0.08,10.0,0.35,144,81,0,81,0,0,82,62,0,0,0.16883731054402634,0.3580686979345802,0.317619310605528
thr0.45_bonus0.08_rms10_str0.40,0.45,0.08,10.0,0.4,144,81,0,81,0,0,82,62,0,0,0.16883731054402634,0.3580686979345802,0.317619310605528
thr0.45_bonus0.08_rms20_str0.30,0.45,0.08,20.0,0.3,144,81,0,81,0,0,82,62,0,0,0.16883731054402634,0.3580686979345802,0.317619310605528
thr0.45_bonus0.08_rms20_str0.35,0.45,0.08,20.0,0.35,144,81,0,81,0,0,82,62,0,0,0.16883731054402634,0.3580686979345802,0.317619310605528
thr0.45_bonus0.08_rms20_str0.40,0.45,0.08,20.0,0.4,144,81,0,81,0,0,82,62,0,0,0.16883731054402634,0.3580686979345802,0.317619310605528
thr0.45_bonus0.10_rms0.5_str0.30,0.45,0.1,0.5,0.3,144,81,0,81,0,0,82,62,0,0,0.16883731054402634,0.3580686979345802,0.317619310605528
thr0.45_bonus0.10_rms0.5_str0.35,0.45,0.1,0.5,0.35,144,81,0,81,0,0,82,62,0,0,0.16883731054402634,0.3580686979345802,0.317619310605528
thr0.45_bonus0.10_rms0.5_str0.40,0.45,0.1,0.5,0.4,144,81,0,81,0,0,82,62,0,0,0.16883731054402634,0.3580686979345802,0.317619310605528
thr0.45_bonus0.10_rms0.7_str0.30,0.45,0.1,0.7,0.3,144,81,0,81,0,0,82,62,0,0,0.16883731054402634,0.3580686979345802,0.317619310605528
thr0.45_bonus0.10_rms0.7_str0.35,0.45,0.1,0.7,0.35,144,81,0,81,0,0,82,62,0,0,0.16883731054402634,0.3580686979345802,0.317619310605528
thr0.45_bonus0.10_rms0.7_str0.40,0.45,0.1,0.7,0.4,144,81,0,81,0,0,82,62,0,0,0.16883731054402634,0.3580686979345802,0.317619310605528
thr0.45_bonus0.10_rms1_str0.30,0.45,0.1,1.0,0.3,144,81,0,81,0,0,82,62,0,0,0.16883731054402634,0.3580686979345802,0.317619310605528
thr0.45_bonus0.10_rms1_str0.35,0.45,0.1,1.0,0.35,144,81,0,81,0,0,82,62,0,0,0.16883731054402634,0.3580686979345802,0.317619310605528
thr0.45_bonus0.10_rms1_str0.40,0.45,0.1,1.0,0.4,144,81,0,81,0,0,82,62,0,0,0.16883731054402634,0.3580686979345802,0.317619310605528
thr0.45_bonus0.10_rms2_str0.30,0.45,0.1,2.0,0.3,144,81,0,81,0,0,82,62,0,0,0.16883731054402634,0.3580686979345802,0.317619310605528
thr0.45_bonus0.10_rms2_str0.35,0.45,0.1,2.0,0.35,144,81,0,81,0,0,82,62,0,0,0.16883731054402634,0.3580686979345802,0.317619310605528
thr0.45_bonus0.10_rms2_str0.40,0.45,0.1,2.0,0.4,144,81,0,81,0,0,82,62,0,0,0.16883731054402634,0.3580686979345802,0.317619310605528
thr0.45_bonus0.10_rms5_str0.30,0.45,0.1,5.0,0.3,144,81,0,81,0,0,82,62,0,0,0.16883731054402634,0.3580686979345802,0.317619310605528
thr0.45_bonus0.10_rms5_str0.35,0.45,0.1,5.0,0.35,144,81,0,81,0,0,82,62,0,0,0.16883731054402634,0.3580686979345802,0.317619310605528
thr0.45_bonus0.10_rms5_str0.40,0.45,0.1,5.0,0.4,144,81,0,81,0,0,82,62,0,0,0.16883731054402634,0.3580686979345802,0.317619310605528
thr0.45_bonus0.10_rms10_str0.30,0.45,0.1,10.0,0.3,144,81,0,81,0,0,82,62,0,0,0.16883731054402634,0.3580686979345802,0.317619310605528
thr0.45_bonus0.10_rms10_str0.35,0.45,0.1,10.0,0.35,144,81,0,81,0,0,82,62,0,0,0.16883731054402634,0.3580686979345802,0.317619310605528
thr0.45_bonus0.10_rms10_str0.40,0.45,0.1,10.0,0.4,144,81,0,81,0,0,82,62,0,0,0.16883731054402634,0.3580686979345802,0.317619310605528
thr0.45_bonus0.10_rms20_str0.30,0.45,0.1,20.0,0.3,144,81,0,81,0,0,82,62,0,0,0.16883731054402634,0.3580686979345802,0.317619310605528
thr0.45_bonus0.10_rms20_str0.35,0.45,0.1,20.0,0.35,144,81,0,81,0,0,82,62,0,0,0.16883731054402634,0.3580686979345802,0.317619310605528
thr0.45_bonus0.10_rms20_str0.40,0.45,0.1,20.0,0.4,144,81,0,81,0,0,82,62,0,0,0.16883731054402634,0.3580686979345802,0.317619310605528
thr0.50_bonus0.20_rms2_str0.30,0.5,0.2,2.0,0.3,144,81,0,81,0,0,86,40,18,0,0.17412620854488609,0.5120119242298234,0.3823508817496397
thr0.50_bonus0.20_rms2_str0.35,0.5,0.2,2.0,0.35,144,81,0,81,0,0,86,40,18,0,0.17412620854488609,0.5120119242298234,0.3823508817496397
thr0.50_bonus0.20_rms2_str0.40,0.5,0.2,2.0,0.4,144,81,0,81,0,0,86,40,18,0,0.17412620854488609,0.5120119242298234,0.3823508817496397
thr0.36_bonus0.04_rms20_str0.30,0.36,0.04,20.0,0.3,144,81,0,81,0,0,89,55,0,0,0.1549344714201328,0.334513915734996,0.3120960236213002
thr0.36_bonus0.04_rms20_str0.35,0.36,0.04,20.0,0.35,144,81,0,81,0,0,89,55,0,0,0.1549344714201328,0.334513915734996,0.3120960236213002
thr0.36_bonus0.04_rms20_str0.40,0.36,0.04,20.0,0.4,144,81,0,81,0,0,89,55,0,0,0.1549344714201328,0.334513915734996,0.3120960236213002
thr0.36_bonus0.06_rms20_str0.30,0.36,0.06,20.0,0.3,144,81,0,81,0,0,89,55,0,0,0.1549344714201328,0.334513915734996,0.3120960236213002
thr0.36_bonus0.06_rms20_str0.35,0.36,0.06,20.0,0.35,144,81,0,81,0,0,89,55,0,0,0.1549344714201328,0.334513915734996,0.3120960236213002
thr0.36_bonus0.06_rms20_str0.40,0.36,0.06,20.0,0.4,144,81,0,81,0,0,89,55,0,0,0.1549344714201328,0.334513915734996,0.3120960236213002
thr0.36_bonus0.08_rms20_str0.30,0.36,0.08,20.0,0.3,144,81,0,81,0,0,89,55,0,0,0.1549344714201328,0.334513915734996,0.3120960236213002
thr0.36_bonus0.08_rms20_str0.35,0.36,0.08,20.0,0.35,144,81,0,81,0,0,89,55,0,0,0.1549344714201328,0.334513915734996,0.3120960236213002
thr0.36_bonus0.08_rms20_str0.40,0.36,0.08,20.0,0.4,144,81,0,81,0,0,89,55,0,0,0.1549344714201328,0.334513915734996,0.3120960236213002
thr0.36_bonus0.10_rms20_str0.30,0.36,0.1,20.0,0.3,144,81,0,81,0,0,89,55,0,0,0.1549344714201328,0.334513915734996,0.3120960236213002
thr0.36_bonus0.10_rms20_str0.35,0.36,0.1,20.0,0.35,144,81,0,81,0,0,89,55,0,0,0.1549344714201328,0.334513915734996,0.3120960236213002
thr0.36_bonus0.10_rms20_str0.40,0.36,0.1,20.0,0.4,144,81,0,81,0,0,89,55,0,0,0.1549344714201328,0.334513915734996,0.3120960236213002
thr0.40_bonus0.08_rms20_str0.30,0.4,0.08,20.0,0.3,144,81,0,81,0,0,89,55,0,0,0.1549344714201328,0.334513915734996,0.3120960236213002
thr0.40_bonus0.08_rms20_str0.35,0.4,0.08,20.0,0.35,144,81,0,81,0,0,89,55,0,0,0.1549344714201328,0.334513915734996,0.3120960236213002
thr0.40_bonus0.08_rms20_str0.40,0.4,0.08,20.0,0.4,144,81,0,81,0,0,89,55,0,0,0.1549344714201328,0.334513915734996,0.3120960236213002
thr0.40_bonus0.10_rms20_str0.30,0.4,0.1,20.0,0.3,144,81,0,81,0,0,89,55,0,0,0.1549344714201328,0.334513915734996,0.3120960236213002
thr0.40_bonus0.10_rms20_str0.35,0.4,0.1,20.0,0.35,144,81,0,81,0,0,89,55,0,0,0.1549344714201328,0.334513915734996,0.3120960236213002
thr0.40_bonus0.10_rms20_str0.40,0.4,0.1,20.0,0.4,144,81,0,81,0,0,89,55,0,0,0.1549344714201328,0.334513915734996,0.3120960236213002
thr0.40_bonus0.12_rms20_str0.30,0.4,0.12,20.0,0.3,144,81,0,81,0,0,89,55,0,0,0.1549344714201328,0.334513915734996,0.3120960236213002
thr0.40_bonus0.12_rms20_str0.35,0.4,0.12,20.0,0.35,144,81,0,81,0,0,89,55,0,0,0.1549344714201328,0.334513915734996,0.3120960236213002
thr0.40_bonus0.12_rms20_str0.40,0.4,0.12,20.0,0.4,144,81,0,81,0,0,89,55,0,0,0.1549344714201328,0.334513915734996,0.3120960236213002
thr0.45_bonus0.12_rms20_str0.30,0.45,0.12,20.0,0.3,144,81,0,81,0,0,89,55,0,0,0.1549344714201328,0.334513915734996,0.3120960236213002
thr0.45_bonus0.12_rms20_str0.35,0.45,0.12,20.0,0.35,144,81,0,81,0,0,89,55,0,0,0.1549344714201328,0.334513915734996,0.3120960236213002
thr0.45_bonus0.12_rms20_str0.40,0.45,0.12,20.0,0.4,144,81,0,81,0,0,89,55,0,0,0.1549344714201328,0.334513915734996,0.3120960236213002
thr0.45_bonus0.15_rms20_str0.30,0.45,0.15,20.0,0.3,144,81,0,81,0,0,89,55,0,0,0.1549344714201328,0.334513915734996,0.3120960236213002
thr0.45_bonus0.15_rms20_str0.35,0.45,0.15,20.0,0.35,144,81,0,81,0,0,89,55,0,0,0.1549344714201328,0.334513915734996,0.3120960236213002
thr0.45_bonus0.15_rms20_str0.40,0.45,0.15,20.0,0.4,144,81,0,81,0,0,89,55,0,0,0.1549344714201328,0.334513915734996,0.3120960236213002
thr0.36_bonus0.04_rms10_str0.30,0.36,0.04,10.0,0.3,144,81,0,81,0,0,95,49,0,0,0.14332058448836785,0.321600804260522,0.3103620484296303
thr0.36_bonus0.04_rms10_str0.35,0.36,0.04,10.0,0.35,144,81,0,81,0,0,95,49,0,0,0.14332058448836785,0.321600804260522,0.3103620484296303
thr0.36_bonus0.04_rms10_str0.40,0.36,0.04,10.0,0.4,144,81,0,81,0,0,95,49,0,0,0.14332058448836785,0.321600804260522,0.3103620484296303
thr0.36_bonus0.06_rms10_str0.30,0.36,0.06,10.0,0.3,144,81,0,81,0,0,95,49,0,0,0.14332058448836785,0.321600804260522,0.3103620484296303
thr0.36_bonus0.06_rms10_str0.35,0.36,0.06,10.0,0.35,144,81,0,81,0,0,95,49,0,0,0.14332058448836785,0.321600804260522,0.3103620484296303
thr0.36_bonus0.06_rms10_str0.40,0.36,0.06,10.0,0.4,144,81,0,81,0,0,95,49,0,0,0.14332058448836785,0.321600804260522,0.3103620484296303
thr0.36_bonus0.08_rms10_str0.30,0.36,0.08,10.0,0.3,144,81,0,81,0,0,95,49,0,0,0.14332058448836785,0.321600804260522,0.3103620484296303
thr0.36_bonus0.08_rms10_str0.35,0.36,0.08,10.0,0.35,144,81,0,81,0,0,95,49,0,0,0.14332058448836785,0.321600804260522,0.3103620484296303
thr0.36_bonus0.08_rms10_str0.40,0.36,0.08,10.0,0.4,144,81,0,81,0,0,95,49,0,0,0.14332058448836785,0.321600804260522,0.3103620484296303
thr0.36_bonus0.10_rms10_str0.30,0.36,0.1,10.0,0.3,144,81,0,81,0,0,95,49,0,0,0.14332058448836785,0.321600804260522,0.3103620484296303
thr0.36_bonus0.10_rms10_str0.35,0.36,0.1,10.0,0.35,144,81,0,81,0,0,95,49,0,0,0.14332058448836785,0.321600804260522,0.3103620484296303
thr0.36_bonus0.10_rms10_str0.40,0.36,0.1,10.0,0.4,144,81,0,81,0,0,95,49,0,0,0.14332058448836785,0.321600804260522,0.3103620484296303
thr0.40_bonus0.08_rms10_str0.30,0.4,0.08,10.0,0.3,144,81,0,81,0,0,95,49,0,0,0.14332058448836785,0.321600804260522,0.3103620484296303
thr0.40_bonus0.08_rms10_str0.35,0.4,0.08,10.0,0.35,144,81,0,81,0,0,95,49,0,0,0.14332058448836785,0.321600804260522,0.3103620484296303
thr0.40_bonus0.08_rms10_str0.40,0.4,0.08,10.0,0.4,144,81,0,81,0,0,95,49,0,0,0.14332058448836785,0.321600804260522,0.3103620484296303
thr0.40_bonus0.10_rms10_str0.30,0.4,0.1,10.0,0.3,144,81,0,81,0,0,95,49,0,0,0.14332058448836785,0.321600804260522,0.3103620484296303
thr0.40_bonus0.10_rms10_str0.35,0.4,0.1,10.0,0.35,144,81,0,81,0,0,95,49,0,0,0.14332058448836785,0.321600804260522,0.3103620484296303
thr0.40_bonus0.10_rms10_str0.40,0.4,0.1,10.0,0.4,144,81,0,81,0,0,95,49,0,0,0.14332058448836785,0.321600804260522,0.3103620484296303
thr0.40_bonus0.12_rms10_str0.30,0.4,0.12,10.0,0.3,144,81,0,81,0,0,95,49,0,0,0.14332058448836785,0.321600804260522,0.3103620484296303
thr0.40_bonus0.12_rms10_str0.35,0.4,0.12,10.0,0.35,144,81,0,81,0,0,95,49,0,0,0.14332058448836785,0.321600804260522,0.3103620484296303
thr0.40_bonus0.12_rms10_str0.40,0.4,0.12,10.0,0.4,144,81,0,81,0,0,95,49,0,0,0.14332058448836785,0.321600804260522,0.3103620484296303
thr0.45_bonus0.12_rms10_str0.30,0.45,0.12,10.0,0.3,144,81,0,81,0,0,95,49,0,0,0.14332058448836785,0.321600804260522,0.3103620484296303
thr0.45_bonus0.12_rms10_str0.35,0.45,0.12,10.0,0.35,144,81,0,81,0,0,95,49,0,0,0.14332058448836785,0.321600804260522,0.3103620484296303
thr0.45_bonus0.12_rms10_str0.40,0.45,0.12,10.0,0.4,144,81,0,81,0,0,95,49,0,0,0.14332058448836785,0.321600804260522,0.3103620484296303
thr0.45_bonus0.15_rms10_str0.30,0.45,0.15,10.0,0.3,144,81,0,81,0,0,95,49,0,0,0.14332058448836785,0.321600804260522,0.3103620484296303
thr0.45_bonus0.15_rms10_str0.35,0.45,0.15,10.0,0.35,144,81,0,81,0,0,95,49,0,0,0.14332058448836785,0.321600804260522,0.3103620484296303
thr0.45_bonus0.15_rms10_str0.40,0.45,0.15,10.0,0.4,144,81,0,81,0,0,95,49,0,0,0.14332058448836785,0.321600804260522,0.3103620484296303
thr0.36_bonus0.12_rms20_str0.30,0.36,0.12,20.0,0.3,144,81,0,81,0,0,96,48,0,0,0.14055190732794554,0.334513915734996,0.3120960236213002
thr0.36_bonus0.12_rms20_str0.35,0.36,0.12,20.0,0.35,144,81,0,81,0,0,96,48,0,0,0.14055190732794554,0.334513915734996,0.3120960236213002
thr0.36_bonus0.12_rms20_str0.40,0.36,0.12,20.0,0.4,144,81,0,81,0,0,96,48,0,0,0.14055190732794554,0.334513915734996,0.3120960236213002
thr0.36_bonus0.15_rms20_str0.30,0.36,0.15,20.0,0.3,144,81,0,81,0,0,96,48,0,0,0.14055190732794554,0.334513915734996,0.3120960236213002
thr0.36_bonus0.15_rms20_str0.35,0.36,0.15,20.0,0.35,144,81,0,81,0,0,96,48,0,0,0.14055190732794554,0.334513915734996,0.3120960236213002
thr0.36_bonus0.15_rms20_str0.40,0.36,0.15,20.0,0.4,144,81,0,81,0,0,96,48,0,0,0.14055190732794554,0.334513915734996,0.3120960236213002
thr0.36_bonus0.20_rms20_str0.30,0.36,0.2,20.0,0.3,144,81,0,81,0,0,96,48,0,0,0.14055190732794554,0.334513915734996,0.3120960236213002
thr0.36_bonus0.20_rms20_str0.35,0.36,0.2,20.0,0.35,144,81,0,81,0,0,96,48,0,0,0.14055190732794554,0.334513915734996,0.3120960236213002
thr0.36_bonus0.20_rms20_str0.40,0.36,0.2,20.0,0.4,144,81,0,81,0,0,96,48,0,0,0.14055190732794554,0.334513915734996,0.3120960236213002
thr0.40_bonus0.15_rms20_str0.30,0.4,0.15,20.0,0.3,144,81,0,81,0,0,96,48,0,0,0.14055190732794554,0.334513915734996,0.3120960236213002
thr0.40_bonus0.15_rms20_str0.35,0.4,0.15,20.0,0.35,144,81,0,81,0,0,96,48,0,0,0.14055190732794554,0.334513915734996,0.3120960236213002
thr0.40_bonus0.15_rms20_str0.40,0.4,0.15,20.0,0.4,144,81,0,81,0,0,96,48,0,0,0.14055190732794554,0.334513915734996,0.3120960236213002
thr0.40_bonus0.20_rms20_str0.30,0.4,0.2,20.0,0.3,144,81,0,81,0,0,96,48,0,0,0.14055190732794554,0.334513915734996,0.3120960236213002
thr0.40_bonus0.20_rms20_str0.35,0.4,0.2,20.0,0.35,144,81,0,81,0,0,96,48,0,0,0.14055190732794554,0.334513915734996,0.3120960236213002
thr0.40_bonus0.20_rms20_str0.40,0.4,0.2,20.0,0.4,144,81,0,81,0,0,96,48,0,0,0.14055190732794554,0.334513915734996,0.3120960236213002
thr0.45_bonus0.20_rms20_str0.30,0.45,0.2,20.0,0.3,144,81,0,81,0,0,96,48,0,0,0.14055190732794554,0.334513915734996,0.3120960236213002
thr0.45_bonus0.20_rms20_str0.35,0.45,0.2,20.0,0.35,144,81,0,81,0,0,96,48,0,0,0.14055190732794554,0.334513915734996,0.3120960236213002
thr0.45_bonus0.20_rms20_str0.40,0.45,0.2,20.0,0.4,144,81,0,81,0,0,96,48,0,0,0.14055190732794554,0.334513915734996,0.3120960236213002
thr0.50_bonus0.20_rms1_str0.30,0.5,0.2,1.0,0.3,144,81,0,81,0,0,98,36,10,0,0.14530108597565994,0.5021038879452818,0.3109015546151886
thr0.50_bonus0.20_rms1_str0.35,0.5,0.2,1.0,0.35,144,81,0,81,0,0,98,36,10,0,0.14530108597565994,0.5021038879452818,0.3109015546151886
thr0.50_bonus0.20_rms1_str0.40,0.5,0.2,1.0,0.4,144,81,0,81,0,0,98,36,10,0,0.14530108597565994,0.5021038879452818,0.3109015546151886
thr0.36_bonus0.04_rms5_str0.30,0.36,0.04,5.0,0.3,144,81,0,81,0,0,99,45,0,0,0.13575756957762086,0.3168420774544681,0.3055094587115523
thr0.36_bonus0.04_rms5_str0.35,0.36,0.04,5.0,0.35,144,81,0,81,0,0,99,45,0,0,0.13575756957762086,0.3168420774544681,0.3055094587115523
thr0.36_bonus0.04_rms5_str0.40,0.36,0.04,5.0,0.4,144,81,0,81,0,0,99,45,0,0,0.13575756957762086,0.3168420774544681,0.3055094587115523
thr0.36_bonus0.06_rms5_str0.30,0.36,0.06,5.0,0.3,144,81,0,81,0,0,99,45,0,0,0.13575756957762086,0.3168420774544681,0.3055094587115523
thr0.36_bonus0.06_rms5_str0.35,0.36,0.06,5.0,0.35,144,81,0,81,0,0,99,45,0,0,0.13575756957762086,0.3168420774544681,0.3055094587115523
thr0.36_bonus0.06_rms5_str0.40,0.36,0.06,5.0,0.4,144,81,0,81,0,0,99,45,0,0,0.13575756957762086,0.3168420774544681,0.3055094587115523
thr0.36_bonus0.08_rms5_str0.30,0.36,0.08,5.0,0.3,144,81,0,81,0,0,99,45,0,0,0.13575756957762086,0.3168420774544681,0.3055094587115523
thr0.36_bonus0.08_rms5_str0.35,0.36,0.08,5.0,0.35,144,81,0,81,0,0,99,45,0,0,0.13575756957762086,0.3168420774544681,0.3055094587115523
thr0.36_bonus0.08_rms5_str0.40,0.36,0.08,5.0,0.4,144,81,0,81,0,0,99,45,0,0,0.13575756957762086,0.3168420774544681,0.3055094587115523
thr0.36_bonus0.10_rms5_str0.30,0.36,0.1,5.0,0.3,144,81,0,81,0,0,99,45,0,0,0.13575756957762086,0.3168420774544681,0.3055094587115523
thr0.36_bonus0.10_rms5_str0.35,0.36,0.1,5.0,0.35,144,81,0,81,0,0,99,45,0,0,0.13575756957762086,0.3168420774544681,0.3055094587115523
thr0.36_bonus0.10_rms5_str0.40,0.36,0.1,5.0,0.4,144,81,0,81,0,0,99,45,0,0,0.13575756957762086,0.3168420774544681,0.3055094587115523
thr0.40_bonus0.08_rms5_str0.30,0.4,0.08,5.0,0.3,144,81,0,81,0,0,99,45,0,0,0.13575756957762086,0.3168420774544681,0.3055094587115523
thr0.40_bonus0.08_rms5_str0.35,0.4,0.08,5.0,0.35,144,81,0,81,0,0,99,45,0,0,0.13575756957762086,0.3168420774544681,0.3055094587115523
thr0.40_bonus0.08_rms5_str0.40,0.4,0.08,5.0,0.4,144,81,0,81,0,0,99,45,0,0,0.13575756957762086,0.3168420774544681,0.3055094587115523
thr0.40_bonus0.10_rms5_str0.30,0.4,0.1,5.0,0.3,144,81,0,81,0,0,99,45,0,0,0.13575756957762086,0.3168420774544681,0.3055094587115523
thr0.40_bonus0.10_rms5_str0.35,0.4,0.1,5.0,0.35,144,81,0,81,0,0,99,45,0,0,0.13575756957762086,0.3168420774544681,0.3055094587115523
thr0.40_bonus0.10_rms5_str0.40,0.4,0.1,5.0,0.4,144,81,0,81,0,0,99,45,0,0,0.13575756957762086,0.3168420774544681,0.3055094587115523
thr0.40_bonus0.12_rms5_str0.30,0.4,0.12,5.0,0.3,144,81,0,81,0,0,99,45,0,0,0.13575756957762086,0.3168420774544681,0.3055094587115523
thr0.40_bonus0.12_rms5_str0.35,0.4,0.12,5.0,0.35,144,81,0,81,0,0,99,45,0,0,0.13575756957762086,0.3168420774544681,0.3055094587115523
thr0.40_bonus0.12_rms5_str0.40,0.4,0.12,5.0,0.4,144,81,0,81,0,0,99,45,0,0,0.13575756957762086,0.3168420774544681,0.3055094587115523
thr0.45_bonus0.12_rms5_str0.30,0.45,0.12,5.0,0.3,144,81,0,81,0,0,99,45,0,0,0.13575756957762086,0.3168420774544681,0.3055094587115523
thr0.45_bonus0.12_rms5_str0.35,0.45,0.12,5.0,0.35,144,81,0,81,0,0,99,45,0,0,0.13575756957762086,0.3168420774544681,0.3055094587115523
thr0.45_bonus0.12_rms5_str0.40,0.45,0.12,5.0,0.4,144,81,0,81,0,0,99,45,0,0,0.13575756957762086,0.3168420774544681,0.3055094587115523
thr0.45_bonus0.15_rms5_str0.30,0.45,0.15,5.0,0.3,144,81,0,81,0,0,99,45,0,0,0.13575756957762086,0.3168420774544681,0.3055094587115523
thr0.45_bonus0.15_rms5_str0.35,0.45,0.15,5.0,0.35,144,81,0,81,0,0,99,45,0,0,0.13575756957762086,0.3168420774544681,0.3055094587115523
thr0.45_bonus0.15_rms5_str0.40,0.45,0.15,5.0,0.4,144,81,0,81,0,0,99,45,0,0,0.13575756957762086,0.3168420774544681,0.3055094587115523
thr0.50_bonus0.20_rms0.5_str0.30,0.5,0.2,0.5,0.3,144,81,0,81,0,0,101,35,8,0,0.13814288998889937,0.5021038879452818,0.3051990005490849
thr0.50_bonus0.20_rms0.5_str0.35,0.5,0.2,0.5,0.35,144,81,0,81,0,0,101,35,8,0,0.13814288998889937,0.5021038879452818,0.3051990005490849
thr0.50_bonus0.20_rms0.5_str0.40,0.5,0.2,0.5,0.4,144,81,0,81,0,0,101,35,8,0,0.13814288998889937,0.5021038879452818,0.3051990005490849
thr0.50_bonus0.20_rms0.7_str0.30,0.5,0.2,0.7,0.3,144,81,0,81,0,0,101,35,8,0,0.13814288998889937,0.5021038879452818,0.3051990005490849
thr0.50_bonus0.20_rms0.7_str0.35,0.5,0.2,0.7,0.35,144,81,0,81,0,0,101,35,8,0,0.13814288998889937,0.5021038879452818,0.3051990005490849
thr0.50_bonus0.20_rms0.7_str0.40,0.5,0.2,0.7,0.4,144,81,0,81,0,0,101,35,8,0,0.13814288998889937,0.5021038879452818,0.3051990005490849
thr0.36_bonus0.04_rms2_str0.30,0.36,0.04,2.0,0.3,144,81,0,81,0,0,104,40,0,0,0.1265539762366839,0.3137870878123036,0.29780279075089583
thr0.36_bonus0.04_rms2_str0.35,0.36,0.04,2.0,0.35,144,81,0,81,0,0,104,40,0,0,0.1265539762366839,0.3137870878123036,0.29780279075089583
thr0.36_bonus0.04_rms2_str0.40,0.36,0.04,2.0,0.4,144,81,0,81,0,0,104,40,0,0,0.1265539762366839,0.3137870878123036,0.29780279075089583
thr0.36_bonus0.06_rms2_str0.30,0.36,0.06,2.0,0.3,144,81,0,81,0,0,104,40,0,0,0.1265539762366839,0.3137870878123036,0.29780279075089583
thr0.36_bonus0.06_rms2_str0.35,0.36,0.06,2.0,0.35,144,81,0,81,0,0,104,40,0,0,0.1265539762366839,0.3137870878123036,0.29780279075089583
thr0.36_bonus0.06_rms2_str0.40,0.36,0.06,2.0,0.4,144,81,0,81,0,0,104,40,0,0,0.1265539762366839,0.3137870878123036,0.29780279075089583
thr0.36_bonus0.08_rms2_str0.30,0.36,0.08,2.0,0.3,144,81,0,81,0,0,104,40,0,0,0.1265539762366839,0.3137870878123036,0.29780279075089583
thr0.36_bonus0.08_rms2_str0.35,0.36,0.08,2.0,0.35,144,81,0,81,0,0,104,40,0,0,0.1265539762366839,0.3137870878123036,0.29780279075089583
thr0.36_bonus0.08_rms2_str0.40,0.36,0.08,2.0,0.4,144,81,0,81,0,0,104,40,0,0,0.1265539762366839,0.3137870878123036,0.29780279075089583
thr0.36_bonus0.10_rms2_str0.30,0.36,0.1,2.0,0.3,144,81,0,81,0,0,104,40,0,0,0.1265539762366839,0.3137870878123036,0.29780279075089583
thr0.36_bonus0.10_rms2_str0.35,0.36,0.1,2.0,0.35,144,81,0,81,0,0,104,40,0,0,0.1265539762366839,0.3137870878123036,0.29780279075089583
thr0.36_bonus0.10_rms2_str0.40,0.36,0.1,2.0,0.4,144,81,0,81,0,0,104,40,0,0,0.1265539762366839,0.3137870878123036,0.29780279075089583
thr0.40_bonus0.08_rms2_str0.30,0.4,0.08,2.0,0.3,144,81,0,81,0,0,104,40,0,0,0.1265539762366839,0.3137870878123036,0.29780279075089583
thr0.40_bonus0.08_rms2_str0.35,0.4,0.08,2.0,0.35,144,81,0,81,0,0,104,40,0,0,0.1265539762366839,0.3137870878123036,0.29780279075089583
thr0.40_bonus0.08_rms2_str0.40,0.4,0.08,2.0,0.4,144,81,0,81,0,0,104,40,0,0,0.1265539762366839,0.3137870878123036,0.29780279075089583
thr0.40_bonus0.10_rms2_str0.30,0.4,0.1,2.0,0.3,144,81,0,81,0,0,104,40,0,0,0.1265539762366839,0.3137870878123036,0.29780279075089583
thr0.40_bonus0.10_rms2_str0.35,0.4,0.1,2.0,0.35,144,81,0,81,0,0,104,40,0,0,0.1265539762366839,0.3137870878123036,0.29780279075089583
thr0.40_bonus0.10_rms2_str0.40,0.4,0.1,2.0,0.4,144,81,0,81,0,0,104,40,0,0,0.1265539762366839,0.3137870878123036,0.29780279075089583
thr0.40_bonus0.12_rms2_str0.30,0.4,0.12,2.0,0.3,144,81,0,81,0,0,104,40,0,0,0.1265539762366839,0.3137870878123036,0.29780279075089583
thr0.40_bonus0.12_rms2_str0.35,0.4,0.12,2.0,0.35,144,81,0,81,0,0,104,40,0,0,0.1265539762366839,0.3137870878123036,0.29780279075089583
thr0.40_bonus0.12_rms2_str0.40,0.4,0.12,2.0,0.4,144,81,0,81,0,0,104,40,0,0,0.1265539762366839,0.3137870878123036,0.29780279075089583
thr0.45_bonus0.12_rms2_str0.30,0.45,0.12,2.0,0.3,144,81,0,81,0,0,104,40,0,0,0.1265539762366839,0.3137870878123036,0.29780279075089583
thr0.45_bonus0.12_rms2_str0.35,0.45,0.12,2.0,0.35,144,81,0,81,0,0,104,40,0,0,0.1265539762366839,0.3137870878123036,0.29780279075089583
thr0.45_bonus0.12_rms2_str0.40,0.45,0.12,2.0,0.4,144,81,0,81,0,0,104,40,0,0,0.1265539762366839,0.3137870878123036,0.29780279075089583
thr0.45_bonus0.15_rms2_str0.30,0.45,0.15,2.0,0.3,144,81,0,81,0,0,104,40,0,0,0.1265539762366839,0.3137870878123036,0.29780279075089583
thr0.45_bonus0.15_rms2_str0.35,0.45,0.15,2.0,0.35,144,81,0,81,0,0,104,40,0,0,0.1265539762366839,0.3137870878123036,0.29780279075089583
thr0.45_bonus0.15_rms2_str0.40,0.45,0.15,2.0,0.4,144,81,0,81,0,0,104,40,0,0,0.1265539762366839,0.3137870878123036,0.29780279075089583
thr0.36_bonus0.12_rms10_str0.30,0.36,0.12,10.0,0.3,144,81,0,81,0,0,108,36,0,0,0.11682669902673824,0.321600804260522,0.3103620484296303
thr0.36_bonus0.12_rms10_str0.35,0.36,0.12,10.0,0.35,144,81,0,81,0,0,108,36,0,0,0.11682669902673824,0.321600804260522,0.3103620484296303
thr0.36_bonus0.12_rms10_str0.40,0.36,0.12,10.0,0.4,144,81,0,81,0,0,108,36,0,0,0.11682669902673824,0.321600804260522,0.3103620484296303
thr0.36_bonus0.15_rms10_str0.30,0.36,0.15,10.0,0.3,144,81,0,81,0,0,108,36,0,0,0.11682669902673824,0.321600804260522,0.3103620484296303
thr0.36_bonus0.15_rms10_str0.35,0.36,0.15,10.0,0.35,144,81,0,81,0,0,108,36,0,0,0.11682669902673824,0.321600804260522,0.3103620484296303
thr0.36_bonus0.15_rms10_str0.40,0.36,0.15,10.0,0.4,144,81,0,81,0,0,108,36,0,0,0.11682669902673824,0.321600804260522,0.3103620484296303
thr0.36_bonus0.20_rms10_str0.30,0.36,0.2,10.0,0.3,144,81,0,81,0,0,108,36,0,0,0.11682669902673824,0.321600804260522,0.3103620484296303
thr0.36_bonus0.20_rms10_str0.35,0.36,0.2,10.0,0.35,144,81,0,81,0,0,108,36,0,0,0.11682669902673824,0.321600804260522,0.3103620484296303
thr0.36_bonus0.20_rms10_str0.40,0.36,0.2,10.0,0.4,144,81,0,81,0,0,108,36,0,0,0.11682669902673824,0.321600804260522,0.3103620484296303
thr0.40_bonus0.15_rms10_str0.30,0.4,0.15,10.0,0.3,144,81,0,81,0,0,108,36,0,0,0.11682669902673824,0.321600804260522,0.3103620484296303
thr0.40_bonus0.15_rms10_str0.35,0.4,0.15,10.0,0.35,144,81,0,81,0,0,108,36,0,0,0.11682669902673824,0.321600804260522,0.3103620484296303
thr0.40_bonus0.15_rms10_str0.40,0.4,0.15,10.0,0.4,144,81,0,81,0,0,108,36,0,0,0.11682669902673824,0.321600804260522,0.3103620484296303
thr0.40_bonus0.20_rms10_str0.30,0.4,0.2,10.0,0.3,144,81,0,81,0,0,108,36,0,0,0.11682669902673824,0.321600804260522,0.3103620484296303
thr0.40_bonus0.20_rms10_str0.35,0.4,0.2,10.0,0.35,144,81,0,81,0,0,108,36,0,0,0.11682669902673824,0.321600804260522,0.3103620484296303
thr0.40_bonus0.20_rms10_str0.40,0.4,0.2,10.0,0.4,144,81,0,81,0,0,108,36,0,0,0.11682669902673824,0.321600804260522,0.3103620484296303
thr0.45_bonus0.20_rms10_str0.30,0.45,0.2,10.0,0.3,144,81,0,81,0,0,108,36,0,0,0.11682669902673824,0.321600804260522,0.3103620484296303
thr0.45_bonus0.20_rms10_str0.35,0.45,0.2,10.0,0.35,144,81,0,81,0,0,108,36,0,0,0.11682669902673824,0.321600804260522,0.3103620484296303
thr0.45_bonus0.20_rms10_str0.40,0.45,0.2,10.0,0.4,144,81,0,81,0,0,108,36,0,0,0.11682669902673824,0.321600804260522,0.3103620484296303
thr0.36_bonus0.04_rms1_str0.30,0.36,0.04,1.0,0.3,144,81,0,81,0,0,108,36,0,0,0.11914301558539214,0.3123638835944705,0.29324476697687546
thr0.36_bonus0.04_rms1_str0.35,0.36,0.04,1.0,0.35,144,81,0,81,0,0,108,36,0,0,0.11914301558539214,0.3123638835944705,0.29324476697687546
thr0.36_bonus0.04_rms1_str0.40,0.36,0.04,1.0,0.4,144,81,0,81,0,0,108,36,0,0,0.11914301558539214,0.3123638835944705,0.29324476697687546
thr0.36_bonus0.06_rms1_str0.30,0.36,0.06,1.0,0.3,144,81,0,81,0,0,108,36,0,0,0.11914301558539214,0.3123638835944705,0.29324476697687546
thr0.36_bonus0.06_rms1_str0.35,0.36,0.06,1.0,0.35,144,81,0,81,0,0,108,36,0,0,0.11914301558539214,0.3123638835944705,0.29324476697687546
thr0.36_bonus0.06_rms1_str0.40,0.36,0.06,1.0,0.4,144,81,0,81,0,0,108,36,0,0,0.11914301558539214,0.3123638835944705,0.29324476697687546
thr0.36_bonus0.08_rms1_str0.30,0.36,0.08,1.0,0.3,144,81,0,81,0,0,108,36,0,0,0.11914301558539214,0.3123638835944705,0.29324476697687546
thr0.36_bonus0.08_rms1_str0.35,0.36,0.08,1.0,0.35,144,81,0,81,0,0,108,36,0,0,0.11914301558539214,0.3123638835944705,0.29324476697687546
thr0.36_bonus0.08_rms1_str0.40,0.36,0.08,1.0,0.4,144,81,0,81,0,0,108,36,0,0,0.11914301558539214,0.3123638835944705,0.29324476697687546
thr0.36_bonus0.10_rms1_str0.30,0.36,0.1,1.0,0.3,144,81,0,81,0,0,108,36,0,0,0.11914301558539214,0.3123638835944705,0.29324476697687546
thr0.36_bonus0.10_rms1_str0.35,0.36,0.1,1.0,0.35,144,81,0,81,0,0,108,36,0,0,0.11914301558539214,0.3123638835944705,0.29324476697687546
thr0.36_bonus0.10_rms1_str0.40,0.36,0.1,1.0,0.4,144,81,0,81,0,0,108,36,0,0,0.11914301558539214,0.3123638835944705,0.29324476697687546
thr0.40_bonus0.08_rms1_str0.30,0.4,0.08,1.0,0.3,144,81,0,81,0,0,108,36,0,0,0.11914301558539214,0.3123638835944705,0.29324476697687546
thr0.40_bonus0.08_rms1_str0.35,0.4,0.08,1.0,0.35,144,81,0,81,0,0,108,36,0,0,0.11914301558539214,0.3123638835944705,0.29324476697687546
thr0.40_bonus0.08_rms1_str0.40,0.4,0.08,1.0,0.4,144,81,0,81,0,0,108,36,0,0,0.11914301558539214,0.3123638835944705,0.29324476697687546
thr0.40_bonus0.10_rms1_str0.30,0.4,0.1,1.0,0.3,144,81,0,81,0,0,108,36,0,0,0.11914301558539214,0.3123638835944705,0.29324476697687546
thr0.40_bonus0.10_rms1_str0.35,0.4,0.1,1.0,0.35,144,81,0,81,0,0,108,36,0,0,0.11914301558539214,0.3123638835944705,0.29324476697687546
thr0.40_bonus0.10_rms1_str0.40,0.4,0.1,1.0,0.4,144,81,0,81,0,0,108,36,0,0,0.11914301558539214,0.3123638835944705,0.29324476697687546
thr0.40_bonus0.12_rms1_str0.30,0.4,0.12,1.0,0.3,144,81,0,81,0,0,108,36,0,0,0.11914301558539214,0.3123638835944705,0.29324476697687546
thr0.40_bonus0.12_rms1_str0.35,0.4,0.12,1.0,0.35,144,81,0,81,0,0,108,36,0,0,0.11914301558539214,0.3123638835944705,0.29324476697687546
thr0.40_bonus0.12_rms1_str0.40,0.4,0.12,1.0,0.4,144,81,0,81,0,0,108,36,0,0,0.11914301558539214,0.3123638835944705,0.29324476697687546
thr0.45_bonus0.12_rms1_str0.30,0.45,0.12,1.0,0.3,144,81,0,81,0,0,108,36,0,0,0.11914301558539214,0.3123638835944705,0.29324476697687546
thr0.45_bonus0.12_rms1_str0.35,0.45,0.12,1.0,0.35,144,81,0,81,0,0,108,36,0,0,0.11914301558539214,0.3123638835944705,0.29324476697687546
thr0.45_bonus0.12_rms1_str0.40,0.45,0.12,1.0,0.4,144,81,0,81,0,0,108,36,0,0,0.11914301558539214,0.3123638835944705,0.29324476697687546
thr0.45_bonus0.15_rms1_str0.30,0.45,0.15,1.0,0.3,144,81,0,81,0,0,108,36,0,0,0.11914301558539214,0.3123638835944705,0.29324476697687546
thr0.45_bonus0.15_rms1_str0.35,0.45,0.15,1.0,0.35,144,81,0,81,0,0,108,36,0,0,0.11914301558539214,0.3123638835944705,0.29324476697687546
thr0.45_bonus0.15_rms1_str0.40,0.45,0.15,1.0,0.4,144,81,0,81,0,0,108,36,0,0,0.11914301558539214,0.3123638835944705,0.29324476697687546
thr0.36_bonus0.04_rms0.5_str0.30,0.36,0.04,0.5,0.3,144,81,0,81,0,0,109,35,0,0,0.11727371209711676,0.3120960236213002,0.29142203201944883
thr0.36_bonus0.04_rms0.5_str0.35,0.36,0.04,0.5,0.35,144,81,0,81,0,0,109,35,0,0,0.11727371209711676,0.3120960236213002,0.29142203201944883
thr0.36_bonus0.04_rms0.5_str0.40,0.36,0.04,0.5,0.4,144,81,0,81,0,0,109,35,0,0,0.11727371209711676,0.3120960236213002,0.29142203201944883
thr0.36_bonus0.04_rms0.7_str0.30,0.36,0.04,0.7,0.3,144,81,0,81,0,0,109,35,0,0,0.11727371209711676,0.3120960236213002,0.29142203201944883
thr0.36_bonus0.04_rms0.7_str0.35,0.36,0.04,0.7,0.35,144,81,0,81,0,0,109,35,0,0,0.11727371209711676,0.3120960236213002,0.29142203201944883
thr0.36_bonus0.04_rms0.7_str0.40,0.36,0.04,0.7,0.4,144,81,0,81,0,0,109,35,0,0,0.11727371209711676,0.3120960236213002,0.29142203201944883
thr0.36_bonus0.06_rms0.5_str0.30,0.36,0.06,0.5,0.3,144,81,0,81,0,0,109,35,0,0,0.11727371209711676,0.3120960236213002,0.29142203201944883
thr0.36_bonus0.06_rms0.5_str0.35,0.36,0.06,0.5,0.35,144,81,0,81,0,0,109,35,0,0,0.11727371209711676,0.3120960236213002,0.29142203201944883
thr0.36_bonus0.06_rms0.5_str0.40,0.36,0.06,0.5,0.4,144,81,0,81,0,0,109,35,0,0,0.11727371209711676,0.3120960236213002,0.29142203201944883
thr0.36_bonus0.06_rms0.7_str0.30,0.36,0.06,0.7,0.3,144,81,0,81,0,0,109,35,0,0,0.11727371209711676,0.3120960236213002,0.29142203201944883
thr0.36_bonus0.06_rms0.7_str0.35,0.36,0.06,0.7,0.35,144,81,0,81,0,0,109,35,0,0,0.11727371209711676,0.3120960236213002,0.29142203201944883
thr0.36_bonus0.06_rms0.7_str0.40,0.36,0.06,0.7,0.4,144,81,0,81,0,0,109,35,0,0,0.11727371209711676,0.3120960236213002,0.29142203201944883
thr0.36_bonus0.08_rms0.5_str0.30,0.36,0.08,0.5,0.3,144,81,0,81,0,0,109,35,0,0,0.11727371209711676,0.3120960236213002,0.29142203201944883
thr0.36_bonus0.08_rms0.5_str0.35,0.36,0.08,0.5,0.35,144,81,0,81,0,0,109,35,0,0,0.11727371209711676,0.3120960236213002,0.29142203201944883
thr0.36_bonus0.08_rms0.5_str0.40,0.36,0.08,0.5,0.4,144,81,0,81,0,0,109,35,0,0,0.11727371209711676,0.3120960236213002,0.29142203201944883
thr0.36_bonus0.08_rms0.7_str0.30,0.36,0.08,0.7,0.3,144,81,0,81,0,0,109,35,0,0,0.11727371209711676,0.3120960236213002,0.29142203201944883
thr0.36_bonus0.08_rms0.7_str0.35,0.36,0.08,0.7,0.35,144,81,0,81,0,0,109,35,0,0,0.11727371209711676,0.3120960236213002,0.29142203201944883
thr0.36_bonus0.08_rms0.7_str0.40,0.36,0.08,0.7,0.4,144,81,0,81,0,0,109,35,0,0,0.11727371209711676,0.3120960236213002,0.29142203201944883
thr0.36_bonus0.10_rms0.5_str0.30,0.36,0.1,0.5,0.3,144,81,0,81,0,0,109,35,0,0,0.11727371209711676,0.3120960236213002,0.29142203201944883
thr0.36_bonus0.10_rms0.5_str0.35,0.36,0.1,0.5,0.35,144,81,0,81,0,0,109,35,0,0,0.11727371209711676,0.3120960236213002,0.29142203201944883
thr0.36_bonus0.10_rms0.5_str0.40,0.36,0.1,0.5,0.4,144,81,0,81,0,0,109,35,0,0,0.11727371209711676,0.3120960236213002,0.29142203201944883
thr0.36_bonus0.10_rms0.7_str0.30,0.36,0.1,0.7,0.3,144,81,0,81,0,0,109,35,0,0,0.11727371209711676,0.3120960236213002,0.29142203201944883
thr0.36_bonus0.10_rms0.7_str0.35,0.36,0.1,0.7,0.35,144,81,0,81,0,0,109,35,0,0,0.11727371209711676,0.3120960236213002,0.29142203201944883
thr0.36_bonus0.10_rms0.7_str0.40,0.36,0.1,0.7,0.4,144,81,0,81,0,0,109,35,0,0,0.11727371209711676,0.3120960236213002,0.29142203201944883
thr0.40_bonus0.08_rms0.5_str0.30,0.4,0.08,0.5,0.3,144,81,0,81,0,0,109,35,0,0,0.11727371209711676,0.3120960236213002,0.29142203201944883
thr0.40_bonus0.08_rms0.5_str0.35,0.4,0.08,0.5,0.35,144,81,0,81,0,0,109,35,0,0,0.11727371209711676,0.3120960236213002,0.29142203201944883
thr0.40_bonus0.08_rms0.5_str0.40,0.4,0.08,0.5,0.4,144,81,0,81,0,0,109,35,0,0,0.11727371209711676,0.3120960236213002,0.29142203201944883
thr0.40_bonus0.08_rms0.7_str0.30,0.4,0.08,0.7,0.3,144,81,0,81,0,0,109,35,0,0,0.11727371209711676,0.3120960236213002,0.29142203201944883
thr0.40_bonus0.08_rms0.7_str0.35,0.4,0.08,0.7,0.35,144,81,0,81,0,0,109,35,0,0,0.11727371209711676,0.3120960236213002,0.29142203201944883
thr0.40_bonus0.08_rms0.7_str0.40,0.4,0.08,0.7,0.4,144,81,0,81,0,0,109,35,0,0,0.11727371209711676,0.3120960236213002,0.29142203201944883
thr0.40_bonus0.10_rms0.5_str0.30,0.4,0.1,0.5,0.3,144,81,0,81,0,0,109,35,0,0,0.11727371209711676,0.3120960236213002,0.29142203201944883
thr0.40_bonus0.10_rms0.5_str0.35,0.4,0.1,0.5,0.35,144,81,0,81,0,0,109,35,0,0,0.11727371209711676,0.3120960236213002,0.29142203201944883
thr0.40_bonus0.10_rms0.5_str0.40,0.4,0.1,0.5,0.4,144,81,0,81,0,0,109,35,0,0,0.11727371209711676,0.3120960236213002,0.29142203201944883
thr0.40_bonus0.10_rms0.7_str0.30,0.4,0.1,0.7,0.3,144,81,0,81,0,0,109,35,0,0,0.11727371209711676,0.3120960236213002,0.29142203201944883
thr0.40_bonus0.10_rms0.7_str0.35,0.4,0.1,0.7,0.35,144,81,0,81,0,0,109,35,0,0,0.11727371209711676,0.3120960236213002,0.29142203201944883
thr0.40_bonus0.10_rms0.7_str0.40,0.4,0.1,0.7,0.4,144,81,0,81,0,0,109,35,0,0,0.11727371209711676,0.3120960236213002,0.29142203201944883
thr0.40_bonus0.12_rms0.5_str0.30,0.4,0.12,0.5,0.3,144,81,0,81,0,0,109,35,0,0,0.11727371209711676,0.3120960236213002,0.29142203201944883
thr0.40_bonus0.12_rms0.5_str0.35,0.4,0.12,0.5,0.35,144,81,0,81,0,0,109,35,0,0,0.11727371209711676,0.3120960236213002,0.29142203201944883
thr0.40_bonus0.12_rms0.5_str0.40,0.4,0.12,0.5,0.4,144,81,0,81,0,0,109,35,0,0,0.11727371209711676,0.3120960236213002,0.29142203201944883
thr0.40_bonus0.12_rms0.7_str0.30,0.4,0.12,0.7,0.3,144,81,0,81,0,0,109,35,0,0,0.11727371209711676,0.3120960236213002,0.29142203201944883
thr0.40_bonus0.12_rms0.7_str0.35,0.4,0.12,0.7,0.35,144,81,0,81,0,0,109,35,0,0,0.11727371209711676,0.3120960236213002,0.29142203201944883
thr0.40_bonus0.12_rms0.7_str0.40,0.4,0.12,0.7,0.4,144,81,0,81,0,0,109,35,0,0,0.11727371209711676,0.3120960236213002,0.29142203201944883
thr0.45_bonus0.12_rms0.5_str0.30,0.45,0.12,0.5,0.3,144,81,0,81,0,0,109,35,0,0,0.11727371209711676,0.3120960236213002,0.29142203201944883
thr0.45_bonus0.12_rms0.5_str0.35,0.45,0.12,0.5,0.35,144,81,0,81,0,0,109,35,0,0,0.11727371209711676,0.3120960236213002,0.29142203201944883
thr0.45_bonus0.12_rms0.5_str0.40,0.45,0.12,0.5,0.4,144,81,0,81,0,0,109,35,0,0,0.11727371209711676,0.3120960236213002,0.29142203201944883
thr0.45_bonus0.12_rms0.7_str0.30,0.45,0.12,0.7,0.3,144,81,0,81,0,0,109,35,0,0,0.11727371209711676,0.3120960236213002,0.29142203201944883
thr0.45_bonus0.12_rms0.7_str0.35,0.45,0.12,0.7,0.35,144,81,0,81,0,0,109,35,0,0,0.11727371209711676,0.3120960236213002,0.29142203201944883
thr0.45_bonus0.12_rms0.7_str0.40,0.45,0.12,0.7,0.4,144,81,0,81,0,0,109,35,0,0,0.11727371209711676,0.3120960236213002,0.29142203201944883
thr0.45_bonus0.15_rms0.5_str0.30,0.45,0.15,0.5,0.3,144,81,0,81,0,0,109,35,0,0,0.11727371209711676,0.3120960236213002,0.29142203201944883
thr0.45_bonus0.15_rms0.5_str0.35,0.45,0.15,0.5,0.35,144,81,0,81,0,0,109,35,0,0,0.11727371209711676,0.3120960236213002,0.29142203201944883
thr0.45_bonus0.15_rms0.5_str0.40,0.45,0.15,0.5,0.4,144,81,0,81,0,0,109,35,0,0,0.11727371209711676,0.3120960236213002,0.29142203201944883
thr0.45_bonus0.15_rms0.7_str0.30,0.45,0.15,0.7,0.3,144,81,0,81,0,0,109,35,0,0,0.11727371209711676,0.3120960236213002,0.29142203201944883
thr0.45_bonus0.15_rms0.7_str0.35,0.45,0.15,0.7,0.35,144,81,0,81,0,0,109,35,0,0,0.11727371209711676,0.3120960236213002,0.29142203201944883
thr0.45_bonus0.15_rms0.7_str0.40,0.45,0.15,0.7,0.4,144,81,0,81,0,0,109,35,0,0,0.11727371209711676,0.3120960236213002,0.29142203201944883
thr0.28_bonus0.00_rms0.5_str0.30,0.28,0.0,0.5,0.3,144,81,0,81,0,0,113,31,0,0,0.10980376411566843,0.3081144602675946,0.28844828747691503
thr0.28_bonus0.00_rms0.5_str0.35,0.28,0.0,0.5,0.35,144,81,0,81,0,0,113,31,0,0,0.10980376411566843,0.3081144602675946,0.28844828747691503
thr0.28_bonus0.00_rms0.5_str0.40,0.28,0.0,0.5,0.4,144,81,0,81,0,0,113,31,0,0,0.10980376411566843,0.3081144602675946,0.28844828747691503
thr0.28_bonus0.00_rms0.7_str0.30,0.28,0.0,0.7,0.3,144,81,0,81,0,0,113,31,0,0,0.10980376411566843,0.3081144602675946,0.28844828747691503
thr0.28_bonus0.00_rms0.7_str0.35,0.28,0.0,0.7,0.35,144,81,0,81,0,0,113,31,0,0,0.10980376411566843,0.3081144602675946,0.28844828747691503
thr0.28_bonus0.00_rms0.7_str0.40,0.28,0.0,0.7,0.4,144,81,0,81,0,0,113,31,0,0,0.10980376411566843,0.3081144602675946,0.28844828747691503
thr0.28_bonus0.00_rms1_str0.30,0.28,0.0,1.0,0.3,144,81,0,81,0,0,113,31,0,0,0.10980376411566843,0.3081144602675946,0.28844828747691503
thr0.28_bonus0.00_rms1_str0.35,0.28,0.0,1.0,0.35,144,81,0,81,0,0,113,31,0,0,0.10980376411566843,0.3081144602675946,0.28844828747691503
thr0.28_bonus0.00_rms1_str0.40,0.28,0.0,1.0,0.4,144,81,0,81,0,0,113,31,0,0,0.10980376411566843,0.3081144602675946,0.28844828747691503
thr0.28_bonus0.00_rms2_str0.30,0.28,0.0,2.0,0.3,144,81,0,81,0,0,113,31,0,0,0.10980376411566843,0.3081144602675946,0.28844828747691503
thr0.28_bonus0.00_rms2_str0.35,0.28,0.0,2.0,0.35,144,81,0,81,0,0,113,31,0,0,0.10980376411566843,0.3081144602675946,0.28844828747691503
thr0.28_bonus0.00_rms2_str0.40,0.28,0.0,2.0,0.4,144,81,0,81,0,0,113,31,0,0,0.10980376411566843,0.3081144602675946,0.28844828747691503
thr0.28_bonus0.00_rms5_str0.30,0.28,0.0,5.0,0.3,144,81,0,81,0,0,113,31,0,0,0.10980376411566843,0.3081144602675946,0.28844828747691503
thr0.28_bonus0.00_rms5_str0.35,0.28,0.0,5.0,0.35,144,81,0,81,0,0,113,31,0,0,0.10980376411566843,0.3081144602675946,0.28844828747691503
thr0.28_bonus0.00_rms5_str0.40,0.28,0.0,5.0,0.4,144,81,0,81,0,0,113,31,0,0,0.10980376411566843,0.3081144602675946,0.28844828747691503
thr0.28_bonus0.00_rms10_str0.30,0.28,0.0,10.0,0.3,144,81,0,81,0,0,113,31,0,0,0.10980376411566843,0.3081144602675946,0.28844828747691503
thr0.28_bonus0.00_rms10_str0.35,0.28,0.0,10.0,0.35,144,81,0,81,0,0,113,31,0,0,0.10980376411566843,0.3081144602675946,0.28844828747691503
thr0.28_bonus0.00_rms10_str0.40,0.28,0.0,10.0,0.4,144,81,0,81,0,0,113,31,0,0,0.10980376411566843,0.3081144602675946,0.28844828747691503
thr0.28_bonus0.00_rms20_str0.30,0.28,0.0,20.0,0.3,144,81,0,81,0,0,113,31,0,0,0.10980376411566843,0.3081144602675946,0.28844828747691503
thr0.28_bonus0.00_rms20_str0.35,0.28,0.0,20.0,0.35,144,81,0,81,0,0,113,31,0,0,0.10980376411566843,0.3081144602675946,0.28844828747691503
thr0.28_bonus0.00_rms20_str0.40,0.28,0.0,20.0,0.4,144,81,0,81,0,0,113,31,0,0,0.10980376411566843,0.3081144602675946,0.28844828747691503
thr0.32_bonus0.00_rms0.5_str0.30,0.32,0.0,0.5,0.3,144,81,0,81,0,0,113,31,0,0,0.10980376411566843,0.3081144602675946,0.28844828747691503
thr0.32_bonus0.00_rms0.5_str0.35,0.32,0.0,0.5,0.35,144,81,0,81,0,0,113,31,0,0,0.10980376411566843,0.3081144602675946,0.28844828747691503
thr0.32_bonus0.00_rms0.5_str0.40,0.32,0.0,0.5,0.4,144,81,0,81,0,0,113,31,0,0,0.10980376411566843,0.3081144602675946,0.28844828747691503
thr0.32_bonus0.00_rms0.7_str0.30,0.32,0.0,0.7,0.3,144,81,0,81,0,0,113,31,0,0,0.10980376411566843,0.3081144602675946,0.28844828747691503
thr0.32_bonus0.00_rms0.7_str0.35,0.32,0.0,0.7,0.35,144,81,0,81,0,0,113,31,0,0,0.10980376411566843,0.3081144602675946,0.28844828747691503
thr0.32_bonus0.00_rms0.7_str0.40,0.32,0.0,0.7,0.4,144,81,0,81,0,0,113,31,0,0,0.10980376411566843,0.3081144602675946,0.28844828747691503
thr0.32_bonus0.00_rms1_str0.30,0.32,0.0,1.0,0.3,144,81,0,81,0,0,113,31,0,0,0.10980376411566843,0.3081144602675946,0.28844828747691503
thr0.32_bonus0.00_rms1_str0.35,0.32,0.0,1.0,0.35,144,81,0,81,0,0,113,31,0,0,0.10980376411566843,0.3081144602675946,0.28844828747691503
thr0.32_bonus0.00_rms1_str0.40,0.32,0.0,1.0,0.4,144,81,0,81,0,0,113,31,0,0,0.10980376411566843,0.3081144602675946,0.28844828747691503
thr0.32_bonus0.00_rms2_str0.30,0.32,0.0,2.0,0.3,144,81,0,81,0,0,113,31,0,0,0.10980376411566843,0.3081144602675946,0.28844828747691503
thr0.32_bonus0.00_rms2_str0.35,0.32,0.0,2.0,0.35,144,81,0,81,0,0,113,31,0,0,0.10980376411566843,0.3081144602675946,0.28844828747691503
thr0.32_bonus0.00_rms2_str0.40,0.32,0.0,2.0,0.4,144,81,0,81,0,0,113,31,0,0,0.10980376411566843,0.3081144602675946,0.28844828747691503
thr0.32_bonus0.00_rms5_str0.30,0.32,0.0,5.0,0.3,144,81,0,81,0,0,113,31,0,0,0.10980376411566843,0.3081144602675946,0.28844828747691503
thr0.32_bonus0.00_rms5_str0.35,0.32,0.0,5.0,0.35,144,81,0,81,0,0,113,31,0,0,0.10980376411566843,0.3081144602675946,0.28844828747691503
thr0.32_bonus0.00_rms5_str0.40,0.32,0.0,5.0,0.4,144,81,0,81,0,0,113,31,0,0,0.10980376411566843,0.3081144602675946,0.28844828747691503
thr0.32_bonus0.00_rms10_str0.30,0.32,0.0,10.0,0.3,144,81,0,81,0,0,113,31,0,0,0.10980376411566843,0.3081144602675946,0.28844828747691503
thr0.32_bonus0.00_rms10_str0.35,0.32,0.0,10.0,0.35,144,81,0,81,0,0,113,31,0,0,0.10980376411566843,0.3081144602675946,0.28844828747691503
thr0.32_bonus0.00_rms10_str0.40,0.32,0.0,10.0,0.4,144,81,0,81,0,0,113,31,0,0,0.10980376411566843,0.3081144602675946,0.28844828747691503
thr0.32_bonus0.00_rms20_str0.30,0.32,0.0,20.0,0.3,144,81,0,81,0,0,113,31,0,0,0.10980376411566843,0.3081144602675946,0.28844828747691503
thr0.32_bonus0.00_rms20_str0.35,0.32,0.0,20.0,0.35,144,81,0,81,0,0,113,31,0,0,0.10980376411566843,0.3081144602675946,0.28844828747691503
thr0.32_bonus0.00_rms20_str0.40,0.32,0.0,20.0,0.4,144,81,0,81,0,0,113,31,0,0,0.10980376411566843,0.3081144602675946,0.28844828747691503
thr0.32_bonus0.04_rms0.5_str0.30,0.32,0.04,0.5,0.3,144,81,0,81,0,0,113,31,0,0,0.10980376411566843,0.3081144602675946,0.28844828747691503
thr0.32_bonus0.04_rms0.5_str0.35,0.32,0.04,0.5,0.35,144,81,0,81,0,0,113,31,0,0,0.10980376411566843,0.3081144602675946,0.28844828747691503
thr0.32_bonus0.04_rms0.5_str0.40,0.32,0.04,0.5,0.4,144,81,0,81,0,0,113,31,0,0,0.10980376411566843,0.3081144602675946,0.28844828747691503
thr0.32_bonus0.04_rms0.7_str0.30,0.32,0.04,0.7,0.3,144,81,0,81,0,0,113,31,0,0,0.10980376411566843,0.3081144602675946,0.28844828747691503
thr0.32_bonus0.04_rms0.7_str0.35,0.32,0.04,0.7,0.35,144,81,0,81,0,0,113,31,0,0,0.10980376411566843,0.3081144602675946,0.28844828747691503
thr0.32_bonus0.04_rms0.7_str0.40,0.32,0.04,0.7,0.4,144,81,0,81,0,0,113,31,0,0,0.10980376411566843,0.3081144602675946,0.28844828747691503
thr0.32_bonus0.04_rms1_str0.30,0.32,0.04,1.0,0.3,144,81,0,81,0,0,113,31,0,0,0.10980376411566843,0.3081144602675946,0.28844828747691503
thr0.32_bonus0.04_rms1_str0.35,0.32,0.04,1.0,0.35,144,81,0,81,0,0,113,31,0,0,0.10980376411566843,0.3081144602675946,0.28844828747691503
thr0.32_bonus0.04_rms1_str0.40,0.32,0.04,1.0,0.4,144,81,0,81,0,0,113,31,0,0,0.10980376411566843,0.3081144602675946,0.28844828747691503
thr0.32_bonus0.04_rms2_str0.30,0.32,0.04,2.0,0.3,144,81,0,81,0,0,113,31,0,0,0.10980376411566843,0.3081144602675946,0.28844828747691503
thr0.32_bonus0.04_rms2_str0.35,0.32,0.04,2.0,0.35,144,81,0,81,0,0,113,31,0,0,0.10980376411566843,0.3081144602675946,0.28844828747691503
thr0.32_bonus0.04_rms2_str0.40,0.32,0.04,2.0,0.4,144,81,0,81,0,0,113,31,0,0,0.10980376411566843,0.3081144602675946,0.28844828747691503
thr0.32_bonus0.04_rms5_str0.30,0.32,0.04,5.0,0.3,144,81,0,81,0,0,113,31,0,0,0.10980376411566843,0.3081144602675946,0.28844828747691503
thr0.32_bonus0.04_rms5_str0.35,0.32,0.04,5.0,0.35,144,81,0,81,0,0,113,31,0,0,0.10980376411566843,0.3081144602675946,0.28844828747691503
thr0.32_bonus0.04_rms5_str0.40,0.32,0.04,5.0,0.4,144,81,0,81,0,0,113,31,0,0,0.10980376411566843,0.3081144602675946,0.28844828747691503
thr0.32_bonus0.04_rms10_str0.30,0.32,0.04,10.0,0.3,144,81,0,81,0,0,113,31,0,0,0.10980376411566843,0.3081144602675946,0.28844828747691503
thr0.32_bonus0.04_rms10_str0.35,0.32,0.04,10.0,0.35,144,81,0,81,0,0,113,31,0,0,0.10980376411566843,0.3081144602675946,0.28844828747691503
thr0.32_bonus0.04_rms10_str0.40,0.32,0.04,10.0,0.4,144,81,0,81,0,0,113,31,0,0,0.10980376411566843,0.3081144602675946,0.28844828747691503
thr0.32_bonus0.04_rms20_str0.30,0.32,0.04,20.0,0.3,144,81,0,81,0,0,113,31,0,0,0.10980376411566843,0.3081144602675946,0.28844828747691503
thr0.32_bonus0.04_rms20_str0.35,0.32,0.04,20.0,0.35,144,81,0,81,0,0,113,31,0,0,0.10980376411566843,0.3081144602675946,0.28844828747691503
thr0.32_bonus0.04_rms20_str0.40,0.32,0.04,20.0,0.4,144,81,0,81,0,0,113,31,0,0,0.10980376411566843,0.3081144602675946,0.28844828747691503
thr0.32_bonus0.06_rms0.5_str0.30,0.32,0.06,0.5,0.3,144,81,0,81,0,0,113,31,0,0,0.10980376411566843,0.3081144602675946,0.28844828747691503
thr0.32_bonus0.06_rms0.5_str0.35,0.32,0.06,0.5,0.35,144,81,0,81,0,0,113,31,0,0,0.10980376411566843,0.3081144602675946,0.28844828747691503
thr0.32_bonus0.06_rms0.5_str0.40,0.32,0.06,0.5,0.4,144,81,0,81,0,0,113,31,0,0,0.10980376411566843,0.3081144602675946,0.28844828747691503
thr0.32_bonus0.06_rms0.7_str0.30,0.32,0.06,0.7,0.3,144,81,0,81,0,0,113,31,0,0,0.10980376411566843,0.3081144602675946,0.28844828747691503
thr0.32_bonus0.06_rms0.7_str0.35,0.32,0.06,0.7,0.35,144,81,0,81,0,0,113,31,0,0,0.10980376411566843,0.3081144602675946,0.28844828747691503
thr0.32_bonus0.06_rms0.7_str0.40,0.32,0.06,0.7,0.4,144,81,0,81,0,0,113,31,0,0,0.10980376411566843,0.3081144602675946,0.28844828747691503
thr0.32_bonus0.06_rms1_str0.30,0.32,0.06,1.0,0.3,144,81,0,81,0,0,113,31,0,0,0.10980376411566843,0.3081144602675946,0.28844828747691503
thr0.32_bonus0.06_rms1_str0.35,0.32,0.06,1.0,0.35,144,81,0,81,0,0,113,31,0,0,0.10980376411566843,0.3081144602675946,0.28844828747691503
thr0.32_bonus0.06_rms1_str0.40,0.32,0.06,1.0,0.4,144,81,0,81,0,0,113,31,0,0,0.10980376411566843,0.3081144602675946,0.28844828747691503
thr0.32_bonus0.06_rms2_str0.30,0.32,0.06,2.0,0.3,144,81,0,81,0,0,113,31,0,0,0.10980376411566843,0.3081144602675946,0.28844828747691503
thr0.32_bonus0.06_rms2_str0.35,0.32,0.06,2.0,0.35,144,81,0,81,0,0,113,31,0,0,0.10980376411566843,0.3081144602675946,0.28844828747691503
thr0.32_bonus0.06_rms2_str0.40,0.32,0.06,2.0,0.4,144,81,0,81,0,0,113,31,0,0,0.10980376411566843,0.3081144602675946,0.28844828747691503
thr0.32_bonus0.06_rms5_str0.30,0.32,0.06,5.0,0.3,144,81,0,81,0,0,113,31,0,0,0.10980376411566843,0.3081144602675946,0.28844828747691503
thr0.32_bonus0.06_rms5_str0.35,0.32,0.06,5.0,0.35,144,81,0,81,0,0,113,31,0,0,0.10980376411566843,0.3081144602675946,0.28844828747691503
thr0.32_bonus0.06_rms5_str0.40,0.32,0.06,5.0,0.4,144,81,0,81,0,0,113,31,0,0,0.10980376411566843,0.3081144602675946,0.28844828747691503
thr0.32_bonus0.06_rms10_str0.30,0.32,0.06,10.0,0.3,144,81,0,81,0,0,113,31,0,0,0.10980376411566843,0.3081144602675946,0.28844828747691503
thr0.32_bonus0.06_rms10_str0.35,0.32,0.06,10.0,0.35,144,81,0,81,0,0,113,31,0,0,0.10980376411566843,0.3081144602675946,0.28844828747691503
thr0.32_bonus0.06_rms10_str0.40,0.32,0.06,10.0,0.4,144,81,0,81,0,0,113,31,0,0,0.10980376411566843,0.3081144602675946,0.28844828747691503
thr0.32_bonus0.06_rms20_str0.30,0.32,0.06,20.0,0.3,144,81,0,81,0,0,113,31,0,0,0.10980376411566843,0.3081144602675946,0.28844828747691503
thr0.32_bonus0.06_rms20_str0.35,0.32,0.06,20.0,0.35,144,81,0,81,0,0,113,31,0,0,0.10980376411566843,0.3081144602675946,0.28844828747691503
thr0.32_bonus0.06_rms20_str0.40,0.32,0.06,20.0,0.4,144,81,0,81,0,0,113,31,0,0,0.10980376411566843,0.3081144602675946,0.28844828747691503
thr0.36_bonus0.12_rms5_str0.30,0.36,0.12,5.0,0.3,144,81,0,81,0,0,116,28,0,0,0.10130862194514619,0.3168420774544681,0.2863604879483981
thr0.36_bonus0.12_rms5_str0.35,0.36,0.12,5.0,0.35,144,81,0,81,0,0,116,28,0,0,0.10130862194514619,0.3168420774544681,0.2863604879483981
thr0.36_bonus0.12_rms5_str0.40,0.36,0.12,5.0,0.4,144,81,0,81,0,0,116,28,0,0,0.10130862194514619,0.3168420774544681,0.2863604879483981
thr0.36_bonus0.15_rms5_str0.30,0.36,0.15,5.0,0.3,144,81,0,81,0,0,116,28,0,0,0.10130862194514619,0.3168420774544681,0.2863604879483981
thr0.36_bonus0.15_rms5_str0.35,0.36,0.15,5.0,0.35,144,81,0,81,0,0,116,28,0,0,0.10130862194514619,0.3168420774544681,0.2863604879483981
thr0.36_bonus0.15_rms5_str0.40,0.36,0.15,5.0,0.4,144,81,0,81,0,0,116,28,0,0,0.10130862194514619,0.3168420774544681,0.2863604879483981
thr0.36_bonus0.20_rms5_str0.30,0.36,0.2,5.0,0.3,144,81,0,81,0,0,116,28,0,0,0.10130862194514619,0.3168420774544681,0.2863604879483981
thr0.36_bonus0.20_rms5_str0.35,0.36,0.2,5.0,0.35,144,81,0,81,0,0,116,28,0,0,0.10130862194514619,0.3168420774544681,0.2863604879483981
thr0.36_bonus0.20_rms5_str0.40,0.36,0.2,5.0,0.4,144,81,0,81,0,0,116,28,0,0,0.10130862194514619,0.3168420774544681,0.2863604879483981
thr0.40_bonus0.15_rms5_str0.30,0.4,0.15,5.0,0.3,144,81,0,81,0,0,116,28,0,0,0.10130862194514619,0.3168420774544681,0.2863604879483981
thr0.40_bonus0.15_rms5_str0.35,0.4,0.15,5.0,0.35,144,81,0,81,0,0,116,28,0,0,0.10130862194514619,0.3168420774544681,0.2863604879483981
thr0.40_bonus0.15_rms5_str0.40,0.4,0.15,5.0,0.4,144,81,0,81,0,0,116,28,0,0,0.10130862194514619,0.3168420774544681,0.2863604879483981
thr0.40_bonus0.20_rms5_str0.30,0.4,0.2,5.0,0.3,144,81,0,81,0,0,116,28,0,0,0.10130862194514619,0.3168420774544681,0.2863604879483981
thr0.40_bonus0.20_rms5_str0.35,0.4,0.2,5.0,0.35,144,81,0,81,0,0,116,28,0,0,0.10130862194514619,0.3168420774544681,0.2863604879483981
thr0.40_bonus0.20_rms5_str0.40,0.4,0.2,5.0,0.4,144,81,0,81,0,0,116,28,0,0,0.10130862194514619,0.3168420774544681,0.2863604879483981
thr0.45_bonus0.20_rms5_str0.30,0.45,0.2,5.0,0.3,144,81,0,81,0,0,116,28,0,0,0.10130862194514619,0.3168420774544681,0.2863604879483981
thr0.45_bonus0.20_rms5_str0.35,0.45,0.2,5.0,0.35,144,81,0,81,0,0,116,28,0,0,0.10130862194514619,0.3168420774544681,0.2863604879483981
thr0.45_bonus0.20_rms5_str0.40,0.45,0.2,5.0,0.4,144,81,0,81,0,0,116,28,0,0,0.10130862194514619,0.3168420774544681,0.2863604879483981
thr0.28_bonus0.04_rms20_str0.30,0.28,0.04,20.0,0.3,144,81,0,81,0,0,120,24,0,0,0.09542120002348116,0.3008383702513395,0.28435191089069545
thr0.28_bonus0.04_rms20_str0.35,0.28,0.04,20.0,0.35,144,81,0,81,0,0,120,24,0,0,0.09542120002348116,0.3008383702513395,0.28435191089069545
thr0.28_bonus0.04_rms20_str0.40,0.28,0.04,20.0,0.4,144,81,0,81,0,0,120,24,0,0,0.09542120002348116,0.3008383702513395,0.28435191089069545
thr0.28_bonus0.06_rms20_str0.30,0.28,0.06,20.0,0.3,144,81,0,81,0,0,120,24,0,0,0.09542120002348116,0.3008383702513395,0.28435191089069545
thr0.28_bonus0.06_rms20_str0.35,0.28,0.06,20.0,0.35,144,81,0,81,0,0,120,24,0,0,0.09542120002348116,0.3008383702513395,0.28435191089069545
thr0.28_bonus0.06_rms20_str0.40,0.28,0.06,20.0,0.4,144,81,0,81,0,0,120,24,0,0,0.09542120002348116,0.3008383702513395,0.28435191089069545
thr0.28_bonus0.08_rms20_str0.30,0.28,0.08,20.0,0.3,144,81,0,81,0,0,120,24,0,0,0.09542120002348116,0.3008383702513395,0.28435191089069545
thr0.28_bonus0.08_rms20_str0.35,0.28,0.08,20.0,0.35,144,81,0,81,0,0,120,24,0,0,0.09542120002348116,0.3008383702513395,0.28435191089069545
thr0.28_bonus0.08_rms20_str0.40,0.28,0.08,20.0,0.4,144,81,0,81,0,0,120,24,0,0,0.09542120002348116,0.3008383702513395,0.28435191089069545
thr0.28_bonus0.10_rms20_str0.30,0.28,0.1,20.0,0.3,144,81,0,81,0,0,120,24,0,0,0.09542120002348116,0.3008383702513395,0.28435191089069545
thr0.28_bonus0.10_rms20_str0.35,0.28,0.1,20.0,0.35,144,81,0,81,0,0,120,24,0,0,0.09542120002348116,0.3008383702513395,0.28435191089069545
thr0.28_bonus0.10_rms20_str0.40,0.28,0.1,20.0,0.4,144,81,0,81,0,0,120,24,0,0,0.09542120002348116,0.3008383702513395,0.28435191089069545
thr0.28_bonus0.12_rms20_str0.30,0.28,0.12,20.0,0.3,144,81,0,81,0,0,120,24,0,0,0.09542120002348116,0.3008383702513395,0.28435191089069545
thr0.28_bonus0.12_rms20_str0.35,0.28,0.12,20.0,0.35,144,81,0,81,0,0,120,24,0,0,0.09542120002348116,0.3008383702513395,0.28435191089069545
thr0.28_bonus0.12_rms20_str0.40,0.28,0.12,20.0,0.4,144,81,0,81,0,0,120,24,0,0,0.09542120002348116,0.3008383702513395,0.28435191089069545
thr0.28_bonus0.15_rms20_str0.30,0.28,0.15,20.0,0.3,144,81,0,81,0,0,120,24,0,0,0.09542120002348116,0.3008383702513395,0.28435191089069545
thr0.28_bonus0.15_rms20_str0.35,0.28,0.15,20.0,0.35,144,81,0,81,0,0,120,24,0,0,0.09542120002348116,0.3008383702513395,0.28435191089069545
thr0.28_bonus0.15_rms20_str0.40,0.28,0.15,20.0,0.4,144,81,0,81,0,0,120,24,0,0,0.09542120002348116,0.3008383702513395,0.28435191089069545
thr0.28_bonus0.20_rms20_str0.30,0.28,0.2,20.0,0.3,144,81,0,81,0,0,120,24,0,0,0.09542120002348116,0.3008383702513395,0.28435191089069545
thr0.28_bonus0.20_rms20_str0.35,0.28,0.2,20.0,0.35,144,81,0,81,0,0,120,24,0,0,0.09542120002348116,0.3008383702513395,0.28435191089069545
thr0.28_bonus0.20_rms20_str0.40,0.28,0.2,20.0,0.4,144,81,0,81,0,0,120,24,0,0,0.09542120002348116,0.3008383702513395,0.28435191089069545
thr0.32_bonus0.08_rms20_str0.30,0.32,0.08,20.0,0.3,144,81,0,81,0,0,120,24,0,0,0.09542120002348116,0.3008383702513395,0.28435191089069545
thr0.32_bonus0.08_rms20_str0.35,0.32,0.08,20.0,0.35,144,81,0,81,0,0,120,24,0,0,0.09542120002348116,0.3008383702513395,0.28435191089069545
thr0.32_bonus0.08_rms20_str0.40,0.32,0.08,20.0,0.4,144,81,0,81,0,0,120,24,0,0,0.09542120002348116,0.3008383702513395,0.28435191089069545
thr0.32_bonus0.10_rms20_str0.30,0.32,0.1,20.0,0.3,144,81,0,81,0,0,120,24,0,0,0.09542120002348116,0.3008383702513395,0.28435191089069545
thr0.32_bonus0.10_rms20_str0.35,0.32,0.1,20.0,0.35,144,81,0,81,0,0,120,24,0,0,0.09542120002348116,0.3008383702513395,0.28435191089069545
thr0.32_bonus0.10_rms20_str0.40,0.32,0.1,20.0,0.4,144,81,0,81,0,0,120,24,0,0,0.09542120002348116,0.3008383702513395,0.28435191089069545
thr0.32_bonus0.12_rms20_str0.30,0.32,0.12,20.0,0.3,144,81,0,81,0,0,120,24,0,0,0.09542120002348116,0.3008383702513395,0.28435191089069545
thr0.32_bonus0.12_rms20_str0.35,0.32,0.12,20.0,0.35,144,81,0,81,0,0,120,24,0,0,0.09542120002348116,0.3008383702513395,0.28435191089069545
thr0.32_bonus0.12_rms20_str0.40,0.32,0.12,20.0,0.4,144,81,0,81,0,0,120,24,0,0,0.09542120002348116,0.3008383702513395,0.28435191089069545
thr0.32_bonus0.15_rms20_str0.30,0.32,0.15,20.0,0.3,144,81,0,81,0,0,120,24,0,0,0.09542120002348116,0.3008383702513395,0.28435191089069545
thr0.32_bonus0.15_rms20_str0.35,0.32,0.15,20.0,0.35,144,81,0,81,0,0,120,24,0,0,0.09542120002348116,0.3008383702513395,0.28435191089069545
thr0.32_bonus0.15_rms20_str0.40,0.32,0.15,20.0,0.4,144,81,0,81,0,0,120,24,0,0,0.09542120002348116,0.3008383702513395,0.28435191089069545
thr0.32_bonus0.20_rms20_str0.30,0.32,0.2,20.0,0.3,144,81,0,81,0,0,120,24,0,0,0.09542120002348116,0.3008383702513395,0.28435191089069545
thr0.32_bonus0.20_rms20_str0.35,0.32,0.2,20.0,0.35,144,81,0,81,0,0,120,24,0,0,0.09542120002348116,0.3008383702513395,0.28435191089069545
thr0.32_bonus0.20_rms20_str0.40,0.32,0.2,20.0,0.4,144,81,0,81,0,0,120,24,0,0,0.09542120002348116,0.3008383702513395,0.28435191089069545
thr0.36_bonus0.12_rms2_str0.30,0.36,0.12,2.0,0.3,144,81,0,81,0,0,126,18,0,0,0.08232741649789804,0.3137870878123036,0.2832366002017541
thr0.36_bonus0.12_rms2_str0.35,0.36,0.12,2.0,0.35,144,81,0,81,0,0,126,18,0,0,0.08232741649789804,0.3137870878123036,0.2832366002017541
thr0.36_bonus0.12_rms2_str0.40,0.36,0.12,2.0,0.4,144,81,0,81,0,0,126,18,0,0,0.08232741649789804,0.3137870878123036,0.2832366002017541
thr0.36_bonus0.15_rms2_str0.30,0.36,0.15,2.0,0.3,144,81,0,81,0,0,126,18,0,0,0.08232741649789804,0.3137870878123036,0.2832366002017541
thr0.36_bonus0.15_rms2_str0.35,0.36,0.15,2.0,0.35,144,81,0,81,0,0,126,18,0,0,0.08232741649789804,0.3137870878123036,0.2832366002017541
thr0.36_bonus0.15_rms2_str0.40,0.36,0.15,2.0,0.4,144,81,0,81,0,0,126,18,0,0,0.08232741649789804,0.3137870878123036,0.2832366002017541
thr0.36_bonus0.20_rms2_str0.30,0.36,0.2,2.0,0.3,144,81,0,81,0,0,126,18,0,0,0.08232741649789804,0.3137870878123036,0.2832366002017541
thr0.36_bonus0.20_rms2_str0.35,0.36,0.2,2.0,0.35,144,81,0,81,0,0,126,18,0,0,0.08232741649789804,0.3137870878123036,0.2832366002017541
thr0.36_bonus0.20_rms2_str0.40,0.36,0.2,2.0,0.4,144,81,0,81,0,0,126,18,0,0,0.08232741649789804,0.3137870878123036,0.2832366002017541
thr0.40_bonus0.15_rms2_str0.30,0.4,0.15,2.0,0.3,144,81,0,81,0,0,126,18,0,0,0.08232741649789804,0.3137870878123036,0.2832366002017541
thr0.40_bonus0.15_rms2_str0.35,0.4,0.15,2.0,0.35,144,81,0,81,0,0,126,18,0,0,0.08232741649789804,0.3137870878123036,0.2832366002017541
thr0.40_bonus0.15_rms2_str0.40,0.4,0.15,2.0,0.4,144,81,0,81,0,0,126,18,0,0,0.08232741649789804,0.3137870878123036,0.2832366002017541
thr0.40_bonus0.20_rms2_str0.30,0.4,0.2,2.0,0.3,144,81,0,81,0,0,126,18,0,0,0.08232741649789804,0.3137870878123036,0.2832366002017541
thr0.40_bonus0.20_rms2_str0.35,0.4,0.2,2.0,0.35,144,81,0,81,0,0,126,18,0,0,0.08232741649789804,0.3137870878123036,0.2832366002017541
thr0.40_bonus0.20_rms2_str0.40,0.4,0.2,2.0,0.4,144,81,0,81,0,0,126,18,0,0,0.08232741649789804,0.3137870878123036,0.2832366002017541
thr0.45_bonus0.20_rms2_str0.30,0.45,0.2,2.0,0.3,144,81,0,81,0,0,126,18,0,0,0.08232741649789804,0.3137870878123036,0.2832366002017541
thr0.45_bonus0.20_rms2_str0.35,0.45,0.2,2.0,0.35,144,81,0,81,0,0,126,18,0,0,0.08232741649789804,0.3137870878123036,0.2832366002017541
thr0.45_bonus0.20_rms2_str0.40,0.45,0.2,2.0,0.4,144,81,0,81,0,0,126,18,0,0,0.08232741649789804,0.3137870878123036,0.2832366002017541
thr0.28_bonus0.04_rms10_str0.30,0.28,0.04,10.0,0.3,144,81,0,81,0,0,126,18,0,0,0.08330987865403883,0.2902014464916345,0.2831573926861175
thr0.28_bonus0.04_rms10_str0.35,0.28,0.04,10.0,0.35,144,81,0,81,0,0,126,18,0,0,0.08330987865403883,0.2902014464916345,0.2831573926861175
thr0.28_bonus0.04_rms10_str0.40,0.28,0.04,10.0,0.4,144,81,0,81,0,0,126,18,0,0,0.08330987865403883,0.2902014464916345,0.2831573926861175
thr0.28_bonus0.06_rms10_str0.30,0.28,0.06,10.0,0.3,144,81,0,81,0,0,126,18,0,0,0.08330987865403883,0.2902014464916345,0.2831573926861175
thr0.28_bonus0.06_rms10_str0.35,0.28,0.06,10.0,0.35,144,81,0,81,0,0,126,18,0,0,0.08330987865403883,0.2902014464916345,0.2831573926861175
thr0.28_bonus0.06_rms10_str0.40,0.28,0.06,10.0,0.4,144,81,0,81,0,0,126,18,0,0,0.08330987865403883,0.2902014464916345,0.2831573926861175
thr0.28_bonus0.08_rms10_str0.30,0.28,0.08,10.0,0.3,144,81,0,81,0,0,126,18,0,0,0.08330987865403883,0.2902014464916345,0.2831573926861175
thr0.28_bonus0.08_rms10_str0.35,0.28,0.08,10.0,0.35,144,81,0,81,0,0,126,18,0,0,0.08330987865403883,0.2902014464916345,0.2831573926861175
thr0.28_bonus0.08_rms10_str0.40,0.28,0.08,10.0,0.4,144,81,0,81,0,0,126,18,0,0,0.08330987865403883,0.2902014464916345,0.2831573926861175
thr0.28_bonus0.10_rms10_str0.30,0.28,0.1,10.0,0.3,144,81,0,81,0,0,126,18,0,0,0.08330987865403883,0.2902014464916345,0.2831573926861175
thr0.28_bonus0.10_rms10_str0.35,0.28,0.1,10.0,0.35,144,81,0,81,0,0,126,18,0,0,0.08330987865403883,0.2902014464916345,0.2831573926861175
thr0.28_bonus0.10_rms10_str0.40,0.28,0.1,10.0,0.4,144,81,0,81,0,0,126,18,0,0,0.08330987865403883,0.2902014464916345,0.2831573926861175
thr0.28_bonus0.12_rms10_str0.30,0.28,0.12,10.0,0.3,144,81,0,81,0,0,126,18,0,0,0.08330987865403883,0.2902014464916345,0.2831573926861175
thr0.28_bonus0.12_rms10_str0.35,0.28,0.12,10.0,0.35,144,81,0,81,0,0,126,18,0,0,0.08330987865403883,0.2902014464916345,0.2831573926861175
thr0.28_bonus0.12_rms10_str0.40,0.28,0.12,10.0,0.4,144,81,0,81,0,0,126,18,0,0,0.08330987865403883,0.2902014464916345,0.2831573926861175
thr0.28_bonus0.15_rms10_str0.30,0.28,0.15,10.0,0.3,144,81,0,81,0,0,126,18,0,0,0.08330987865403883,0.2902014464916345,0.2831573926861175
thr0.28_bonus0.15_rms10_str0.35,0.28,0.15,10.0,0.35,144,81,0,81,0,0,126,18,0,0,0.08330987865403883,0.2902014464916345,0.2831573926861175
thr0.28_bonus0.15_rms10_str0.40,0.28,0.15,10.0,0.4,144,81,0,81,0,0,126,18,0,0,0.08330987865403883,0.2902014464916345,0.2831573926861175
thr0.28_bonus0.20_rms10_str0.30,0.28,0.2,10.0,0.3,144,81,0,81,0,0,126,18,0,0,0.08330987865403883,0.2902014464916345,0.2831573926861175
thr0.28_bonus0.20_rms10_str0.35,0.28,0.2,10.0,0.35,144,81,0,81,0,0,126,18,0,0,0.08330987865403883,0.2902014464916345,0.2831573926861175
thr0.28_bonus0.20_rms10_str0.40,0.28,0.2,10.0,0.4,144,81,0,81,0,0,126,18,0,0,0.08330987865403883,0.2902014464916345,0.2831573926861175
thr0.32_bonus0.08_rms10_str0.30,0.32,0.08,10.0,0.3,144,81,0,81,0,0,126,18,0,0,0.08330987865403883,0.2902014464916345,0.2831573926861175
thr0.32_bonus0.08_rms10_str0.35,0.32,0.08,10.0,0.35,144,81,0,81,0,0,126,18,0,0,0.08330987865403883,0.2902014464916345,0.2831573926861175
thr0.32_bonus0.08_rms10_str0.40,0.32,0.08,10.0,0.4,144,81,0,81,0,0,126,18,0,0,0.08330987865403883,0.2902014464916345,0.2831573926861175
thr0.32_bonus0.10_rms10_str0.30,0.32,0.1,10.0,0.3,144,81,0,81,0,0,126,18,0,0,0.08330987865403883,0.2902014464916345,0.2831573926861175
thr0.32_bonus0.10_rms10_str0.35,0.32,0.1,10.0,0.35,144,81,0,81,0,0,126,18,0,0,0.08330987865403883,0.2902014464916345,0.2831573926861175
thr0.32_bonus0.10_rms10_str0.40,0.32,0.1,10.0,0.4,144,81,0,81,0,0,126,18,0,0,0.08330987865403883,0.2902014464916345,0.2831573926861175
thr0.32_bonus0.12_rms10_str0.30,0.32,0.12,10.0,0.3,144,81,0,81,0,0,126,18,0,0,0.08330987865403883,0.2902014464916345,0.2831573926861175
thr0.32_bonus0.12_rms10_str0.35,0.32,0.12,10.0,0.35,144,81,0,81,0,0,126,18,0,0,0.08330987865403883,0.2902014464916345,0.2831573926861175
thr0.32_bonus0.12_rms10_str0.40,0.32,0.12,10.0,0.4,144,81,0,81,0,0,126,18,0,0,0.08330987865403883,0.2902014464916345,0.2831573926861175
thr0.32_bonus0.15_rms10_str0.30,0.32,0.15,10.0,0.3,144,81,0,81,0,0,126,18,0,0,0.08330987865403883,0.2902014464916345,0.2831573926861175
thr0.32_bonus0.15_rms10_str0.35,0.32,0.15,10.0,0.35,144,81,0,81,0,0,126,18,0,0,0.08330987865403883,0.2902014464916345,0.2831573926861175
thr0.32_bonus0.15_rms10_str0.40,0.32,0.15,10.0,0.4,144,81,0,81,0,0,126,18,0,0,0.08330987865403883,0.2902014464916345,0.2831573926861175
thr0.32_bonus0.20_rms10_str0.30,0.32,0.2,10.0,0.3,144,81,0,81,0,0,126,18,0,0,0.08330987865403883,0.2902014464916345,0.2831573926861175
thr0.32_bonus0.20_rms10_str0.35,0.32,0.2,10.0,0.35,144,81,0,81,0,0,126,18,0,0,0.08330987865403883,0.2902014464916345,0.2831573926861175
thr0.32_bonus0.20_rms10_str0.40,0.32,0.2,10.0,0.4,144,81,0,81,0,0,126,18,0,0,0.08330987865403883,0.2902014464916345,0.2831573926861175
thr0.28_bonus0.04_rms5_str0.30,0.28,0.04,5.0,0.3,144,81,0,81,0,0,130,14,0,0,0.07535481648319375,0.2864340537768851,0.10938663318612146
thr0.28_bonus0.04_rms5_str0.35,0.28,0.04,5.0,0.35,144,81,0,81,0,0,130,14,0,0,0.07535481648319375,0.2864340537768851,0.10938663318612146
thr0.28_bonus0.04_rms5_str0.40,0.28,0.04,5.0,0.4,144,81,0,81,0,0,130,14,0,0,0.07535481648319375,0.2864340537768851,0.10938663318612146
thr0.28_bonus0.06_rms5_str0.30,0.28,0.06,5.0,0.3,144,81,0,81,0,0,130,14,0,0,0.07535481648319375,0.2864340537768851,0.10938663318612146
thr0.28_bonus0.06_rms5_str0.35,0.28,0.06,5.0,0.35,144,81,0,81,0,0,130,14,0,0,0.07535481648319375,0.2864340537768851,0.10938663318612146
thr0.28_bonus0.06_rms5_str0.40,0.28,0.06,5.0,0.4,144,81,0,81,0,0,130,14,0,0,0.07535481648319375,0.2864340537768851,0.10938663318612146
thr0.28_bonus0.08_rms5_str0.30,0.28,0.08,5.0,0.3,144,81,0,81,0,0,130,14,0,0,0.07535481648319375,0.2864340537768851,0.10938663318612146
thr0.28_bonus0.08_rms5_str0.35,0.28,0.08,5.0,0.35,144,81,0,81,0,0,130,14,0,0,0.07535481648319375,0.2864340537768851,0.10938663318612146
thr0.28_bonus0.08_rms5_str0.40,0.28,0.08,5.0,0.4,144,81,0,81,0,0,130,14,0,0,0.07535481648319375,0.2864340537768851,0.10938663318612146
thr0.28_bonus0.10_rms5_str0.30,0.28,0.1,5.0,0.3,144,81,0,81,0,0,130,14,0,0,0.07535481648319375,0.2864340537768851,0.10938663318612146
thr0.28_bonus0.10_rms5_str0.35,0.28,0.1,5.0,0.35,144,81,0,81,0,0,130,14,0,0,0.07535481648319375,0.2864340537768851,0.10938663318612146
thr0.28_bonus0.10_rms5_str0.40,0.28,0.1,5.0,0.4,144,81,0,81,0,0,130,14,0,0,0.07535481648319375,0.2864340537768851,0.10938663318612146
thr0.28_bonus0.12_rms5_str0.30,0.28,0.12,5.0,0.3,144,81,0,81,0,0,130,14,0,0,0.07535481648319375,0.2864340537768851,0.10938663318612146
thr0.28_bonus0.12_rms5_str0.35,0.28,0.12,5.0,0.35,144,81,0,81,0,0,130,14,0,0,0.07535481648319375,0.2864340537768851,0.10938663318612146
thr0.28_bonus0.12_rms5_str0.40,0.28,0.12,5.0,0.4,144,81,0,81,0,0,130,14,0,0,0.07535481648319375,0.2864340537768851,0.10938663318612146
thr0.28_bonus0.15_rms5_str0.30,0.28,0.15,5.0,0.3,144,81,0,81,0,0,130,14,0,0,0.07535481648319375,0.2864340537768851,0.10938663318612146
thr0.28_bonus0.15_rms5_str0.35,0.28,0.15,5.0,0.35,144,81,0,81,0,0,130,14,0,0,0.07535481648319375,0.2864340537768851,0.10938663318612146
thr0.28_bonus0.15_rms5_str0.40,0.28,0.15,5.0,0.4,144,81,0,81,0,0,130,14,0,0,0.07535481648319375,0.2864340537768851,0.10938663318612146
thr0.28_bonus0.20_rms5_str0.30,0.28,0.2,5.0,0.3,144,81,0,81,0,0,130,14,0,0,0.07535481648319375,0.2864340537768851,0.10938663318612146
thr0.28_bonus0.20_rms5_str0.35,0.28,0.2,5.0,0.35,144,81,0,81,0,0,130,14,0,0,0.07535481648319375,0.2864340537768851,0.10938663318612146
thr0.28_bonus0.20_rms5_str0.40,0.28,0.2,5.0,0.4,144,81,0,81,0,0,130,14,0,0,0.07535481648319375,0.2864340537768851,0.10938663318612146
thr0.32_bonus0.08_rms5_str0.30,0.32,0.08,5.0,0.3,144,81,0,81,0,0,130,14,0,0,0.07535481648319375,0.2864340537768851,0.10938663318612146
thr0.32_bonus0.08_rms5_str0.35,0.32,0.08,5.0,0.35,144,81,0,81,0,0,130,14,0,0,0.07535481648319375,0.2864340537768851,0.10938663318612146
thr0.32_bonus0.08_rms5_str0.40,0.32,0.08,5.0,0.4,144,81,0,81,0,0,130,14,0,0,0.07535481648319375,0.2864340537768851,0.10938663318612146
thr0.32_bonus0.10_rms5_str0.30,0.32,0.1,5.0,0.3,144,81,0,81,0,0,130,14,0,0,0.07535481648319375,0.2864340537768851,0.10938663318612146
thr0.32_bonus0.10_rms5_str0.35,0.32,0.1,5.0,0.35,144,81,0,81,0,0,130,14,0,0,0.07535481648319375,0.2864340537768851,0.10938663318612146
thr0.32_bonus0.10_rms5_str0.40,0.32,0.1,5.0,0.4,144,81,0,81,0,0,130,14,0,0,0.07535481648319375,0.2864340537768851,0.10938663318612146
thr0.32_bonus0.12_rms5_str0.30,0.32,0.12,5.0,0.3,144,81,0,81,0,0,130,14,0,0,0.07535481648319375,0.2864340537768851,0.10938663318612146
thr0.32_bonus0.12_rms5_str0.35,0.32,0.12,5.0,0.35,144,81,0,81,0,0,130,14,0,0,0.07535481648319375,0.2864340537768851,0.10938663318612146
thr0.32_bonus0.12_rms5_str0.40,0.32,0.12,5.0,0.4,144,81,0,81,0,0,130,14,0,0,0.07535481648319375,0.2864340537768851,0.10938663318612146
thr0.32_bonus0.15_rms5_str0.30,0.32,0.15,5.0,0.3,144,81,0,81,0,0,130,14,0,0,0.07535481648319375,0.2864340537768851,0.10938663318612146
thr0.32_bonus0.15_rms5_str0.35,0.32,0.15,5.0,0.35,144,81,0,81,0,0,130,14,0,0,0.07535481648319375,0.2864340537768851,0.10938663318612146
thr0.32_bonus0.15_rms5_str0.40,0.32,0.15,5.0,0.4,144,81,0,81,0,0,130,14,0,0,0.07535481648319375,0.2864340537768851,0.10938663318612146
thr0.32_bonus0.20_rms5_str0.30,0.32,0.2,5.0,0.3,144,81,0,81,0,0,130,14,0,0,0.07535481648319375,0.2864340537768851,0.10938663318612146
thr0.32_bonus0.20_rms5_str0.35,0.32,0.2,5.0,0.35,144,81,0,81,0,0,130,14,0,0,0.07535481648319375,0.2864340537768851,0.10938663318612146
thr0.32_bonus0.20_rms5_str0.40,0.32,0.2,5.0,0.4,144,81,0,81,0,0,130,14,0,0,0.07535481648319375,0.2864340537768851,0.10938663318612146
thr0.36_bonus0.12_rms1_str0.30,0.36,0.12,1.0,0.3,144,81,0,81,0,0,134,10,0,0,0.06713044525890806,0.3123638835944705,0.10009945490154178
thr0.36_bonus0.12_rms1_str0.35,0.36,0.12,1.0,0.35,144,81,0,81,0,0,134,10,0,0,0.06713044525890806,0.3123638835944705,0.10009945490154178
thr0.36_bonus0.12_rms1_str0.40,0.36,0.12,1.0,0.4,144,81,0,81,0,0,134,10,0,0,0.06713044525890806,0.3123638835944705,0.10009945490154178
thr0.36_bonus0.15_rms1_str0.30,0.36,0.15,1.0,0.3,144,81,0,81,0,0,134,10,0,0,0.06713044525890806,0.3123638835944705,0.10009945490154178
thr0.36_bonus0.15_rms1_str0.35,0.36,0.15,1.0,0.35,144,81,0,81,0,0,134,10,0,0,0.06713044525890806,0.3123638835944705,0.10009945490154178
thr0.36_bonus0.15_rms1_str0.40,0.36,0.15,1.0,0.4,144,81,0,81,0,0,134,10,0,0,0.06713044525890806,0.3123638835944705,0.10009945490154178
thr0.36_bonus0.20_rms1_str0.30,0.36,0.2,1.0,0.3,144,81,0,81,0,0,134,10,0,0,0.06713044525890806,0.3123638835944705,0.10009945490154178
thr0.36_bonus0.20_rms1_str0.35,0.36,0.2,1.0,0.35,144,81,0,81,0,0,134,10,0,0,0.06713044525890806,0.3123638835944705,0.10009945490154178
thr0.36_bonus0.20_rms1_str0.40,0.36,0.2,1.0,0.4,144,81,0,81,0,0,134,10,0,0,0.06713044525890806,0.3123638835944705,0.10009945490154178
thr0.40_bonus0.15_rms1_str0.30,0.4,0.15,1.0,0.3,144,81,0,81,0,0,134,10,0,0,0.06713044525890806,0.3123638835944705,0.10009945490154178
thr0.40_bonus0.15_rms1_str0.35,0.4,0.15,1.0,0.35,144,81,0,81,0,0,134,10,0,0,0.06713044525890806,0.3123638835944705,0.10009945490154178
thr0.40_bonus0.15_rms1_str0.40,0.4,0.15,1.0,0.4,144,81,0,81,0,0,134,10,0,0,0.06713044525890806,0.3123638835944705,0.10009945490154178
thr0.40_bonus0.20_rms1_str0.30,0.4,0.2,1.0,0.3,144,81,0,81,0,0,134,10,0,0,0.06713044525890806,0.3123638835944705,0.10009945490154178
thr0.40_bonus0.20_rms1_str0.35,0.4,0.2,1.0,0.35,144,81,0,81,0,0,134,10,0,0,0.06713044525890806,0.3123638835944705,0.10009945490154178
thr0.40_bonus0.20_rms1_str0.40,0.4,0.2,1.0,0.4,144,81,0,81,0,0,134,10,0,0,0.06713044525890806,0.3123638835944705,0.10009945490154178
thr0.45_bonus0.20_rms1_str0.30,0.45,0.2,1.0,0.3,144,81,0,81,0,0,134,10,0,0,0.06713044525890806,0.3123638835944705,0.10009945490154178
thr0.45_bonus0.20_rms1_str0.35,0.45,0.2,1.0,0.35,144,81,0,81,0,0,134,10,0,0,0.06713044525890806,0.3123638835944705,0.10009945490154178
thr0.45_bonus0.20_rms1_str0.40,0.45,0.2,1.0,0.4,144,81,0,81,0,0,134,10,0,0,0.06713044525890806,0.3123638835944705,0.10009945490154178
thr0.28_bonus0.04_rms2_str0.30,0.28,0.04,2.0,0.3,144,81,0,81,0,0,135,9,0,0,0.06557720437688258,0.2846020106910973,0.09929637534407888
thr0.28_bonus0.04_rms2_str0.35,0.28,0.04,2.0,0.35,144,81,0,81,0,0,135,9,0,0,0.06557720437688258,0.2846020106910973,0.09929637534407888
thr0.28_bonus0.04_rms2_str0.40,0.28,0.04,2.0,0.4,144,81,0,81,0,0,135,9,0,0,0.06557720437688258,0.2846020106910973,0.09929637534407888
thr0.28_bonus0.06_rms2_str0.30,0.28,0.06,2.0,0.3,144,81,0,81,0,0,135,9,0,0,0.06557720437688258,0.2846020106910973,0.09929637534407888
thr0.28_bonus0.06_rms2_str0.35,0.28,0.06,2.0,0.35,144,81,0,81,0,0,135,9,0,0,0.06557720437688258,0.2846020106910973,0.09929637534407888
thr0.28_bonus0.06_rms2_str0.40,0.28,0.06,2.0,0.4,144,81,0,81,0,0,135,9,0,0,0.06557720437688258,0.2846020106910973,0.09929637534407888
thr0.28_bonus0.08_rms2_str0.30,0.28,0.08,2.0,0.3,144,81,0,81,0,0,135,9,0,0,0.06557720437688258,0.2846020106910973,0.09929637534407888
thr0.28_bonus0.08_rms2_str0.35,0.28,0.08,2.0,0.35,144,81,0,81,0,0,135,9,0,0,0.06557720437688258,0.2846020106910973,0.09929637534407888
thr0.28_bonus0.08_rms2_str0.40,0.28,0.08,2.0,0.4,144,81,0,81,0,0,135,9,0,0,0.06557720437688258,0.2846020106910973,0.09929637534407888
thr0.28_bonus0.10_rms2_str0.30,0.28,0.1,2.0,0.3,144,81,0,81,0,0,135,9,0,0,0.06557720437688258,0.2846020106910973,0.09929637534407888
thr0.28_bonus0.10_rms2_str0.35,0.28,0.1,2.0,0.35,144,81,0,81,0,0,135,9,0,0,0.06557720437688258,0.2846020106910973,0.09929637534407888
thr0.28_bonus0.10_rms2_str0.40,0.28,0.1,2.0,0.4,144,81,0,81,0,0,135,9,0,0,0.06557720437688258,0.2846020106910973,0.09929637534407888
thr0.28_bonus0.12_rms2_str0.30,0.28,0.12,2.0,0.3,144,81,0,81,0,0,135,9,0,0,0.06557720437688258,0.2846020106910973,0.09929637534407888
thr0.28_bonus0.12_rms2_str0.35,0.28,0.12,2.0,0.35,144,81,0,81,0,0,135,9,0,0,0.06557720437688258,0.2846020106910973,0.09929637534407888
thr0.28_bonus0.12_rms2_str0.40,0.28,0.12,2.0,0.4,144,81,0,81,0,0,135,9,0,0,0.06557720437688258,0.2846020106910973,0.09929637534407888
thr0.28_bonus0.15_rms2_str0.30,0.28,0.15,2.0,0.3,144,81,0,81,0,0,135,9,0,0,0.06557720437688258,0.2846020106910973,0.09929637534407888
thr0.28_bonus0.15_rms2_str0.35,0.28,0.15,2.0,0.35,144,81,0,81,0,0,135,9,0,0,0.06557720437688258,0.2846020106910973,0.09929637534407888
thr0.28_bonus0.15_rms2_str0.40,0.28,0.15,2.0,0.4,144,81,0,81,0,0,135,9,0,0,0.06557720437688258,0.2846020106910973,0.09929637534407888
thr0.28_bonus0.20_rms2_str0.30,0.28,0.2,2.0,0.3,144,81,0,81,0,0,135,9,0,0,0.06557720437688258,0.2846020106910973,0.09929637534407888
thr0.28_bonus0.20_rms2_str0.35,0.28,0.2,2.0,0.35,144,81,0,81,0,0,135,9,0,0,0.06557720437688258,0.2846020106910973,0.09929637534407888
thr0.28_bonus0.20_rms2_str0.40,0.28,0.2,2.0,0.4,144,81,0,81,0,0,135,9,0,0,0.06557720437688258,0.2846020106910973,0.09929637534407888
thr0.32_bonus0.08_rms2_str0.30,0.32,0.08,2.0,0.3,144,81,0,81,0,0,135,9,0,0,0.06557720437688258,0.2846020106910973,0.09929637534407888
thr0.32_bonus0.08_rms2_str0.35,0.32,0.08,2.0,0.35,144,81,0,81,0,0,135,9,0,0,0.06557720437688258,0.2846020106910973,0.09929637534407888
thr0.32_bonus0.08_rms2_str0.40,0.32,0.08,2.0,0.4,144,81,0,81,0,0,135,9,0,0,0.06557720437688258,0.2846020106910973,0.09929637534407888
thr0.32_bonus0.10_rms2_str0.30,0.32,0.1,2.0,0.3,144,81,0,81,0,0,135,9,0,0,0.06557720437688258,0.2846020106910973,0.09929637534407888
thr0.32_bonus0.10_rms2_str0.35,0.32,0.1,2.0,0.35,144,81,0,81,0,0,135,9,0,0,0.06557720437688258,0.2846020106910973,0.09929637534407888
thr0.32_bonus0.10_rms2_str0.40,0.32,0.1,2.0,0.4,144,81,0,81,0,0,135,9,0,0,0.06557720437688258,0.2846020106910973,0.09929637534407888
thr0.32_bonus0.12_rms2_str0.30,0.32,0.12,2.0,0.3,144,81,0,81,0,0,135,9,0,0,0.06557720437688258,0.2846020106910973,0.09929637534407888
thr0.32_bonus0.12_rms2_str0.35,0.32,0.12,2.0,0.35,144,81,0,81,0,0,135,9,0,0,0.06557720437688258,0.2846020106910973,0.09929637534407888
thr0.32_bonus0.12_rms2_str0.40,0.32,0.12,2.0,0.4,144,81,0,81,0,0,135,9,0,0,0.06557720437688258,0.2846020106910973,0.09929637534407888
thr0.32_bonus0.15_rms2_str0.30,0.32,0.15,2.0,0.3,144,81,0,81,0,0,135,9,0,0,0.06557720437688258,0.2846020106910973,0.09929637534407888
thr0.32_bonus0.15_rms2_str0.35,0.32,0.15,2.0,0.35,144,81,0,81,0,0,135,9,0,0,0.06557720437688258,0.2846020106910973,0.09929637534407888
thr0.32_bonus0.15_rms2_str0.40,0.32,0.15,2.0,0.4,144,81,0,81,0,0,135,9,0,0,0.06557720437688258,0.2846020106910973,0.09929637534407888
thr0.32_bonus0.20_rms2_str0.30,0.32,0.2,2.0,0.3,144,81,0,81,0,0,135,9,0,0,0.06557720437688258,0.2846020106910973,0.09929637534407888
thr0.32_bonus0.20_rms2_str0.35,0.32,0.2,2.0,0.35,144,81,0,81,0,0,135,9,0,0,0.06557720437688258,0.2846020106910973,0.09929637534407888
thr0.32_bonus0.20_rms2_str0.40,0.32,0.2,2.0,0.4,144,81,0,81,0,0,135,9,0,0,0.06557720437688258,0.2846020106910973,0.09929637534407888
thr0.36_bonus0.12_rms0.5_str0.30,0.36,0.12,0.5,0.3,144,81,0,81,0,0,136,8,0,0,0.06331297578769324,0.3120960236213002,0.0975373813137785
thr0.36_bonus0.12_rms0.5_str0.35,0.36,0.12,0.5,0.35,144,81,0,81,0,0,136,8,0,0,0.06331297578769324,0.3120960236213002,0.0975373813137785
thr0.36_bonus0.12_rms0.5_str0.40,0.36,0.12,0.5,0.4,144,81,0,81,0,0,136,8,0,0,0.06331297578769324,0.3120960236213002,0.0975373813137785
thr0.36_bonus0.12_rms0.7_str0.30,0.36,0.12,0.7,0.3,144,81,0,81,0,0,136,8,0,0,0.06331297578769324,0.3120960236213002,0.0975373813137785
thr0.36_bonus0.12_rms0.7_str0.35,0.36,0.12,0.7,0.35,144,81,0,81,0,0,136,8,0,0,0.06331297578769324,0.3120960236213002,0.0975373813137785
thr0.36_bonus0.12_rms0.7_str0.40,0.36,0.12,0.7,0.4,144,81,0,81,0,0,136,8,0,0,0.06331297578769324,0.3120960236213002,0.0975373813137785
thr0.36_bonus0.15_rms0.5_str0.30,0.36,0.15,0.5,0.3,144,81,0,81,0,0,136,8,0,0,0.06331297578769324,0.3120960236213002,0.0975373813137785
thr0.36_bonus0.15_rms0.5_str0.35,0.36,0.15,0.5,0.35,144,81,0,81,0,0,136,8,0,0,0.06331297578769324,0.3120960236213002,0.0975373813137785
thr0.36_bonus0.15_rms0.5_str0.40,0.36,0.15,0.5,0.4,144,81,0,81,0,0,136,8,0,0,0.06331297578769324,0.3120960236213002,0.0975373813137785
thr0.36_bonus0.15_rms0.7_str0.30,0.36,0.15,0.7,0.3,144,81,0,81,0,0,136,8,0,0,0.06331297578769324,0.3120960236213002,0.0975373813137785
thr0.36_bonus0.15_rms0.7_str0.35,0.36,0.15,0.7,0.35,144,81,0,81,0,0,136,8,0,0,0.06331297578769324,0.3120960236213002,0.0975373813137785
thr0.36_bonus0.15_rms0.7_str0.40,0.36,0.15,0.7,0.4,144,81,0,81,0,0,136,8,0,0,0.06331297578769324,0.3120960236213002,0.0975373813137785
thr0.36_bonus0.20_rms0.5_str0.30,0.36,0.2,0.5,0.3,144,81,0,81,0,0,136,8,0,0,0.06331297578769324,0.3120960236213002,0.0975373813137785
thr0.36_bonus0.20_rms0.5_str0.35,0.36,0.2,0.5,0.35,144,81,0,81,0,0,136,8,0,0,0.06331297578769324,0.3120960236213002,0.0975373813137785
thr0.36_bonus0.20_rms0.5_str0.40,0.36,0.2,0.5,0.4,144,81,0,81,0,0,136,8,0,0,0.06331297578769324,0.3120960236213002,0.0975373813137785
thr0.36_bonus0.20_rms0.7_str0.30,0.36,0.2,0.7,0.3,144,81,0,81,0,0,136,8,0,0,0.06331297578769324,0.3120960236213002,0.0975373813137785
thr0.36_bonus0.20_rms0.7_str0.35,0.36,0.2,0.7,0.35,144,81,0,81,0,0,136,8,0,0,0.06331297578769324,0.3120960236213002,0.0975373813137785
thr0.36_bonus0.20_rms0.7_str0.40,0.36,0.2,0.7,0.4,144,81,0,81,0,0,136,8,0,0,0.06331297578769324,0.3120960236213002,0.0975373813137785
thr0.40_bonus0.15_rms0.5_str0.30,0.4,0.15,0.5,0.3,144,81,0,81,0,0,136,8,0,0,0.06331297578769324,0.3120960236213002,0.0975373813137785
thr0.40_bonus0.15_rms0.5_str0.35,0.4,0.15,0.5,0.35,144,81,0,81,0,0,136,8,0,0,0.06331297578769324,0.3120960236213002,0.0975373813137785
thr0.40_bonus0.15_rms0.5_str0.40,0.4,0.15,0.5,0.4,144,81,0,81,0,0,136,8,0,0,0.06331297578769324,0.3120960236213002,0.0975373813137785
thr0.40_bonus0.15_rms0.7_str0.30,0.4,0.15,0.7,0.3,144,81,0,81,0,0,136,8,0,0,0.06331297578769324,0.3120960236213002,0.0975373813137785
thr0.40_bonus0.15_rms0.7_str0.35,0.4,0.15,0.7,0.35,144,81,0,81,0,0,136,8,0,0,0.06331297578769324,0.3120960236213002,0.0975373813137785
thr0.40_bonus0.15_rms0.7_str0.40,0.4,0.15,0.7,0.4,144,81,0,81,0,0,136,8,0,0,0.06331297578769324,0.3120960236213002,0.0975373813137785
thr0.40_bonus0.20_rms0.5_str0.30,0.4,0.2,0.5,0.3,144,81,0,81,0,0,136,8,0,0,0.06331297578769324,0.3120960236213002,0.0975373813137785
thr0.40_bonus0.20_rms0.5_str0.35,0.4,0.2,0.5,0.35,144,81,0,81,0,0,136,8,0,0,0.06331297578769324,0.3120960236213002,0.0975373813137785
thr0.40_bonus0.20_rms0.5_str0.40,0.4,0.2,0.5,0.4,144,81,0,81,0,0,136,8,0,0,0.06331297578769324,0.3120960236213002,0.0975373813137785
thr0.40_bonus0.20_rms0.7_str0.30,0.4,0.2,0.7,0.3,144,81,0,81,0,0,136,8,0,0,0.06331297578769324,0.3120960236213002,0.0975373813137785
thr0.40_bonus0.20_rms0.7_str0.35,0.4,0.2,0.7,0.35,144,81,0,81,0,0,136,8,0,0,0.06331297578769324,0.3120960236213002,0.0975373813137785
thr0.40_bonus0.20_rms0.7_str0.40,0.4,0.2,0.7,0.4,144,81,0,81,0,0,136,8,0,0,0.06331297578769324,0.3120960236213002,0.0975373813137785
thr0.45_bonus0.20_rms0.5_str0.30,0.45,0.2,0.5,0.3,144,81,0,81,0,0,136,8,0,0,0.06331297578769324,0.3120960236213002,0.0975373813137785
thr0.45_bonus0.20_rms0.5_str0.35,0.45,0.2,0.5,0.35,144,81,0,81,0,0,136,8,0,0,0.06331297578769324,0.3120960236213002,0.0975373813137785
thr0.45_bonus0.20_rms0.5_str0.40,0.45,0.2,0.5,0.4,144,81,0,81,0,0,136,8,0,0,0.06331297578769324,0.3120960236213002,0.0975373813137785
thr0.45_bonus0.20_rms0.7_str0.30,0.45,0.2,0.7,0.3,144,81,0,81,0,0,136,8,0,0,0.06331297578769324,0.3120960236213002,0.0975373813137785
thr0.45_bonus0.20_rms0.7_str0.35,0.45,0.2,0.7,0.35,144,81,0,81,0,0,136,8,0,0,0.06331297578769324,0.3120960236213002,0.0975373813137785
thr0.45_bonus0.20_rms0.7_str0.40,0.45,0.2,0.7,0.4,144,81,0,81,0,0,136,8,0,0,0.06331297578769324,0.3120960236213002,0.0975373813137785
thr0.28_bonus0.04_rms1_str0.30,0.28,0.04,1.0,0.3,144,81,0,81,0,0,139,5,0,0,0.05779119378918434,0.2837887072062224,0.09528259800796361
thr0.28_bonus0.04_rms1_str0.35,0.28,0.04,1.0,0.35,144,81,0,81,0,0,139,5,0,0,0.05779119378918434,0.2837887072062224,0.09528259800796361
thr0.28_bonus0.04_rms1_str0.40,0.28,0.04,1.0,0.4,144,81,0,81,0,0,139,5,0,0,0.05779119378918434,0.2837887072062224,0.09528259800796361
thr0.28_bonus0.06_rms1_str0.30,0.28,0.06,1.0,0.3,144,81,0,81,0,0,139,5,0,0,0.05779119378918434,0.2837887072062224,0.09528259800796361
thr0.28_bonus0.06_rms1_str0.35,0.28,0.06,1.0,0.35,144,81,0,81,0,0,139,5,0,0,0.05779119378918434,0.2837887072062224,0.09528259800796361
thr0.28_bonus0.06_rms1_str0.40,0.28,0.06,1.0,0.4,144,81,0,81,0,0,139,5,0,0,0.05779119378918434,0.2837887072062224,0.09528259800796361
thr0.28_bonus0.08_rms1_str0.30,0.28,0.08,1.0,0.3,144,81,0,81,0,0,139,5,0,0,0.05779119378918434,0.2837887072062224,0.09528259800796361
thr0.28_bonus0.08_rms1_str0.35,0.28,0.08,1.0,0.35,144,81,0,81,0,0,139,5,0,0,0.05779119378918434,0.2837887072062224,0.09528259800796361
thr0.28_bonus0.08_rms1_str0.40,0.28,0.08,1.0,0.4,144,81,0,81,0,0,139,5,0,0,0.05779119378918434,0.2837887072062224,0.09528259800796361
thr0.28_bonus0.10_rms1_str0.30,0.28,0.1,1.0,0.3,144,81,0,81,0,0,139,5,0,0,0.05779119378918434,0.2837887072062224,0.09528259800796361
thr0.28_bonus0.10_rms1_str0.35,0.28,0.1,1.0,0.35,144,81,0,81,0,0,139,5,0,0,0.05779119378918434,0.2837887072062224,0.09528259800796361
thr0.28_bonus0.10_rms1_str0.40,0.28,0.1,1.0,0.4,144,81,0,81,0,0,139,5,0,0,0.05779119378918434,0.2837887072062224,0.09528259800796361
thr0.28_bonus0.12_rms1_str0.30,0.28,0.12,1.0,0.3,144,81,0,81,0,0,139,5,0,0,0.05779119378918434,0.2837887072062224,0.09528259800796361
thr0.28_bonus0.12_rms1_str0.35,0.28,0.12,1.0,0.35,144,81,0,81,0,0,139,5,0,0,0.05779119378918434,0.2837887072062224,0.09528259800796361
thr0.28_bonus0.12_rms1_str0.40,0.28,0.12,1.0,0.4,144,81,0,81,0,0,139,5,0,0,0.05779119378918434,0.2837887072062224,0.09528259800796361
thr0.28_bonus0.15_rms1_str0.30,0.28,0.15,1.0,0.3,144,81,0,81,0,0,139,5,0,0,0.05779119378918434,0.2837887072062224,0.09528259800796361
thr0.28_bonus0.15_rms1_str0.35,0.28,0.15,1.0,0.35,144,81,0,81,0,0,139,5,0,0,0.05779119378918434,0.2837887072062224,0.09528259800796361
thr0.28_bonus0.15_rms1_str0.40,0.28,0.15,1.0,0.4,144,81,0,81,0,0,139,5,0,0,0.05779119378918434,0.2837887072062224,0.09528259800796361
thr0.28_bonus0.20_rms1_str0.30,0.28,0.2,1.0,0.3,144,81,0,81,0,0,139,5,0,0,0.05779119378918434,0.2837887072062224,0.09528259800796361
thr0.28_bonus0.20_rms1_str0.35,0.28,0.2,1.0,0.35,144,81,0,81,0,0,139,5,0,0,0.05779119378918434,0.2837887072062224,0.09528259800796361
thr0.28_bonus0.20_rms1_str0.40,0.28,0.2,1.0,0.4,144,81,0,81,0,0,139,5,0,0,0.05779119378918434,0.2837887072062224,0.09528259800796361
thr0.32_bonus0.08_rms1_str0.30,0.32,0.08,1.0,0.3,144,81,0,81,0,0,139,5,0,0,0.05779119378918434,0.2837887072062224,0.09528259800796361
thr0.32_bonus0.08_rms1_str0.35,0.32,0.08,1.0,0.35,144,81,0,81,0,0,139,5,0,0,0.05779119378918434,0.2837887072062224,0.09528259800796361
thr0.32_bonus0.08_rms1_str0.40,0.32,0.08,1.0,0.4,144,81,0,81,0,0,139,5,0,0,0.05779119378918434,0.2837887072062224,0.09528259800796361
thr0.32_bonus0.10_rms1_str0.30,0.32,0.1,1.0,0.3,144,81,0,81,0,0,139,5,0,0,0.05779119378918434,0.2837887072062224,0.09528259800796361
thr0.32_bonus0.10_rms1_str0.35,0.32,0.1,1.0,0.35,144,81,0,81,0,0,139,5,0,0,0.05779119378918434,0.2837887072062224,0.09528259800796361
thr0.32_bonus0.10_rms1_str0.40,0.32,0.1,1.0,0.4,144,81,0,81,0,0,139,5,0,0,0.05779119378918434,0.2837887072062224,0.09528259800796361
thr0.32_bonus0.12_rms1_str0.30,0.32,0.12,1.0,0.3,144,81,0,81,0,0,139,5,0,0,0.05779119378918434,0.2837887072062224,0.09528259800796361
thr0.32_bonus0.12_rms1_str0.35,0.32,0.12,1.0,0.35,144,81,0,81,0,0,139,5,0,0,0.05779119378918434,0.2837887072062224,0.09528259800796361
thr0.32_bonus0.12_rms1_str0.40,0.32,0.12,1.0,0.4,144,81,0,81,0,0,139,5,0,0,0.05779119378918434,0.2837887072062224,0.09528259800796361
thr0.32_bonus0.15_rms1_str0.30,0.32,0.15,1.0,0.3,144,81,0,81,0,0,139,5,0,0,0.05779119378918434,0.2837887072062224,0.09528259800796361
thr0.32_bonus0.15_rms1_str0.35,0.32,0.15,1.0,0.35,144,81,0,81,0,0,139,5,0,0,0.05779119378918434,0.2837887072062224,0.09528259800796361
thr0.32_bonus0.15_rms1_str0.40,0.32,0.15,1.0,0.4,144,81,0,81,0,0,139,5,0,0,0.05779119378918434,0.2837887072062224,0.09528259800796361
thr0.32_bonus0.20_rms1_str0.30,0.32,0.2,1.0,0.3,144,81,0,81,0,0,139,5,0,0,0.05779119378918434,0.2837887072062224,0.09528259800796361
thr0.32_bonus0.20_rms1_str0.35,0.32,0.2,1.0,0.35,144,81,0,81,0,0,139,5,0,0,0.05779119378918434,0.2837887072062224,0.09528259800796361
thr0.32_bonus0.20_rms1_str0.40,0.32,0.2,1.0,0.4,144,81,0,81,0,0,139,5,0,0,0.05779119378918434,0.2837887072062224,0.09528259800796361
thr0.28_bonus0.04_rms0.5_str0.30,0.28,0.04,0.5,0.3,144,81,0,81,0,0,140,4,0,0,0.0558430278062449,0.2832366002017541,0.09396361979393315
thr0.28_bonus0.04_rms0.5_str0.35,0.28,0.04,0.5,0.35,144,81,0,81,0,0,140,4,0,0,0.0558430278062449,0.2832366002017541,0.09396361979393315
thr0.28_bonus0.04_rms0.5_str0.40,0.28,0.04,0.5,0.4,144,81,0,81,0,0,140,4,0,0,0.0558430278062449,0.2832366002017541,0.09396361979393315
thr0.28_bonus0.04_rms0.7_str0.30,0.28,0.04,0.7,0.3,144,81,0,81,0,0,140,4,0,0,0.0558430278062449,0.2832366002017541,0.09396361979393315
thr0.28_bonus0.04_rms0.7_str0.35,0.28,0.04,0.7,0.35,144,81,0,81,0,0,140,4,0,0,0.0558430278062449,0.2832366002017541,0.09396361979393315
thr0.28_bonus0.04_rms0.7_str0.40,0.28,0.04,0.7,0.4,144,81,0,81,0,0,140,4,0,0,0.0558430278062449,0.2832366002017541,0.09396361979393315
thr0.28_bonus0.06_rms0.5_str0.30,0.28,0.06,0.5,0.3,144,81,0,81,0,0,140,4,0,0,0.0558430278062449,0.2832366002017541,0.09396361979393315
thr0.28_bonus0.06_rms0.5_str0.35,0.28,0.06,0.5,0.35,144,81,0,81,0,0,140,4,0,0,0.0558430278062449,0.2832366002017541,0.09396361979393315
thr0.28_bonus0.06_rms0.5_str0.40,0.28,0.06,0.5,0.4,144,81,0,81,0,0,140,4,0,0,0.0558430278062449,0.2832366002017541,0.09396361979393315
thr0.28_bonus0.06_rms0.7_str0.30,0.28,0.06,0.7,0.3,144,81,0,81,0,0,140,4,0,0,0.0558430278062449,0.2832366002017541,0.09396361979393315
thr0.28_bonus0.06_rms0.7_str0.35,0.28,0.06,0.7,0.35,144,81,0,81,0,0,140,4,0,0,0.0558430278062449,0.2832366002017541,0.09396361979393315
thr0.28_bonus0.06_rms0.7_str0.40,0.28,0.06,0.7,0.4,144,81,0,81,0,0,140,4,0,0,0.0558430278062449,0.2832366002017541,0.09396361979393315
thr0.28_bonus0.08_rms0.5_str0.30,0.28,0.08,0.5,0.3,144,81,0,81,0,0,140,4,0,0,0.0558430278062449,0.2832366002017541,0.09396361979393315
thr0.28_bonus0.08_rms0.5_str0.35,0.28,0.08,0.5,0.35,144,81,0,81,0,0,140,4,0,0,0.0558430278062449,0.2832366002017541,0.09396361979393315
thr0.28_bonus0.08_rms0.5_str0.40,0.28,0.08,0.5,0.4,144,81,0,81,0,0,140,4,0,0,0.0558430278062449,0.2832366002017541,0.09396361979393315
thr0.28_bonus0.08_rms0.7_str0.30,0.28,0.08,0.7,0.3,144,81,0,81,0,0,140,4,0,0,0.0558430278062449,0.2832366002017541,0.09396361979393315
thr0.28_bonus0.08_rms0.7_str0.35,0.28,0.08,0.7,0.35,144,81,0,81,0,0,140,4,0,0,0.0558430278062449,0.2832366002017541,0.09396361979393315
thr0.28_bonus0.08_rms0.7_str0.40,0.28,0.08,0.7,0.4,144,81,0,81,0,0,140,4,0,0,0.0558430278062449,0.2832366002017541,0.09396361979393315
thr0.28_bonus0.10_rms0.5_str0.30,0.28,0.1,0.5,0.3,144,81,0,81,0,0,140,4,0,0,0.0558430278062449,0.2832366002017541,0.09396361979393315
thr0.28_bonus0.10_rms0.5_str0.35,0.28,0.1,0.5,0.35,144,81,0,81,0,0,140,4,0,0,0.0558430278062449,0.2832366002017541,0.09396361979393315
thr0.28_bonus0.10_rms0.5_str0.40,0.28,0.1,0.5,0.4,144,81,0,81,0,0,140,4,0,0,0.0558430278062449,0.2832366002017541,0.09396361979393315
thr0.28_bonus0.10_rms0.7_str0.30,0.28,0.1,0.7,0.3,144,81,0,81,0,0,140,4,0,0,0.0558430278062449,0.2832366002017541,0.09396361979393315
thr0.28_bonus0.10_rms0.7_str0.35,0.28,0.1,0.7,0.35,144,81,0,81,0,0,140,4,0,0,0.0558430278062449,0.2832366002017541,0.09396361979393315
thr0.28_bonus0.10_rms0.7_str0.40,0.28,0.1,0.7,0.4,144,81,0,81,0,0,140,4,0,0,0.0558430278062449,0.2832366002017541,0.09396361979393315
thr0.28_bonus0.12_rms0.5_str0.30,0.28,0.12,0.5,0.3,144,81,0,81,0,0,140,4,0,0,0.0558430278062449,0.2832366002017541,0.09396361979393315
thr0.28_bonus0.12_rms0.5_str0.35,0.28,0.12,0.5,0.35,144,81,0,81,0,0,140,4,0,0,0.0558430278062449,0.2832366002017541,0.09396361979393315
thr0.28_bonus0.12_rms0.5_str0.40,0.28,0.12,0.5,0.4,144,81,0,81,0,0,140,4,0,0,0.0558430278062449,0.2832366002017541,0.09396361979393315
thr0.28_bonus0.12_rms0.7_str0.30,0.28,0.12,0.7,0.3,144,81,0,81,0,0,140,4,0,0,0.0558430278062449,0.2832366002017541,0.09396361979393315
thr0.28_bonus0.12_rms0.7_str0.35,0.28,0.12,0.7,0.35,144,81,0,81,0,0,140,4,0,0,0.0558430278062449,0.2832366002017541,0.09396361979393315
thr0.28_bonus0.12_rms0.7_str0.40,0.28,0.12,0.7,0.4,144,81,0,81,0,0,140,4,0,0,0.0558430278062449,0.2832366002017541,0.09396361979393315
thr0.28_bonus0.15_rms0.5_str0.30,0.28,0.15,0.5,0.3,144,81,0,81,0,0,140,4,0,0,0.0558430278062449,0.2832366002017541,0.09396361979393315
thr0.28_bonus0.15_rms0.5_str0.35,0.28,0.15,0.5,0.35,144,81,0,81,0,0,140,4,0,0,0.0558430278062449,0.2832366002017541,0.09396361979393315
thr0.28_bonus0.15_rms0.5_str0.40,0.28,0.15,0.5,0.4,144,81,0,81,0,0,140,4,0,0,0.0558430278062449,0.2832366002017541,0.09396361979393315
thr0.28_bonus0.15_rms0.7_str0.30,0.28,0.15,0.7,0.3,144,81,0,81,0,0,140,4,0,0,0.0558430278062449,0.2832366002017541,0.09396361979393315
thr0.28_bonus0.15_rms0.7_str0.35,0.28,0.15,0.7,0.35,144,81,0,81,0,0,140,4,0,0,0.0558430278062449,0.2832366002017541,0.09396361979393315
thr0.28_bonus0.15_rms0.7_str0.40,0.28,0.15,0.7,0.4,144,81,0,81,0,0,140,4,0,0,0.0558430278062449,0.2832366002017541,0.09396361979393315
thr0.28_bonus0.20_rms0.5_str0.30,0.28,0.2,0.5,0.3,144,81,0,81,0,0,140,4,0,0,0.0558430278062449,0.2832366002017541,0.09396361979393315
thr0.28_bonus0.20_rms0.5_str0.35,0.28,0.2,0.5,0.35,144,81,0,81,0,0,140,4,0,0,0.0558430278062449,0.2832366002017541,0.09396361979393315
thr0.28_bonus0.20_rms0.5_str0.40,0.28,0.2,0.5,0.4,144,81,0,81,0,0,140,4,0,0,0.0558430278062449,0.2832366002017541,0.09396361979393315
thr0.28_bonus0.20_rms0.7_str0.30,0.28,0.2,0.7,0.3,144,81,0,81,0,0,140,4,0,0,0.0558430278062449,0.2832366002017541,0.09396361979393315
thr0.28_bonus0.20_rms0.7_str0.35,0.28,0.2,0.7,0.35,144,81,0,81,0,0,140,4,0,0,0.0558430278062449,0.2832366002017541,0.09396361979393315
thr0.28_bonus0.20_rms0.7_str0.40,0.28,0.2,0.7,0.4,144,81,0,81,0,0,140,4,0,0,0.0558430278062449,0.2832366002017541,0.09396361979393315
thr0.32_bonus0.08_rms0.5_str0.30,0.32,0.08,0.5,0.3,144,81,0,81,0,0,140,4,0,0,0.0558430278062449,0.2832366002017541,0.09396361979393315
thr0.32_bonus0.08_rms0.5_str0.35,0.32,0.08,0.5,0.35,144,81,0,81,0,0,140,4,0,0,0.0558430278062449,0.2832366002017541,0.09396361979393315
thr0.32_bonus0.08_rms0.5_str0.40,0.32,0.08,0.5,0.4,144,81,0,81,0,0,140,4,0,0,0.0558430278062449,0.2832366002017541,0.09396361979393315
thr0.32_bonus0.08_rms0.7_str0.30,0.32,0.08,0.7,0.3,144,81,0,81,0,0,140,4,0,0,0.0558430278062449,0.2832366002017541,0.09396361979393315
thr0.32_bonus0.08_rms0.7_str0.35,0.32,0.08,0.7,0.35,144,81,0,81,0,0,140,4,0,0,0.0558430278062449,0.2832366002017541,0.09396361979393315
thr0.32_bonus0.08_rms0.7_str0.40,0.32,0.08,0.7,0.4,144,81,0,81,0,0,140,4,0,0,0.0558430278062449,0.2832366002017541,0.09396361979393315
thr0.32_bonus0.10_rms0.5_str0.30,0.32,0.1,0.5,0.3,144,81,0,81,0,0,140,4,0,0,0.0558430278062449,0.2832366002017541,0.09396361979393315
thr0.32_bonus0.10_rms0.5_str0.35,0.32,0.1,0.5,0.35,144,81,0,81,0,0,140,4,0,0,0.0558430278062449,0.2832366002017541,0.09396361979393315
thr0.32_bonus0.10_rms0.5_str0.40,0.32,0.1,0.5,0.4,144,81,0,81,0,0,140,4,0,0,0.0558430278062449,0.2832366002017541,0.09396361979393315
thr0.32_bonus0.10_rms0.7_str0.30,0.32,0.1,0.7,0.3,144,81,0,81,0,0,140,4,0,0,0.0558430278062449,0.2832366002017541,0.09396361979393315
thr0.32_bonus0.10_rms0.7_str0.35,0.32,0.1,0.7,0.35,144,81,0,81,0,0,140,4,0,0,0.0558430278062449,0.2832366002017541,0.09396361979393315
thr0.32_bonus0.10_rms0.7_str0.40,0.32,0.1,0.7,0.4,144,81,0,81,0,0,140,4,0,0,0.0558430278062449,0.2832366002017541,0.09396361979393315
thr0.32_bonus0.12_rms0.5_str0.30,0.32,0.12,0.5,0.3,144,81,0,81,0,0,140,4,0,0,0.0558430278062449,0.2832366002017541,0.09396361979393315
thr0.32_bonus0.12_rms0.5_str0.35,0.32,0.12,0.5,0.35,144,81,0,81,0,0,140,4,0,0,0.0558430278062449,0.2832366002017541,0.09396361979393315
thr0.32_bonus0.12_rms0.5_str0.40,0.32,0.12,0.5,0.4,144,81,0,81,0,0,140,4,0,0,0.0558430278062449,0.2832366002017541,0.09396361979393315
thr0.32_bonus0.12_rms0.7_str0.30,0.32,0.12,0.7,0.3,144,81,0,81,0,0,140,4,0,0,0.0558430278062449,0.2832366002017541,0.09396361979393315
thr0.32_bonus0.12_rms0.7_str0.35,0.32,0.12,0.7,0.35,144,81,0,81,0,0,140,4,0,0,0.0558430278062449,0.2832366002017541,0.09396361979393315
thr0.32_bonus0.12_rms0.7_str0.40,0.32,0.12,0.7,0.4,144,81,0,81,0,0,140,4,0,0,0.0558430278062449,0.2832366002017541,0.09396361979393315
thr0.32_bonus0.15_rms0.5_str0.30,0.32,0.15,0.5,0.3,144,81,0,81,0,0,140,4,0,0,0.0558430278062449,0.2832366002017541,0.09396361979393315
thr0.32_bonus0.15_rms0.5_str0.35,0.32,0.15,0.5,0.35,144,81,0,81,0,0,140,4,0,0,0.0558430278062449,0.2832366002017541,0.09396361979393315
thr0.32_bonus0.15_rms0.5_str0.40,0.32,0.15,0.5,0.4,144,81,0,81,0,0,140,4,0,0,0.0558430278062449,0.2832366002017541,0.09396361979393315
thr0.32_bonus0.15_rms0.7_str0.30,0.32,0.15,0.7,0.3,144,81,0,81,0,0,140,4,0,0,0.0558430278062449,0.2832366002017541,0.09396361979393315
thr0.32_bonus0.15_rms0.7_str0.35,0.32,0.15,0.7,0.35,144,81,0,81,0,0,140,4,0,0,0.0558430278062449,0.2832366002017541,0.09396361979393315
thr0.32_bonus0.15_rms0.7_str0.40,0.32,0.15,0.7,0.4,144,81,0,81,0,0,140,4,0,0,0.0558430278062449,0.2832366002017541,0.09396361979393315
thr0.32_bonus0.20_rms0.5_str0.30,0.32,0.2,0.5,0.3,144,81,0,81,0,0,140,4,0,0,0.0558430278062449,0.2832366002017541,0.09396361979393315
thr0.32_bonus0.20_rms0.5_str0.35,0.32,0.2,0.5,0.35,144,81,0,81,0,0,140,4,0,0,0.0558430278062449,0.2832366002017541,0.09396361979393315
thr0.32_bonus0.20_rms0.5_str0.40,0.32,0.2,0.5,0.4,144,81,0,81,0,0,140,4,0,0,0.0558430278062449,0.2832366002017541,0.09396361979393315
thr0.32_bonus0.20_rms0.7_str0.30,0.32,0.2,0.7,0.3,144,81,0,81,0,0,140,4,0,0,0.0558430278062449,0.2832366002017541,0.09396361979393315
thr0.32_bonus0.20_rms0.7_str0.35,0.32,0.2,0.7,0.35,144,81,0,81,0,0,140,4,0,0,0.0558430278062449,0.2832366002017541,0.09396361979393315
thr0.32_bonus0.20_rms0.7_str0.40,0.32,0.2,0.7,0.4,144,81,0,81,0,0,140,4,0,0,0.0558430278062449,0.2832366002017541,0.09396361979393315
thr0.50_bonus0.06_rms10_str0.30,0.5,0.06,10.0,0.3,144,81,1,80,1,0,41,67,36,0,0.2759197501910007,0.5325116182881181,0.489694910048808
thr0.50_bonus0.06_rms10_str0.35,0.5,0.06,10.0,0.35,144,81,1,80,1,0,41,67,36,0,0.2759197501910007,0.5325116182881181,0.489694910048808
thr0.50_bonus0.06_rms10_str0.40,0.5,0.06,10.0,0.4,144,81,1,80,1,0,41,67,36,0,0.2759197501910007,0.5325116182881181,0.489694910048808
thr0.50_bonus0.08_rms10_str0.30,0.5,0.08,10.0,0.3,144,81,1,80,1,0,41,67,36,0,0.2759197501910007,0.5325116182881181,0.489694910048808
thr0.50_bonus0.08_rms10_str0.35,0.5,0.08,10.0,0.35,144,81,1,80,1,0,41,67,36,0,0.2759197501910007,0.5325116182881181,0.489694910048808
thr0.50_bonus0.08_rms10_str0.40,0.5,0.08,10.0,0.4,144,81,1,80,1,0,41,67,36,0,0.2759197501910007,0.5325116182881181,0.489694910048808
thr0.55_bonus0.10_rms10_str0.30,0.55,0.1,10.0,0.3,144,81,1,80,1,0,41,67,36,0,0.2759197501910007,0.5325116182881181,0.489694910048808
thr0.55_bonus0.10_rms10_str0.35,0.55,0.1,10.0,0.35,144,81,1,80,1,0,41,67,36,0,0.2759197501910007,0.5325116182881181,0.489694910048808
thr0.55_bonus0.10_rms10_str0.40,0.55,0.1,10.0,0.4,144,81,1,80,1,0,41,67,36,0,0.2759197501910007,0.5325116182881181,0.489694910048808
thr0.55_bonus0.12_rms10_str0.30,0.55,0.12,10.0,0.3,144,81,1,80,1,0,41,67,36,0,0.2759197501910007,0.5325116182881181,0.489694910048808
thr0.55_bonus0.12_rms10_str0.35,0.55,0.12,10.0,0.35,144,81,1,80,1,0,41,67,36,0,0.2759197501910007,0.5325116182881181,0.489694910048808
thr0.55_bonus0.12_rms10_str0.40,0.55,0.12,10.0,0.4,144,81,1,80,1,0,41,67,36,0,0.2759197501910007,0.5325116182881181,0.489694910048808
thr0.50_bonus0.10_rms10_str0.30,0.5,0.1,10.0,0.3,144,81,1,80,1,0,46,62,36,0,0.26512674641504874,0.5325116182881181,0.489694910048808
thr0.50_bonus0.10_rms10_str0.35,0.5,0.1,10.0,0.35,144,81,1,80,1,0,46,62,36,0,0.26512674641504874,0.5325116182881181,0.489694910048808
thr0.50_bonus0.10_rms10_str0.40,0.5,0.1,10.0,0.4,144,81,1,80,1,0,46,62,36,0,0.26512674641504874,0.5325116182881181,0.489694910048808
thr0.50_bonus0.12_rms10_str0.30,0.5,0.12,10.0,0.3,144,81,1,80,1,0,46,62,36,0,0.26512674641504874,0.5325116182881181,0.489694910048808
thr0.50_bonus0.12_rms10_str0.35,0.5,0.12,10.0,0.35,144,81,1,80,1,0,46,62,36,0,0.26512674641504874,0.5325116182881181,0.489694910048808
thr0.50_bonus0.12_rms10_str0.40,0.5,0.12,10.0,0.4,144,81,1,80,1,0,46,62,36,0,0.26512674641504874,0.5325116182881181,0.489694910048808
thr0.50_bonus0.15_rms10_str0.30,0.5,0.15,10.0,0.3,144,81,1,80,1,0,46,62,36,0,0.26512674641504874,0.5325116182881181,0.489694910048808
thr0.50_bonus0.15_rms10_str0.35,0.5,0.15,10.0,0.35,144,81,1,80,1,0,46,62,36,0,0.26512674641504874,0.5325116182881181,0.489694910048808
thr0.50_bonus0.15_rms10_str0.40,0.5,0.15,10.0,0.4,144,81,1,80,1,0,46,62,36,0,0.26512674641504874,0.5325116182881181,0.489694910048808
thr0.55_bonus0.15_rms10_str0.30,0.55,0.15,10.0,0.3,144,81,1,80,1,0,46,62,36,0,0.26512674641504874,0.5325116182881181,0.489694910048808
thr0.55_bonus0.15_rms10_str0.35,0.55,0.15,10.0,0.35,144,81,1,80,1,0,46,62,36,0,0.26512674641504874,0.5325116182881181,0.489694910048808
thr0.55_bonus0.15_rms10_str0.40,0.55,0.15,10.0,0.4,144,81,1,80,1,0,46,62,36,0,0.26512674641504874,0.5325116182881181,0.489694910048808
thr0.55_bonus0.20_rms10_str0.30,0.55,0.2,10.0,0.3,144,81,1,80,1,0,46,62,36,0,0.26512674641504874,0.5325116182881181,0.489694910048808
thr0.55_bonus0.20_rms10_str0.35,0.55,0.2,10.0,0.35,144,81,1,80,1,0,46,62,36,0,0.26512674641504874,0.5325116182881181,0.489694910048808
thr0.55_bonus0.20_rms10_str0.40,0.55,0.2,10.0,0.4,144,81,1,80,1,0,46,62,36,0,0.26512674641504874,0.5325116182881181,0.489694910048808
thr0.50_bonus0.20_rms10_str0.30,0.5,0.2,10.0,0.3,144,81,1,80,1,0,59,49,36,0,0.23961002035939025,0.5325116182881181,0.489694910048808
thr0.50_bonus0.20_rms10_str0.35,0.5,0.2,10.0,0.35,144,81,1,80,1,0,59,49,36,0,0.23961002035939025,0.5325116182881181,0.489694910048808
thr0.50_bonus0.20_rms10_str0.40,0.5,0.2,10.0,0.4,144,81,1,80,1,0,59,49,36,0,0.23961002035939025,0.5325116182881181,0.489694910048808
thr0.50_bonus0.06_rms20_str0.30,0.5,0.06,20.0,0.3,144,81,3,78,3,0,29,67,48,0,0.30990427012118865,0.5713524318223834,0.492649188318868
thr0.50_bonus0.06_rms20_str0.35,0.5,0.06,20.0,0.35,144,81,3,78,3,0,29,67,48,0,0.30990427012118865,0.5713524318223834,0.492649188318868
thr0.50_bonus0.06_rms20_str0.40,0.5,0.06,20.0,0.4,144,81,3,78,3,0,29,67,48,0,0.30990427012118865,0.5713524318223834,0.492649188318868
thr0.50_bonus0.08_rms20_str0.30,0.5,0.08,20.0,0.3,144,81,3,78,3,0,29,67,48,0,0.30990427012118865,0.5713524318223834,0.492649188318868
thr0.50_bonus0.08_rms20_str0.35,0.5,0.08,20.0,0.35,144,81,3,78,3,0,29,67,48,0,0.30990427012118865,0.5713524318223834,0.492649188318868
thr0.50_bonus0.08_rms20_str0.40,0.5,0.08,20.0,0.4,144,81,3,78,3,0,29,67,48,0,0.30990427012118865,0.5713524318223834,0.492649188318868
thr0.55_bonus0.10_rms20_str0.30,0.55,0.1,20.0,0.3,144,81,3,78,3,0,29,67,48,0,0.30990427012118865,0.5713524318223834,0.492649188318868
thr0.55_bonus0.10_rms20_str0.35,0.55,0.1,20.0,0.35,144,81,3,78,3,0,29,67,48,0,0.30990427012118865,0.5713524318223834,0.492649188318868
thr0.55_bonus0.10_rms20_str0.40,0.55,0.1,20.0,0.4,144,81,3,78,3,0,29,67,48,0,0.30990427012118865,0.5713524318223834,0.492649188318868
thr0.55_bonus0.12_rms20_str0.30,0.55,0.12,20.0,0.3,144,81,3,78,3,0,29,67,48,0,0.30990427012118865,0.5713524318223834,0.492649188318868
thr0.55_bonus0.12_rms20_str0.35,0.55,0.12,20.0,0.35,144,81,3,78,3,0,29,67,48,0,0.30990427012118865,0.5713524318223834,0.492649188318868
thr0.55_bonus0.12_rms20_str0.40,0.55,0.12,20.0,0.4,144,81,3,78,3,0,29,67,48,0,0.30990427012118865,0.5713524318223834,0.492649188318868
thr0.50_bonus0.10_rms20_str0.30,0.5,0.1,20.0,0.3,144,81,3,78,3,0,34,62,48,0,0.29911126634523666,0.5713524318223834,0.492649188318868
thr0.50_bonus0.10_rms20_str0.35,0.5,0.1,20.0,0.35,144,81,3,78,3,0,34,62,48,0,0.29911126634523666,0.5713524318223834,0.492649188318868
thr0.50_bonus0.10_rms20_str0.40,0.5,0.1,20.0,0.4,144,81,3,78,3,0,34,62,48,0,0.29911126634523666,0.5713524318223834,0.492649188318868
thr0.50_bonus0.12_rms20_str0.30,0.5,0.12,20.0,0.3,144,81,3,78,3,0,34,62,48,0,0.29911126634523666,0.5713524318223834,0.492649188318868
thr0.50_bonus0.12_rms20_str0.35,0.5,0.12,20.0,0.35,144,81,3,78,3,0,34,62,48,0,0.29911126634523666,0.5713524318223834,0.492649188318868
thr0.50_bonus0.12_rms20_str0.40,0.5,0.12,20.0,0.4,144,81,3,78,3,0,34,62,48,0,0.29911126634523666,0.5713524318223834,0.492649188318868
thr0.50_bonus0.15_rms20_str0.30,0.5,0.15,20.0,0.3,144,81,3,78,3,0,34,62,48,0,0.29911126634523666,0.5713524318223834,0.492649188318868
thr0.50_bonus0.15_rms20_str0.35,0.5,0.15,20.0,0.35,144,81,3,78,3,0,34,62,48,0,0.29911126634523666,0.5713524318223834,0.492649188318868
thr0.50_bonus0.15_rms20_str0.40,0.5,0.15,20.0,0.4,144,81,3,78,3,0,34,62,48,0,0.29911126634523666,0.5713524318223834,0.492649188318868
thr0.55_bonus0.15_rms20_str0.30,0.55,0.15,20.0,0.3,144,81,3,78,3,0,34,62,48,0,0.29911126634523666,0.5713524318223834,0.492649188318868
thr0.55_bonus0.15_rms20_str0.35,0.55,0.15,20.0,0.35,144,81,3,78,3,0,34,62,48,0,0.29911126634523666,0.5713524318223834,0.492649188318868
thr0.55_bonus0.15_rms20_str0.40,0.55,0.15,20.0,0.4,144,81,3,78,3,0,34,62,48,0,0.29911126634523666,0.5713524318223834,0.492649188318868
thr0.55_bonus0.20_rms20_str0.30,0.55,0.2,20.0,0.3,144,81,3,78,3,0,34,62,48,0,0.29911126634523666,0.5713524318223834,0.492649188318868
thr0.55_bonus0.20_rms20_str0.35,0.55,0.2,20.0,0.35,144,81,3,78,3,0,34,62,48,0,0.29911126634523666,0.5713524318223834,0.492649188318868
thr0.55_bonus0.20_rms20_str0.40,0.55,0.2,20.0,0.4,144,81,3,78,3,0,34,62,48,0,0.29911126634523666,0.5713524318223834,0.492649188318868
thr0.50_bonus0.20_rms20_str0.30,0.5,0.2,20.0,0.3,144,81,3,78,3,0,41,55,48,0,0.2852084272213431,0.5713524318223834,0.492649188318868
thr0.50_bonus0.20_rms20_str0.35,0.5,0.2,20.0,0.35,144,81,3,78,3,0,41,55,48,0,0.2852084272213431,0.5713524318223834,0.492649188318868
thr0.50_bonus0.20_rms20_str0.40,0.5,0.2,20.0,0.4,144,81,3,78,3,0,41,55,48,0,0.2852084272213431,0.5713524318223834,0.492649188318868
thr0.50_bonus0.00_rms0.5_str0.30,0.5,0.0,0.5,0.3,144,81,6,75,6,0,10,72,62,0,0.35842574863942445,0.6032209336778319,0.4969373737400177
thr0.50_bonus0.00_rms0.5_str0.35,0.5,0.0,0.5,0.35,144,81,6,75,6,0,10,72,62,0,0.35842574863942445,0.6032209336778319,0.4969373737400177
thr0.50_bonus0.00_rms0.5_str0.40,0.5,0.0,0.5,0.4,144,81,6,75,6,0,10,72,62,0,0.35842574863942445,0.6032209336778319,0.4969373737400177
thr0.50_bonus0.00_rms0.7_str0.30,0.5,0.0,0.7,0.3,144,81,6,75,6,0,10,72,62,0,0.35842574863942445,0.6032209336778319,0.4969373737400177
thr0.50_bonus0.00_rms0.7_str0.35,0.5,0.0,0.7,0.35,144,81,6,75,6,0,10,72,62,0,0.35842574863942445,0.6032209336778319,0.4969373737400177
thr0.50_bonus0.00_rms0.7_str0.40,0.5,0.0,0.7,0.4,144,81,6,75,6,0,10,72,62,0,0.35842574863942445,0.6032209336778319,0.4969373737400177
thr0.50_bonus0.00_rms1_str0.30,0.5,0.0,1.0,0.3,144,81,6,75,6,0,10,72,62,0,0.35842574863942445,0.6032209336778319,0.4969373737400177
thr0.50_bonus0.00_rms1_str0.35,0.5,0.0,1.0,0.35,144,81,6,75,6,0,10,72,62,0,0.35842574863942445,0.6032209336778319,0.4969373737400177
thr0.50_bonus0.00_rms1_str0.40,0.5,0.0,1.0,0.4,144,81,6,75,6,0,10,72,62,0,0.35842574863942445,0.6032209336778319,0.4969373737400177
thr0.50_bonus0.00_rms2_str0.30,0.5,0.0,2.0,0.3,144,81,6,75,6,0,10,72,62,0,0.35842574863942445,0.6032209336778319,0.4969373737400177
thr0.50_bonus0.00_rms2_str0.35,0.5,0.0,2.0,0.35,144,81,6,75,6,0,10,72,62,0,0.35842574863942445,0.6032209336778319,0.4969373737400177
thr0.50_bonus0.00_rms2_str0.40,0.5,0.0,2.0,0.4,144,81,6,75,6,0,10,72,62,0,0.35842574863942445,0.6032209336778319,0.4969373737400177
thr0.50_bonus0.00_rms5_str0.30,0.5,0.0,5.0,0.3,144,81,6,75,6,0,10,72,62,0,0.35842574863942445,0.6032209336778319,0.4969373737400177
thr0.50_bonus0.00_rms5_str0.35,0.5,0.0,5.0,0.35,144,81,6,75,6,0,10,72,62,0,0.35842574863942445,0.6032209336778319,0.4969373737400177
thr0.50_bonus0.00_rms5_str0.40,0.5,0.0,5.0,0.4,144,81,6,75,6,0,10,72,62,0,0.35842574863942445,0.6032209336778319,0.4969373737400177
thr0.50_bonus0.00_rms10_str0.30,0.5,0.0,10.0,0.3,144,81,6,75,6,0,10,72,62,0,0.35842574863942445,0.6032209336778319,0.4969373737400177
thr0.50_bonus0.00_rms10_str0.35,0.5,0.0,10.0,0.35,144,81,6,75,6,0,10,72,62,0,0.35842574863942445,0.6032209336778319,0.4969373737400177
thr0.50_bonus0.00_rms10_str0.40,0.5,0.0,10.0,0.4,144,81,6,75,6,0,10,72,62,0,0.35842574863942445,0.6032209336778319,0.4969373737400177
thr0.50_bonus0.00_rms20_str0.30,0.5,0.0,20.0,0.3,144,81,6,75,6,0,10,72,62,0,0.35842574863942445,0.6032209336778319,0.4969373737400177
thr0.50_bonus0.00_rms20_str0.35,0.5,0.0,20.0,0.35,144,81,6,75,6,0,10,72,62,0,0.35842574863942445,0.6032209336778319,0.4969373737400177
thr0.50_bonus0.00_rms20_str0.40,0.5,0.0,20.0,0.4,144,81,6,75,6,0,10,72,62,0,0.35842574863942445,0.6032209336778319,0.4969373737400177
thr0.55_bonus0.00_rms0.5_str0.30,0.55,0.0,0.5,0.3,144,81,6,75,6,0,10,72,62,0,0.35842574863942445,0.6032209336778319,0.4969373737400177
thr0.55_bonus0.00_rms0.5_str0.35,0.55,0.0,0.5,0.35,144,81,6,75,6,0,10,72,62,0,0.35842574863942445,0.6032209336778319,0.4969373737400177
thr0.55_bonus0.00_rms0.5_str0.40,0.55,0.0,0.5,0.4,144,81,6,75,6,0,10,72,62,0,0.35842574863942445,0.6032209336778319,0.4969373737400177
thr0.55_bonus0.00_rms0.7_str0.30,0.55,0.0,0.7,0.3,144,81,6,75,6,0,10,72,62,0,0.35842574863942445,0.6032209336778319,0.4969373737400177
thr0.55_bonus0.00_rms0.7_str0.35,0.55,0.0,0.7,0.35,144,81,6,75,6,0,10,72,62,0,0.35842574863942445,0.6032209336778319,0.4969373737400177
thr0.55_bonus0.00_rms0.7_str0.40,0.55,0.0,0.7,0.4,144,81,6,75,6,0,10,72,62,0,0.35842574863942445,0.6032209336778319,0.4969373737400177
thr0.55_bonus0.00_rms1_str0.30,0.55,0.0,1.0,0.3,144,81,6,75,6,0,10,72,62,0,0.35842574863942445,0.6032209336778319,0.4969373737400177
thr0.55_bonus0.00_rms1_str0.35,0.55,0.0,1.0,0.35,144,81,6,75,6,0,10,72,62,0,0.35842574863942445,0.6032209336778319,0.4969373737400177
thr0.55_bonus0.00_rms1_str0.40,0.55,0.0,1.0,0.4,144,81,6,75,6,0,10,72,62,0,0.35842574863942445,0.6032209336778319,0.4969373737400177
thr0.55_bonus0.00_rms2_str0.30,0.55,0.0,2.0,0.3,144,81,6,75,6,0,10,72,62,0,0.35842574863942445,0.6032209336778319,0.4969373737400177
thr0.55_bonus0.00_rms2_str0.35,0.55,0.0,2.0,0.35,144,81,6,75,6,0,10,72,62,0,0.35842574863942445,0.6032209336778319,0.4969373737400177
thr0.55_bonus0.00_rms2_str0.40,0.55,0.0,2.0,0.4,144,81,6,75,6,0,10,72,62,0,0.35842574863942445,0.6032209336778319,0.4969373737400177
thr0.55_bonus0.00_rms5_str0.30,0.55,0.0,5.0,0.3,144,81,6,75,6,0,10,72,62,0,0.35842574863942445,0.6032209336778319,0.4969373737400177
thr0.55_bonus0.00_rms5_str0.35,0.55,0.0,5.0,0.35,144,81,6,75,6,0,10,72,62,0,0.35842574863942445,0.6032209336778319,0.4969373737400177
thr0.55_bonus0.00_rms5_str0.40,0.55,0.0,5.0,0.4,144,81,6,75,6,0,10,72,62,0,0.35842574863942445,0.6032209336778319,0.4969373737400177
thr0.55_bonus0.00_rms10_str0.30,0.55,0.0,10.0,0.3,144,81,6,75,6,0,10,72,62,0,0.35842574863942445,0.6032209336778319,0.4969373737400177
thr0.55_bonus0.00_rms10_str0.35,0.55,0.0,10.0,0.35,144,81,6,75,6,0,10,72,62,0,0.35842574863942445,0.6032209336778319,0.4969373737400177
thr0.55_bonus0.00_rms10_str0.40,0.55,0.0,10.0,0.4,144,81,6,75,6,0,10,72,62,0,0.35842574863942445,0.6032209336778319,0.4969373737400177
thr0.55_bonus0.00_rms20_str0.30,0.55,0.0,20.0,0.3,144,81,6,75,6,0,10,72,62,0,0.35842574863942445,0.6032209336778319,0.4969373737400177
thr0.55_bonus0.00_rms20_str0.35,0.55,0.0,20.0,0.35,144,81,6,75,6,0,10,72,62,0,0.35842574863942445,0.6032209336778319,0.4969373737400177
thr0.55_bonus0.00_rms20_str0.40,0.55,0.0,20.0,0.4,144,81,6,75,6,0,10,72,62,0,0.35842574863942445,0.6032209336778319,0.4969373737400177
thr0.55_bonus0.04_rms0.5_str0.30,0.55,0.04,0.5,0.3,144,81,6,75,6,0,10,72,62,0,0.35842574863942445,0.6032209336778319,0.4969373737400177
thr0.55_bonus0.04_rms0.5_str0.35,0.55,0.04,0.5,0.35,144,81,6,75,6,0,10,72,62,0,0.35842574863942445,0.6032209336778319,0.4969373737400177
thr0.55_bonus0.04_rms0.5_str0.40,0.55,0.04,0.5,0.4,144,81,6,75,6,0,10,72,62,0,0.35842574863942445,0.6032209336778319,0.4969373737400177
thr0.55_bonus0.04_rms0.7_str0.30,0.55,0.04,0.7,0.3,144,81,6,75,6,0,10,72,62,0,0.35842574863942445,0.6032209336778319,0.4969373737400177
thr0.55_bonus0.04_rms0.7_str0.35,0.55,0.04,0.7,0.35,144,81,6,75,6,0,10,72,62,0,0.35842574863942445,0.6032209336778319,0.4969373737400177
thr0.55_bonus0.04_rms0.7_str0.40,0.55,0.04,0.7,0.4,144,81,6,75,6,0,10,72,62,0,0.35842574863942445,0.6032209336778319,0.4969373737400177
thr0.55_bonus0.04_rms1_str0.30,0.55,0.04,1.0,0.3,144,81,6,75,6,0,10,72,62,0,0.35842574863942445,0.6032209336778319,0.4969373737400177
thr0.55_bonus0.04_rms1_str0.35,0.55,0.04,1.0,0.35,144,81,6,75,6,0,10,72,62,0,0.35842574863942445,0.6032209336778319,0.4969373737400177
thr0.55_bonus0.04_rms1_str0.40,0.55,0.04,1.0,0.4,144,81,6,75,6,0,10,72,62,0,0.35842574863942445,0.6032209336778319,0.4969373737400177
thr0.55_bonus0.04_rms2_str0.30,0.55,0.04,2.0,0.3,144,81,6,75,6,0,10,72,62,0,0.35842574863942445,0.6032209336778319,0.4969373737400177
thr0.55_bonus0.04_rms2_str0.35,0.55,0.04,2.0,0.35,144,81,6,75,6,0,10,72,62,0,0.35842574863942445,0.6032209336778319,0.4969373737400177
thr0.55_bonus0.04_rms2_str0.40,0.55,0.04,2.0,0.4,144,81,6,75,6,0,10,72,62,0,0.35842574863942445,0.6032209336778319,0.4969373737400177
thr0.55_bonus0.04_rms5_str0.30,0.55,0.04,5.0,0.3,144,81,6,75,6,0,10,72,62,0,0.35842574863942445,0.6032209336778319,0.4969373737400177
thr0.55_bonus0.04_rms5_str0.35,0.55,0.04,5.0,0.35,144,81,6,75,6,0,10,72,62,0,0.35842574863942445,0.6032209336778319,0.4969373737400177
thr0.55_bonus0.04_rms5_str0.40,0.55,0.04,5.0,0.4,144,81,6,75,6,0,10,72,62,0,0.35842574863942445,0.6032209336778319,0.4969373737400177
thr0.55_bonus0.04_rms10_str0.30,0.55,0.04,10.0,0.3,144,81,6,75,6,0,10,72,62,0,0.35842574863942445,0.6032209336778319,0.4969373737400177
thr0.55_bonus0.04_rms10_str0.35,0.55,0.04,10.0,0.35,144,81,6,75,6,0,10,72,62,0,0.35842574863942445,0.6032209336778319,0.4969373737400177
thr0.55_bonus0.04_rms10_str0.40,0.55,0.04,10.0,0.4,144,81,6,75,6,0,10,72,62,0,0.35842574863942445,0.6032209336778319,0.4969373737400177
thr0.55_bonus0.04_rms20_str0.30,0.55,0.04,20.0,0.3,144,81,6,75,6,0,10,72,62,0,0.35842574863942445,0.6032209336778319,0.4969373737400177
thr0.55_bonus0.04_rms20_str0.35,0.55,0.04,20.0,0.35,144,81,6,75,6,0,10,72,62,0,0.35842574863942445,0.6032209336778319,0.4969373737400177
thr0.55_bonus0.04_rms20_str0.40,0.55,0.04,20.0,0.4,144,81,6,75,6,0,10,72,62,0,0.35842574863942445,0.6032209336778319,0.4969373737400177
thr0.55_bonus0.06_rms0.5_str0.30,0.55,0.06,0.5,0.3,144,81,6,75,6,0,10,72,62,0,0.35842574863942445,0.6032209336778319,0.4969373737400177
thr0.55_bonus0.06_rms0.5_str0.35,0.55,0.06,0.5,0.35,144,81,6,75,6,0,10,72,62,0,0.35842574863942445,0.6032209336778319,0.4969373737400177
thr0.55_bonus0.06_rms0.5_str0.40,0.55,0.06,0.5,0.4,144,81,6,75,6,0,10,72,62,0,0.35842574863942445,0.6032209336778319,0.4969373737400177
thr0.55_bonus0.06_rms0.7_str0.30,0.55,0.06,0.7,0.3,144,81,6,75,6,0,10,72,62,0,0.35842574863942445,0.6032209336778319,0.4969373737400177
thr0.55_bonus0.06_rms0.7_str0.35,0.55,0.06,0.7,0.35,144,81,6,75,6,0,10,72,62,0,0.35842574863942445,0.6032209336778319,0.4969373737400177
thr0.55_bonus0.06_rms0.7_str0.40,0.55,0.06,0.7,0.4,144,81,6,75,6,0,10,72,62,0,0.35842574863942445,0.6032209336778319,0.4969373737400177
thr0.55_bonus0.06_rms1_str0.30,0.55,0.06,1.0,0.3,144,81,6,75,6,0,10,72,62,0,0.35842574863942445,0.6032209336778319,0.4969373737400177
thr0.55_bonus0.06_rms1_str0.35,0.55,0.06,1.0,0.35,144,81,6,75,6,0,10,72,62,0,0.35842574863942445,0.6032209336778319,0.4969373737400177
thr0.55_bonus0.06_rms1_str0.40,0.55,0.06,1.0,0.4,144,81,6,75,6,0,10,72,62,0,0.35842574863942445,0.6032209336778319,0.4969373737400177
thr0.55_bonus0.06_rms2_str0.30,0.55,0.06,2.0,0.3,144,81,6,75,6,0,10,72,62,0,0.35842574863942445,0.6032209336778319,0.4969373737400177
thr0.55_bonus0.06_rms2_str0.35,0.55,0.06,2.0,0.35,144,81,6,75,6,0,10,72,62,0,0.35842574863942445,0.6032209336778319,0.4969373737400177
thr0.55_bonus0.06_rms2_str0.40,0.55,0.06,2.0,0.4,144,81,6,75,6,0,10,72,62,0,0.35842574863942445,0.6032209336778319,0.4969373737400177
thr0.55_bonus0.06_rms5_str0.30,0.55,0.06,5.0,0.3,144,81,6,75,6,0,10,72,62,0,0.35842574863942445,0.6032209336778319,0.4969373737400177
thr0.55_bonus0.06_rms5_str0.35,0.55,0.06,5.0,0.35,144,81,6,75,6,0,10,72,62,0,0.35842574863942445,0.6032209336778319,0.4969373737400177
thr0.55_bonus0.06_rms5_str0.40,0.55,0.06,5.0,0.4,144,81,6,75,6,0,10,72,62,0,0.35842574863942445,0.6032209336778319,0.4969373737400177
thr0.55_bonus0.06_rms10_str0.30,0.55,0.06,10.0,0.3,144,81,6,75,6,0,10,72,62,0,0.35842574863942445,0.6032209336778319,0.4969373737400177
thr0.55_bonus0.06_rms10_str0.35,0.55,0.06,10.0,0.35,144,81,6,75,6,0,10,72,62,0,0.35842574863942445,0.6032209336778319,0.4969373737400177
thr0.55_bonus0.06_rms10_str0.40,0.55,0.06,10.0,0.4,144,81,6,75,6,0,10,72,62,0,0.35842574863942445,0.6032209336778319,0.4969373737400177
thr0.55_bonus0.06_rms20_str0.30,0.55,0.06,20.0,0.3,144,81,6,75,6,0,10,72,62,0,0.35842574863942445,0.6032209336778319,0.4969373737400177
thr0.55_bonus0.06_rms20_str0.35,0.55,0.06,20.0,0.35,144,81,6,75,6,0,10,72,62,0,0.35842574863942445,0.6032209336778319,0.4969373737400177
thr0.55_bonus0.06_rms20_str0.40,0.55,0.06,20.0,0.4,144,81,6,75,6,0,10,72,62,0,0.35842574863942445,0.6032209336778319,0.4969373737400177
thr0.50_bonus0.04_rms0.5_str0.30,0.5,0.04,0.5,0.3,144,81,6,75,6,0,15,67,62,0,0.34826498340373696,0.6032209336778319,0.4969373737400177
thr0.50_bonus0.04_rms0.5_str0.35,0.5,0.04,0.5,0.35,144,81,6,75,6,0,15,67,62,0,0.34826498340373696,0.6032209336778319,0.4969373737400177
thr0.50_bonus0.04_rms0.5_str0.40,0.5,0.04,0.5,0.4,144,81,6,75,6,0,15,67,62,0,0.34826498340373696,0.6032209336778319,0.4969373737400177
thr0.50_bonus0.04_rms0.7_str0.30,0.5,0.04,0.7,0.3,144,81,6,75,6,0,15,67,62,0,0.34826498340373696,0.6032209336778319,0.4969373737400177
thr0.50_bonus0.04_rms0.7_str0.35,0.5,0.04,0.7,0.35,144,81,6,75,6,0,15,67,62,0,0.34826498340373696,0.6032209336778319,0.4969373737400177
thr0.50_bonus0.04_rms0.7_str0.40,0.5,0.04,0.7,0.4,144,81,6,75,6,0,15,67,62,0,0.34826498340373696,0.6032209336778319,0.4969373737400177
thr0.50_bonus0.04_rms1_str0.30,0.5,0.04,1.0,0.3,144,81,6,75,6,0,15,67,62,0,0.34826498340373696,0.6032209336778319,0.4969373737400177
thr0.50_bonus0.04_rms1_str0.35,0.5,0.04,1.0,0.35,144,81,6,75,6,0,15,67,62,0,0.34826498340373696,0.6032209336778319,0.4969373737400177
thr0.50_bonus0.04_rms1_str0.40,0.5,0.04,1.0,0.4,144,81,6,75,6,0,15,67,62,0,0.34826498340373696,0.6032209336778319,0.4969373737400177
thr0.50_bonus0.04_rms2_str0.30,0.5,0.04,2.0,0.3,144,81,6,75,6,0,15,67,62,0,0.34826498340373696,0.6032209336778319,0.4969373737400177
thr0.50_bonus0.04_rms2_str0.35,0.5,0.04,2.0,0.35,144,81,6,75,6,0,15,67,62,0,0.34826498340373696,0.6032209336778319,0.4969373737400177
thr0.50_bonus0.04_rms2_str0.40,0.5,0.04,2.0,0.4,144,81,6,75,6,0,15,67,62,0,0.34826498340373696,0.6032209336778319,0.4969373737400177
thr0.50_bonus0.04_rms5_str0.30,0.5,0.04,5.0,0.3,144,81,6,75,6,0,15,67,62,0,0.34826498340373696,0.6032209336778319,0.4969373737400177
thr0.50_bonus0.04_rms5_str0.35,0.5,0.04,5.0,0.35,144,81,6,75,6,0,15,67,62,0,0.34826498340373696,0.6032209336778319,0.4969373737400177
thr0.50_bonus0.04_rms5_str0.40,0.5,0.04,5.0,0.4,144,81,6,75,6,0,15,67,62,0,0.34826498340373696,0.6032209336778319,0.4969373737400177
thr0.50_bonus0.04_rms10_str0.30,0.5,0.04,10.0,0.3,144,81,6,75,6,0,15,67,62,0,0.34826498340373696,0.6032209336778319,0.4969373737400177
thr0.50_bonus0.04_rms10_str0.35,0.5,0.04,10.0,0.35,144,81,6,75,6,0,15,67,62,0,0.34826498340373696,0.6032209336778319,0.4969373737400177
thr0.50_bonus0.04_rms10_str0.40,0.5,0.04,10.0,0.4,144,81,6,75,6,0,15,67,62,0,0.34826498340373696,0.6032209336778319,0.4969373737400177
thr0.50_bonus0.04_rms20_str0.30,0.5,0.04,20.0,0.3,144,81,6,75,6,0,15,67,62,0,0.34826498340373696,0.6032209336778319,0.4969373737400177
thr0.50_bonus0.04_rms20_str0.35,0.5,0.04,20.0,0.35,144,81,6,75,6,0,15,67,62,0,0.34826498340373696,0.6032209336778319,0.4969373737400177
thr0.50_bonus0.04_rms20_str0.40,0.5,0.04,20.0,0.4,144,81,6,75,6,0,15,67,62,0,0.34826498340373696,0.6032209336778319,0.4969373737400177
thr0.55_bonus0.08_rms0.5_str0.30,0.55,0.08,0.5,0.3,144,81,6,75,6,0,15,67,62,0,0.34826498340373696,0.6032209336778319,0.4969373737400177
thr0.55_bonus0.08_rms0.5_str0.35,0.55,0.08,0.5,0.35,144,81,6,75,6,0,15,67,62,0,0.34826498340373696,0.6032209336778319,0.4969373737400177
thr0.55_bonus0.08_rms0.5_str0.40,0.55,0.08,0.5,0.4,144,81,6,75,6,0,15,67,62,0,0.34826498340373696,0.6032209336778319,0.4969373737400177
thr0.55_bonus0.08_rms0.7_str0.30,0.55,0.08,0.7,0.3,144,81,6,75,6,0,15,67,62,0,0.34826498340373696,0.6032209336778319,0.4969373737400177
thr0.55_bonus0.08_rms0.7_str0.35,0.55,0.08,0.7,0.35,144,81,6,75,6,0,15,67,62,0,0.34826498340373696,0.6032209336778319,0.4969373737400177
thr0.55_bonus0.08_rms0.7_str0.40,0.55,0.08,0.7,0.4,144,81,6,75,6,0,15,67,62,0,0.34826498340373696,0.6032209336778319,0.4969373737400177
thr0.55_bonus0.08_rms1_str0.30,0.55,0.08,1.0,0.3,144,81,6,75,6,0,15,67,62,0,0.34826498340373696,0.6032209336778319,0.4969373737400177
thr0.55_bonus0.08_rms1_str0.35,0.55,0.08,1.0,0.35,144,81,6,75,6,0,15,67,62,0,0.34826498340373696,0.6032209336778319,0.4969373737400177
thr0.55_bonus0.08_rms1_str0.40,0.55,0.08,1.0,0.4,144,81,6,75,6,0,15,67,62,0,0.34826498340373696,0.6032209336778319,0.4969373737400177
thr0.55_bonus0.08_rms2_str0.30,0.55,0.08,2.0,0.3,144,81,6,75,6,0,15,67,62,0,0.34826498340373696,0.6032209336778319,0.4969373737400177
thr0.55_bonus0.08_rms2_str0.35,0.55,0.08,2.0,0.35,144,81,6,75,6,0,15,67,62,0,0.34826498340373696,0.6032209336778319,0.4969373737400177
thr0.55_bonus0.08_rms2_str0.40,0.55,0.08,2.0,0.4,144,81,6,75,6,0,15,67,62,0,0.34826498340373696,0.6032209336778319,0.4969373737400177
thr0.55_bonus0.08_rms5_str0.30,0.55,0.08,5.0,0.3,144,81,6,75,6,0,15,67,62,0,0.34826498340373696,0.6032209336778319,0.4969373737400177
thr0.55_bonus0.08_rms5_str0.35,0.55,0.08,5.0,0.35,144,81,6,75,6,0,15,67,62,0,0.34826498340373696,0.6032209336778319,0.4969373737400177
thr0.55_bonus0.08_rms5_str0.40,0.55,0.08,5.0,0.4,144,81,6,75,6,0,15,67,62,0,0.34826498340373696,0.6032209336778319,0.4969373737400177
thr0.55_bonus0.08_rms10_str0.30,0.55,0.08,10.0,0.3,144,81,6,75,6,0,15,67,62,0,0.34826498340373696,0.6032209336778319,0.4969373737400177
thr0.55_bonus0.08_rms10_str0.35,0.55,0.08,10.0,0.35,144,81,6,75,6,0,15,67,62,0,0.34826498340373696,0.6032209336778319,0.4969373737400177
thr0.55_bonus0.08_rms10_str0.40,0.55,0.08,10.0,0.4,144,81,6,75,6,0,15,67,62,0,0.34826498340373696,0.6032209336778319,0.4969373737400177
thr0.55_bonus0.08_rms20_str0.30,0.55,0.08,20.0,0.3,144,81,6,75,6,0,15,67,62,0,0.34826498340373696,0.6032209336778319,0.4969373737400177
thr0.55_bonus0.08_rms20_str0.35,0.55,0.08,20.0,0.35,144,81,6,75,6,0,15,67,62,0,0.34826498340373696,0.6032209336778319,0.4969373737400177
thr0.55_bonus0.08_rms20_str0.40,0.55,0.08,20.0,0.4,144,81,6,75,6,0,15,67,62,0,0.34826498340373696,0.6032209336778319,0.4969373737400177
