signal_family,signal_name,signal_label,depth_semitones,rate_hz,shift_semitones,algorithm,algorithm_label,implementation,rms_error,spectral_distance,spectral_centroid_difference,rms_error_normalized,spectral_distance_normalized,spectral_centroid_difference_normalized,composite_stress
subtle_modulation,vibrato_depth_0_rate_2,0 st / 2 Hz,0.0,2.0,3,phase_vocoder,Phase Vocoder,local phase vocoder,0.6567827858967449,0.3346762127651767,48.14976616720389,8.326493059424628e-05,0.04333881412290362,0.009971542251523474,0.01779787376834045
subtle_modulation,vibrato_depth_0_rate_2,0 st / 2 Hz,0.0,2.0,3,wsola,WSOLA,local waveform-similarity overlap-add,181.706505439012,2.014150135363799,265.4122615850279,0.30520095926216656,0.9473862802777316,0.23627917254827344,0.4962888040293905
subtle_modulation,vibrato_depth_0_rate_2,0 st / 2 Hz,0.0,2.0,3,rubber_band,Rubber Band,local hybrid spectral/time-domain proxy,108.76175591720607,1.917680941535495,277.52507137469553,0.18226934985931437,0.8954576798577056,0.24889626632906253,0.4422077653486942
subtle_modulation,vibrato_depth_0_rate_2,0 st / 2 Hz,0.0,2.0,3,psola,PSOLA,local pitch-synchronous overlap-add,0.6959427980035754,0.4901861847950184,766.5642855489966,0.00014926013030479933,0.12704859626578827,0.7582953021319595,0.29516438617601753
subtle_modulation,vibrato_depth_0_rate_2,0 st / 2 Hz,0.0,2.0,7,phase_vocoder,Phase Vocoder,local phase vocoder,0.6557663472745655,0.4129686451447999,120.66605752979024,8.155195691892541e-05,0.08548300830150674,0.0855068527735495,0.057023804343991714
subtle_modulation,vibrato_depth_0_rate_2,0 st / 2 Hz,0.0,2.0,7,wsola,WSOLA,local waveform-similarity overlap-add,289.2623573892146,2.0573470321801905,332.3831875826537,0.48646162665236375,0.9706388265585251,0.30603825145489594,0.5877129015552617
subtle_modulation,vibrato_depth_0_rate_2,0 st / 2 Hz,0.0,2.0,7,rubber_band,Rubber Band,local hybrid spectral/time-domain proxy,173.63493009307143,1.950054179832972,346.167135185492,0.29159817422009526,0.9128839367708088,0.32039605634033586,0.5082927224437467
subtle_modulation,vibrato_depth_0_rate_2,0 st / 2 Hz,0.0,2.0,7,psola,PSOLA,local pitch-synchronous overlap-add,0.6497467451589565,0.4521484525272932,869.554095213382,7.140730112275438e-05,0.1065731872628876,0.8655728132598568,0.32407246927462235
subtle_modulation,vibrato_depth_0_rate_2,0 st / 2 Hz,0.0,2.0,12,phase_vocoder,Phase Vocoder,local phase vocoder,0.6461439556559453,0.4198603218575903,228.20455697712845,6.533562749513478e-05,0.08919274310948529,0.19752242604951994,0.09559350159550012
subtle_modulation,vibrato_depth_0_rate_2,0 st / 2 Hz,0.0,2.0,12,wsola,WSOLA,local waveform-similarity overlap-add,46.499596123107565,1.7912791723268178,435.1260106183861,0.0773407901128994,0.8274166119774858,0.4130584933355726,0.4392719651419859
subtle_modulation,vibrato_depth_0_rate_2,0 st / 2 Hz,0.0,2.0,12,rubber_band,Rubber Band,local hybrid spectral/time-domain proxy,13.320328630959631,1.562923347932316,457.37210899542,0.02142476081187096,0.7044944863953762,0.4362307476971594,0.38738333163480215
subtle_modulation,vibrato_depth_0_rate_2,0 st / 2 Hz,0.0,2.0,12,psola,PSOLA,local pitch-synchronous overlap-add,0.636309829848889,0.3706119753906879,165.47979439104608,4.876246876257699e-05,0.06268274957125355,0.13218628805440244,0.06497260003147286
subtle_modulation,vibrato_depth_0_rate_2,0 st / 2 Hz,0.0,2.0,-12,phase_vocoder,Phase Vocoder,local phase vocoder,0.8870141080799917,0.4739167531888356,110.55128641742743,0.0004712669068361741,0.11829089052148538,0.07497098059261598,0.06457771267364584
subtle_modulation,vibrato_depth_0_rate_2,0 st / 2 Hz,0.0,2.0,-12,wsola,WSOLA,local waveform-similarity overlap-add,409.239829964894,1.9704419123580204,211.05590027981825,0.6886560805712958,0.9238584911725786,0.17965983153003173,0.5973914677579687
subtle_modulation,vibrato_depth_0_rate_2,0 st / 2 Hz,0.0,2.0,-12,rubber_band,Rubber Band,local hybrid spectral/time-domain proxy,261.6178401356519,1.9047637075625297,218.40657200941777,0.43987314674909833,0.8885044354602462,0.1873165285453902,0.5052313702515782
subtle_modulation,vibrato_depth_0_rate_2,0 st / 2 Hz,0.0,2.0,-12,psola,PSOLA,local pitch-synchronous overlap-add,0.7479889569265551,0.3958095639029835,214.99228512542325,0.0002369719686698879,0.07624641122817645,0.18376009708498506,0.08674782676061048
subtle_modulation,vibrato_depth_0.025_rate_2,0.025 st / 2 Hz,0.025,2.0,3,phase_vocoder,Phase Vocoder,local phase vocoder,0.6570240563106367,0.334583286694077,47.9002342253815,8.367153642229346e-05,0.04328879275729206,0.009711621723921274,0.017694695339211877
subtle_modulation,vibrato_depth_0.025_rate_2,0.025 st / 2 Hz,0.025,2.0,3,wsola,WSOLA,local waveform-similarity overlap-add,182.2814809131247,2.0144605634121096,265.3978846685107,0.3061699482690959,0.9475533812292392,0.2362641970878207,0.49666250886205193
subtle_modulation,vibrato_depth_0.025_rate_2,0.025 st / 2 Hz,0.025,2.0,3,rubber_band,Rubber Band,local hybrid spectral/time-domain proxy,109.10725006275224,1.9179609226434495,277.47777797713496,0.18285160083186117,0.8956083914631743,0.24884700399913287,0.44243566543138946
subtle_modulation,vibrato_depth_0.025_rate_2,0.025 st / 2 Hz,0.025,2.0,3,psola,PSOLA,local pitch-synchronous overlap-add,0.696131724698596,0.4890545465220093,764.5132895764873,0.0001495785228255811,0.1264394443762878,0.7561589185035098,0.2942493138008744
subtle_modulation,vibrato_depth_0.025_rate_2,0.025 st / 2 Hz,0.025,2.0,7,phase_vocoder,Phase Vocoder,local phase vocoder,0.6560323814920286,0.4131001676634891,120.517187169552,8.200029644607929e-05,0.08555380582813894,0.08535178459953194,0.05699586357470565
subtle_modulation,vibrato_depth_0.025_rate_2,0.025 st / 2 Hz,0.025,2.0,7,wsola,WSOLA,local waveform-similarity overlap-add,297.37980792162926,2.060976054200543,332.51203531011527,0.5001417237770988,0.9725923002731054,0.3061724634081135,0.5929688291527725
subtle_modulation,vibrato_depth_0.025_rate_2,0.025 st / 2 Hz,0.025,2.0,7,rubber_band,Rubber Band,local hybrid spectral/time-domain proxy,178.532677775913,1.9536609086084904,346.2625955343195,0.2998522022213953,0.9148254102088541,0.3204954909219414,0.5117243677840636
subtle_modulation,vibrato_depth_0.025_rate_2,0.025 st / 2 Hz,0.025,2.0,7,psola,PSOLA,local pitch-synchronous overlap-add,0.6497737234975357,0.4512664129003202,847.7535896912619,7.145276691161926e-05,0.10609839234104729,0.8428647028034515,0.31634484930380347
subtle_modulation,vibrato_depth_0.025_rate_2,0.025 st / 2 Hz,0.025,2.0,12,phase_vocoder,Phase Vocoder,local phase vocoder,0.6464235370402902,0.419292796376004,228.1510443720423,6.580679765833238e-05,0.08888724865273745,0.19746668559222305,0.09547324701420627
subtle_modulation,vibrato_depth_0.025_rate_2,0.025 st / 2 Hz,0.025,2.0,12,wsola,WSOLA,local waveform-similarity overlap-add,52.90393339331967,1.8095889633476283,434.3034985873244,0.08813382858307046,0.8372726269804316,0.4122017382463789,0.445869397936627
subtle_modulation,vibrato_depth_0.025_rate_2,0.025 st / 2 Hz,0.025,2.0,12,rubber_band,Rubber Band,local hybrid spectral/time-domain proxy,22.070735351493997,1.6298002827985902,452.2802790084411,0.03617156011047237,0.7404938089787885,0.4309269331754167,0.4025307674215592
subtle_modulation,vibrato_depth_0.025_rate_2,0.025 st / 2 Hz,0.025,2.0,12,psola,PSOLA,local pitch-synchronous overlap-add,0.6363100511850917,0.3705698632961523,188.9442685807839,4.8762841773873836e-05,0.06266008096541985,0.15662764200197,0.0731121619363879
subtle_modulation,vibrato_depth_0.025_rate_2,0.025 st / 2 Hz,0.025,2.0,-12,phase_vocoder,Phase Vocoder,local phase vocoder,0.8870260930294762,0.4739601890791219,110.54516341728568,0.00047128710471386104,0.11831427171605181,0.07496460267796613,0.06458338716624394
subtle_modulation,vibrato_depth_0.025_rate_2,0.025 st / 2 Hz,0.025,2.0,-12,wsola,WSOLA,local waveform-similarity overlap-add,354.3418623258891,1.954476932035616,211.16966559821157,0.5961381740865922,0.9152646691349317,0.17977833315897615,0.5637270587935
subtle_modulation,vibrato_depth_0.025_rate_2,0.025 st / 2 Hz,0.025,2.0,-12,rubber_band,Rubber Band,local hybrid spectral/time-domain proxy,228.25811277692327,1.8898784762086376,218.52903421180184,0.3836529938205735,0.880491833711841,0.18744408912950827,0.48386297222064095
subtle_modulation,vibrato_depth_0.025_rate_2,0.025 st / 2 Hz,0.025,2.0,-12,psola,PSOLA,local pitch-synchronous overlap-add,0.7486658513143329,0.3959315502562498,214.9918075274856,0.00023811271858034463,0.07631207551274316,0.1837595996035523,0.08676992927829193
subtle_modulation,vibrato_depth_0.05_rate_2,0.05 st / 2 Hz,0.05,2.0,3,phase_vocoder,Phase Vocoder,local phase vocoder,0.6577925112620313,0.3346843016041685,47.93095851378583,8.49665906180762e-05,0.04334316828065285,0.009743625134762918,0.01772392000201128
subtle_modulation,vibrato_depth_0.05_rate_2,0.05 st / 2 Hz,0.05,2.0,3,wsola,WSOLA,local waveform-similarity overlap-add,205.21047704698836,2.0283731592520597,265.1695063887421,0.34481150115954784,0.9550424210097926,0.23602631089763274,0.5119600776889911
subtle_modulation,vibrato_depth_0.05_rate_2,0.05 st / 2 Hz,0.05,2.0,3,rubber_band,Rubber Band,local hybrid spectral/time-domain proxy,122.99220690742676,1.9318422425209951,277.264494354983,0.20625150421894087,0.903080595641708,0.24862484089170153,0.4526523135841168
subtle_modulation,vibrato_depth_0.05_rate_2,0.05 st / 2 Hz,0.05,2.0,3,psola,PSOLA,local pitch-synchronous overlap-add,0.6962330089178259,0.4857679576864339,762.1530057191845,0.0001497492140975187,0.12467029972383772,0.7537003706278324,0.29284013985525587
subtle_modulation,vibrato_depth_0.05_rate_2,0.05 st / 2 Hz,0.05,2.0,7,phase_vocoder,Phase Vocoder,local phase vocoder,0.6568379331797798,0.4136250378065126,120.41381460319757,8.335786866452712e-05,0.08583633925511024,0.08524410839667707,0.057054601840150605
subtle_modulation,vibrato_depth_0.05_rate_2,0.05 st / 2 Hz,0.05,2.0,7,wsola,WSOLA,local waveform-similarity overlap-add,295.52755968389664,2.0605286182936275,332.67602388940827,0.4970201851006241,0.9723514490800796,0.30634327920724236,0.5919049711293153
subtle_modulation,vibrato_depth_0.05_rate_2,0.05 st / 2 Hz,0.05,2.0,7,rubber_band,Rubber Band,local hybrid spectral/time-domain proxy,177.4048742815317,1.9532038941783296,346.4465554941558,0.2979515486505306,0.9145794029728836,0.32068710955588914,0.5110726870597678
subtle_modulation,vibrato_depth_0.05_rate_2,0.05 st / 2 Hz,0.05,2.0,7,psola,PSOLA,local pitch-synchronous overlap-add,0.649830151892321,0.4498522226344486,810.3619366203114,7.154786400129942e-05,0.10533714495916244,0.8039163496461731,0.30310834748977894
subtle_modulation,vibrato_depth_0.05_rate_2,0.05 st / 2 Hz,0.05,2.0,12,phase_vocoder,Phase Vocoder,local phase vocoder,0.6472711424806934,0.417354466618521,228.77671972330305,6.72352418110706e-05,0.08784386114773016,0.1981184092401845,0.09534316854324192
subtle_modulation,vibrato_depth_0.05_rate_2,0.05 st / 2 Hz,0.05,2.0,12,wsola,WSOLA,local waveform-similarity overlap-add,30.79454967414831,1.7129924815158664,440.3985993706645,0.05087354403455121,0.7852755084396719,0.41855059202367195,0.4182332148326317
subtle_modulation,vibrato_depth_0.05_rate_2,0.05 st / 2 Hz,0.05,2.0,12,rubber_band,Rubber Band,local hybrid spectral/time-domain proxy,13.687725391902967,1.5674047283239607,457.0595755498042,0.022043923608484003,0.7069067778477339,0.43590520276898503,0.38828530140840095
subtle_modulation,vibrato_depth_0.05_rate_2,0.05 st / 2 Hz,0.05,2.0,12,psola,PSOLA,local pitch-synchronous overlap-add,0.6363110304613031,0.3704609551855407,218.87110764632047,4.876449211884744e-05,0.06260145659494447,0.18780040386392438,0.08348354165032923
subtle_modulation,vibrato_depth_0.05_rate_2,0.05 st / 2 Hz,0.05,2.0,-12,phase_vocoder,Phase Vocoder,local phase vocoder,0.8870303222618727,0.4739577688851201,110.52602919607251,0.0004712942321130015,0.11831296894485334,0.07494467185533613,0.06457631167743416
subtle_modulation,vibrato_depth_0.05_rate_2,0.05 st / 2 Hz,0.05,2.0,-12,wsola,WSOLA,local waveform-similarity overlap-add,384.6975590906986,1.9635943097269932,211.0935036110986,0.6472957239076035,0.9201724810925669,0.1796990003740467,0.5823890684580724
subtle_modulation,vibrato_depth_0.05_rate_2,0.05 st / 2 Hz,0.05,2.0,-12,rubber_band,Rubber Band,local hybrid spectral/time-domain proxy,246.8373798087856,1.8983927536588656,218.44104842196495,0.4149640780689254,0.8850750016023599,0.1873524402898893,0.4957971733203916
subtle_modulation,vibrato_depth_0.05_rate_2,0.05 st / 2 Hz,0.05,2.0,-12,psola,PSOLA,local pitch-synchronous overlap-add,0.7489182968578958,0.3963846869647789,215.014021411932,0.00023853815752091542,0.07655599540197466,0.18378273830284356,0.08685909062077972
subtle_modulation,vibrato_depth_0.1_rate_2,0.1 st / 2 Hz,0.1,2.0,3,phase_vocoder,Phase Vocoder,local phase vocoder,0.6608488107445077,0.3363850486976285,47.8533699967295,9.01172809235603e-05,0.044258666925629506,0.009662806430183971,0.01800386354557901
subtle_modulation,vibrato_depth_0.1_rate_2,0.1 st / 2 Hz,0.1,2.0,3,wsola,WSOLA,local waveform-similarity overlap-add,189.9445493484263,2.01941319918552,265.31610554193577,0.31908428880616513,0.950219345708647,0.2361790133090589,0.5018275492746237
subtle_modulation,vibrato_depth_0.1_rate_2,0.1 st / 2 Hz,0.1,2.0,3,rubber_band,Rubber Band,local hybrid spectral/time-domain proxy,113.74094073482723,1.9228439575313292,277.4087562671861,0.1906606214334451,0.8982368903390026,0.24877510875744602,0.44589087350996454
subtle_modulation,vibrato_depth_0.1_rate_2,0.1 st / 2 Hz,0.1,2.0,3,psola,PSOLA,local pitch-synchronous overlap-add,0.6960598694422022,0.4895483282685215,783.1428415976038,0.00014945742730643208,0.12670524316646917,0.7755640614080915,0.3008062540006224
subtle_modulation,vibrato_depth_0.1_rate_2,0.1 st / 2 Hz,0.1,2.0,7,phase_vocoder,Phase Vocoder,local phase vocoder,0.6599279540914592,0.4164678454046561,120.0225045279622,8.856538868826325e-05,0.0873665999940747,0.08483650718751552,0.057430557523426164
subtle_modulation,vibrato_depth_0.1_rate_2,0.1 st / 2 Hz,0.1,2.0,7,wsola,WSOLA,local waveform-similarity overlap-add,297.81459050952435,2.0611196436862067,332.5584377152182,0.500874449896808,0.9726695933521667,0.3062207976515305,0.593254946966835
subtle_modulation,vibrato_depth_0.1_rate_2,0.1 st / 2 Hz,0.1,2.0,7,rubber_band,Rubber Band,local hybrid spectral/time-domain proxy,178.60532639917437,1.9537865642081984,346.3523614391643,0.2999746347780491,0.9148930496196218,0.32058899398682983,0.5118188927948336
subtle_modulation,vibrato_depth_0.1_rate_2,0.1 st / 2 Hz,0.1,2.0,7,psola,PSOLA,local pitch-synchronous overlap-add,0.6500169747084593,0.4508714397143324,877.8978724036758,7.186271091778921e-05,0.10588578141378806,0.874263960988912,0.32674053503787265
subtle_modulation,vibrato_depth_0.1_rate_2,0.1 st / 2 Hz,0.1,2.0,12,phase_vocoder,Phase Vocoder,local phase vocoder,0.65063018066885,0.4250979942082864,229.71556375791653,7.289612862229058e-05,0.09201214051332796,0.19909633950045796,0.09706045871413609
subtle_modulation,vibrato_depth_0.1_rate_2,0.1 st / 2 Hz,0.1,2.0,12,wsola,WSOLA,local waveform-similarity overlap-add,61.455118943018256,1.828754333139849,433.6248906642037,0.10254488638802754,0.8475891932369464,0.41149487832245735,0.4538763193158104
subtle_modulation,vibrato_depth_0.1_rate_2,0.1 st / 2 Hz,0.1,2.0,12,rubber_band,Rubber Band,local hybrid spectral/time-domain proxy,37.14205039763373,1.6880742133282562,449.7305102470746,0.06157079756875613,0.771862202693835,0.42827101170549237,0.42056800398936117
subtle_modulation,vibrato_depth_0.1_rate_2,0.1 st / 2 Hz,0.1,2.0,12,psola,PSOLA,local pitch-synchronous overlap-add,0.6363147803804773,0.3700164757349785,236.70376899088188,4.877081174571893e-05,0.062362196838879363,0.20637547970944037,0.08959548245335515
subtle_modulation,vibrato_depth_0.1_rate_2,0.1 st / 2 Hz,0.1,2.0,-12,phase_vocoder,Phase Vocoder,local phase vocoder,0.8870422657889694,0.4734772006292871,110.6356666538589,0.0004713143601827743,0.11805428287170013,0.07505887377139017,0.06452815700109103
subtle_modulation,vibrato_depth_0.1_rate_2,0.1 st / 2 Hz,0.1,2.0,-12,wsola,WSOLA,local waveform-similarity overlap-add,364.3437826699439,1.9574437350296117,211.10124342126204,0.612994111944686,0.9168616756101214,0.1797070624102194,0.5698542833216756
subtle_modulation,vibrato_depth_0.1_rate_2,0.1 st / 2 Hz,0.1,2.0,-12,rubber_band,Rubber Band,local hybrid spectral/time-domain proxy,234.4593172453888,1.8926394494715095,218.45801815417147,0.39410369864226513,0.8819780436784468,0.18737011651088198,0.48781728627719795
subtle_modulation,vibrato_depth_0.1_rate_2,0.1 st / 2 Hz,0.1,2.0,-12,psola,PSOLA,local pitch-synchronous overlap-add,0.7472214535049732,0.3983527511910465,215.17309046762344,0.00023567851805890102,0.07761538873523598,0.1839484297673453,0.08726649900688006
subtle_modulation,vibrato_depth_0.2_rate_2,0.2 st / 2 Hz,0.2,2.0,3,phase_vocoder,Phase Vocoder,local phase vocoder,0.6726931270138814,0.3434812876508433,47.67462741611929,0.0001100781536500507,0.04807851596202103,0.009476622386899239,0.019221738834190105
subtle_modulation,vibrato_depth_0.2_rate_2,0.2 st / 2 Hz,0.2,2.0,3,wsola,WSOLA,local waveform-similarity overlap-add,192.4874479846012,2.021064861944433,265.2512572901801,0.32336975998733425,0.9511084226463985,0.23611146527618057,0.5035298826366378
subtle_modulation,vibrato_depth_0.2_rate_2,0.2 st / 2 Hz,0.2,2.0,3,rubber_band,Rubber Band,local hybrid spectral/time-domain proxy,102.17668876158253,1.9103360732495505,277.5834952756165,0.1711717327069699,0.891503995627304,0.2489571225506791,0.4372109502949843
subtle_modulation,vibrato_depth_0.2_rate_2,0.2 st / 2 Hz,0.2,2.0,3,psola,PSOLA,local pitch-synchronous overlap-add,0.6953030102924324,0.487431621792623,782.3852621001931,0.000148181915169062,0.12556583689145617,0.7747749421425197,0.30016298698304833
subtle_modulation,vibrato_depth_0.2_rate_2,0.2 st / 2 Hz,0.2,2.0,7,phase_vocoder,Phase Vocoder,local phase vocoder,0.6718351716717409,0.4236848170426671,119.1882648668208,0.00010863226711679751,0.09125143847525806,0.08396753622016381,0.05844253565417956
subtle_modulation,vibrato_depth_0.2_rate_2,0.2 st / 2 Hz,0.2,2.0,7,wsola,WSOLA,local waveform-similarity overlap-add,291.363797136984,2.058111545730159,332.3416624257478,0.49000312034382104,0.9710503581270656,0.30599499751067977,0.5890161586605221
subtle_modulation,vibrato_depth_0.2_rate_2,0.2 st / 2 Hz,0.2,2.0,7,rubber_band,Rubber Band,local hybrid spectral/time-domain proxy,174.83349072664595,1.9505840937713324,346.0775467369408,0.29361807268596324,0.913169185232728,0.32030273811965265,0.509029998679448
subtle_modulation,vibrato_depth_0.2_rate_2,0.2 st / 2 Hz,0.2,2.0,7,psola,PSOLA,local pitch-synchronous overlap-add,0.6505335766919504,0.4504102903586481,913.214112446076,7.273332482307496e-05,0.1056375483802675,0.9110504969237795,0.33892025954295674
subtle_modulation,vibrato_depth_0.2_rate_2,0.2 st / 2 Hz,0.2,2.0,12,phase_vocoder,Phase Vocoder,local phase vocoder,0.6634369651972362,0.4429696140595456,230.25974538217085,9.447902038175051e-05,0.10163229145774634,0.19966317665106328,0.10046331570973045
subtle_modulation,vibrato_depth_0.2_rate_2,0.2 st / 2 Hz,0.2,2.0,12,wsola,WSOLA,local waveform-similarity overlap-add,86.2798596834586,1.8694404386740875,432.46673029789326,0.1443812810872595,0.8694902005232183,0.4102885010897036,0.4747199942333939
subtle_modulation,vibrato_depth_0.2_rate_2,0.2 st / 2 Hz,0.2,2.0,12,rubber_band,Rubber Band,local hybrid spectral/time-domain proxy,53.40914397818186,1.728222718142269,448.50090603636016,0.08898524490421225,0.7934738237845945,0.4269902162575963,0.43648309498213433
subtle_modulation,vibrato_depth_0.2_rate_2,0.2 st / 2 Hz,0.2,2.0,12,psola,PSOLA,local pitch-synchronous overlap-add,0.6363293598117092,0.3679372933637188,266.4061097229517,4.879538202606497e-05,0.061242989491198295,0.23731439685855227,0.0995353939105922
subtle_modulation,vibrato_depth_0.2_rate_2,0.2 st / 2 Hz,0.2,2.0,-12,phase_vocoder,Phase Vocoder,local phase vocoder,0.8868972703078489,0.4714028411019516,110.63093192698295,0.0004710700036256934,0.11693767162257745,0.07505394192699918,0.06415422785106745
subtle_modulation,vibrato_depth_0.2_rate_2,0.2 st / 2 Hz,0.2,2.0,-12,wsola,WSOLA,local waveform-similarity overlap-add,367.3868866797243,1.9580734113300788,211.06034329138157,0.6181225643138417,0.917200625358775,0.17966445951433405,0.5716625497289836
subtle_modulation,vibrato_depth_0.2_rate_2,0.2 st / 2 Hz,0.2,2.0,-12,rubber_band,Rubber Band,local hybrid spectral/time-domain proxy,236.6533691136748,1.893268795755899,218.4122480724136,0.39780126877650906,0.8823168157820682,0.1873224409158779,0.48914684182481843
subtle_modulation,vibrato_depth_0.2_rate_2,0.2 st / 2 Hz,0.2,2.0,-12,psola,PSOLA,local pitch-synchronous overlap-add,0.732876531725363,0.4056760431395128,215.52646512520985,0.0002115034494941877,0.08155745859463517,0.1843165162206078,0.08869515942157906
subtle_modulation,vibrato_depth_0.35_rate_2,0.35 st / 2 Hz,0.35,2.0,3,phase_vocoder,Phase Vocoder,local phase vocoder,0.7013557761944286,0.3584966997494703,46.88730958064546,0.00015838246090468986,0.05616119297080153,0.008656526708195951,0.021658700713300724
subtle_modulation,vibrato_depth_0.35_rate_2,0.35 st / 2 Hz,0.35,2.0,3,wsola,WSOLA,local waveform-similarity overlap-add,255.0683791559132,2.055033324580563,264.62987018468766,0.42883553562234034,0.9693933761441299,0.23546420840347224,0.5445643733899809
subtle_modulation,vibrato_depth_0.35_rate_2,0.35 st / 2 Hz,0.35,2.0,3,rubber_band,Rubber Band,local hybrid spectral/time-domain proxy,164.4413754242555,1.9661357144936424,276.5998354875066,0.2761045509095814,0.9215404990825147,0.2479325107545325,0.48185918691554286
subtle_modulation,vibrato_depth_0.35_rate_2,0.35 st / 2 Hz,0.35,2.0,3,psola,PSOLA,local pitch-synchronous overlap-add,0.6963502999988819,0.4926900282707083,830.4487032758014,0.00014994688125598225,0.12839639531130326,0.8248393743651222,0.3177952388525605
subtle_modulation,vibrato_depth_0.35_rate_2,0.35 st / 2 Hz,0.35,2.0,7,phase_vocoder,Phase Vocoder,local phase vocoder,0.6992476679276889,0.4323439380075309,118.46906857983628,0.00015482972895722742,0.09591257447866842,0.08321839814590631,0.059761934117843994
subtle_modulation,vibrato_depth_0.35_rate_2,0.35 st / 2 Hz,0.35,2.0,7,wsola,WSOLA,local waveform-similarity overlap-add,291.16657159361944,2.0580283715194563,332.2288708195472,0.4896707420215964,0.97100558611041,0.30587751013179487,0.588851279421267
subtle_modulation,vibrato_depth_0.35_rate_2,0.35 st / 2 Hz,0.35,2.0,7,rubber_band,Rubber Band,local hybrid spectral/time-domain proxy,174.6554574703917,1.9501381694133813,346.00827945930166,0.2933180385524301,0.9129291476944978,0.3202305870867306,0.5088259244445529
subtle_modulation,vibrato_depth_0.35_rate_2,0.35 st / 2 Hz,0.35,2.0,7,psola,PSOLA,local pitch-synchronous overlap-add,0.6508865530348291,0.4531069277300881,965.2409787487128,7.33281853194872e-05,0.10708912684777752,0.9652433607315549,0.35746860525488394
subtle_modulation,vibrato_depth_0.35_rate_2,0.35 st / 2 Hz,0.35,2.0,12,phase_vocoder,Phase Vocoder,local phase vocoder,0.6936744783500585,0.4525990327611719,228.26349371977864,0.00014543739888855673,0.10681573102213052,0.19758381646364054,0.10151499496155321
subtle_modulation,vibrato_depth_0.35_rate_2,0.35 st / 2 Hz,0.35,2.0,12,wsola,WSOLA,local waveform-similarity overlap-add,97.10662562542936,1.8841423942061428,431.84250288420475,0.16262730661479363,0.8774041463531781,0.4096382856602691,0.48322324620941365
subtle_modulation,vibrato_depth_0.35_rate_2,0.35 st / 2 Hz,0.35,2.0,12,rubber_band,Rubber Band,local hybrid spectral/time-domain proxy,57.39044988088942,1.7365530147562371,448.0349291467438,0.09569482092378043,0.7979579562530067,0.42650483968369973,0.44005253895349566
subtle_modulation,vibrato_depth_0.35_rate_2,0.35 st / 2 Hz,0.35,2.0,12,psola,PSOLA,local pitch-synchronous overlap-add,0.6363688394456454,0.361284612838083,320.43239669142827,4.886191587490564e-05,0.05766190443151919,0.29358992179006355,0.11710022937915254
subtle_modulation,vibrato_depth_0.35_rate_2,0.35 st / 2 Hz,0.35,2.0,-12,phase_vocoder,Phase Vocoder,local phase vocoder,0.8855566274382741,0.4667646697371219,110.98796931026509,0.00046881065820780256,0.11444098083533485,0.07542584359361008,0.06344521169571758
subtle_modulation,vibrato_depth_0.35_rate_2,0.35 st / 2 Hz,0.35,2.0,-12,wsola,WSOLA,local waveform-similarity overlap-add,278.43562220761584,1.9265710796681872,211.3489311558911,0.46821565296436646,0.9002431705667195,0.17996506195206247,0.5161412951610495
subtle_modulation,vibrato_depth_0.35_rate_2,0.35 st / 2 Hz,0.35,2.0,-12,rubber_band,Rubber Band,local hybrid spectral/time-domain proxy,183.27312679198,1.8644798526903317,218.7021126101279,0.3078411394740084,0.8668199565087601,0.1876243731776382,0.45409515638680215
subtle_modulation,vibrato_depth_0.35_rate_2,0.35 st / 2 Hz,0.35,2.0,-12,psola,PSOLA,local pitch-synchronous overlap-add,0.7059845785877493,0.4201795749158707,216.0317857628493,0.0001661832434359753,0.08936459449372947,0.18484287451279394,0.09145788408331978
subtle_modulation,vibrato_depth_0.5_rate_2,0.5 st / 2 Hz,0.5,2.0,3,phase_vocoder,Phase Vocoder,local phase vocoder,0.7032213271843757,0.3546252517365452,46.54957980325852,0.00016152641831246363,0.05407722327092097,0.00830473646729818,0.02084782871884387
subtle_modulation,vibrato_depth_0.5_rate_2,0.5 st / 2 Hz,0.5,2.0,3,wsola,WSOLA,local waveform-similarity overlap-add,286.8649719086729,2.07138016186642,264.47544046012746,0.4824213844496823,0.9781927487506766,0.23530334941607364,0.5653058275388109
subtle_modulation,vibrato_depth_0.5_rate_2,0.5 st / 2 Hz,0.5,2.0,3,rubber_band,Rubber Band,local hybrid spectral/time-domain proxy,182.52042184281456,1.9804571869533296,276.46631115370275,0.30657262828693876,0.9292496338982272,0.24779342749714842,0.49453856322743817
subtle_modulation,vibrato_depth_0.5_rate_2,0.5 st / 2 Hz,0.5,2.0,3,psola,PSOLA,local pitch-synchronous overlap-add,0.696733520072222,0.4971784928811346,820.2085863416124,0.00015059271060874598,0.13081250014233448,0.8141729379289521,0.3150453435939651
subtle_modulation,vibrato_depth_0.5_rate_2,0.5 st / 2 Hz,0.5,2.0,7,phase_vocoder,Phase Vocoder,local phase vocoder,0.7013119410164034,0.430549639707379,118.74907036240192,0.00015830858678738294,0.09494671796255869,0.08351005704345066,0.0595383611975989
subtle_modulation,vibrato_depth_0.5_rate_2,0.5 st / 2 Hz,0.5,2.0,7,wsola,WSOLA,local waveform-similarity overlap-add,282.90698768687,2.056743606570768,332.13923456800813,0.47575111176292956,0.9703140073482527,0.305784142117976,0.5839497537430528
subtle_modulation,vibrato_depth_0.5_rate_2,0.5 st / 2 Hz,0.5,2.0,7,rubber_band,Rubber Band,local hybrid spectral/time-domain proxy,175.23764408170945,1.952510110291546,346.0787638576947,0.29429918027368157,0.9142059446199636,0.32030400591192887,0.509603043601858
subtle_modulation,vibrato_depth_0.5_rate_2,0.5 st / 2 Hz,0.5,2.0,7,psola,PSOLA,local pitch-synchronous overlap-add,0.6503239980573168,0.4569141411176156,998.6084536760836,7.238012820480064e-05,0.10913851955926383,1.0,0.3697369665624895
subtle_modulation,vibrato_depth_0.5_rate_2,0.5 st / 2 Hz,0.5,2.0,12,phase_vocoder,Phase Vocoder,local phase vocoder,0.7273233558717737,0.4586030933415,228.5378937256113,0.00020214484795735293,0.11004766911967902,0.19786964036966712,0.10270648477910116
subtle_modulation,vibrato_depth_0.5_rate_2,0.5 st / 2 Hz,0.5,2.0,12,wsola,WSOLA,local waveform-similarity overlap-add,113.05496289616072,1.9037412519811996,431.3753867744939,0.1895045634542926,0.8879540557460276,0.40915172243793846,0.4955367805460862
subtle_modulation,vibrato_depth_0.5_rate_2,0.5 st / 2 Hz,0.5,2.0,12,rubber_band,Rubber Band,local hybrid spectral/time-domain proxy,61.09391624498844,1.7460933497250506,447.8499846471232,0.10193616226078678,0.803093442751945,0.4263121955213234,0.4437806001780184
subtle_modulation,vibrato_depth_0.5_rate_2,0.5 st / 2 Hz,0.5,2.0,12,psola,PSOLA,local pitch-synchronous overlap-add,0.6364298340000487,0.3605646743440922,378.5112648789115,4.8964708177117473e-05,0.05727436726138399,0.3540867461708643,0.13713669271347514
subtle_modulation,vibrato_depth_0.5_rate_2,0.5 st / 2 Hz,0.5,2.0,-12,phase_vocoder,Phase Vocoder,local phase vocoder,0.8382682374553391,0.4634009736790456,111.04495951705375,0.00038911694584631,0.11263032997776533,0.07548520643312669,0.06283488445224611
subtle_modulation,vibrato_depth_0.5_rate_2,0.5 st / 2 Hz,0.5,2.0,-12,wsola,WSOLA,local waveform-similarity overlap-add,237.2694746167339,1.9101523083727008,211.71980829028308,0.39883957299373535,0.8914050764544316,0.18035137955029348,0.49019867633282016
subtle_modulation,vibrato_depth_0.5_rate_2,0.5 st / 2 Hz,0.5,2.0,-12,rubber_band,Rubber Band,local hybrid spectral/time-domain proxy,163.63997815451768,1.8536139880938944,219.0436306865676,0.27475398000782686,0.8609709479449408,0.18798010943314764,0.4412350124619718
subtle_modulation,vibrato_depth_0.5_rate_2,0.5 st / 2 Hz,0.5,2.0,-12,psola,PSOLA,local pitch-synchronous overlap-add,0.7226971125831982,0.435965554290362,216.71309253274003,0.00019434837820892078,0.09786206174359276,0.18555254564265272,0.09453631858815147
subtle_modulation,vibrato_depth_0.75_rate_2,0.75 st / 2 Hz,0.75,2.0,3,phase_vocoder,Phase Vocoder,local phase vocoder,0.7189391639028714,0.3435616925870877,45.94324349612204,0.00018801521945034826,0.04812179730024247,0.0076731569921243805,0.0186609898372724
subtle_modulation,vibrato_depth_0.75_rate_2,0.75 st / 2 Hz,0.75,2.0,3,wsola,WSOLA,local waveform-similarity overlap-add,290.2427498021922,2.081601526792503,265.3022526531953,0.4881138527270814,0.9836948282636301,0.2361645836928585,0.56932442156119
subtle_modulation,vibrato_depth_0.75_rate_2,0.75 st / 2 Hz,0.75,2.0,3,rubber_band,Rubber Band,local hybrid spectral/time-domain proxy,195.4523589336952,1.9978170465607483,277.24205928125343,0.3283664359249122,0.9385943083702233,0.248601471794511,0.5051874053632155
subtle_modulation,vibrato_depth_0.75_rate_2,0.75 st / 2 Hz,0.75,2.0,3,psola,PSOLA,local pitch-synchronous overlap-add,0.6964048570161565,0.4959921132209475,861.8652612461798,0.0001500388245689932,0.1301738813991329,0.8575638755390764,0.3292959319209261
subtle_modulation,vibrato_depth_0.75_rate_2,0.75 st / 2 Hz,0.75,2.0,7,phase_vocoder,Phase Vocoder,local phase vocoder,0.7256114187373358,0.4433370066365338,114.98424310540676,0.00019925977139581043,0.10183005596235763,0.07958849141212224,0.06053926904862522
subtle_modulation,vibrato_depth_0.75_rate_2,0.75 st / 2 Hz,0.75,2.0,7,wsola,WSOLA,local waveform-similarity overlap-add,255.92619355160127,2.0586361127920645,332.67643477963344,0.4302811846227437,0.9713327284078797,0.3063437072037679,0.5693192067447971
subtle_modulation,vibrato_depth_0.75_rate_2,0.75 st / 2 Hz,0.75,2.0,7,rubber_band,Rubber Band,local hybrid spectral/time-domain proxy,153.16504205186138,1.9505137863966648,346.508993106292,0.25710088280846455,0.9131313393316605,0.32075214658870405,0.4969947895762763
subtle_modulation,vibrato_depth_0.75_rate_2,0.75 st / 2 Hz,0.75,2.0,7,psola,PSOLA,local pitch-synchronous overlap-add,0.6499310507434388,0.4623396855390881,992.2475816685246,7.171790582385867e-05,0.11205904700583078,0.9933743103342193,0.3685016917486246
subtle_modulation,vibrato_depth_0.75_rate_2,0.75 st / 2 Hz,0.75,2.0,12,phase_vocoder,Phase Vocoder,local phase vocoder,0.7826617799829322,0.4874265226358904,226.76908528022292,0.00029540504258957514,0.12556309205590882,0.19602719238086494,0.10729522982645445
subtle_modulation,vibrato_depth_0.75_rate_2,0.75 st / 2 Hz,0.75,2.0,12,wsola,WSOLA,local waveform-similarity overlap-add,102.92596670736329,1.9089988725850389,432.0946680443995,0.17243446846751093,0.8907841911360131,0.4099009490331505,0.49103986954555817
subtle_modulation,vibrato_depth_0.75_rate_2,0.75 st / 2 Hz,0.75,2.0,12,rubber_band,Rubber Band,local hybrid spectral/time-domain proxy,74.53198142259396,1.7847860782393772,448.0945089866416,0.12458293245840928,0.8239214310292917,0.426566899968678,0.45835708781879303
subtle_modulation,vibrato_depth_0.75_rate_2,0.75 st / 2 Hz,0.75,2.0,12,psola,PSOLA,local pitch-synchronous overlap-add,0.6365726484259061,0.3714120848337623,451.6003314335465,4.920538906685507e-05,0.06311344212618096,0.43021867782695217,0.16446044178073332
subtle_modulation,vibrato_depth_0.75_rate_2,0.75 st / 2 Hz,0.75,2.0,-12,phase_vocoder,Phase Vocoder,local phase vocoder,0.8124781739832199,0.4624827986162023,109.71586270478716,0.00034565372155651286,0.11213608363795573,0.07410077627899185,0.062194171212834694
subtle_modulation,vibrato_depth_0.75_rate_2,0.75 st / 2 Hz,0.75,2.0,-12,wsola,WSOLA,local waveform-similarity overlap-add,88.00967309799721,1.739146935705445,215.78079653165915,0.14729648401015535,0.7993542432866921,0.18458143602553267,0.37707738777412675
subtle_modulation,vibrato_depth_0.75_rate_2,0.75 st / 2 Hz,0.75,2.0,-12,rubber_band,Rubber Band,local hybrid spectral/time-domain proxy,71.25109128162626,1.7524171485001714,222.7725736908902,0.11905374621886312,0.806497493378867,0.19186429686824538,0.37247184548865847
subtle_modulation,vibrato_depth_0.75_rate_2,0.75 st / 2 Hz,0.75,2.0,-12,psola,PSOLA,local pitch-synchronous overlap-add,0.7640498284730459,0.4611566457974211,218.89409549375057,0.0002640388761658465,0.11142222611422702,0.18782434874804957,0.09983687124614748
subtle_modulation,vibrato_depth_1_rate_2,1 st / 2 Hz,1.0,2.0,3,phase_vocoder,Phase Vocoder,local phase vocoder,0.7349588952522036,0.3408917032861282,46.187079039068145,0.00021501279459982528,0.046684563277306246,0.007927143966729147,0.01827557334621174
subtle_modulation,vibrato_depth_1_rate_2,1 st / 2 Hz,1.0,2.0,3,wsola,WSOLA,local waveform-similarity overlap-add,255.43139652238835,2.056130546827273,263.6846316201592,0.42944731795615504,0.9699840021601693,0.23447961739436987,0.5446369791702315
subtle_modulation,vibrato_depth_1_rate_2,1 st / 2 Hz,1.0,2.0,3,rubber_band,Rubber Band,local hybrid spectral/time-domain proxy,158.10060972991062,1.9625995430632008,275.6049896189317,0.2654186477189865,0.9196370061026217,0.2468962471757923,0.47731730033246683
subtle_modulation,vibrato_depth_1_rate_2,1 st / 2 Hz,1.0,2.0,3,psola,PSOLA,local pitch-synchronous overlap-add,0.6928072860799983,0.5012185347875684,855.9405294368341,0.0001439759456363478,0.1329872225953152,0.8513924835860464,0.3281745607089993
subtle_modulation,vibrato_depth_1_rate_2,1 st / 2 Hz,1.0,2.0,7,phase_vocoder,Phase Vocoder,local phase vocoder,0.7414753052211189,0.4503729997239267,114.87873855387706,0.00022599470584441843,0.10561747512793677,0.0794785944646703,0.06177402143281716
subtle_modulation,vibrato_depth_1_rate_2,1 st / 2 Hz,1.0,2.0,7,wsola,WSOLA,local waveform-similarity overlap-add,237.73702889810488,2.042388714026425,330.2270466198653,0.39962752827041975,0.9625868827665515,0.30379234540960265,0.5553355854821912
subtle_modulation,vibrato_depth_1_rate_2,1 st / 2 Hz,1.0,2.0,7,rubber_band,Rubber Band,local hybrid spectral/time-domain proxy,107.26911835225728,1.9007712018065637,343.8008114094624,0.17975385231744595,0.8863553013393037,0.317931217090293,0.46134679024901426
subtle_modulation,vibrato_depth_1_rate_2,1 st / 2 Hz,1.0,2.0,7,psola,PSOLA,local pitch-synchronous overlap-add,0.6509629754880014,0.4724098580316339,986.7308536093224,7.345697779906349e-05,0.11747974083330129,0.9876279082611479,0.3683937020240828
subtle_modulation,vibrato_depth_1_rate_2,1 st / 2 Hz,1.0,2.0,12,phase_vocoder,Phase Vocoder,local phase vocoder,0.8212484673367876,0.5048301799519689,225.90564843953663,0.00036043403520426786,0.13493134248642644,0.19512780868856755,0.11013986173673275
subtle_modulation,vibrato_depth_1_rate_2,1 st / 2 Hz,1.0,2.0,12,wsola,WSOLA,local waveform-similarity overlap-add,64.7794116982462,1.8528610642205807,423.4303818294438,0.108147217758077,0.8605656550072431,0.40087594875526744,0.4565296071735292
subtle_modulation,vibrato_depth_1_rate_2,1 st / 2 Hz,1.0,2.0,12,rubber_band,Rubber Band,local hybrid spectral/time-domain proxy,23.362026035417887,1.6530093890808355,443.8752053084217,0.03834773376275451,0.752987086453271,0.42217193702266204,0.40450225241289584
subtle_modulation,vibrato_depth_1_rate_2,1 st / 2 Hz,1.0,2.0,12,psola,PSOLA,local pitch-synchronous overlap-add,0.6366131311591529,0.3880896615399816,482.8826137376508,4.9273613409027376e-05,0.07209084913440139,0.46280331313136197,0.1783144786263908
subtle_modulation,vibrato_depth_1_rate_2,1 st / 2 Hz,1.0,2.0,-12,phase_vocoder,Phase Vocoder,local phase vocoder,0.7914521111615903,0.4584867149307201,109.59406287595851,0.00031021912538594526,0.10998502354598773,0.07397390564455607,0.06142304943864325
subtle_modulation,vibrato_depth_1_rate_2,1 st / 2 Hz,1.0,2.0,-12,wsola,WSOLA,local waveform-similarity overlap-add,203.56295726649333,1.8853909847622248,209.71717822737384,0.3420349852421309,0.8780762527272647,0.17826537541494356,0.4661255377947797
subtle_modulation,vibrato_depth_1_rate_2,1 st / 2 Hz,1.0,2.0,-12,rubber_band,Rubber Band,local hybrid spectral/time-domain proxy,165.43402400924342,1.8505854099680867,217.27813528235,0.27777743194521437,0.8593406884072089,0.1861411124150019,0.441086410922475
subtle_modulation,vibrato_depth_1_rate_2,1 st / 2 Hz,1.0,2.0,-12,psola,PSOLA,local pitch-synchronous overlap-add,0.7177247854995926,0.482945299896359,218.81970750350823,0.00018596866376926392,0.12315088546643084,0.18774686381554018,0.1036945726485801
subtle_modulation,vibrato_depth_0_rate_4,0 st / 4 Hz,0.0,4.0,3,phase_vocoder,Phase Vocoder,local phase vocoder,0.6567827858967449,0.3346762127651767,48.14976616720389,8.326493059424628e-05,0.04333881412290362,0.009971542251523474,0.01779787376834045
subtle_modulation,vibrato_depth_0_rate_4,0 st / 4 Hz,0.0,4.0,3,wsola,WSOLA,local waveform-similarity overlap-add,181.706505439012,2.014150135363799,265.4122615850279,0.30520095926216656,0.9473862802777316,0.23627917254827344,0.4962888040293905
subtle_modulation,vibrato_depth_0_rate_4,0 st / 4 Hz,0.0,4.0,3,rubber_band,Rubber Band,local hybrid spectral/time-domain proxy,108.76175591720607,1.917680941535495,277.52507137469553,0.18226934985931437,0.8954576798577056,0.24889626632906253,0.4422077653486942
subtle_modulation,vibrato_depth_0_rate_4,0 st / 4 Hz,0.0,4.0,3,psola,PSOLA,local pitch-synchronous overlap-add,0.6959427980035754,0.4901861847950184,766.5642855489966,0.00014926013030479933,0.12704859626578827,0.7582953021319595,0.29516438617601753
subtle_modulation,vibrato_depth_0_rate_4,0 st / 4 Hz,0.0,4.0,7,phase_vocoder,Phase Vocoder,local phase vocoder,0.6557663472745655,0.4129686451447999,120.66605752979024,8.155195691892541e-05,0.08548300830150674,0.0855068527735495,0.057023804343991714
subtle_modulation,vibrato_depth_0_rate_4,0 st / 4 Hz,0.0,4.0,7,wsola,WSOLA,local waveform-similarity overlap-add,289.2623573892146,2.0573470321801905,332.3831875826537,0.48646162665236375,0.9706388265585251,0.30603825145489594,0.5877129015552617
subtle_modulation,vibrato_depth_0_rate_4,0 st / 4 Hz,0.0,4.0,7,rubber_band,Rubber Band,local hybrid spectral/time-domain proxy,173.63493009307143,1.950054179832972,346.167135185492,0.29159817422009526,0.9128839367708088,0.32039605634033586,0.5082927224437467
subtle_modulation,vibrato_depth_0_rate_4,0 st / 4 Hz,0.0,4.0,7,psola,PSOLA,local pitch-synchronous overlap-add,0.6497467451589565,0.4521484525272932,869.554095213382,7.140730112275438e-05,0.1065731872628876,0.8655728132598568,0.32407246927462235
subtle_modulation,vibrato_depth_0_rate_4,0 st / 4 Hz,0.0,4.0,12,phase_vocoder,Phase Vocoder,local phase vocoder,0.6461439556559453,0.4198603218575903,228.20455697712845,6.533562749513478e-05,0.08919274310948529,0.19752242604951994,0.09559350159550012
subtle_modulation,vibrato_depth_0_rate_4,0 st / 4 Hz,0.0,4.0,12,wsola,WSOLA,local waveform-similarity overlap-add,46.499596123107565,1.7912791723268178,435.1260106183861,0.0773407901128994,0.8274166119774858,0.4130584933355726,0.4392719651419859
subtle_modulation,vibrato_depth_0_rate_4,0 st / 4 Hz,0.0,4.0,12,rubber_band,Rubber Band,local hybrid spectral/time-domain proxy,13.320328630959631,1.562923347932316,457.37210899542,0.02142476081187096,0.7044944863953762,0.4362307476971594,0.38738333163480215
subtle_modulation,vibrato_depth_0_rate_4,0 st / 4 Hz,0.0,4.0,12,psola,PSOLA,local pitch-synchronous overlap-add,0.636309829848889,0.3706119753906879,165.47979439104608,4.876246876257699e-05,0.06268274957125355,0.13218628805440244,0.06497260003147286
subtle_modulation,vibrato_depth_0_rate_4,0 st / 4 Hz,0.0,4.0,-12,phase_vocoder,Phase Vocoder,local phase vocoder,0.8870141080799917,0.4739167531888356,110.55128641742743,0.0004712669068361741,0.11829089052148538,0.07497098059261598,0.06457771267364584
subtle_modulation,vibrato_depth_0_rate_4,0 st / 4 Hz,0.0,4.0,-12,wsola,WSOLA,local waveform-similarity overlap-add,409.239829964894,1.9704419123580204,211.05590027981825,0.6886560805712958,0.9238584911725786,0.17965983153003173,0.5973914677579687
subtle_modulation,vibrato_depth_0_rate_4,0 st / 4 Hz,0.0,4.0,-12,rubber_band,Rubber Band,local hybrid spectral/time-domain proxy,261.6178401356519,1.9047637075625297,218.40657200941777,0.43987314674909833,0.8885044354602462,0.1873165285453902,0.5052313702515782
subtle_modulation,vibrato_depth_0_rate_4,0 st / 4 Hz,0.0,4.0,-12,psola,PSOLA,local pitch-synchronous overlap-add,0.7479889569265551,0.3958095639029835,214.99228512542325,0.0002369719686698879,0.07624641122817645,0.18376009708498506,0.08674782676061048
subtle_modulation,vibrato_depth_0.025_rate_4,0.025 st / 4 Hz,0.025,4.0,3,phase_vocoder,Phase Vocoder,local phase vocoder,0.6568570645802101,0.3339425074166772,47.7916274362652,8.339011024271398e-05,0.042943866364388336,0.009598493385632692,0.017541916620087913
subtle_modulation,vibrato_depth_0.025_rate_4,0.025 st / 4 Hz,0.025,4.0,3,wsola,WSOLA,local waveform-similarity overlap-add,182.35932172407848,2.014501942495274,265.38954752284434,0.30630113106471174,0.9475756552608768,0.2362555128477011,0.49671076639109657
subtle_modulation,vibrato_depth_0.025_rate_4,0.025 st / 4 Hz,0.025,4.0,3,rubber_band,Rubber Band,local hybrid spectral/time-domain proxy,122.1099546996166,1.9310184422383725,277.2669245078058,0.20476467090309128,0.9026371504961173,0.24862737221734763,0.4520097312055187
subtle_modulation,vibrato_depth_0.025_rate_4,0.025 st / 4 Hz,0.025,4.0,3,psola,PSOLA,local pitch-synchronous overlap-add,0.6960673806531116,0.4899413946758501,765.9389650670531,0.0001494700857260127,0.12691682768992882,0.757643948127337,0.2949034153009973
subtle_modulation,vibrato_depth_0.025_rate_4,0.025 st / 4 Hz,0.025,4.0,7,phase_vocoder,Phase Vocoder,local phase vocoder,0.6559703250745634,0.4132728439547912,120.29372359303672,8.189571461773966e-05,0.08564675610352941,0.08511901772294077,0.05694922318036264
subtle_modulation,vibrato_depth_0.025_rate_4,0.025 st / 4 Hz,0.025,4.0,7,wsola,WSOLA,local waveform-similarity overlap-add,289.1421457780579,2.0573981711958877,332.35122685004154,0.4862590376116818,0.9706663542842853,0.30600496012384454,0.5876434506732705
subtle_modulation,vibrato_depth_0.025_rate_4,0.025 st / 4 Hz,0.025,4.0,7,rubber_band,Rubber Band,local hybrid spectral/time-domain proxy,173.54479407163197,1.9500595316969425,346.10255044347565,0.2914462706731866,0.912886817636654,0.3203287827877103,0.5082206236991836
subtle_modulation,vibrato_depth_0.025_rate_4,0.025 st / 4 Hz,0.025,4.0,7,psola,PSOLA,local pitch-synchronous overlap-add,0.6497558991181601,0.45194600186564,865.1183137855661,7.142272801700914e-05,0.10646420968054697,0.8609523601001303,0.3224959975028981
subtle_modulation,vibrato_depth_0.025_rate_4,0.025 st / 4 Hz,0.025,4.0,12,phase_vocoder,Phase Vocoder,local phase vocoder,0.6463861075579952,0.4205022934433227,228.13756499312308,6.574371886886768e-05,0.08953831131248945,0.19745264503591253,0.09568556668909028
subtle_modulation,vibrato_depth_0.025_rate_4,0.025 st / 4 Hz,0.025,4.0,12,wsola,WSOLA,local waveform-similarity overlap-add,46.65175607682049,1.7926855950913998,434.976744606223,0.07759722074182358,0.828173678175153,0.41290301303773513,0.4395579706515706
subtle_modulation,vibrato_depth_0.025_rate_4,0.025 st / 4 Hz,0.025,4.0,12,rubber_band,Rubber Band,local hybrid spectral/time-domain proxy,22.07557495770143,1.629960605142602,452.2555372661876,0.03617971615438035,0.7405801092225266,0.4309011613778129,0.4025536622515733
subtle_modulation,vibrato_depth_0.025_rate_4,0.025 st / 4 Hz,0.025,4.0,12,psola,PSOLA,local pitch-synchronous overlap-add,0.6363101341046088,0.3705938182373051,209.2013753223838,4.8762981515661415e-05,0.06267297571987816,0.17772809845462886,0.08014994571867423
subtle_modulation,vibrato_depth_0.025_rate_4,0.025 st / 4 Hz,0.025,4.0,-12,phase_vocoder,Phase Vocoder,local phase vocoder,0.8870372625715611,0.4740778816645762,110.66401880552414,0.00047130592840979245,0.11837762469952687,0.07508840628801175,0.0646457789719828
subtle_modulation,vibrato_depth_0.025_rate_4,0.025 st / 4 Hz,0.025,4.0,-12,wsola,WSOLA,local waveform-similarity overlap-add,382.7843037296139,1.9630601660570532,211.097963747176,0.6440713717468429,0.919884955799751,0.17970364619579582,0.5812199912474633
subtle_modulation,vibrato_depth_0.025_rate_4,0.025 st / 4 Hz,0.025,4.0,-12,rubber_band,Rubber Band,local hybrid spectral/time-domain proxy,245.6674915823263,1.8978945207287536,218.44798312311272,0.4129925003550681,0.8848068067754192,0.1873596636985156,0.4950529902763343
subtle_modulation,vibrato_depth_0.025_rate_4,0.025 st / 4 Hz,0.025,4.0,-12,psola,PSOLA,local pitch-synchronous overlap-add,0.7480650185506812,0.3959529160959118,214.99417655248908,0.0002371001530550412,0.07632357657444397,0.18376206725648805,0.08677424799466237
subtle_modulation,vibrato_depth_0.05_rate_4,0.05 st / 4 Hz,0.05,4.0,3,phase_vocoder,Phase Vocoder,local phase vocoder,0.6571877883259882,0.3334156029545136,47.65812747621536,8.394746910134016e-05,0.04266023787959018,0.009459435516737795,0.017401206955143106
subtle_modulation,vibrato_depth_0.05_rate_4,0.05 st / 4 Hz,0.05,4.0,3,wsola,WSOLA,local waveform-similarity overlap-add,205.35930271438409,2.0284751676545767,265.16625154780314,0.3450623126152502,0.955097331322231,0.23602292055021695,0.5120608548292327
subtle_modulation,vibrato_depth_0.05_rate_4,0.05 st / 4 Hz,0.05,4.0,3,rubber_band,Rubber Band,local hybrid spectral/time-domain proxy,96.96068871509296,1.9039855660410947,277.75517450786776,0.16238136349515112,0.8880855680629633,0.2491359491822486,0.4332009602467877
subtle_modulation,vibrato_depth_0.05_rate_4,0.05 st / 4 Hz,0.05,4.0,3,psola,PSOLA,local pitch-synchronous overlap-add,0.6961718682201494,0.489480030996819,770.7311874180338,0.00014964617550441016,0.1266684792878539,0.7626356816615574,0.29648460237497193
subtle_modulation,vibrato_depth_0.05_rate_4,0.05 st / 4 Hz,0.05,4.0,7,phase_vocoder,Phase Vocoder,local phase vocoder,0.656651442645407,0.4139582539084354,120.14780873585794,8.304358173258017e-05,0.08601570683478611,0.08496702809633856,0.05702192617095242
subtle_modulation,vibrato_depth_0.05_rate_4,0.05 st / 4 Hz,0.05,4.0,7,wsola,WSOLA,local waveform-similarity overlap-add,297.2670198350867,2.0611410896086846,332.61994080798075,0.4999516453809011,0.972681137521811,0.3062848612587916,0.5929725480538345
subtle_modulation,vibrato_depth_0.05_rate_4,0.05 st / 4 Hz,0.05,4.0,7,rubber_band,Rubber Band,local hybrid spectral/time-domain proxy,178.4387551129407,1.9537875615053877,346.3968031450074,0.2996939171605201,0.9148935864567734,0.3206352859025899,0.5117409298399611
subtle_modulation,vibrato_depth_0.05_rate_4,0.05 st / 4 Hz,0.05,4.0,7,psola,PSOLA,local pitch-synchronous overlap-add,0.6497739147617899,0.4517179859093712,863.8407922384338,7.145308924355879e-05,0.10634147050327607,0.8596216524074448,0.3220115253333215
subtle_modulation,vibrato_depth_0.05_rate_4,0.05 st / 4 Hz,0.05,4.0,12,phase_vocoder,Phase Vocoder,local phase vocoder,0.6471285026679336,0.42123486366432,229.23541422272717,6.699485519157531e-05,0.0899326480408909,0.19859620024131974,0.09619861437913407
subtle_modulation,vibrato_depth_0.05_rate_4,0.05 st / 4 Hz,0.05,4.0,12,wsola,WSOLA,local waveform-similarity overlap-add,53.35587836578122,1.8111172074714648,434.2253273385619,0.08889547795729469,0.8380952686477,0.4121203125496393,0.44637035305154465
subtle_modulation,vibrato_depth_0.05_rate_4,0.05 st / 4 Hz,0.05,4.0,12,rubber_band,Rubber Band,local hybrid spectral/time-domain proxy,17.901543322874726,1.6049001225321693,453.86421521597504,0.029145345210186836,0.7270902505830283,0.43257681227203143,0.3962708026884156
subtle_modulation,vibrato_depth_0.05_rate_4,0.05 st / 4 Hz,0.05,4.0,12,psola,PSOLA,local pitch-synchronous overlap-add,0.6363112046432533,0.3705613725159096,241.94185184432345,4.876478566248981e-05,0.0626555104458894,0.21183163593916926,0.0915119703902404
subtle_modulation,vibrato_depth_0.05_rate_4,0.05 st / 4 Hz,0.05,4.0,-12,phase_vocoder,Phase Vocoder,local phase vocoder,0.8869752818269775,0.4738870176181743,110.55396675492688,0.00047120147411070163,0.11827488410009993,0.07497377251869934,0.06457328603097
subtle_modulation,vibrato_depth_0.05_rate_4,0.05 st / 4 Hz,0.05,4.0,-12,wsola,WSOLA,local waveform-similarity overlap-add,384.7334022715984,1.9636369891784025,211.08933379838635,0.6473561293506686,0.9201954551020971,0.1796946569624888,0.5824154138050849
subtle_modulation,vibrato_depth_0.05_rate_4,0.05 st / 4 Hz,0.05,4.0,-12,rubber_band,Rubber Band,local hybrid spectral/time-domain proxy,246.85851024454945,1.8984317279929568,218.4375284203083,0.4149996885617005,0.8850959811766814,0.1873487737425083,0.4958148144936301
subtle_modulation,vibrato_depth_0.05_rate_4,0.05 st / 4 Hz,0.05,4.0,-12,psola,PSOLA,local pitch-synchronous overlap-add,0.7480313227957365,0.3964509316829851,215.01972000319824,0.00023704336660485044,0.07659165440735405,0.18378867413950517,0.08687245730448802
subtle_modulation,vibrato_depth_0.1_rate_4,0.1 st / 4 Hz,0.1,4.0,3,phase_vocoder,Phase Vocoder,local phase vocoder,0.658660810575108,0.3336206087120963,47.491434059375464,8.642990953684215e-05,0.04277059084976493,0.009285802271485054,0.017380941010262274
subtle_modulation,vibrato_depth_0.1_rate_4,0.1 st / 4 Hz,0.1,4.0,3,wsola,WSOLA,local waveform-similarity overlap-add,232.0534799440551,2.042800746598555,264.94861696360425,0.3900492128382395,0.9628086766258042,0.23579622534023167,0.5295513716014252
subtle_modulation,vibrato_depth_0.1_rate_4,0.1 st / 4 Hz,0.1,4.0,3,rubber_band,Rubber Band,local hybrid spectral/time-domain proxy,139.2016640419512,1.946104782930122,277.02715423824645,0.23356881857201783,0.9107580078029228,0.24837761976276387,0.46423481537923483
subtle_modulation,vibrato_depth_0.1_rate_4,0.1 st / 4 Hz,0.1,4.0,3,psola,PSOLA,local pitch-synchronous overlap-add,0.6963060477887298,0.4905881423124969,786.2863722428368,0.00014987230432687788,0.1272649668031861,0.7788384644279029,0.3020844345118053
subtle_modulation,vibrato_depth_0.1_rate_4,0.1 st / 4 Hz,0.1,4.0,7,phase_vocoder,Phase Vocoder,local phase vocoder,0.6592962521787258,0.4173656050148288,120.12802581015,8.75008003072727e-05,0.08784985685794845,0.08494642156216115,0.05762792640680562
subtle_modulation,vibrato_depth_0.1_rate_4,0.1 st / 4 Hz,0.1,4.0,7,wsola,WSOLA,local waveform-similarity overlap-add,294.90847879744365,2.059793965719316,332.4602112967138,0.49597686655856155,0.9719559914374372,0.3061184818424374,0.591350446612812
subtle_modulation,vibrato_depth_0.1_rate_4,0.1 st / 4 Hz,0.1,4.0,7,rubber_band,Rubber Band,local hybrid spectral/time-domain proxy,176.97708018355473,1.9523937868110584,346.2419246236202,0.2972306000243155,0.9141433286148122,0.3204739594339253,0.5106159626910176
subtle_modulation,vibrato_depth_0.1_rate_4,0.1 st / 4 Hz,0.1,4.0,7,psola,PSOLA,local pitch-synchronous overlap-add,0.649835486433695,0.4516394035109616,886.5898824856846,7.155685414467287e-05,0.10629917022268782,0.8833178393418782,0.3298961888062369
subtle_modulation,vibrato_depth_0.1_rate_4,0.1 st / 4 Hz,0.1,4.0,12,phase_vocoder,Phase Vocoder,local phase vocoder,0.6500834492860106,0.4300272367632895,229.10824558525633,7.197473853946621e-05,0.09466551260916735,0.19846373728245173,0.09773374154338617
subtle_modulation,vibrato_depth_0.1_rate_4,0.1 st / 4 Hz,0.1,4.0,12,wsola,WSOLA,local waveform-similarity overlap-add,73.94402706361447,1.8517566757187176,432.91529301148415,0.12359207052415636,0.8599711714530031,0.41075573849557534,0.46477299349091156
subtle_modulation,vibrato_depth_0.1_rate_4,0.1 st / 4 Hz,0.1,4.0,12,rubber_band,Rubber Band,local hybrid spectral/time-domain proxy,41.40226094967359,1.7005146645119356,449.3084505204392,0.06875040327020164,0.7785587987047013,0.4278313806665739,0.42504686088049226
subtle_modulation,vibrato_depth_0.1_rate_4,0.1 st / 4 Hz,0.1,4.0,12,psola,PSOLA,local pitch-synchronous overlap-add,0.6363151535418456,0.3703536628600166,274.84803555406916,4.877144062343638e-05,0.06254370198874146,0.24610777938095688,0.10290008427010726
subtle_modulation,vibrato_depth_0.1_rate_4,0.1 st / 4 Hz,0.1,4.0,-12,phase_vocoder,Phase Vocoder,local phase vocoder,0.886739431038833,0.4733900320830336,110.6034928719064,0.00047080400181618285,0.11800736073595958,0.07502536052126683,0.06450117508634752
subtle_modulation,vibrato_depth_0.1_rate_4,0.1 st / 4 Hz,0.1,4.0,-12,wsola,WSOLA,local waveform-similarity overlap-add,392.39245193910057,1.9657776509766327,211.04076477216512,0.6602636971783017,0.921347756336754,0.1796440658965581,0.5870851731372047
subtle_modulation,vibrato_depth_0.1_rate_4,0.1 st / 4 Hz,0.1,4.0,-12,rubber_band,Rubber Band,local hybrid spectral/time-domain proxy,251.53712149011616,1.9003937638814583,218.38799667106676,0.42288441246517855,0.886152129503629,0.18729717987319486,0.49877790728066745
subtle_modulation,vibrato_depth_0.1_rate_4,0.1 st / 4 Hz,0.1,4.0,-12,psola,PSOLA,local pitch-synchronous overlap-add,0.7475206060766807,0.398544633816203,215.1868062326639,0.0002361826709600775,0.07771867762751208,0.18396271655107224,0.08730585894984814
subtle_modulation,vibrato_depth_0.2_rate_4,0.2 st / 4 Hz,0.2,4.0,3,phase_vocoder,Phase Vocoder,local phase vocoder,0.6644110851262807,0.3355146044024455,46.53624598102736,9.612067562649208e-05,0.043790113678746405,0.008290847527533738,0.01739236062730221
subtle_modulation,vibrato_depth_0.2_rate_4,0.2 st / 4 Hz,0.2,4.0,3,wsola,WSOLA,local waveform-similarity overlap-add,254.46654312010196,2.0533992545241477,264.75635720367495,0.42782127931240826,0.9685137692183278,0.23559596136651936,0.543977003299085
subtle_modulation,vibrato_depth_0.2_rate_4,0.2 st / 4 Hz,0.2,4.0,3,rubber_band,Rubber Band,local hybrid spectral/time-domain proxy,140.77641331755663,1.9471685168157131,276.94418090713305,0.23622269652931044,0.9113306073002962,0.24829119206199576,0.4652814986305341
subtle_modulation,vibrato_depth_0.2_rate_4,0.2 st / 4 Hz,0.2,4.0,3,psola,PSOLA,local pitch-synchronous overlap-add,0.69629682157861,0.4906259428240453,807.0556473550852,0.00014985675567031026,0.12728531451816094,0.8004724119925528,0.30930252775546135
subtle_modulation,vibrato_depth_0.2_rate_4,0.2 st / 4 Hz,0.2,4.0,7,phase_vocoder,Phase Vocoder,local phase vocoder,0.6695711922601801,0.4259962699565126,118.62156684010355,0.00010481685018079326,0.09249567521021426,0.08337724525773338,0.05865924577270948
subtle_modulation,vibrato_depth_0.2_rate_4,0.2 st / 4 Hz,0.2,4.0,7,wsola,WSOLA,local waveform-similarity overlap-add,286.8935457525455,2.0562503076886256,332.317694189531,0.48246953909600176,0.9700484684801245,0.30597003142193907,0.5861626796660219
subtle_modulation,vibrato_depth_0.2_rate_4,0.2 st / 4 Hz,0.2,4.0,7,rubber_band,Rubber Band,local hybrid spectral/time-domain proxy,172.06058425108645,1.948647610902348,346.10038037210944,0.28894497615744313,0.9121267918931228,0.32032652237130704,0.5071327634739576
subtle_modulation,vibrato_depth_0.2_rate_4,0.2 st / 4 Hz,0.2,4.0,7,psola,PSOLA,local pitch-synchronous overlap-add,0.6500446122746979,0.4532848413657326,906.9318243241992,7.190928768335437e-05,0.10718489634400759,0.9045066627706773,0.33725448946745606
subtle_modulation,vibrato_depth_0.2_rate_4,0.2 st / 4 Hz,0.2,4.0,12,phase_vocoder,Phase Vocoder,local phase vocoder,0.6614416129370119,0.4505400308189227,229.36066496685595,9.111631276697333e-05,0.10570738663901671,0.19872666546055687,0.10150838947078018
subtle_modulation,vibrato_depth_0.2_rate_4,0.2 st / 4 Hz,0.2,4.0,12,wsola,WSOLA,local waveform-similarity overlap-add,110.31246062784491,1.898021563655953,431.74702243264534,0.1848827062288558,0.8848751929735508,0.4095388301390089,0.49309890978047183
subtle_modulation,vibrato_depth_0.2_rate_4,0.2 st / 4 Hz,0.2,4.0,12,rubber_band,Rubber Band,local hybrid spectral/time-domain proxy,67.58028927146489,1.7545914435905292,447.7397513701554,0.1128674531427115,0.8076678991474004,0.42619737298077187,0.44891090842362796
subtle_modulation,vibrato_depth_0.2_rate_4,0.2 st / 4 Hz,0.2,4.0,12,psola,PSOLA,local pitch-synchronous overlap-add,0.6363302197019907,0.3691197359922366,313.0070828412427,4.879683117349365e-05,0.061879488961538956,0.2858554751318242,0.11592792030817889
subtle_modulation,vibrato_depth_0.2_rate_4,0.2 st / 4 Hz,0.2,4.0,-12,phase_vocoder,Phase Vocoder,local phase vocoder,0.8855728767936228,0.4719828682759379,110.7256609177784,0.0004688380427614253,0.11724989564099622,0.07515261470246413,0.06429044946207392
subtle_modulation,vibrato_depth_0.2_rate_4,0.2 st / 4 Hz,0.2,4.0,-12,wsola,WSOLA,local waveform-similarity overlap-add,338.486693840649,1.9492248183888263,211.1474404172669,0.5694179318207484,0.9124374980961634,0.17975518269288754,0.5538702042032665
subtle_modulation,vibrato_depth_0.2_rate_4,0.2 st / 4 Hz,0.2,4.0,-12,rubber_band,Rubber Band,local hybrid spectral/time-domain proxy,253.6586401819745,1.9010686254072535,218.3359304949554,0.42645974460187214,0.8865154021000005,0.18724294606302103,0.5000726975882979
subtle_modulation,vibrato_depth_0.2_rate_4,0.2 st / 4 Hz,0.2,4.0,-12,psola,PSOLA,local pitch-synchronous overlap-add,0.7441553036751459,0.4063498483536863,215.5490527988996,0.00023051122725700082,0.08192016258685493,0.184340044270844,0.08883023936165198
subtle_modulation,vibrato_depth_0.35_rate_4,0.35 st / 4 Hz,0.35,4.0,3,phase_vocoder,Phase Vocoder,local phase vocoder,0.6681650889839867,0.3331592256774417,47.29899673452127,0.00010244718629323129,0.04252223202871166,0.009085353340413693,0.01723667751847286
subtle_modulation,vibrato_depth_0.35_rate_4,0.35 st / 4 Hz,0.35,4.0,3,wsola,WSOLA,local waveform-similarity overlap-add,274.8368272701708,2.0630974947258274,264.54497902606005,0.46215071125888146,0.9737342548492826,0.23537578303164167,0.5570869163799352
subtle_modulation,vibrato_depth_0.35_rate_4,0.35 st / 4 Hz,0.35,4.0,3,rubber_band,Rubber Band,local hybrid spectral/time-domain proxy,164.90222411100578,1.9659425040030385,276.6277973787876,0.27688120544777356,0.9214364954108204,0.24796163676333693,0.48209311254064363
subtle_modulation,vibrato_depth_0.35_rate_4,0.35 st / 4 Hz,0.35,4.0,3,psola,PSOLA,local pitch-synchronous overlap-add,0.6961854447342621,0.4919157596512621,816.0266443604224,0.00014966905559846624,0.12797961266638402,0.8098168921329137,0.31264872461829873
subtle_modulation,vibrato_depth_0.35_rate_4,0.35 st / 4 Hz,0.35,4.0,7,phase_vocoder,Phase Vocoder,local phase vocoder,0.6889104488768804,0.4368873683342671,117.08729361259128,0.0001374087221953105,0.09835826691798981,0.08177909672464992,0.06009159078827834
subtle_modulation,vibrato_depth_0.35_rate_4,0.35 st / 4 Hz,0.35,4.0,7,wsola,WSOLA,local waveform-similarity overlap-add,266.68977271043656,2.047773537757357,332.01988028203186,0.44842072335040867,0.9654854905889981,0.3056598188399381,0.573188677593115
subtle_modulation,vibrato_depth_0.35_rate_4,0.35 st / 4 Hz,0.35,4.0,7,rubber_band,Rubber Band,local hybrid spectral/time-domain proxy,159.73694620676787,1.939801182695371,345.76450731732535,0.2681763167485377,0.907364829889769,0.3199766661526231,0.49850593759697664
subtle_modulation,vibrato_depth_0.35_rate_4,0.35 st / 4 Hz,0.35,4.0,7,psola,PSOLA,local pitch-synchronous overlap-add,0.6504530686970218,0.4578825829679403,930.6645359624092,7.259764710190577e-05,0.10965982411131649,0.9292274215055454,0.3463199477546546
subtle_modulation,vibrato_depth_0.35_rate_4,0.35 st / 4 Hz,0.35,4.0,12,phase_vocoder,Phase Vocoder,local phase vocoder,0.6883185103515189,0.4690672463075971,227.29934468681017,0.00013641114586435772,0.11568043950519305,0.19657952770002132,0.10413212611702623
subtle_modulation,vibrato_depth_0.35_rate_4,0.35 st / 4 Hz,0.35,4.0,12,wsola,WSOLA,local waveform-similarity overlap-add,124.49785446163304,1.9123602803367687,431.160263530899,0.20878892710743424,0.8925936102164611,0.40892764312141355,0.5034367268151029
subtle_modulation,vibrato_depth_0.35_rate_4,0.35 st / 4 Hz,0.35,4.0,12,rubber_band,Rubber Band,local hybrid spectral/time-domain proxy,65.89281180950402,1.7527852848083243,447.6926098659756,0.11002359773721893,0.806695658228054,0.4261482688678921,0.44762250827772165
subtle_modulation,vibrato_depth_0.35_rate_4,0.35 st / 4 Hz,0.35,4.0,12,psola,PSOLA,local pitch-synchronous overlap-add,0.6363703453691588,0.3662365294674334,357.2103739237834,4.886445376286e-05,0.06032748180139425,0.33189905037921846,0.13075846554479187
subtle_modulation,vibrato_depth_0.35_rate_4,0.35 st / 4 Hz,0.35,4.0,-12,phase_vocoder,Phase Vocoder,local phase vocoder,0.8686176429217991,0.4692368652896443,111.17722403404876,0.00044026389312997084,0.11577174405530732,0.07562297742464513,0.0639449951243608
subtle_modulation,vibrato_depth_0.35_rate_4,0.35 st / 4 Hz,0.35,4.0,-12,wsola,WSOLA,local waveform-similarity overlap-add,396.61620344338456,1.9671483553116569,210.96275895184792,0.6673818595346497,0.922085595587636,0.1795628125154286,0.5896767558792381
subtle_modulation,vibrato_depth_0.35_rate_4,0.35 st / 4 Hz,0.35,4.0,-12,rubber_band,Rubber Band,local hybrid spectral/time-domain proxy,203.11958486440108,1.8768084071383897,218.54971335479715,0.34128778296490986,0.8734563193960584,0.18746562919254972,0.4674032438511726
subtle_modulation,vibrato_depth_0.35_rate_4,0.35 st / 4 Hz,0.35,4.0,-12,psola,PSOLA,local pitch-synchronous overlap-add,0.7326793705971796,0.4213977452475432,216.0951665455857,0.0002111711797289453,0.09002032590275873,0.18490889398255947,0.09171346368834905
subtle_modulation,vibrato_depth_0.5_rate_4,0.5 st / 4 Hz,0.5,4.0,3,phase_vocoder,Phase Vocoder,local phase vocoder,0.6928315239783492,0.3506311892974866,46.0210215731385,0.00014401679304308176,0.05192725119984044,0.007754173148478393,0.019941813713787306
subtle_modulation,vibrato_depth_0.5_rate_4,0.5 st / 4 Hz,0.5,4.0,3,wsola,WSOLA,local waveform-similarity overlap-add,251.223470486822,2.0556048255575146,264.7399129960906,0.42235582578994096,0.9697010105784404,0.23557883254894152,0.542545222972441
subtle_modulation,vibrato_depth_0.5_rate_4,0.5 st / 4 Hz,0.5,4.0,3,rubber_band,Rubber Band,local hybrid spectral/time-domain proxy,162.00894543803815,1.966822795037193,276.6889521774794,0.2720052492473546,0.9219103490790422,0.24802533757624806,0.48064697863421496
subtle_modulation,vibrato_depth_0.5_rate_4,0.5 st / 4 Hz,0.5,4.0,3,psola,PSOLA,local pitch-synchronous overlap-add,0.6966974826651857,0.4992121169044619,803.8572671213236,0.00015053197784216968,0.13190718379336488,0.7971408758703218,0.30973286388050963
subtle_modulation,vibrato_depth_0.5_rate_4,0.5 st / 4 Hz,0.5,4.0,7,phase_vocoder,Phase Vocoder,local phase vocoder,0.6957770206100571,0.4454770466226046,117.2725905963726,0.0001489807506109706,0.10298202248047052,0.08197210804590921,0.061701037092330234
subtle_modulation,vibrato_depth_0.5_rate_4,0.5 st / 4 Hz,0.5,4.0,7,wsola,WSOLA,local waveform-similarity overlap-add,276.26309770116967,2.054748412160254,332.2100032304873,0.46455436225056773,0.9692400100524087,0.30585785704182483,0.5798840764482671
subtle_modulation,vibrato_depth_0.5_rate_4,0.5 st / 4 Hz,0.5,4.0,7,rubber_band,Rubber Band,local hybrid spectral/time-domain proxy,165.3925377320931,1.946594192325411,345.999493806396,0.2777075163604512,0.9110214529911869,0.3202214356669889,0.5029834683395423
subtle_modulation,vibrato_depth_0.5_rate_4,0.5 st / 4 Hz,0.5,4.0,7,psola,PSOLA,local pitch-synchronous overlap-add,0.6507447285842061,0.4678145626197264,951.46616435415,7.308917280546718e-05,0.11500612983079173,0.950895069290752,0.35532476276478303
subtle_modulation,vibrato_depth_0.5_rate_4,0.5 st / 4 Hz,0.5,4.0,12,phase_vocoder,Phase Vocoder,local phase vocoder,0.7198605580937,0.4820214493281577,227.5058961774368,0.00018956801758202374,0.12265358404718894,0.19679467840188578,0.10654594348888557
subtle_modulation,vibrato_depth_0.5_rate_4,0.5 st / 4 Hz,0.5,4.0,12,wsola,WSOLA,local waveform-similarity overlap-add,121.9290697841772,1.9141846211910112,431.2356984380864,0.2044598309534385,0.8935756384006966,0.4090062185564163,0.5023472293035172
subtle_modulation,vibrato_depth_0.5_rate_4,0.5 st / 4 Hz,0.5,4.0,12,rubber_band,Rubber Band,local hybrid spectral/time-domain proxy,75.70533710044272,1.770637548947652,446.6018796705548,0.1265603537646104,0.8163053901465549,0.42501212907835273,0.455959290996506
subtle_modulation,vibrato_depth_0.5_rate_4,0.5 st / 4 Hz,0.5,4.0,12,psola,PSOLA,local pitch-synchronous overlap-add,0.636432279997401,0.3711704791240258,393.6475616158094,4.8968830343456905e-05,0.06298338769261293,0.3698532015796001,0.14429518603418548
subtle_modulation,vibrato_depth_0.5_rate_4,0.5 st / 4 Hz,0.5,4.0,-12,phase_vocoder,Phase Vocoder,local phase vocoder,0.8374984945832648,0.4726777068534267,111.51840862890982,0.0003878197211562426,0.11762392172554145,0.07597836631497465,0.06466336925389078
subtle_modulation,vibrato_depth_0.5_rate_4,0.5 st / 4 Hz,0.5,4.0,-12,wsola,WSOLA,local waveform-similarity overlap-add,269.7242353935053,1.9270384200832449,211.53908127267132,0.45353461274954937,0.900494736198302,0.18016312845335355,0.5113974924670683
subtle_modulation,vibrato_depth_0.5_rate_4,0.5 st / 4 Hz,0.5,4.0,-12,rubber_band,Rubber Band,local hybrid spectral/time-domain proxy,184.5938917152962,1.869121782013007,218.8559502816709,0.31006698518230785,0.8693186701748474,0.18778461546349756,0.4557234236068843
subtle_modulation,vibrato_depth_0.5_rate_4,0.5 st / 4 Hz,0.5,4.0,-12,psola,PSOLA,local pitch-synchronous overlap-add,0.7168165890905489,0.4383397966658358,216.79303313255272,0.0001844381074653553,0.09914009754677056,0.18563581435257578,0.0949867833356039
subtle_modulation,vibrato_depth_0.75_rate_4,0.75 st / 4 Hz,0.75,4.0,3,phase_vocoder,Phase Vocoder,local phase vocoder,0.7377845147472384,0.3582999293704584,47.42849983749445,0.00021977472680689746,0.056055273039466856,0.009220247953925217,0.02183176524006632
subtle_modulation,vibrato_depth_0.75_rate_4,0.75 st / 4 Hz,0.75,4.0,3,wsola,WSOLA,local waveform-similarity overlap-add,322.96691068897076,2.0944580343814336,265.3469745914168,0.5432629044483019,0.9906153841311419,0.23621116750771218,0.5900298186957187
subtle_modulation,vibrato_depth_0.75_rate_4,0.75 st / 4 Hz,0.75,4.0,3,rubber_band,Rubber Band,local hybrid spectral/time-domain proxy,203.9089007849977,2.003229389028982,277.42961223959884,0.34261799352951305,0.9415077293102745,0.24879683301171818,0.5109741852838353
subtle_modulation,vibrato_depth_0.75_rate_4,0.75 st / 4 Hz,0.75,4.0,3,psola,PSOLA,local pitch-synchronous overlap-add,0.6973021892027648,0.5033137535474831,861.6014472716964,0.00015155107172306367,0.13411506220357186,0.8572890783851098,0.33051856388680156
subtle_modulation,vibrato_depth_0.75_rate_4,0.75 st / 4 Hz,0.75,4.0,7,phase_vocoder,Phase Vocoder,local phase vocoder,0.723419084890657,0.4641663363412484,114.39258390815732,0.00019556509659210836,0.11304231861667395,0.07897220008850793,0.06407002793392466
subtle_modulation,vibrato_depth_0.75_rate_4,0.75 st / 4 Hz,0.75,4.0,7,wsola,WSOLA,local waveform-similarity overlap-add,210.0767708580248,2.0360385043988187,332.5332469772209,0.3530125208894054,0.9591686153876173,0.30619455816546265,0.5394585648141618
subtle_modulation,vibrato_depth_0.75_rate_4,0.75 st / 4 Hz,0.75,4.0,7,rubber_band,Rubber Band,local hybrid spectral/time-domain proxy,146.3269296798021,1.9463713382065,346.6578665971567,0.2455768161047533,0.9109014923899458,0.3209072180236832,0.49246184217279404
subtle_modulation,vibrato_depth_0.75_rate_4,0.75 st / 4 Hz,0.75,4.0,7,psola,PSOLA,local pitch-synchronous overlap-add,0.650652569970172,0.4759900770785177,921.2767986408032,7.293386064362115e-05,0.11940694429508919,0.9194488511958595,0.3463095764505308
subtle_modulation,vibrato_depth_0.75_rate_4,0.75 st / 4 Hz,0.75,4.0,12,phase_vocoder,Phase Vocoder,local phase vocoder,0.7750424055998113,0.5098771618176495,224.8100467433207,0.00028256433833463886,0.13764809271755724,0.19398659458650677,0.11063908388079956
subtle_modulation,vibrato_depth_0.75_rate_4,0.75 st / 4 Hz,0.75,4.0,12,wsola,WSOLA,local waveform-similarity overlap-add,126.80871777109589,1.9336113019375605,431.5720124758142,0.2126833560773678,0.9040328662673505,0.40935653411717304,0.5086909188206304
subtle_modulation,vibrato_depth_0.75_rate_4,0.75 st / 4 Hz,0.75,4.0,12,rubber_band,Rubber Band,local hybrid spectral/time-domain proxy,81.97334216900487,1.7962197354431937,447.2870663906588,0.13712363564404487,0.8300760778415504,0.4257258416896313,0.46430851839174214
subtle_modulation,vibrato_depth_0.75_rate_4,0.75 st / 4 Hz,0.75,4.0,12,psola,PSOLA,local pitch-synchronous overlap-add,0.6365757317882622,0.3852507934190146,446.5554394830965,4.9210585365413807e-05,0.07056270898469494,0.42496375547961446,0.16519189168322493
subtle_modulation,vibrato_depth_0.75_rate_4,0.75 st / 4 Hz,0.75,4.0,-12,phase_vocoder,Phase Vocoder,local phase vocoder,0.8091861637669006,0.4751543641151485,109.68140175180513,0.0003401057949858447,0.1189570866481198,0.07406488063767495,0.0644540243602602
subtle_modulation,vibrato_depth_0.75_rate_4,0.75 st / 4 Hz,0.75,4.0,-12,wsola,WSOLA,local waveform-similarity overlap-add,287.0220581407188,1.9492286195900257,212.711538087188,0.482686117188461,0.9124395442525618,0.18138439732816908,0.5255033529230639
subtle_modulation,vibrato_depth_0.75_rate_4,0.75 st / 4 Hz,0.75,4.0,-12,rubber_band,Rubber Band,local hybrid spectral/time-domain proxy,134.87838245732075,1.8485030583489808,220.62836388662143,0.226282921141642,0.8582197750785975,0.18963081870290477,0.4247111716410481
subtle_modulation,vibrato_depth_0.75_rate_4,0.75 st / 4 Hz,0.75,4.0,-12,psola,PSOLA,local pitch-synchronous overlap-add,0.7025158095922361,0.4665343334961542,219.1439646529699,0.00016033743056992827,0.1143169926672493,0.1880846205321807,0.1008539835433333
subtle_modulation,vibrato_depth_1_rate_4,1 st / 4 Hz,1.0,4.0,3,phase_vocoder,Phase Vocoder,local phase vocoder,0.7685855103445753,0.3511738974686669,46.31142320308834,0.00027168272546084985,0.052219386695613976,0.00805666486285309,0.020182578094642637
subtle_modulation,vibrato_depth_1_rate_4,1 st / 4 Hz,1.0,4.0,3,wsola,WSOLA,local waveform-similarity overlap-add,108.08956837090454,1.9505082237997529,266.80364658883116,0.1811365322483265,0.9131283450299474,0.23772848409390207,0.44399778712405863
subtle_modulation,vibrato_depth_1_rate_4,1 st / 4 Hz,1.0,4.0,3,rubber_band,Rubber Band,local hybrid spectral/time-domain proxy,45.41647833651928,1.8015790835607337,280.82639876146885,0.07551544403177606,0.8329609723437568,0.2523350355298748,0.38693715063513584
subtle_modulation,vibrato_depth_1_rate_4,1 st / 4 Hz,1.0,4.0,3,psola,PSOLA,local pitch-synchronous overlap-add,0.6961513836052942,0.5101187491725472,844.4877537969139,0.0001496116533943383,0.13777813727086136,0.8394629026871148,0.3257968838704568
subtle_modulation,vibrato_depth_1_rate_4,1 st / 4 Hz,1.0,4.0,7,phase_vocoder,Phase Vocoder,local phase vocoder,0.7447033138684118,0.4785035497103404,114.34061459668465,0.000231434772480872,0.12075992663882987,0.07891806717566939,0.06663647619566004
subtle_modulation,vibrato_depth_1_rate_4,1 st / 4 Hz,1.0,4.0,7,wsola,WSOLA,local waveform-similarity overlap-add,294.4123264116427,2.0691606561224174,332.1905843668695,0.4951407157499644,0.9769980064465646,0.3058376297264755,0.5926587839743348
subtle_modulation,vibrato_depth_1_rate_4,1 st / 4 Hz,1.0,4.0,7,rubber_band,Rubber Band,local hybrid spectral/time-domain proxy,154.29355899093133,1.9456554101050905,346.1355574852936,0.259002738726371,0.9105161139822674,0.32036316398821413,0.49662733889895083
subtle_modulation,vibrato_depth_1_rate_4,1 st / 4 Hz,1.0,4.0,7,psola,PSOLA,local pitch-synchronous overlap-add,0.6508085843859706,0.4877430010932252,934.5976264203088,7.319678708246558e-05,0.12573344989451307,0.9333242555198941,0.3530436340671632
subtle_modulation,vibrato_depth_1_rate_4,1 st / 4 Hz,1.0,4.0,12,phase_vocoder,Phase Vocoder,local phase vocoder,0.8154942449785046,0.5333523617430596,224.9991601975582,0.0003507366159931136,0.15028460628557228,0.1941835812666212,0.11493964138939554
subtle_modulation,vibrato_depth_1_rate_4,1 st / 4 Hz,1.0,4.0,12,wsola,WSOLA,local waveform-similarity overlap-add,125.15967781215416,1.9278587096662652,430.2950413558185,0.20990427824858288,0.9009362915621955,0.4080263997671655,0.5062889898593146
subtle_modulation,vibrato_depth_1_rate_4,1 st / 4 Hz,1.0,4.0,12,rubber_band,Rubber Band,local hybrid spectral/time-domain proxy,82.64794242821911,1.793638724755179,445.92990304107747,0.13826051932809943,0.8286867402988705,0.4243121765240043,0.4637531453836581
subtle_modulation,vibrato_depth_1_rate_4,1 st / 4 Hz,1.0,4.0,12,psola,PSOLA,local pitch-synchronous overlap-add,0.6366184665404204,0.4047668807433491,466.8577827933943,4.9282604967848264e-05,0.0810680637016777,0.4461113318028478,0.17574289270316445
subtle_modulation,vibrato_depth_1_rate_4,1 st / 4 Hz,1.0,4.0,-12,phase_vocoder,Phase Vocoder,local phase vocoder,0.784149261047514,0.4753002321512647,109.8705626301098,0.00029791185003526596,0.11903560625278255,0.07426191671622895,0.06453181160634892
subtle_modulation,vibrato_depth_1_rate_4,1 st / 4 Hz,1.0,4.0,-12,wsola,WSOLA,local waveform-similarity overlap-add,199.08179095666884,1.88612468111706,209.80429705137135,0.3344830093963041,0.878471195644562,0.17835612119495128,0.4637701087452725
subtle_modulation,vibrato_depth_1_rate_4,1 st / 4 Hz,1.0,4.0,-12,rubber_band,Rubber Band,local hybrid spectral/time-domain proxy,206.31968066395595,1.8813147065003464,217.6707169894408,0.3466808089121028,0.8758820245321098,0.186550038196963,0.46970429054705853
subtle_modulation,vibrato_depth_1_rate_4,1 st / 4 Hz,1.0,4.0,-12,psola,PSOLA,local pitch-synchronous overlap-add,0.7244749792092214,0.4876858245708579,218.89727147658175,0.0001973445637750295,0.12570267222689097,0.1878276569543141,0.10457589124832671
subtle_modulation,vibrato_depth_0_rate_5.5,0 st / 5.5 Hz,0.0,5.5,3,phase_vocoder,Phase Vocoder,local phase vocoder,0.6567827858967449,0.3346762127651767,48.14976616720389,8.326493059424628e-05,0.04333881412290362,0.009971542251523474,0.01779787376834045
subtle_modulation,vibrato_depth_0_rate_5.5,0 st / 5.5 Hz,0.0,5.5,3,wsola,WSOLA,local waveform-similarity overlap-add,181.706505439012,2.014150135363799,265.4122615850279,0.30520095926216656,0.9473862802777316,0.23627917254827344,0.4962888040293905
subtle_modulation,vibrato_depth_0_rate_5.5,0 st / 5.5 Hz,0.0,5.5,3,rubber_band,Rubber Band,local hybrid spectral/time-domain proxy,108.76175591720607,1.917680941535495,277.52507137469553,0.18226934985931437,0.8954576798577056,0.24889626632906253,0.4422077653486942
subtle_modulation,vibrato_depth_0_rate_5.5,0 st / 5.5 Hz,0.0,5.5,3,psola,PSOLA,local pitch-synchronous overlap-add,0.6959427980035754,0.4901861847950184,766.5642855489966,0.00014926013030479933,0.12704859626578827,0.7582953021319595,0.29516438617601753
subtle_modulation,vibrato_depth_0_rate_5.5,0 st / 5.5 Hz,0.0,5.5,7,phase_vocoder,Phase Vocoder,local phase vocoder,0.6557663472745655,0.4129686451447999,120.66605752979024,8.155195691892541e-05,0.08548300830150674,0.0855068527735495,0.057023804343991714
subtle_modulation,vibrato_depth_0_rate_5.5,0 st / 5.5 Hz,0.0,5.5,7,wsola,WSOLA,local waveform-similarity overlap-add,289.2623573892146,2.0573470321801905,332.3831875826537,0.48646162665236375,0.9706388265585251,0.30603825145489594,0.5877129015552617
subtle_modulation,vibrato_depth_0_rate_5.5,0 st / 5.5 Hz,0.0,5.5,7,rubber_band,Rubber Band,local hybrid spectral/time-domain proxy,173.63493009307143,1.950054179832972,346.167135185492,0.29159817422009526,0.9128839367708088,0.32039605634033586,0.5082927224437467
subtle_modulation,vibrato_depth_0_rate_5.5,0 st / 5.5 Hz,0.0,5.5,7,psola,PSOLA,local pitch-synchronous overlap-add,0.6497467451589565,0.4521484525272932,869.554095213382,7.140730112275438e-05,0.1065731872628876,0.8655728132598568,0.32407246927462235
subtle_modulation,vibrato_depth_0_rate_5.5,0 st / 5.5 Hz,0.0,5.5,12,phase_vocoder,Phase Vocoder,local phase vocoder,0.6461439556559453,0.4198603218575903,228.20455697712845,6.533562749513478e-05,0.08919274310948529,0.19752242604951994,0.09559350159550012
subtle_modulation,vibrato_depth_0_rate_5.5,0 st / 5.5 Hz,0.0,5.5,12,wsola,WSOLA,local waveform-similarity overlap-add,46.499596123107565,1.7912791723268178,435.1260106183861,0.0773407901128994,0.8274166119774858,0.4130584933355726,0.4392719651419859
subtle_modulation,vibrato_depth_0_rate_5.5,0 st / 5.5 Hz,0.0,5.5,12,rubber_band,Rubber Band,local hybrid spectral/time-domain proxy,13.320328630959631,1.562923347932316,457.37210899542,0.02142476081187096,0.7044944863953762,0.4362307476971594,0.38738333163480215
subtle_modulation,vibrato_depth_0_rate_5.5,0 st / 5.5 Hz,0.0,5.5,12,psola,PSOLA,local pitch-synchronous overlap-add,0.636309829848889,0.3706119753906879,165.47979439104608,4.876246876257699e-05,0.06268274957125355,0.13218628805440244,0.06497260003147286
subtle_modulation,vibrato_depth_0_rate_5.5,0 st / 5.5 Hz,0.0,5.5,-12,phase_vocoder,Phase Vocoder,local phase vocoder,0.8870141080799917,0.4739167531888356,110.55128641742743,0.0004712669068361741,0.11829089052148538,0.07497098059261598,0.06457771267364584
subtle_modulation,vibrato_depth_0_rate_5.5,0 st / 5.5 Hz,0.0,5.5,-12,wsola,WSOLA,local waveform-similarity overlap-add,409.239829964894,1.9704419123580204,211.05590027981825,0.6886560805712958,0.9238584911725786,0.17965983153003173,0.5973914677579687
subtle_modulation,vibrato_depth_0_rate_5.5,0 st / 5.5 Hz,0.0,5.5,-12,rubber_band,Rubber Band,local hybrid spectral/time-domain proxy,261.6178401356519,1.9047637075625297,218.40657200941777,0.43987314674909833,0.8885044354602462,0.1873165285453902,0.5052313702515782
subtle_modulation,vibrato_depth_0_rate_5.5,0 st / 5.5 Hz,0.0,5.5,-12,psola,PSOLA,local pitch-synchronous overlap-add,0.7479889569265551,0.3958095639029835,214.99228512542325,0.0002369719686698879,0.07624641122817645,0.18376009708498506,0.08674782676061048
subtle_modulation,vibrato_depth_0.025_rate_5.5,0.025 st / 5.5 Hz,0.025,5.5,3,phase_vocoder,Phase Vocoder,local phase vocoder,0.6569153054082758,0.3337002242792821,47.920939218039365,8.348826177211134e-05,0.042813447276895046,0.009733188712805855,0.017543374750491003
subtle_modulation,vibrato_depth_0.025_rate_5.5,0.025 st / 5.5 Hz,0.025,5.5,3,wsola,WSOLA,local waveform-similarity overlap-add,224.6514517810305,2.038835228881566,264.9860732003607,0.3775747956815415,0.9606740699517755,0.23583524096584105,0.5246947021997194
subtle_modulation,vibrato_depth_0.025_rate_5.5,0.025 st / 5.5 Hz,0.025,5.5,3,rubber_band,Rubber Band,local hybrid spectral/time-domain proxy,134.75163607757955,1.9422173269578975,277.09035031294485,0.22606931925048857,0.9086654211457629,0.24844344683467312,0.4610593957436415
subtle_modulation,vibrato_depth_0.025_rate_5.5,0.025 st / 5.5 Hz,0.025,5.5,3,psola,PSOLA,local pitch-synchronous overlap-add,0.6958726504568351,0.4900728629724198,768.4228826461501,0.00014914191273776434,0.12698759602922502,0.7602312768795768,0.2957893382738465
subtle_modulation,vibrato_depth_0.025_rate_5.5,0.025 st / 5.5 Hz,0.025,5.5,7,phase_vocoder,Phase Vocoder,local phase vocoder,0.6559358898382224,0.4131661616487622,120.43243027345858,8.183768194162076e-05,0.08558932986597292,0.0852634990798921,0.05697822220926888
subtle_modulation,vibrato_depth_0.025_rate_5.5,0.025 st / 5.5 Hz,0.025,5.5,7,wsola,WSOLA,local waveform-similarity overlap-add,289.13514350788495,2.0573940210297073,332.34927026459366,0.48624723689473537,0.9706641202828107,0.3060029220812669,0.5876380930862709
subtle_modulation,vibrato_depth_0.025_rate_5.5,0.025 st / 5.5 Hz,0.025,5.5,7,rubber_band,Rubber Band,local hybrid spectral/time-domain proxy,175.87559592243107,1.9517040486788544,346.18926883510414,0.29537430147178756,0.9137720480594317,0.32041911146443314,0.5098551536652174
subtle_modulation,vibrato_depth_0.025_rate_5.5,0.025 st / 5.5 Hz,0.025,5.5,7,psola,PSOLA,local pitch-synchronous overlap-add,0.6497434583445433,0.4515955732814226,868.1802100623075,7.140176195251565e-05,0.10627557675843538,0.8641417301258736,0.3234962362154205
subtle_modulation,vibrato_depth_0.025_rate_5.5,0.025 st / 5.5 Hz,0.025,5.5,12,phase_vocoder,Phase Vocoder,local phase vocoder,0.6463517982804605,0.4217242968725331,228.01835129304405,6.568589846736606e-05,0.09019610604746266,0.19732846819668448,0.09586342004753817
subtle_modulation,vibrato_depth_0.025_rate_5.5,0.025 st / 5.5 Hz,0.025,5.5,12,wsola,WSOLA,local waveform-similarity overlap-add,71.8098396966034,1.847912430367209,433.0060140898992,0.11999538824731233,0.8579018447295899,0.4108502365000956,0.4629158231589993
subtle_modulation,vibrato_depth_0.025_rate_5.5,0.025 st / 5.5 Hz,0.025,5.5,12,rubber_band,Rubber Band,local hybrid spectral/time-domain proxy,39.927420309469404,1.6963521948949964,449.43192910257653,0.06626489835447313,0.7763181743880596,0.4279599999446604,0.4235143575623977
subtle_modulation,vibrato_depth_0.025_rate_5.5,0.025 st / 5.5 Hz,0.025,5.5,12,psola,PSOLA,local pitch-synchronous overlap-add,0.6363129574070256,0.3706139394964411,223.14889145779804,4.876773954296578e-05,0.06268380683377223,0.19225628160497454,0.08499628539276323
subtle_modulation,vibrato_depth_0.025_rate_5.5,0.025 st / 5.5 Hz,0.025,5.5,-12,phase_vocoder,Phase Vocoder,local phase vocoder,0.8870105133371288,0.4739550275807321,110.56219594052686,0.0004712608487233089,0.11831149332248578,0.07498234430412795,0.06458836615844568
subtle_modulation,vibrato_depth_0.025_rate_5.5,0.025 st / 5.5 Hz,0.025,5.5,-12,wsola,WSOLA,local waveform-similarity overlap-add,435.5180659074725,1.9773593348514669,211.00140920548387,0.7329420073565177,0.9275820847296887,0.1796030718675726,0.6133757213179263
subtle_modulation,vibrato_depth_0.025_rate_5.5,0.025 st / 5.5 Hz,0.025,5.5,-12,rubber_band,Rubber Band,local hybrid spectral/time-domain proxy,277.19050233144253,1.9110895248626152,218.3492851879463,0.4661172895964628,0.8919095726431159,0.18725685674244272,0.5150945729940071
subtle_modulation,vibrato_depth_0.025_rate_5.5,0.025 st / 5.5 Hz,0.025,5.5,-12,psola,PSOLA,local pitch-synchronous overlap-add,0.7479332528001893,0.3958577957511646,215.01425780296577,0.00023687809216815995,0.0762723740487653,0.1837829845353771,0.08676407889210351
subtle_modulation,vibrato_depth_0.05_rate_5.5,0.05 st / 5.5 Hz,0.05,5.5,3,phase_vocoder,Phase Vocoder,local phase vocoder,0.6574329972104469,0.3333258455206809,47.73619254205138,8.436071231629384e-05,0.04261192216623902,0.00954075060991268,0.017412344496155998
subtle_modulation,vibrato_depth_0.05_rate_5.5,0.05 st / 5.5 Hz,0.05,5.5,3,wsola,WSOLA,local waveform-similarity overlap-add,184.12102549031357,2.015547972219718,265.3774925011065,0.30927007784558463,0.9481387247489954,0.23624295594782097,0.49788391951413363
subtle_modulation,vibrato_depth_0.05_rate_5.5,0.05 st / 5.5 Hz,0.05,5.5,3,rubber_band,Rubber Band,local hybrid spectral/time-domain proxy,110.2079554814967,1.9190322430406443,277.4756644024927,0.18470658682457125,0.8961850747194557,0.24884480243154147,0.44324548799185615
subtle_modulation,vibrato_depth_0.05_rate_5.5,0.05 st / 5.5 Hz,0.05,5.5,3,psola,PSOLA,local pitch-synchronous overlap-add,0.6957916210562747,0.4897026770472136,770.8214270219049,0.00014900535630724476,0.12678832788746605,0.7627296781466467,0.29655567046347336
subtle_modulation,vibrato_depth_0.05_rate_5.5,0.05 st / 5.5 Hz,0.05,5.5,7,phase_vocoder,Phase Vocoder,local phase vocoder,0.6564640284261449,0.4148933563606757,119.95240028982616,8.272773814205587e-05,0.08651906505379019,0.08476348434951574,0.05712175904714933
subtle_modulation,vibrato_depth_0.05_rate_5.5,0.05 st / 5.5 Hz,0.05,5.5,7,wsola,WSOLA,local waveform-similarity overlap-add,297.27126949175573,2.061219331415163,332.6089387141854,0.49995880720045843,0.9727232544644692,0.3062734011226538,0.5929851542625272
subtle_modulation,vibrato_depth_0.05_rate_5.5,0.05 st / 5.5 Hz,0.05,5.5,7,rubber_band,Rubber Band,local hybrid spectral/time-domain proxy,178.42849734871152,1.9538464994403804,346.3599437216138,0.29967663005659784,0.9149253122788142,0.3205968919370494,0.5117329447574871
subtle_modulation,vibrato_depth_0.05_rate_5.5,0.05 st / 5.5 Hz,0.05,5.5,7,psola,PSOLA,local pitch-synchronous overlap-add,0.6497414156529597,0.4511478828684728,869.3586396910679,7.139831946535208e-05,0.1060345885668338,0.8653692204768583,0.32382506912105247
subtle_modulation,vibrato_depth_0.05_rate_5.5,0.05 st / 5.5 Hz,0.05,5.5,12,phase_vocoder,Phase Vocoder,local phase vocoder,0.646992161814425,0.424353670692027,228.5050309421717,6.676508402011946e-05,0.09161147707948755,0.19783540943334804,0.09650455053228524
subtle_modulation,vibrato_depth_0.05_rate_5.5,0.05 st / 5.5 Hz,0.05,5.5,12,wsola,WSOLA,local waveform-similarity overlap-add,41.066362648947106,1.7736420550390286,435.9580859456537,0.06818432388855065,0.8179226918994472,0.41392520986287834,0.4333440752169588
subtle_modulation,vibrato_depth_0.05_rate_5.5,0.05 st / 5.5 Hz,0.05,5.5,12,rubber_band,Rubber Band,local hybrid spectral/time-domain proxy,17.908841005432585,1.6050482441997125,453.8700357344819,0.029157643776809242,0.7271699832995792,0.43258287511204374,0.39630350072947734
subtle_modulation,vibrato_depth_0.05_rate_5.5,0.05 st / 5.5 Hz,0.05,5.5,12,psola,PSOLA,local pitch-synchronous overlap-add,0.636311633780859,0.3706461649247404,257.33068629128553,4.8765508875289446e-05,0.06270115352573791,0.2278611427807595,0.09687035393845757
subtle_modulation,vibrato_depth_0.05_rate_5.5,0.05 st / 5.5 Hz,0.05,5.5,-12,phase_vocoder,Phase Vocoder,local phase vocoder,0.8869423872968019,0.4740628317198104,110.67099956433437,0.0004711460379407024,0.11836952343385776,0.07509567767178638,0.06464544904786161
subtle_modulation,vibrato_depth_0.05_rate_5.5,0.05 st / 5.5 Hz,0.05,5.5,-12,wsola,WSOLA,local waveform-similarity overlap-add,384.76026986956214,1.9636405143101476,211.0859266002923,0.647401408511679,0.9201973526525021,0.17969110791494092,0.5824299563597074
subtle_modulation,vibrato_depth_0.05_rate_5.5,0.05 st / 5.5 Hz,0.05,5.5,-12,rubber_band,Rubber Band,local hybrid spectral/time-domain proxy,246.87435251980517,1.898437043432381,218.43688869268857,0.41502638707539147,0.8850988424354829,0.18734810738156377,0.4958244456308127
subtle_modulation,vibrato_depth_0.05_rate_5.5,0.05 st / 5.5 Hz,0.05,5.5,-12,psola,PSOLA,local pitch-synchronous overlap-add,0.7478008247932285,0.3963281686554165,215.06927199067331,0.00023665491520021608,0.07652557204518244,0.18384028908961617,0.08686750534999961
subtle_modulation,vibrato_depth_0.1_rate_5.5,0.1 st / 5.5 Hz,0.1,5.5,3,phase_vocoder,Phase Vocoder,local phase vocoder,0.6595395800223356,0.3340378743101029,47.46780021137047,8.791087346022165e-05,0.042995201605261366,0.009261184492302692,0.017448098990341426
subtle_modulation,vibrato_depth_0.1_rate_5.5,0.1 st / 5.5 Hz,0.1,5.5,3,wsola,WSOLA,local waveform-similarity overlap-add,211.67669648660248,2.0319666542233668,265.10383358909223,0.355708827802998,0.9569767707961969,0.23595790398904443,0.5162145008627465
subtle_modulation,vibrato_depth_0.1_rate_5.5,0.1 st / 5.5 Hz,0.1,5.5,3,rubber_band,Rubber Band,local hybrid spectral/time-domain proxy,126.86796064699756,1.9353360704988232,277.1861869911902,0.21278319632807796,0.9049612954775524,0.2485432734131514,0.4554292550729273
subtle_modulation,vibrato_depth_0.1_rate_5.5,0.1 st / 5.5 Hz,0.1,5.5,3,psola,PSOLA,local pitch-synchronous overlap-add,0.695596197856404,0.4890575840038413,775.6181937743415,0.00014867601542072116,0.12644107942861982,0.7677261452761552,0.29810530024006526
subtle_modulation,vibrato_depth_0.1_rate_5.5,0.1 st / 5.5 Hz,0.1,5.5,7,phase_vocoder,Phase Vocoder,local phase vocoder,0.6585889081613471,0.4189590916898809,119.54470181199471,8.630873454478969e-05,0.0887076180720692,0.08433881245105397,0.057710913085889326
subtle_modulation,vibrato_depth_0.1_rate_5.5,0.1 st / 5.5 Hz,0.1,5.5,7,wsola,WSOLA,local waveform-similarity overlap-add,287.457171167757,2.056701626243024,332.3341209165812,0.48341940018739654,0.9702914096714358,0.3059871420312281,0.5865659839633535
subtle_modulation,vibrato_depth_0.1_rate_5.5,0.1 st / 5.5 Hz,0.1,5.5,7,rubber_band,Rubber Band,local hybrid spectral/time-domain proxy,169.19897295900805,1.9468681537256056,346.05999316177997,0.28412238804895407,0.9111689242358055,0.32028445374898734,0.505191922011249
subtle_modulation,vibrato_depth_0.1_rate_5.5,0.1 st / 5.5 Hz,0.1,5.5,7,psola,PSOLA,local pitch-synchronous overlap-add,0.6497401458096372,0.451091978020061,874.3105313231563,7.139617943629794e-05,0.10600449543119628,0.8705272706897543,0.3255343874334623
subtle_modulation,vibrato_depth_0.1_rate_5.5,0.1 st / 5.5 Hz,0.1,5.5,12,phase_vocoder,Phase Vocoder,local phase vocoder,0.649547836833566,0.4340592070140474,229.22472575878277,7.107208685820242e-05,0.09683589015404122,0.1985850667921613,0.09849734301102024
subtle_modulation,vibrato_depth_0.1_rate_5.5,0.1 st / 5.5 Hz,0.1,5.5,12,wsola,WSOLA,local waveform-similarity overlap-add,96.39385886113226,1.8823691854885132,432.1919505589417,0.16142610205876573,0.8764496421917463,0.4100022816413994,0.48262600863063715
subtle_modulation,vibrato_depth_0.1_rate_5.5,0.1 st / 5.5 Hz,0.1,5.5,12,rubber_band,Rubber Band,local hybrid spectral/time-domain proxy,59.52361984061772,1.740480130384261,448.22935844436,0.09928978859449435,0.8000718913877176,0.42670736351791766,0.4420230145000432
subtle_modulation,vibrato_depth_0.1_rate_5.5,0.1 st / 5.5 Hz,0.1,5.5,12,psola,PSOLA,local pitch-synchronous overlap-add,0.6362959348797043,0.3706646807212047,293.59977488421333,4.873905198569209e-05,0.062711120431834,0.26564019653186083,0.10946668533856017
subtle_modulation,vibrato_depth_0.1_rate_5.5,0.1 st / 5.5 Hz,0.1,5.5,-12,phase_vocoder,Phase Vocoder,local phase vocoder,0.8865530762623897,0.473868616326867,110.71073253866588,0.00047048994367302285,0.11826497883121989,0.07513706482076629,0.06462417786521973
subtle_modulation,vibrato_depth_0.1_rate_5.5,0.1 st / 5.5 Hz,0.1,5.5,-12,wsola,WSOLA,local waveform-similarity overlap-add,392.4454493599056,1.9658408565623335,211.05029192946196,0.6603530121499271,0.921381779401257,0.17965398969121568,0.5871295937474666
subtle_modulation,vibrato_depth_0.1_rate_5.5,0.1 st / 5.5 Hz,0.1,5.5,-12,rubber_band,Rubber Band,local hybrid spectral/time-domain proxy,251.56756199606824,1.9004130744421843,218.388545843889,0.42293571294139176,0.8861625242250114,0.18729775190933842,0.49879866302524717
subtle_modulation,vibrato_depth_0.1_rate_5.5,0.1 st / 5.5 Hz,0.1,5.5,-12,psola,PSOLA,local pitch-synchronous overlap-add,0.7472660233437297,0.398407279056399,215.30482504651283,0.00023575363027801327,0.07764474065183523,0.18408564875822206,0.08732204768011176
subtle_modulation,vibrato_depth_0.2_rate_5.5,0.2 st / 5.5 Hz,0.2,5.5,3,phase_vocoder,Phase Vocoder,local phase vocoder,0.6669479338261266,0.3351756647440199,46.746809037805306,0.00010039595103052056,0.04360766515408878,0.008510176806228687,0.017406079303782664
subtle_modulation,vibrato_depth_0.2_rate_5.5,0.2 st / 5.5 Hz,0.2,5.5,3,wsola,WSOLA,local waveform-similarity overlap-add,291.5818765631892,2.0687615270978807,264.54457664404083,0.49037064309243295,0.9767831584644401,0.23537536389753816,0.5675097218181371
subtle_modulation,vibrato_depth_0.2_rate_5.5,0.2 st / 5.5 Hz,0.2,5.5,3,rubber_band,Rubber Band,local hybrid spectral/time-domain proxy,164.2704562107064,1.9646599964661695,276.69770916321175,0.27581650585990747,0.9207461317955064,0.24803445913533642,0.4815323655969168
subtle_modulation,vibrato_depth_0.2_rate_5.5,0.2 st / 5.5 Hz,0.2,5.5,3,psola,PSOLA,local pitch-synchronous overlap-add,0.6951047324147859,0.4869477142567548,783.2496443142622,0.0001478477633792779,0.12530535331039647,0.7756753105662573,0.3003761705466777
subtle_modulation,vibrato_depth_0.2_rate_5.5,0.2 st / 5.5 Hz,0.2,5.5,7,phase_vocoder,Phase Vocoder,local phase vocoder,0.6659817563831222,0.4284598265086196,118.66650239506716,9.876768102046644e-05,0.09382178812491519,0.08342405158268296,0.05911486912953954
subtle_modulation,vibrato_depth_0.2_rate_5.5,0.2 st / 5.5 Hz,0.2,5.5,7,wsola,WSOLA,local waveform-similarity overlap-add,274.73837525629085,2.0511903650263785,332.16726674339975,0.4619847930180958,0.9673247415551983,0.30581334133697946,0.5783742919700912
subtle_modulation,vibrato_depth_0.2_rate_5.5,0.2 st / 5.5 Hz,0.2,5.5,7,rubber_band,Rubber Band,local hybrid spectral/time-domain proxy,168.63920407331267,1.9463766662016275,346.01045230514694,0.28317902625165836,0.9109043604073827,0.3202328503931209,0.5047720790173873
subtle_modulation,vibrato_depth_0.2_rate_5.5,0.2 st / 5.5 Hz,0.2,5.5,7,psola,PSOLA,local pitch-synchronous overlap-add,0.6497451302811106,0.4539626891222372,874.627341614346,7.140457961731519e-05,0.10754977640463903,0.8708572705183714,0.32615948383420923
subtle_modulation,vibrato_depth_0.2_rate_5.5,0.2 st / 5.5 Hz,0.2,5.5,12,phase_vocoder,Phase Vocoder,local phase vocoder,0.6594350030200565,0.4565226482293261,229.59107979426844,8.773463295928131e-05,0.10892778204859851,0.19896667298452772,0.10266072988869518
subtle_modulation,vibrato_depth_0.2_rate_5.5,0.2 st / 5.5 Hz,0.2,5.5,12,wsola,WSOLA,local waveform-similarity overlap-add,106.23915318108936,1.8943644529161687,431.8715950562525,0.17801808275280162,0.8829065993245145,0.4096685890060152,0.4901977570277771
subtle_modulation,vibrato_depth_0.2_rate_5.5,0.2 st / 5.5 Hz,0.2,5.5,12,rubber_band,Rubber Band,local hybrid spectral/time-domain proxy,67.58280148458886,1.7550439219430725,447.7376294521663,0.11287168690051473,0.8079114646488366,0.426195162722481,0.4489927714239441
subtle_modulation,vibrato_depth_0.2_rate_5.5,0.2 st / 5.5 Hz,0.2,5.5,12,psola,PSOLA,local pitch-synchronous overlap-add,0.6362190716609043,0.3703200548396574,333.85379495558874,4.860951669695773e-05,0.06252561105845705,0.3075700835781799,0.12338143471777796
subtle_modulation,vibrato_depth_0.2_rate_5.5,0.2 st / 5.5 Hz,0.2,5.5,-12,phase_vocoder,Phase Vocoder,local phase vocoder,0.8843804591965482,0.4732185764703506,110.77188317268832,0.0004668284969716375,0.11791506754216932,0.07520076129562335,0.06452755244492143
subtle_modulation,vibrato_depth_0.2_rate_5.5,0.2 st / 5.5 Hz,0.2,5.5,-12,wsola,WSOLA,local waveform-similarity overlap-add,367.6714467280104,1.9586625211895572,211.0643605748565,0.618602124870796,0.9175177385146162,0.17966864404651336,0.5719295024773086
subtle_modulation,vibrato_depth_0.2_rate_5.5,0.2 st / 5.5 Hz,0.2,5.5,-12,rubber_band,Rubber Band,local hybrid spectral/time-domain proxy,253.72139767058763,1.9013092730512515,218.34894724464343,0.42656550792449466,0.8866449408143949,0.1872565047297868,0.5001556511562254
subtle_modulation,vibrato_depth_0.2_rate_5.5,0.2 st / 5.5 Hz,0.2,5.5,-12,psola,PSOLA,local pitch-synchronous overlap-add,0.7449125209025117,0.4066639518130044,215.84746497688312,0.0002317873428518568,0.08208924198290034,0.1846508800306988,0.08899063645215033
subtle_modulation,vibrato_depth_0.35_rate_5.5,0.35 st / 5.5 Hz,0.35,5.5,3,phase_vocoder,Phase Vocoder,local phase vocoder,0.6681930673948551,0.341209985476222,47.4542536617856,0.00010249433747407878,0.046855892050920826,0.009247073968857987,0.018735153452417632
subtle_modulation,vibrato_depth_0.35_rate_5.5,0.35 st / 5.5 Hz,0.35,5.5,3,wsola,WSOLA,local waveform-similarity overlap-add,325.51507202278816,2.081903091028396,264.2801934691805,0.5475572446967478,0.983857157895352,0.23509997384608033,0.5888381254793934
subtle_modulation,vibrato_depth_0.35_rate_5.5,0.35 st / 5.5 Hz,0.35,5.5,3,rubber_band,Rubber Band,local hybrid spectral/time-domain proxy,195.35091650391547,1.9847067990710572,276.34531007002136,0.32819547802545673,0.9315371663305427,0.24766738886144826,0.5024666777391492
subtle_modulation,vibrato_depth_0.35_rate_5.5,0.35 st / 5.5 Hz,0.35,5.5,3,psola,PSOLA,local pitch-synchronous overlap-add,0.6944060446959389,0.4907996394256124,790.3292072457145,0.0001466702858183715,0.12737881401845888,0.7830496119037823,0.30352503206935316
subtle_modulation,vibrato_depth_0.35_rate_5.5,0.35 st / 5.5 Hz,0.35,5.5,7,phase_vocoder,Phase Vocoder,local phase vocoder,0.6717662658948882,0.4366533584075832,116.88863812495134,0.00010851614226749462,0.09823230123407711,0.08157217075444607,0.059970996043596896
subtle_modulation,vibrato_depth_0.35_rate_5.5,0.35 st / 5.5 Hz,0.35,5.5,7,wsola,WSOLA,local waveform-similarity overlap-add,248.13515679847305,2.039422733690536,331.9250343217343,0.4171511828987332,0.960990319121683,0.30556102422526293,0.5612341754152264
subtle_modulation,vibrato_depth_0.35_rate_5.5,0.35 st / 5.5 Hz,0.35,5.5,7,rubber_band,Rubber Band,local hybrid spectral/time-domain proxy,148.43214452601663,1.9313826792874749,345.7014685019694,0.24912467185695605,0.9028332164051438,0.31991100288712254,0.49062296371640746
subtle_modulation,vibrato_depth_0.35_rate_5.5,0.35 st / 5.5 Hz,0.35,5.5,7,psola,PSOLA,local pitch-synchronous overlap-add,0.6497664097283774,0.4628764800876572,895.6725906088009,7.144044123472922e-05,0.11234799924554684,0.8927786813894968,0.3350660403587595
subtle_modulation,vibrato_depth_0.35_rate_5.5,0.35 st / 5.5 Hz,0.35,5.5,12,phase_vocoder,Phase Vocoder,local phase vocoder,0.6826625442220123,0.4809587499636832,227.6739089484827,0.0001268793149431971,0.12208154142431155,0.19696968592907943,0.10639270222277807
subtle_modulation,vibrato_depth_0.35_rate_5.5,0.35 st / 5.5 Hz,0.35,5.5,12,wsola,WSOLA,local waveform-similarity overlap-add,127.43429085750172,1.9159891843602543,430.76095290168024,0.21373761573025743,0.8945470204142658,0.4085117082768974,0.5055987814738069
subtle_modulation,vibrato_depth_0.35_rate_5.5,0.35 st / 5.5 Hz,0.35,5.5,12,rubber_band,Rubber Band,local hybrid spectral/time-domain proxy,74.0076177468834,1.766224579318183,447.1412234568247,0.12369923800486639,0.8139299236638323,0.4255739269807072,0.454401029549802
subtle_modulation,vibrato_depth_0.35_rate_5.5,0.35 st / 5.5 Hz,0.35,5.5,12,psola,PSOLA,local pitch-synchronous overlap-add,0.636022948497428,0.3707449261518505,380.9960231638332,4.827899618265929e-05,0.06275431590945929,0.35667495062943605,0.13982584851169266
subtle_modulation,vibrato_depth_0.35_rate_5.5,0.35 st / 5.5 Hz,0.35,5.5,-12,phase_vocoder,Phase Vocoder,local phase vocoder,0.8566394465812676,0.4739001765656248,111.76031931708395,0.00042007739631508067,0.11828196745694149,0.07623034829869835,0.06497746438398498
subtle_modulation,vibrato_depth_0.35_rate_5.5,0.35 st / 5.5 Hz,0.35,5.5,-12,wsola,WSOLA,local waveform-similarity overlap-add,423.1658185541264,1.975189824169572,210.92970886310684,0.7121251335329257,0.9264142543702103,0.17952838647585967,0.6060225914596652
subtle_modulation,vibrato_depth_0.35_rate_5.5,0.35 st / 5.5 Hz,0.35,5.5,-12,rubber_band,Rubber Band,local hybrid spectral/time-domain proxy,239.9103474457914,1.89580481845911,218.35107296649647,0.4032901571582235,0.8836819366500374,0.1872587189503052,0.491410270919522
subtle_modulation,vibrato_depth_0.35_rate_5.5,0.35 st / 5.5 Hz,0.35,5.5,-12,psola,PSOLA,local pitch-synchronous overlap-add,0.737836838269329,0.4222765409683174,216.63457695236897,0.00021986290607713132,0.09049337465567081,0.1854707612789917,0.09206133294691321
subtle_modulation,vibrato_depth_0.5_rate_5.5,0.5 st / 5.5 Hz,0.5,5.5,3,phase_vocoder,Phase Vocoder,local phase vocoder,0.6899116620730694,0.3492660877629175,46.95782691560545,0.00013909603691459818,0.05119242789191928,0.00872997984118583,0.020020501256673238
subtle_modulation,vibrato_depth_0.5_rate_5.5,0.5 st / 5.5 Hz,0.5,5.5,3,wsola,WSOLA,local waveform-similarity overlap-add,336.5930939540774,2.088424552621486,264.36027864759996,0.5662267044445858,0.9873676088464074,0.23518339315374842,0.5962592354815804
subtle_modulation,vibrato_depth_0.5_rate_5.5,0.5 st / 5.5 Hz,0.5,5.5,3,rubber_band,Rubber Band,local hybrid spectral/time-domain proxy,193.0468426802096,1.986206706561319,276.5376651061923,0.3243124911732437,0.9323445546131424,0.24786775207797018,0.5015082659547854
subtle_modulation,vibrato_depth_0.5_rate_5.5,0.5 st / 5.5 Hz,0.5,5.5,3,psola,PSOLA,local pitch-synchronous overlap-add,0.6941935636150253,0.4984007725963079,796.9053134496328,0.00014631219779400226,0.13147044359984594,0.7898994964580697,0.30717208408523655
subtle_modulation,vibrato_depth_0.5_rate_5.5,0.5 st / 5.5 Hz,0.5,5.5,7,phase_vocoder,Phase Vocoder,local phase vocoder,0.6869960588399604,0.4534704427633371,117.04571484752712,0.00013418245779922802,0.1072848041014079,0.08173578694044516,0.06305159116655075
subtle_modulation,vibrato_depth_0.5_rate_5.5,0.5 st / 5.5 Hz,0.5,5.5,7,wsola,WSOLA,local waveform-similarity overlap-add,204.2328428843224,2.0189551956451104,331.6467097931854,0.34316392348176294,0.9499728060424897,0.3052711124096583,0.5328026139779704
subtle_modulation,vibrato_depth_0.5_rate_5.5,0.5 st / 5.5 Hz,0.5,5.5,7,rubber_band,Rubber Band,local hybrid spectral/time-domain proxy,129.50070783064933,1.9179487407778,345.5369656138282,0.21722008658486588,0.8956018340617016,0.3197396513672912,0.4775205240046196
subtle_modulation,vibrato_depth_0.5_rate_5.5,0.5 st / 5.5 Hz,0.5,5.5,7,psola,PSOLA,local pitch-synchronous overlap-add,0.6498539744754859,0.4748425955381553,923.19177230076,7.158801148974503e-05,0.11878926410067511,0.9214435495916046,0.3467681339012565
subtle_modulation,vibrato_depth_0.5_rate_5.5,0.5 st / 5.5 Hz,0.5,5.5,12,phase_vocoder,Phase Vocoder,local phase vocoder,0.7115423204177408,0.4978701626836078,227.1289987399739,0.0001755495398765733,0.1311848205004703,0.1964020898615898,0.10925415330064557
subtle_modulation,vibrato_depth_0.5_rate_5.5,0.5 st / 5.5 Hz,0.5,5.5,12,wsola,WSOLA,local waveform-similarity overlap-add,126.36513720220675,1.9188031932383027,430.728992225562,0.21193580298285655,0.8960617790310597,0.40847841700469195,0.5054919996728694
subtle_modulation,vibrato_depth_0.5_rate_5.5,0.5 st / 5.5 Hz,0.5,5.5,12,rubber_band,Rubber Band,local hybrid spectral/time-domain proxy,76.25226862597053,1.772954455653983,446.8957091218458,0.1274820811419344,0.817552562614666,0.42531819132211546,0.45678427835957197
subtle_modulation,vibrato_depth_0.5_rate_5.5,0.5 st / 5.5 Hz,0.5,5.5,12,psola,PSOLA,local pitch-synchronous overlap-add,0.6357936802281879,0.3784725866076709,418.3061685438141,4.789261721080109e-05,0.06691405412294682,0.3955384027440435,0.1541667831614004
subtle_modulation,vibrato_depth_0.5_rate_5.5,0.5 st / 5.5 Hz,0.5,5.5,-12,phase_vocoder,Phase Vocoder,local phase vocoder,0.838637252975515,0.473545902589953,110.24773802339298,0.00038973883668954733,0.11809126459116842,0.0746547947842821,0.06437859940404668
subtle_modulation,vibrato_depth_0.5_rate_5.5,0.5 st / 5.5 Hz,0.5,5.5,-12,wsola,WSOLA,local waveform-similarity overlap-add,464.60578311758314,1.9892764359169095,211.19131157782044,0.7819626690756316,0.9339969655308473,0.17980088031025193,0.6319201716389103
subtle_modulation,vibrato_depth_0.5_rate_5.5,0.5 st / 5.5 Hz,0.5,5.5,-12,rubber_band,Rubber Band,local hybrid spectral/time-domain proxy,303.5495467373818,1.924987596717627,218.37709469731928,0.5105394004733353,0.8993907942779956,0.18728582402533164,0.5324053395922209
subtle_modulation,vibrato_depth_0.5_rate_5.5,0.5 st / 5.5 Hz,0.5,5.5,-12,psola,PSOLA,local pitch-synchronous overlap-add,0.7272330238062877,0.4402806550455501,217.49028331001435,0.00020199261402326356,0.1001848461890306,0.18636209265054834,0.09558297715120073
subtle_modulation,vibrato_depth_0.75_rate_5.5,0.75 st / 5.5 Hz,0.75,5.5,3,phase_vocoder,Phase Vocoder,local phase vocoder,0.722510410403114,0.3578169064954337,44.42470463610574,0.00019403373459677277,0.05579526566430901,0.006091397884263081,0.020693565761056288
subtle_modulation,vibrato_depth_0.75_rate_5.5,0.75 st / 5.5 Hz,0.75,5.5,3,wsola,WSOLA,local waveform-similarity overlap-add,373.454611835296,2.111892094223877,265.1774674157417,0.6283483204330759,1.0,0.23603460336040477,0.6214609745978269
subtle_modulation,vibrato_depth_0.75_rate_5.5,0.75 st / 5.5 Hz,0.75,5.5,3,rubber_band,Rubber Band,local hybrid spectral/time-domain proxy,186.341668383727,1.9937518233228544,277.6801122228985,0.31301246104089214,0.9364060310066277,0.24905776188257966,0.4994920846433664
subtle_modulation,vibrato_depth_0.75_rate_5.5,0.75 st / 5.5 Hz,0.75,5.5,3,psola,PSOLA,local pitch-synchronous overlap-add,0.6962063561256441,0.5082629457511096,827.3700361818326,0.00014970429694228173,0.13677917303673015,0.8216325353146512,0.3195204708827745
subtle_modulation,vibrato_depth_0.75_rate_5.5,0.75 st / 5.5 Hz,0.75,5.5,7,phase_vocoder,Phase Vocoder,local phase vocoder,0.7225263103932198,0.478941051452513,115.7535968544907,0.00019406053037557803,0.12099543034991901,0.08038987511840927,0.06719312199956795
subtle_modulation,vibrato_depth_0.75_rate_5.5,0.75 st / 5.5 Hz,0.75,5.5,7,wsola,WSOLA,local waveform-similarity overlap-add,152.4542386489075,1.997414269458767,332.09405627858666,0.25590298704671377,0.9383774966570007,0.30573708295297763,0.5000058555522306
subtle_modulation,vibrato_depth_0.75_rate_5.5,0.75 st / 5.5 Hz,0.75,5.5,7,rubber_band,Rubber Band,local hybrid spectral/time-domain proxy,80.67251057064927,1.8752209220861873,345.6538521665047,0.13493138297341045,0.8726017888078241,0.3198614041746448,0.4424648586519598
subtle_modulation,vibrato_depth_0.75_rate_5.5,0.75 st / 5.5 Hz,0.75,5.5,7,psola,PSOLA,local pitch-synchronous overlap-add,0.6502686936739676,0.4839141443795102,907.5058685538064,7.22869253780486e-05,0.12367240675253435,0.9051046057752354,0.3429497664843826
subtle_modulation,vibrato_depth_0.75_rate_5.5,0.75 st / 5.5 Hz,0.75,5.5,12,phase_vocoder,Phase Vocoder,local phase vocoder,0.76551253684619,0.5239396266094699,224.34025954562875,0.00026650393493397455,0.14521780576392943,0.19349724907268973,0.11299385292385104
subtle_modulation,vibrato_depth_0.75_rate_5.5,0.75 st / 5.5 Hz,0.75,5.5,12,wsola,WSOLA,local waveform-similarity overlap-add,55.24375447301346,1.8281405285019523,428.0911578412467,0.0920770592189573,0.8472587870781261,0.40573076353840154,0.4483555366118283
subtle_modulation,vibrato_depth_0.75_rate_5.5,0.75 st / 5.5 Hz,0.75,5.5,12,rubber_band,Rubber Band,local hybrid spectral/time-domain proxy,49.4896976811882,1.7359422870364576,445.7018562708326,0.08237991903201297,0.7976292063747574,0.4240746356448402,0.4346945870172035
subtle_modulation,vibrato_depth_0.75_rate_5.5,0.75 st / 5.5 Hz,0.75,5.5,12,psola,PSOLA,local pitch-synchronous overlap-add,0.6356261246976431,0.3930438671221674,457.29115400847934,4.7610240875708383e-05,0.07475765862939797,0.4361464223688509,0.1703172304130415
subtle_modulation,vibrato_depth_0.75_rate_5.5,0.75 st / 5.5 Hz,0.75,5.5,-12,phase_vocoder,Phase Vocoder,local phase vocoder,0.7960401030670796,0.4804411689760895,108.87556987118737,0.0003179511312200383,0.12180293169178293,0.07322550013175991,0.06511546098492095
subtle_modulation,vibrato_depth_0.75_rate_5.5,0.75 st / 5.5 Hz,0.75,5.5,-12,wsola,WSOLA,local waveform-similarity overlap-add,256.8563128394103,1.9391891407679476,213.26220371413532,0.43184868689996814,0.9070353725839887,0.18195798842533784,0.5069473493030983
subtle_modulation,vibrato_depth_0.75_rate_5.5,0.75 st / 5.5 Hz,0.75,5.5,-12,rubber_band,Rubber Band,local hybrid spectral/time-domain proxy,246.7099278626656,1.918747471569437,220.14951021720785,0.41474928710781067,0.896031784499516,0.18913202925940012,0.49997103362224227
subtle_modulation,vibrato_depth_0.75_rate_5.5,0.75 st / 5.5 Hz,0.75,5.5,-12,psola,PSOLA,local pitch-synchronous overlap-add,0.7091536465423908,0.4714393181343337,220.0704120770012,0.00017152397908213194,0.11695730691923445,0.1890496380826044,0.10205948966030698
subtle_modulation,vibrato_depth_1_rate_5.5,1 st / 5.5 Hz,1.0,5.5,3,phase_vocoder,Phase Vocoder,local phase vocoder,0.7473630358291358,0.3596639799287267,45.380986657734894,0.0002359171225244233,0.05678953061519715,0.00708749211485768,0.02137097995085975
subtle_modulation,vibrato_depth_1_rate_5.5,1 st / 5.5 Hz,1.0,5.5,3,wsola,WSOLA,local waveform-similarity overlap-add,236.17066670062053,2.0485221353039336,264.9111490492798,0.3969877848055803,0.9658884546993934,0.2357571975508904,0.5328778123519546
subtle_modulation,vibrato_depth_1_rate_5.5,1 st / 5.5 Hz,1.0,5.5,3,rubber_band,Rubber Band,local hybrid spectral/time-domain proxy,116.37659170208995,1.928658865842385,277.1971203572161,0.19510240535009193,0.9013670092731499,0.24855466196022544,0.4483413588611558
subtle_modulation,vibrato_depth_1_rate_5.5,1 st / 5.5 Hz,1.0,5.5,3,psola,PSOLA,local pitch-synchronous overlap-add,0.700764794886445,0.5180001587976355,842.961995460701,0.00015738649774361686,0.1420206374403577,0.8378736235397414,0.3266838824926142
subtle_modulation,vibrato_depth_1_rate_5.5,1 st / 5.5 Hz,1.0,5.5,7,phase_vocoder,Phase Vocoder,local phase vocoder,0.7734954428989612,0.5026740978028242,117.42838740523824,0.0002799572882625177,0.13377074059941416,0.08213439103246137,0.07206169630671268
subtle_modulation,vibrato_depth_1_rate_5.5,1 st / 5.5 Hz,1.0,5.5,7,wsola,WSOLA,local waveform-similarity overlap-add,205.18818600315117,2.0275905737069237,331.34676762228605,0.3447739347286239,0.9546211614298672,0.30495868295978135,0.534784593039424
subtle_modulation,vibrato_depth_1_rate_5.5,1 st / 5.5 Hz,1.0,5.5,7,rubber_band,Rubber Band,local hybrid spectral/time-domain proxy,121.63282574386558,1.9183458812039649,345.5949295417405,0.20396057971342121,0.8958156115971255,0.3198000284661701,0.47319207325890567
subtle_modulation,vibrato_depth_1_rate_5.5,1 st / 5.5 Hz,1.0,5.5,7,psola,PSOLA,local pitch-synchronous overlap-add,0.6508398150900809,0.4958769233990315,900.725406836293,7.324941925605231e-05,0.13011187563338164,0.8980418579196643,0.34274232765743395
subtle_modulation,vibrato_depth_1_rate_5.5,1 st / 5.5 Hz,1.0,5.5,12,phase_vocoder,Phase Vocoder,local phase vocoder,0.8084124537358185,0.5515539986818,224.44979517893125,0.00033880188456109756,0.16008240280561448,0.19361134492507356,0.1180108498717497
subtle_modulation,vibrato_depth_1_rate_5.5,1 st / 5.5 Hz,1.0,5.5,12,wsola,WSOLA,local waveform-similarity overlap-add,116.3419864737656,1.921854860032743,429.21576815301813,0.19504408619155683,0.8977044670156362,0.4069021939510682,0.49988358238608704
subtle_modulation,vibrato_depth_1_rate_5.5,1 st / 5.5 Hz,1.0,5.5,12,rubber_band,Rubber Band,local hybrid spectral/time-domain proxy,88.16507037765358,1.8029495770097537,446.3294911351452,0.14755837040787714,0.8336986980763785,0.4247284003848661,0.46866182295637393
subtle_modulation,vibrato_depth_1_rate_5.5,1 st / 5.5 Hz,1.0,5.5,12,psola,PSOLA,local pitch-synchronous overlap-add,0.6357905134116953,0.4160802544971879,467.89317060741047,4.788728026947673e-05,0.08715796288867736,0.44718982518099626,0.17813189178331434
subtle_modulation,vibrato_depth_1_rate_5.5,1 st / 5.5 Hz,1.0,5.5,-12,phase_vocoder,Phase Vocoder,local phase vocoder,0.7379899353993943,0.4836331117174584,108.79845773051144,0.00022012091610139301,0.12352112910385162,0.07314517763620025,0.06562880921871776
subtle_modulation,vibrato_depth_1_rate_5.5,1 st / 5.5 Hz,1.0,5.5,-12,wsola,WSOLA,local waveform-similarity overlap-add,436.0063147104651,1.9912903690148775,211.65909695521023,0.7337648384928829,0.9350810497132359,0.18028814066340662,0.6163780096231751
subtle_modulation,vibrato_depth_1_rate_5.5,1 st / 5.5 Hz,1.0,5.5,-12,rubber_band,Rubber Band,local hybrid spectral/time-domain proxy,271.3329570776739,1.922070910634569,219.05332901880465,0.45624574339311946,0.8978207653376964,0.18799021152914988,0.514018906753322
subtle_modulation,vibrato_depth_1_rate_5.5,1 st / 5.5 Hz,1.0,5.5,-12,psola,PSOLA,local pitch-synchronous overlap-add,0.7055998956714965,0.4937240546869118,220.3094681804528,0.00016553494879770794,0.12895300351398348,0.189298646638711,0.1061390617004974
subtle_modulation,vibrato_depth_0_rate_8,0 st / 8 Hz,0.0,8.0,3,phase_vocoder,Phase Vocoder,local phase vocoder,0.6567827858967449,0.3346762127651767,48.14976616720389,8.326493059424628e-05,0.04333881412290362,0.009971542251523474,0.01779787376834045
subtle_modulation,vibrato_depth_0_rate_8,0 st / 8 Hz,0.0,8.0,3,wsola,WSOLA,local waveform-similarity overlap-add,181.706505439012,2.014150135363799,265.4122615850279,0.30520095926216656,0.9473862802777316,0.23627917254827344,0.4962888040293905
subtle_modulation,vibrato_depth_0_rate_8,0 st / 8 Hz,0.0,8.0,3,rubber_band,Rubber Band,local hybrid spectral/time-domain proxy,108.76175591720607,1.917680941535495,277.52507137469553,0.18226934985931437,0.8954576798577056,0.24889626632906253,0.4422077653486942
subtle_modulation,vibrato_depth_0_rate_8,0 st / 8 Hz,0.0,8.0,3,psola,PSOLA,local pitch-synchronous overlap-add,0.6959427980035754,0.4901861847950184,766.5642855489966,0.00014926013030479933,0.12704859626578827,0.7582953021319595,0.29516438617601753
subtle_modulation,vibrato_depth_0_rate_8,0 st / 8 Hz,0.0,8.0,7,phase_vocoder,Phase Vocoder,local phase vocoder,0.6557663472745655,0.4129686451447999,120.66605752979024,8.155195691892541e-05,0.08548300830150674,0.0855068527735495,0.057023804343991714
subtle_modulation,vibrato_depth_0_rate_8,0 st / 8 Hz,0.0,8.0,7,wsola,WSOLA,local waveform-similarity overlap-add,289.2623573892146,2.0573470321801905,332.3831875826537,0.48646162665236375,0.9706388265585251,0.30603825145489594,0.5877129015552617
subtle_modulation,vibrato_depth_0_rate_8,0 st / 8 Hz,0.0,8.0,7,rubber_band,Rubber Band,local hybrid spectral/time-domain proxy,173.63493009307143,1.950054179832972,346.167135185492,0.29159817422009526,0.9128839367708088,0.32039605634033586,0.5082927224437467
subtle_modulation,vibrato_depth_0_rate_8,0 st / 8 Hz,0.0,8.0,7,psola,PSOLA,local pitch-synchronous overlap-add,0.6497467451589565,0.4521484525272932,869.554095213382,7.140730112275438e-05,0.1065731872628876,0.8655728132598568,0.32407246927462235
subtle_modulation,vibrato_depth_0_rate_8,0 st / 8 Hz,0.0,8.0,12,phase_vocoder,Phase Vocoder,local phase vocoder,0.6461439556559453,0.4198603218575903,228.20455697712845,6.533562749513478e-05,0.08919274310948529,0.19752242604951994,0.09559350159550012
subtle_modulation,vibrato_depth_0_rate_8,0 st / 8 Hz,0.0,8.0,12,wsola,WSOLA,local waveform-similarity overlap-add,46.499596123107565,1.7912791723268178,435.1260106183861,0.0773407901128994,0.8274166119774858,0.4130584933355726,0.4392719651419859
subtle_modulation,vibrato_depth_0_rate_8,0 st / 8 Hz,0.0,8.0,12,rubber_band,Rubber Band,local hybrid spectral/time-domain proxy,13.320328630959631,1.562923347932316,457.37210899542,0.02142476081187096,0.7044944863953762,0.4362307476971594,0.38738333163480215
subtle_modulation,vibrato_depth_0_rate_8,0 st / 8 Hz,0.0,8.0,12,psola,PSOLA,local pitch-synchronous overlap-add,0.636309829848889,0.3706119753906879,165.47979439104608,4.876246876257699e-05,0.06268274957125355,0.13218628805440244,0.06497260003147286
subtle_modulation,vibrato_depth_0_rate_8,0 st / 8 Hz,0.0,8.0,-12,phase_vocoder,Phase Vocoder,local phase vocoder,0.8870141080799917,0.4739167531888356,110.55128641742743,0.0004712669068361741,0.11829089052148538,0.07497098059261598,0.06457771267364584
subtle_modulation,vibrato_depth_0_rate_8,0 st / 8 Hz,0.0,8.0,-12,wsola,WSOLA,local waveform-similarity overlap-add,409.239829964894,1.9704419123580204,211.05590027981825,0.6886560805712958,0.9238584911725786,0.17965983153003173,0.5973914677579687
subtle_modulation,vibrato_depth_0_rate_8,0 st / 8 Hz,0.0,8.0,-12,rubber_band,Rubber Band,local hybrid spectral/time-domain proxy,261.6178401356519,1.9047637075625297,218.40657200941777,0.43987314674909833,0.8885044354602462,0.1873165285453902,0.5052313702515782
subtle_modulation,vibrato_depth_0_rate_8,0 st / 8 Hz,0.0,8.0,-12,psola,PSOLA,local pitch-synchronous overlap-add,0.7479889569265551,0.3958095639029835,214.99228512542325,0.0002369719686698879,0.07624641122817645,0.18376009708498506,0.08674782676061048
subtle_modulation,vibrato_depth_0.025_rate_8,0.025 st / 8 Hz,0.025,8.0,3,phase_vocoder,Phase Vocoder,local phase vocoder,0.6571147391899539,0.3329073343614803,49.11173649602973,8.382436157246304e-05,0.04238664093505003,0.010973561606560763,0.017814675634394418
subtle_modulation,vibrato_depth_0.025_rate_8,0.025 st / 8 Hz,0.025,8.0,3,wsola,WSOLA,local waveform-similarity overlap-add,300.00003420285657,2.0723093504192027,264.5313615697934,0.504557512930705,0.9786929235645991,0.2353615986495077,0.572870678381604
subtle_modulation,vibrato_depth_0.025_rate_8,0.025 st / 8 Hz,0.025,8.0,3,rubber_band,Rubber Band,local hybrid spectral/time-domain proxy,180.26443029816517,1.9755572978620632,276.6453207586989,0.30277067306465,0.9266120625386524,0.24797988968165538,0.4924542084283193
subtle_modulation,vibrato_depth_0.025_rate_8,0.025 st / 8 Hz,0.025,8.0,3,psola,PSOLA,local pitch-synchronous overlap-add,0.6959474387093223,0.4901332972699294,768.1729432072899,0.00014926795114769716,0.12702012733131743,0.7599709318899025,0.2957134423907892
subtle_modulation,vibrato_depth_0.025_rate_8,0.025 st / 8 Hz,0.025,8.0,7,phase_vocoder,Phase Vocoder,local phase vocoder,0.6558437249822813,0.4138011752002223,120.23953279587646,8.168235926047515e-05,0.08593115261442216,0.08506257083888172,0.05702513527085479
subtle_modulation,vibrato_depth_0.025_rate_8,0.025 st / 8 Hz,0.025,8.0,7,wsola,WSOLA,local waveform-similarity overlap-add,293.0001656289392,2.059080258525125,332.39733232254474,0.49276084332746145,0.9715718085264656,0.3060529850726782,0.5901285456422017
subtle_modulation,vibrato_depth_0.025_rate_8,0.025 st / 8 Hz,0.025,8.0,7,rubber_band,Rubber Band,local hybrid spectral/time-domain proxy,175.85937700397574,1.9517133621760483,346.15155090731525,0.29534696821255285,0.913777061440959,0.32037982325299474,0.5098346176355023
subtle_modulation,vibrato_depth_0.025_rate_8,0.025 st / 8 Hz,0.025,8.0,7,psola,PSOLA,local pitch-synchronous overlap-add,0.6497488581738843,0.4518274728926809,870.4921885835129,7.14108621237513e-05,0.10640040647632465,0.8665499616037674,0.3243405929807386
subtle_modulation,vibrato_depth_0.025_rate_8,0.025 st / 8 Hz,0.025,8.0,12,phase_vocoder,Phase Vocoder,local phase vocoder,0.6462933139192558,0.4237438846105379,227.88536952483076,6.558733651883757e-05,0.091283234077647,0.1971899500931381,0.09617959050243464
subtle_modulation,vibrato_depth_0.025_rate_8,0.025 st / 8 Hz,0.025,8.0,12,wsola,WSOLA,local waveform-similarity overlap-add,59.266314106633104,1.824637010234098,433.7212014931487,0.09885615892005348,0.845372871036167,0.41159519879161405,0.45194140958261153
subtle_modulation,vibrato_depth_0.025_rate_8,0.025 st / 8 Hz,0.025,8.0,12,rubber_band,Rubber Band,local hybrid spectral/time-domain proxy,35.63017772277759,1.6838373687011974,449.8424652049221,0.05902288367021431,0.7695815429002862,0.4283876276044386,0.41899735139164634
subtle_modulation,vibrato_depth_0.025_rate_8,0.025 st / 8 Hz,0.025,8.0,12,psola,PSOLA,local pitch-synchronous overlap-add,0.6363102963554971,0.3706417084100897,241.6263310510956,4.876325495224122e-05,0.0626987546193163,0.2115029792932653,0.09141683238917796
subtle_modulation,vibrato_depth_0.025_rate_8,0.025 st / 8 Hz,0.025,8.0,-12,phase_vocoder,Phase Vocoder,local phase vocoder,0.8870170340513028,0.4741183751299824,110.67615687313608,0.000471271837888302,0.11839942201016307,0.07510104969115576,0.06465724784640238
subtle_modulation,vibrato_depth_0.025_rate_8,0.025 st / 8 Hz,0.025,8.0,-12,wsola,WSOLA,local waveform-similarity overlap-add,354.4010645071763,1.954513209875987,211.18053060656132,0.596237945755883,0.9152841972081119,0.17978965050248755,0.5637705978221609
subtle_modulation,vibrato_depth_0.025_rate_8,0.025 st / 8 Hz,0.025,8.0,-12,rubber_band,Rubber Band,local hybrid spectral/time-domain proxy,228.2954820868686,1.889902105369776,218.53646614595684,0.38371597120337303,0.8805045531015064,0.1874518304720898,0.4838907849256564
subtle_modulation,vibrato_depth_0.025_rate_8,0.025 st / 8 Hz,0.025,8.0,-12,psola,PSOLA,local pitch-synchronous overlap-add,0.7479839897955559,0.3960223251881479,215.00156582211744,0.00023696359771225423,0.07636093893721708,0.18376976415832105,0.08678922223108347
subtle_modulation,vibrato_depth_0.05_rate_8,0.05 st / 8 Hz,0.05,8.0,3,phase_vocoder,Phase Vocoder,local phase vocoder,0.6566877704326471,0.3342195613221096,48.98172193657382,8.310480386824796e-05,0.04309300228000108,0.010838134243462694,0.018004747109110677
subtle_modulation,vibrato_depth_0.05_rate_8,0.05 st / 8 Hz,0.05,8.0,3,wsola,WSOLA,local waveform-similarity overlap-add,205.65537390781364,2.028685310618542,265.1590554339847,0.3455612725615756,0.9552104496097772,0.23601542484571228,0.5122623823390217
subtle_modulation,vibrato_depth_0.05_rate_8,0.05 st / 8 Hz,0.05,8.0,3,rubber_band,Rubber Band,local hybrid spectral/time-domain proxy,123.237622300586,1.932006593845079,277.2654612608596,0.20666509545684456,0.9031690646534014,0.24862584805208246,0.4528200027207761
subtle_modulation,vibrato_depth_0.05_rate_8,0.05 st / 8 Hz,0.05,8.0,3,psola,PSOLA,local pitch-synchronous overlap-add,0.6959482447264836,0.489920154138366,770.6148372589029,0.00014926930950436438,0.12690539407739465,0.7625144875790402,0.29652305032197973
subtle_modulation,vibrato_depth_0.05_rate_8,0.05 st / 8 Hz,0.05,8.0,7,phase_vocoder,Phase Vocoder,local phase vocoder,0.6561509833977023,0.4161031094097873,120.07975145524654,8.220017269815079e-05,0.08717026550650706,0.08489613743538953,0.057382867704864914
subtle_modulation,vibrato_depth_0.05_rate_8,0.05 st / 8 Hz,0.05,8.0,7,wsola,WSOLA,local waveform-similarity overlap-add,297.2782994230634,2.0612047707755092,332.6126496710481,0.49997065453388967,0.9727154165878535,0.30627726657514304,0.5929877792322954
subtle_modulation,vibrato_depth_0.05_rate_8,0.05 st / 8 Hz,0.05,8.0,7,rubber_band,Rubber Band,local hybrid spectral/time-domain proxy,178.75874821634457,1.9539201324376871,346.34335584435735,0.3002331919877987,0.9149649483361206,0.32057961346850217,0.5119259179308072
subtle_modulation,vibrato_depth_0.05_rate_8,0.05 st / 8 Hz,0.05,8.0,7,psola,PSOLA,local pitch-synchronous overlap-add,0.6497534232139012,0.4519183130632943,874.5176872002361,7.141855544945252e-05,0.1064493050182806,0.8707430509400632,0.3257545915045978
subtle_modulation,vibrato_depth_0.05_rate_8,0.05 st / 8 Hz,0.05,8.0,12,phase_vocoder,Phase Vocoder,local phase vocoder,0.6467530930213544,0.4288116638868113,227.62888968578673,6.6362188517937e-05,0.0940111793896278,0.19692279241145305,0.09700011132986626
subtle_modulation,vibrato_depth_0.05_rate_8,0.05 st / 8 Hz,0.05,8.0,12,wsola,WSOLA,local waveform-similarity overlap-add,84.13089156645565,1.8665272356611275,432.5903457082567,0.1407596892535715,0.8679220464918738,0.4104172628924883,0.47303299954597783
subtle_modulation,vibrato_depth_0.05_rate_8,0.05 st / 8 Hz,0.05,8.0,12,rubber_band,Rubber Band,local hybrid spectral/time-domain proxy,35.94914198787766,1.684816004593647,449.8831166452859,0.05956042462700419,0.7701083348242052,0.42842997145729356,0.41936624363616765
subtle_modulation,vibrato_depth_0.05_rate_8,0.05 st / 8 Hz,0.05,8.0,12,psola,PSOLA,local pitch-synchronous overlap-add,0.636311556995194,0.3707730709027656,279.56645032184866,4.8765379470699924e-05,0.06276946600521725,0.25102263255338236,0.1046136213126901
subtle_modulation,vibrato_depth_0.05_rate_8,0.05 st / 8 Hz,0.05,8.0,-12,phase_vocoder,Phase Vocoder,local phase vocoder,0.8868869838498432,0.474056687331627,110.58428456855724,0.00047105266816500587,0.11836621595852662,0.07500535253229199,0.06461420705299453
subtle_modulation,vibrato_depth_0.05_rate_8,0.05 st / 8 Hz,0.05,8.0,-12,wsola,WSOLA,local waveform-similarity overlap-add,411.79251932224304,1.9712331158526069,211.0525236862796,0.6929580517626649,0.9242843897262084,0.17965631436117693,0.5989662519500167
subtle_modulation,vibrato_depth_0.05_rate_8,0.05 st / 8 Hz,0.05,8.0,-12,rubber_band,Rubber Band,local hybrid spectral/time-domain proxy,263.1466739216864,1.90549957543319,218.4124547048552,0.4424496447021209,0.8889005472872555,0.18732265615090093,0.5062242827134258
subtle_modulation,vibrato_depth_0.05_rate_8,0.05 st / 8 Hz,0.05,8.0,-12,psola,PSOLA,local pitch-synchronous overlap-add,0.7479109485162093,0.3966149417125609,215.03763683729443,0.0002368405034240185,0.07667993970292597,0.1838073368924066,0.08690803903291887
subtle_modulation,vibrato_depth_0.1_rate_8,0.1 st / 8 Hz,0.1,8.0,3,phase_vocoder,Phase Vocoder,local phase vocoder,0.6555569000551595,0.3335243060305039,47.94616399560444,8.119898177081238e-05,0.04271875188155826,0.009759463655586638,0.01751980483963857
subtle_modulation,vibrato_depth_0.1_rate_8,0.1 st / 8 Hz,0.1,8.0,3,wsola,WSOLA,local waveform-similarity overlap-add,232.6094609655487,2.042889391182235,264.93087535961763,0.3909861910610411,0.9628563933007616,0.23577774511267027,0.5298734431581577
subtle_modulation,vibrato_depth_0.1_rate_8,0.1 st / 8 Hz,0.1,8.0,3,rubber_band,Rubber Band,local hybrid spectral/time-domain proxy,139.49772185517332,1.9461207463903525,277.02945210170975,0.23406775596907894,0.9107666008067071,0.2483800132915417,0.4644047900224426
subtle_modulation,vibrato_depth_0.1_rate_8,0.1 st / 8 Hz,0.1,8.0,3,psola,PSOLA,local pitch-synchronous overlap-add,0.6959390211839717,0.48948821843451,776.0897297797399,0.00014925376534343673,0.12667288652049935,0.7682173124045456,0.2983464842301295
subtle_modulation,vibrato_depth_0.1_rate_8,0.1 st / 8 Hz,0.1,8.0,7,phase_vocoder,Phase Vocoder,local phase vocoder,0.657352952067915,0.4215074451233445,119.45725493294172,8.42258146264555e-05,0.09007937647414373,0.08424772495830807,0.05813710908235942
subtle_modulation,vibrato_depth_0.1_rate_8,0.1 st / 8 Hz,0.1,8.0,7,wsola,WSOLA,local waveform-similarity overlap-add,250.03315659200044,2.039848918197334,331.99069799794114,0.42034982530677734,0.9612197308549053,0.30562942163057844,0.5623996592640871
subtle_modulation,vibrato_depth_0.1_rate_8,0.1 st / 8 Hz,0.1,8.0,7,rubber_band,Rubber Band,local hybrid spectral/time-domain proxy,149.77828809515935,1.932250732952324,345.77123075426533,0.2513932874396656,0.903300482794716,0.31998366950162915,0.4915591465786702
subtle_modulation,vibrato_depth_0.1_rate_8,0.1 st / 8 Hz,0.1,8.0,7,psola,PSOLA,local pitch-synchronous overlap-add,0.6497694940036846,0.4531182484936971,882.622219153676,7.144563907185712e-05,0.10709522072486481,0.8791849931055531,0.3287838864898299
subtle_modulation,vibrato_depth_0.1_rate_8,0.1 st / 8 Hz,0.1,8.0,12,phase_vocoder,Phase Vocoder,local phase vocoder,0.648592898075904,0.4400505008452997,227.1476725217726,6.946275706914817e-05,0.10006095601201653,0.19642154107565885,0.0988506532815815
subtle_modulation,vibrato_depth_0.1_rate_8,0.1 st / 8 Hz,0.1,8.0,12,wsola,WSOLA,local waveform-similarity overlap-add,85.72497279955418,1.8690277148392225,432.59154530714295,0.14344614678188347,0.8692680345627287,0.4104185124334215,0.4743775645926778
subtle_modulation,vibrato_depth_0.1_rate_8,0.1 st / 8 Hz,0.1,8.0,12,rubber_band,Rubber Band,local hybrid spectral/time-domain proxy,41.42977621484338,1.7007095971753818,449.41288374926296,0.06879677392542553,0.7786637294083509,0.427940161689704,0.4251335550078268
subtle_modulation,vibrato_depth_0.1_rate_8,0.1 st / 8 Hz,0.1,8.0,12,psola,PSOLA,local pitch-synchronous overlap-add,0.6363159713735492,0.3711676382891239,320.90458054778685,4.877281889079903e-05,0.0629818584937607,0.29408176374093215,0.11903746501786122
subtle_modulation,vibrato_depth_0.1_rate_8,0.1 st / 8 Hz,0.1,8.0,-12,phase_vocoder,Phase Vocoder,local phase vocoder,0.8863406736210122,0.4743309890557806,110.64163696338984,0.000470131987840463,0.11851387039682791,0.07506509263856964,0.06468303167441268
subtle_modulation,vibrato_depth_0.1_rate_8,0.1 st / 8 Hz,0.1,8.0,-12,wsola,WSOLA,local waveform-similarity overlap-add,419.11290072680623,1.97333229693606,211.02893054072217,0.7052948720739973,0.9254143622217382,0.17963173897897813,0.6034469910915713
subtle_modulation,vibrato_depth_0.1_rate_8,0.1 st / 8 Hz,0.1,8.0,-12,rubber_band,Rubber Band,local hybrid spectral/time-domain proxy,267.5392603235273,1.9074555751416409,218.4052716712876,0.44985233947260556,0.8899534463864499,0.18731517407120787,0.5090403199767545
subtle_modulation,vibrato_depth_0.1_rate_8,0.1 st / 8 Hz,0.1,8.0,-12,psola,PSOLA,local pitch-synchronous overlap-add,0.7475468582734265,0.3991968863413306,215.22344432625667,0.0002362269130037815,0.07806977997849253,0.1840008799723458,0.08743562895461403
subtle_modulation,vibrato_depth_0.2_rate_8,0.2 st / 8 Hz,0.2,8.0,3,phase_vocoder,Phase Vocoder,local phase vocoder,0.657767136303074,0.3243088516833665,48.17242063323408,8.492382695703688e-05,0.03775814603951914,0.009995139874818147,0.015946069913764776
subtle_modulation,vibrato_depth_0.2_rate_8,0.2 st / 8 Hz,0.2,8.0,3,wsola,WSOLA,local waveform-similarity overlap-add,352.13586144067807,2.0900710384218533,264.2247772990294,0.5924204666307314,0.9882538990685138,0.23504225057394862,0.6052388720910646
subtle_modulation,vibrato_depth_0.2_rate_8,0.2 st / 8 Hz,0.2,8.0,3,rubber_band,Rubber Band,local hybrid spectral/time-domain proxy,211.45440443017264,1.9929710119557456,276.313101173791,0.3553342056343905,0.9359857264526352,0.24763383903515931,0.5129845903740616
subtle_modulation,vibrato_depth_0.2_rate_8,0.2 st / 8 Hz,0.2,8.0,3,psola,PSOLA,local pitch-synchronous overlap-add,0.695901977967173,0.4882387754819074,782.437065365255,0.00014919133751568534,0.12600032130813948,0.7748289020960553,0.3003261382472368
subtle_modulation,vibrato_depth_0.2_rate_8,0.2 st / 8 Hz,0.2,8.0,7,phase_vocoder,Phase Vocoder,local phase vocoder,0.6620307191637193,0.4343392220964336,119.23072697202797,9.210911590953167e-05,0.09698662004767643,0.08401176611998322,0.0603634984278564
subtle_modulation,vibrato_depth_0.2_rate_8,0.2 st / 8 Hz,0.2,8.0,7,wsola,WSOLA,local waveform-similarity overlap-add,187.67550017762736,2.005309856515846,331.4179611247931,0.3152603279562189,0.9426276284254728,0.3050328404107207,0.5209735989308041
subtle_modulation,vibrato_depth_0.2_rate_8,0.2 st / 8 Hz,0.2,8.0,7,rubber_band,Rubber Band,local hybrid spectral/time-domain proxy,148.82735479995,1.93164275797065,345.70607071486296,0.24979070793694352,0.9029732146935135,0.31991579670067083,0.49089323977704263
subtle_modulation,vibrato_depth_0.2_rate_8,0.2 st / 8 Hz,0.2,8.0,7,psola,PSOLA,local pitch-synchronous overlap-add,0.6498290599670395,0.4562088801102339,894.5944922918162,7.154602381221011e-05,0.10875888316353186,0.8916556993724003,0.3334953761865815
subtle_modulation,vibrato_depth_0.2_rate_8,0.2 st / 8 Hz,0.2,8.0,12,phase_vocoder,Phase Vocoder,local phase vocoder,0.6557842142896589,0.4655984300314896,226.72202515693053,8.158206766623841e-05,0.11381320326962269,0.19597817303694506,0.10329098612474467
subtle_modulation,vibrato_depth_0.2_rate_8,0.2 st / 8 Hz,0.2,8.0,12,wsola,WSOLA,local waveform-similarity overlap-add,110.34507655314953,1.8993026104216904,431.81753594147256,0.1849376728743806,0.885564770267373,0.40961227928657534,0.49337157414277627
subtle_modulation,vibrato_depth_0.2_rate_8,0.2 st / 8 Hz,0.2,8.0,12,rubber_band,Rubber Band,local hybrid spectral/time-domain proxy,65.32817928802604,1.751829305957055,447.9594560560666,0.10907203939968937,0.8061810624093524,0.42642622447554107,0.4472264420948609
subtle_modulation,vibrato_depth_0.2_rate_8,0.2 st / 8 Hz,0.2,8.0,12,psola,PSOLA,local pitch-synchronous overlap-add,0.6363323068465795,0.3722634650286437,366.5801656456512,4.8800348575980363e-05,0.0635717333193696,0.3416589279727815,0.13509315388024237
subtle_modulation,vibrato_depth_0.2_rate_8,0.2 st / 8 Hz,0.2,8.0,-12,phase_vocoder,Phase Vocoder,local phase vocoder,0.8835015112960443,0.4758223265037501,110.95764335471966,0.00046534723230627726,0.11931664549376574,0.07539425509913582,0.06505874927506927
subtle_modulation,vibrato_depth_0.2_rate_8,0.2 st / 8 Hz,0.2,8.0,-12,wsola,WSOLA,local waveform-similarity overlap-add,491.65457199819946,1.991772112419682,210.87516551685363,0.8275471857309137,0.9353403683597419,0.17947157236528216,0.6474530421519793
subtle_modulation,vibrato_depth_0.2_rate_8,0.2 st / 8 Hz,0.2,8.0,-12,rubber_band,Rubber Band,local hybrid spectral/time-domain proxy,309.544509313487,1.9237919394403535,218.22078402053472,0.5206425319889242,0.8987471814672434,0.1871230057773631,0.5355042397445103
subtle_modulation,vibrato_depth_0.2_rate_8,0.2 st / 8 Hz,0.2,8.0,-12,psola,PSOLA,local pitch-synchronous overlap-add,0.7458768994538109,0.4086675584429628,215.6234373972888,0.00023341258124340625,0.08316776750962138,0.18441752567028968,0.08927290192038483
subtle_modulation,vibrato_depth_0.35_rate_8,0.35 st / 8 Hz,0.35,8.0,3,phase_vocoder,Phase Vocoder,local phase vocoder,0.6681968990731609,0.3252458183007263,47.633754463787334,0.00010250079488717488,0.03826250772379296,0.00943404780002593,0.01593301877290202
subtle_modulation,vibrato_depth_0.35_rate_8,0.35 st / 8 Hz,0.35,8.0,3,wsola,WSOLA,local waveform-similarity overlap-add,375.5239171026453,2.097489444041715,264.00925520998356,0.6318356588437041,0.9922471678613793,0.23481775580712394,0.6196335275040692
subtle_modulation,vibrato_depth_0.35_rate_8,0.35 st / 8 Hz,0.35,8.0,3,rubber_band,Rubber Band,local hybrid spectral/time-domain proxy,225.25612008340505,2.000118794620604,276.11642064450194,0.3785938251257865,0.939833321059399,0.24742897024534213,0.5219520388101758
subtle_modulation,vibrato_depth_0.35_rate_8,0.35 st / 8 Hz,0.35,8.0,3,psola,PSOLA,local pitch-synchronous overlap-add,0.6959933581843015,0.4914980529978855,787.7582366713646,0.00014934533786845687,0.12775476449428688,0.7803716059408806,0.3027585719243453
subtle_modulation,vibrato_depth_0.35_rate_8,0.35 st / 8 Hz,0.35,8.0,7,phase_vocoder,Phase Vocoder,local phase vocoder,0.6711722693281331,0.4511397003538531,118.23548763779448,0.00010751509758080143,0.10603018398423851,0.08297509269470865,0.06303759725884266
subtle_modulation,vibrato_depth_0.35_rate_8,0.35 st / 8 Hz,0.35,8.0,7,wsola,WSOLA,local waveform-similarity overlap-add,157.1876976923465,1.9847827908017432,330.97026479477995,0.26388014430706586,0.9315780720752828,0.3045665054579577,0.5000082406134355
subtle_modulation,vibrato_depth_0.35_rate_8,0.35 st / 8 Hz,0.35,8.0,7,rubber_band,Rubber Band,local hybrid spectral/time-domain proxy,93.19489648515123,1.8764945574688816,344.77239838239655,0.1560349862364959,0.8732873766130509,0.31894325345234004,0.4494218721006289
subtle_modulation,vibrato_depth_0.35_rate_8,0.35 st / 8 Hz,0.35,8.0,7,psola,PSOLA,local pitch-synchronous overlap-add,0.6499827749820938,0.4652247414333078,893.7644222947523,7.180507513960348e-05,0.11361204966683587,0.8907910716617837,0.3348249754679197
subtle_modulation,vibrato_depth_0.35_rate_8,0.35 st / 8 Hz,0.35,8.0,12,phase_vocoder,Phase Vocoder,local phase vocoder,0.6720537518753102,0.4961619930654348,226.71388042148268,0.00010900063381055593,0.13026532636942567,0.1959696892175217,0.10878133874025264
subtle_modulation,vibrato_depth_0.35_rate_8,0.35 st / 8 Hz,0.35,8.0,12,wsola,WSOLA,local waveform-similarity overlap-add,127.48682089731555,1.9178221813686969,430.9024068401202,0.2138261430386469,0.8955337081375189,0.4086590512665051,0.5060063008142236
subtle_modulation,vibrato_depth_0.35_rate_8,0.35 st / 8 Hz,0.35,8.0,12,rubber_band,Rubber Band,local hybrid spectral/time-domain proxy,88.87992144627552,1.7887550593723132,446.97444319227606,0.1487630875797796,0.8260579020326017,0.4254002032720768,0.4667403976281527
subtle_modulation,vibrato_depth_0.35_rate_8,0.35 st / 8 Hz,0.35,8.0,12,psola,PSOLA,local pitch-synchronous overlap-add,0.63637520698853,0.3776957395967831,414.48821768659866,4.8872646904895885e-05,0.06649588355040444,0.3915615018554468,0.15270208601758536
subtle_modulation,vibrato_depth_0.35_rate_8,0.35 st / 8 Hz,0.35,8.0,-12,phase_vocoder,Phase Vocoder,local phase vocoder,0.8684750591065525,0.4822063632536877,112.19309713203036,0.00044002360088141336,0.12275312174383474,0.07668114364447201,0.06662476299639605
subtle_modulation,vibrato_depth_0.35_rate_8,0.35 st / 8 Hz,0.35,8.0,-12,wsola,WSOLA,local waveform-similarity overlap-add,593.697281586908,2.0141695777002004,210.74870892638563,0.999516718833743,0.9473967459329128,0.17933985109756317,0.708751105288073
subtle_modulation,vibrato_depth_0.35_rate_8,0.35 st / 8 Hz,0.35,8.0,-12,rubber_band,Rubber Band,local hybrid spectral/time-domain proxy,353.6887522306456,1.939254615547347,218.0909781348784,0.5950375071345241,0.9070706171374268,0.18698779577563246,0.5630319733491944
subtle_modulation,vibrato_depth_0.35_rate_8,0.35 st / 8 Hz,0.35,8.0,-12,psola,PSOLA,local pitch-synchronous overlap-add,0.7408892342448163,0.4264818206659684,216.25225936825348,0.00022500701791878315,0.09275704329855827,0.18507252693893422,0.09268485908513709
subtle_modulation,vibrato_depth_0.5_rate_8,0.5 st / 8 Hz,0.5,8.0,3,phase_vocoder,Phase Vocoder,local phase vocoder,0.6840958047340213,0.337650890382917,46.375199900626974,0.00012929474610979738,0.044940059445477375,0.008123096730260137,0.017730816973949102
subtle_modulation,vibrato_depth_0.5_rate_8,0.5 st / 8 Hz,0.5,8.0,3,wsola,WSOLA,local waveform-similarity overlap-add,390.3052365369227,2.1037347005338525,264.0443630451475,0.6567461753519577,0.9956089398015283,0.23485432526180836,0.6290698134717647
subtle_modulation,vibrato_depth_0.5_rate_8,0.5 st / 8 Hz,0.5,8.0,3,rubber_band,Rubber Band,local hybrid spectral/time-domain proxy,217.4073412792268,1.9982129536245248,276.3558794982915,0.3653665124463977,0.9388074219964748,0.24767839831920488,0.5172841109206924
subtle_modulation,vibrato_depth_0.5_rate_8,0.5 st / 8 Hz,0.5,8.0,3,psola,PSOLA,local pitch-synchronous overlap-add,0.6965827077289367,0.4981594091529278,792.9100171063563,0.00015033855106745737,0.13134051957633233,0.7857378667849808,0.30574290830412687
subtle_modulation,vibrato_depth_0.5_rate_8,0.5 st / 8 Hz,0.5,8.0,7,phase_vocoder,Phase Vocoder,local phase vocoder,0.6763342836622075,0.4634540741616622,117.2502626020667,0.00011621448628263879,0.11265891354558093,0.08194885048610383,0.06490799283932247
subtle_modulation,vibrato_depth_0.5_rate_8,0.5 st / 8 Hz,0.5,8.0,7,wsola,WSOLA,local waveform-similarity overlap-add,44.59752126518035,1.7047186930661826,317.7704808686808,0.07413528012043867,0.7808217938670371,0.29081718431994985,0.38192475276914184
subtle_modulation,vibrato_depth_0.5_rate_8,0.5 st / 8 Hz,0.5,8.0,7,rubber_band,Rubber Band,local hybrid spectral/time-domain proxy,30.1590907529971,1.711239258339267,337.96810269472337,0.049802624079398485,0.7843317623361563,0.31185567936388836,0.38199668859314767
subtle_modulation,vibrato_depth_0.5_rate_8,0.5 st / 8 Hz,0.5,8.0,7,psola,PSOLA,local pitch-synchronous overlap-add,0.6502192827139692,0.4760604618772056,886.3091668224821,7.220365456178623e-05,0.11944483187289161,0.8830254368432124,0.33418082412355526
subtle_modulation,vibrato_depth_0.5_rate_8,0.5 st / 8 Hz,0.5,8.0,12,phase_vocoder,Phase Vocoder,local phase vocoder,0.6945385332867485,0.5181979396274909,227.0379833615516,0.00014689356488646773,0.14212710128935166,0.1963072853046795,0.11286042671963921
subtle_modulation,vibrato_depth_0.5_rate_8,0.5 st / 8 Hz,0.5,8.0,12,wsola,WSOLA,local waveform-similarity overlap-add,95.46275406589308,1.8869985463457168,429.6194502762196,0.15985693893528077,0.8789415903527488,0.40732268228486546,0.48204040385763164
subtle_modulation,vibrato_depth_0.5_rate_8,0.5 st / 8 Hz,0.5,8.0,12,rubber_band,Rubber Band,local hybrid spectral/time-domain proxy,80.5662339117128,1.7806936393583734,446.5202818160475,0.13475227809183,0.8217185037012863,0.42492713411842953,0.4604659719705153
subtle_modulation,vibrato_depth_0.5_rate_8,0.5 st / 8 Hz,0.5,8.0,12,psola,PSOLA,local pitch-synchronous overlap-add,0.6364398075952219,0.388325770256572,454.0213207761146,4.898151637941044e-05,0.07221794458024217,0.43274045849616805,0.1683357948642632
subtle_modulation,vibrato_depth_0.5_rate_8,0.5 st / 8 Hz,0.5,8.0,-12,phase_vocoder,Phase Vocoder,local phase vocoder,0.8450607441249031,0.4849451002223765,112.027570058593,0.00040056415462066453,0.1242273620899883,0.07650872530016677,0.06704555051492524
subtle_modulation,vibrato_depth_0.5_rate_8,0.5 st / 8 Hz,0.5,8.0,-12,wsola,WSOLA,local waveform-similarity overlap-add,588.9242574655692,2.0172637983437514,211.39756684042544,0.9914728837283883,0.9490623403163003,0.18001572245144434,0.706850315498711
subtle_modulation,vibrato_depth_0.5_rate_8,0.5 st / 8 Hz,0.5,8.0,-12,rubber_band,Rubber Band,local hybrid spectral/time-domain proxy,370.498872838855,1.9477723780468357,218.58144128044503,0.6233671017135758,0.9116556610022679,0.18749867802435016,0.5741738135800646
subtle_modulation,vibrato_depth_0.5_rate_8,0.5 st / 8 Hz,0.5,8.0,-12,psola,PSOLA,local pitch-synchronous overlap-add,0.7331504690906374,0.4450340980480513,217.11704528683407,0.00021196510796048606,0.10274358678279547,0.18597331587432595,0.09630962258836062
subtle_modulation,vibrato_depth_0.75_rate_8,0.75 st / 8 Hz,0.75,8.0,3,phase_vocoder,Phase Vocoder,local phase vocoder,0.7211642480663002,0.3529847444927025,45.37181359272203,0.00019176508738546718,0.05319415125828153,0.007077937154156213,0.020154617833274404
subtle_modulation,vibrato_depth_0.75_rate_8,0.75 st / 8 Hz,0.75,8.0,3,wsola,WSOLA,local waveform-similarity overlap-add,360.137854863851,2.1061329843375276,265.2155515721621,0.6059059873349683,0.9968999169144555,0.2360742730474107,0.6129600590989449
subtle_modulation,vibrato_depth_0.75_rate_8,0.75 st / 8 Hz,0.75,8.0,3,rubber_band,Rubber Band,local hybrid spectral/time-domain proxy,181.4598203096811,1.9892088428296508,277.74340154183403,0.3047852281757868,0.9339605807091221,0.24912368608069702,0.4959564983218687
subtle_modulation,vibrato_depth_0.75_rate_8,0.75 st / 8 Hz,0.75,8.0,3,psola,PSOLA,local pitch-synchronous overlap-add,0.6990749759477495,0.5060993438484614,796.4590483651888,0.0001545386963172624,0.1356145233261646,0.7894346523369042,0.30840123811979536
subtle_modulation,vibrato_depth_0.75_rate_8,0.75 st / 8 Hz,0.75,8.0,7,phase_vocoder,Phase Vocoder,local phase vocoder,0.705541137566603,0.4939876394872283,113.861192634574,0.0001654359255171103,0.1290948891173481,0.07841868578014217,0.06922633694100246
subtle_modulation,vibrato_depth_0.75_rate_8,0.75 st / 8 Hz,0.75,8.0,7,wsola,WSOLA,local waveform-similarity overlap-add,188.46215263617975,2.0289883176693326,334.9089381695547,0.31658604986772737,0.9553735558972929,0.3086691548187873,0.5268762535279358
subtle_modulation,vibrato_depth_0.75_rate_8,0.75 st / 8 Hz,0.75,8.0,7,rubber_band,Rubber Band,local hybrid spectral/time-domain proxy,37.928210774710664,1.7881444738828431,352.69786239251954,0.06289569019003971,0.8257292287157977,0.32719867266624436,0.4052745305240273
subtle_modulation,vibrato_depth_0.75_rate_8,0.75 st / 8 Hz,0.75,8.0,7,psola,PSOLA,local pitch-synchronous overlap-add,0.6509013777240803,0.4875505710277594,882.2232881555437,7.335316892585354e-05,0.1256298663194688,0.8787694536970343,0.334824224395143
subtle_modulation,vibrato_depth_0.75_rate_8,0.75 st / 8 Hz,0.75,8.0,12,phase_vocoder,Phase Vocoder,local phase vocoder,0.7406737780113697,0.5472519930247361,224.89379703880783,0.00022464391595864062,0.15776666734743328,0.19407383159845357,0.11735504762061516
subtle_modulation,vibrato_depth_0.75_rate_8,0.75 st / 8 Hz,0.75,8.0,12,wsola,WSOLA,local waveform-similarity overlap-add,37.23263278818421,1.7630176332523455,425.1264240898773,0.06172345336820608,0.81220365008143,0.4026426011363132,0.4255232348619831
subtle_modulation,vibrato_depth_0.75_rate_8,0.75 st / 8 Hz,0.75,8.0,12,rubber_band,Rubber Band,local hybrid spectral/time-domain proxy,44.76348845110259,1.7266841085633169,445.5458097758164,0.07441497966574158,0.7926456024752092,0.42391209257713164,0.4303242249060275
subtle_modulation,vibrato_depth_0.75_rate_8,0.75 st / 8 Hz,0.75,8.0,12,psola,PSOLA,local pitch-synchronous overlap-add,0.6365884307256052,0.4038221257468156,486.11631128141016,4.923198650553036e-05,0.08055950959478707,0.466171636904028,0.18226012616177353
subtle_modulation,vibrato_depth_0.75_rate_8,0.75 st / 8 Hz,0.75,8.0,-12,phase_vocoder,Phase Vocoder,local phase vocoder,0.8178398761724289,0.4890223234728664,109.68869171183977,0.00035468963824111577,0.1264220989650031,0.07407247409542855,0.06694975423289092
subtle_modulation,vibrato_depth_0.75_rate_8,0.75 st / 8 Hz,0.75,8.0,-12,wsola,WSOLA,local waveform-similarity overlap-add,593.9840493579676,2.035051912718038,212.85729894321017,1.0,0.9586375409260627,0.18153622654219412,0.7133912558227523
subtle_modulation,vibrato_depth_0.75_rate_8,0.75 st / 8 Hz,0.75,8.0,-12,rubber_band,Rubber Band,local hybrid spectral/time-domain proxy,322.68354131758673,1.9508752063064432,220.0862343695019,0.5427853505035962,0.9133258887969761,0.18906611909335047,0.5483924527979742
subtle_modulation,vibrato_depth_0.75_rate_8,0.75 st / 8 Hz,0.75,8.0,-12,psola,PSOLA,local pitch-synchronous overlap-add,0.7171582557907124,0.4767340923759708,219.62086456304635,0.00018501390815842505,0.11980744181719549,0.18858137487687593,0.10285794353407662
subtle_modulation,vibrato_depth_1_rate_8,1 st / 8 Hz,1.0,8.0,3,phase_vocoder,Phase Vocoder,local phase vocoder,0.75282063691471,0.3612842224198729,45.521979824829394,0.00024511465475705966,0.05766169427249926,0.007234355150154348,0.02171372135913689
subtle_modulation,vibrato_depth_1_rate_8,1 st / 8 Hz,1.0,8.0,3,wsola,WSOLA,local waveform-similarity overlap-add,71.59629161919533,1.876966022694733,269.7711411823509,0.11963550204559452,0.8735411625975046,0.2408195222783175,0.4113320623071388
subtle_modulation,vibrato_depth_1_rate_8,1 st / 8 Hz,1.0,8.0,3,rubber_band,Rubber Band,local hybrid spectral/time-domain proxy,33.13751827990305,1.6553385793908482,253.34745989247727,0.05482207910217365,0.754240871087629,0.22371208555154845,0.34425834524711707
subtle_modulation,vibrato_depth_1_rate_8,1 st / 8 Hz,1.0,8.0,3,psola,PSOLA,local pitch-synchronous overlap-add,0.7044737589569289,0.5258673848618234,818.7186539879747,0.00016363710420111974,0.14625550271173476,0.8126209762817945,0.3196800386992435
subtle_modulation,vibrato_depth_1_rate_8,1 st / 8 Hz,1.0,8.0,7,phase_vocoder,Phase Vocoder,local phase vocoder,0.8049915832242068,0.5347703613479605,114.3071088321622,0.00033303679358048533,0.1510479042043847,0.07888316648949356,0.07675470249581957
subtle_modulation,vibrato_depth_1_rate_8,1 st / 8 Hz,1.0,8.0,7,wsola,WSOLA,local waveform-similarity overlap-add,117.90950363592826,1.9690042917201336,334.87631156564805,0.19768577608389984,0.9230846314076335,0.30863516989469564,0.4764685257954097
subtle_modulation,vibrato_depth_1_rate_8,1 st / 8 Hz,1.0,8.0,7,rubber_band,Rubber Band,local hybrid spectral/time-domain proxy,37.87686523820764,1.7680037977316772,341.18303556389515,0.06280915908972957,0.8148876627967904,0.3152044572456217,0.39763375971071385
subtle_modulation,vibrato_depth_1_rate_8,1 st / 8 Hz,1.0,8.0,7,psola,PSOLA,local pitch-synchronous overlap-add,0.6517452414685955,0.5019841053831784,888.6119134538636,7.477530731017903e-05,0.13339932316312453,0.8854240520865824,0.33963271685233903
subtle_modulation,vibrato_depth_1_rate_8,1 st / 8 Hz,1.0,8.0,12,phase_vocoder,Phase Vocoder,local phase vocoder,0.813058137962806,0.5832680350051954,223.97389000699891,0.0003466311175428394,0.17715381653459078,0.1931156267317478,0.12353869146129381
subtle_modulation,vibrato_depth_1_rate_8,1 st / 8 Hz,1.0,8.0,12,wsola,WSOLA,local waveform-similarity overlap-add,26.779959938568258,1.676973707268098,433.0624409504815,0.044107875764767164,0.7658868884947345,0.41090901254001405,0.4069679255998386
subtle_modulation,vibrato_depth_1_rate_8,1 st / 8 Hz,1.0,8.0,12,rubber_band,Rubber Band,local hybrid spectral/time-domain proxy,35.97026865063068,1.6980391598819633,442.90194653455103,0.05959602876123682,0.7772262542346341,0.42115815925877964,0.41932681408488354
subtle_modulation,vibrato_depth_1_rate_8,1 st / 8 Hz,1.0,8.0,12,psola,PSOLA,local pitch-synchronous overlap-add,0.6366410482924529,0.4286984482671691,480.39171471408986,4.932066132061788e-05,0.093950236321272,0.4602087122811486,0.18473608975458042
subtle_modulation,vibrato_depth_1_rate_8,1 st / 8 Hz,1.0,8.0,-12,phase_vocoder,Phase Vocoder,local phase vocoder,0.7860450342872441,0.5019437151352227,110.75728892010858,0.00030110674009864484,0.1333775814136217,0.07518555945091047,0.06962141586821026
subtle_modulation,vibrato_depth_1_rate_8,1 st / 8 Hz,1.0,8.0,-12,wsola,WSOLA,local waveform-similarity overlap-add,589.8502184611958,2.0284896098638665,211.545048322836,0.9930333781598979,0.9551051054487228,0.18016934392547188,0.7094359425113642
subtle_modulation,vibrato_depth_1_rate_8,1 st / 8 Hz,1.0,8.0,-12,rubber_band,Rubber Band,local hybrid spectral/time-domain proxy,418.8620396628236,1.9729159741770756,218.61095490532864,0.7048721034095757,0.9251902589889949,0.18752942036897813,0.605863927589183
subtle_modulation,vibrato_depth_1_rate_8,1 st / 8 Hz,1.0,8.0,-12,psola,PSOLA,local pitch-synchronous overlap-add,0.7060602081208004,0.5019263451821278,219.27354107997456,0.00016631069963093522,0.13336823130590555,0.1882195915223709,0.10725137784263579
subtle_modulation,vibrato_depth_0_rate_2,0 st / 2 Hz,0.0,2.0,-12,preflight_adaptive_v1,Preflight Adaptive v1,source-only modulation-aware preflight selector,0.8337932615951923,0.3830992050607933,104.2112314342212,0.000381575402580577,0.06940452606962562,0.06836697461155058,0.04605102536125225
subtle_modulation,vibrato_depth_0_rate_2,0 st / 2 Hz,0.0,2.0,3,preflight_adaptive_v1,Preflight Adaptive v1,source-only modulation-aware preflight selector,0.6959427980035754,0.4901861847950184,766.5642855489966,0.00014926013030479933,0.12704859626578827,0.7582953021319595,0.29516438617601753
subtle_modulation,vibrato_depth_0_rate_2,0 st / 2 Hz,0.0,2.0,7,preflight_adaptive_v1,Preflight Adaptive v1,source-only modulation-aware preflight selector,0.6164203664380915,0.3052134802393526,95.7174634974882,1.524334965836296e-05,0.027479259337583873,0.05951959167803547,0.029004698121759237
subtle_modulation,vibrato_depth_0_rate_2,0 st / 2 Hz,0.0,2.0,12,preflight_adaptive_v1,Preflight Adaptive v1,source-only modulation-aware preflight selector,0.6073753183165886,0.3083962598367504,157.2604333960649,0.0,0.029192524302070286,0.12362473625159126,0.05093908685122051
subtle_modulation,vibrato_depth_0.025_rate_2,0.025 st / 2 Hz,0.025,2.0,-12,preflight_adaptive_v1,Preflight Adaptive v1,source-only modulation-aware preflight selector,0.8338045274477077,0.3831638062862436,104.20749131979991,0.0003815943885856027,0.06943930039591492,0.06836307878760686,0.046061324524035795
subtle_modulation,vibrato_depth_0.025_rate_2,0.025 st / 2 Hz,0.025,2.0,3,preflight_adaptive_v1,Preflight Adaptive v1,source-only modulation-aware preflight selector,0.6176026129319986,0.2579829604155199,39.04457650776632,1.7235754391529263e-05,0.0020554458461279146,0.00048728270977865134,0.0008533214367660316
subtle_modulation,vibrato_depth_0.025_rate_2,0.025 st / 2 Hz,0.025,2.0,7,preflight_adaptive_v1,Preflight Adaptive v1,source-only modulation-aware preflight selector,0.6166704386025069,0.3055683061814577,95.67302156782202,1.5664788813887813e-05,0.02767025932250165,0.05947329952913409,0.029053074546816545
subtle_modulation,vibrato_depth_0.025_rate_2,0.025 st / 2 Hz,0.025,2.0,12,preflight_adaptive_v1,Preflight Adaptive v1,source-only modulation-aware preflight selector,0.6076381248178728,0.3075588010661038,155.74626481296528,4.428999534056907e-07,0.02874172690091698,0.12204752936527583,0.05026323305538207
subtle_modulation,vibrato_depth_0.05_rate_2,0.05 st / 2 Hz,0.05,2.0,-12,preflight_adaptive_v1,Preflight Adaptive v1,source-only modulation-aware preflight selector,0.8338085029261603,0.3831663848698348,104.2011756821155,0.0003816010883407944,0.06944068842697068,0.06835650021547263,0.046059596576928034
subtle_modulation,vibrato_depth_0.05_rate_2,0.05 st / 2 Hz,0.05,2.0,3,preflight_adaptive_v1,Preflight Adaptive v1,source-only modulation-aware preflight selector,0.6183249605863095,0.2590188825305703,39.12982941588837,1.84531053355649e-05,0.0026130744884327803,0.0005760848915629681,0.0010692041617771043
subtle_modulation,vibrato_depth_0.05_rate_2,0.05 st / 2 Hz,0.05,2.0,7,preflight_adaptive_v1,Preflight Adaptive v1,source-only modulation-aware preflight selector,0.6174276571889931,0.3064801995342021,95.8635209000942,1.6940906699228787e-05,0.028161124267684256,0.059671729784557245,0.029283264986313576
subtle_modulation,vibrato_depth_0.05_rate_2,0.05 st / 2 Hz,0.05,2.0,12,preflight_adaptive_v1,Preflight Adaptive v1,source-only modulation-aware preflight selector,0.6084348739318518,0.3049645499334696,150.93953691600666,1.78563745697958e-06,0.027345262132117038,0.11704068638600319,0.048129244718525734
subtle_modulation,vibrato_depth_0.1_rate_2,0.1 st / 2 Hz,0.1,2.0,-12,preflight_adaptive_v1,Preflight Adaptive v1,source-only modulation-aware preflight selector,0.8338197298416311,0.3828587684012141,104.29634482646192,0.0003816200087263809,0.0692751009264671,0.06845563146908815,0.04603745080142721
subtle_modulation,vibrato_depth_0.1_rate_2,0.1 st / 2 Hz,0.1,2.0,3,preflight_adaptive_v1,Preflight Adaptive v1,source-only modulation-aware preflight selector,0.6211978820998372,0.261624761026264,39.55825489488676,2.32947542227197e-05,0.004015798174367753,0.0010223467036829827,0.001687146544091152
subtle_modulation,vibrato_depth_0.1_rate_2,0.1 st / 2 Hz,0.1,2.0,7,preflight_adaptive_v1,Preflight Adaptive v1,source-only modulation-aware preflight selector,0.6203322768459716,0.310901609635679,96.88093839006264,2.1835975521540517e-05,0.030541134189414273,0.06073150469294364,0.03043149161929315
subtle_modulation,vibrato_depth_0.1_rate_2,0.1 st / 2 Hz,0.1,2.0,12,preflight_adaptive_v1,Preflight Adaptive v1,source-only modulation-aware preflight selector,0.611592369828719,0.3154609335942041,161.52951202736162,7.106871059526298e-06,0.0329953820444247,0.12807154639588822,0.05369134510379081
subtle_modulation,vibrato_depth_0.2_rate_2,0.2 st / 2 Hz,0.2,2.0,-12,preflight_adaptive_v1,Preflight Adaptive v1,source-only modulation-aware preflight selector,0.833683434089378,0.3813721753846669,104.31203461368084,0.00038139031356272494,0.06847487971926106,0.06847197445805431,0.045776081496959366
subtle_modulation,vibrato_depth_0.2_rate_2,0.2 st / 2 Hz,0.2,2.0,3,preflight_adaptive_v1,Preflight Adaptive v1,source-only modulation-aware preflight selector,0.6323315393930484,0.2699723708812463,40.89957912124145,4.205797458562071e-05,0.008509250222833662,0.00241951332713625,0.0036569405081851775
subtle_modulation,vibrato_depth_0.2_rate_2,0.2 st / 2 Hz,0.2,2.0,7,preflight_adaptive_v1,Preflight Adaptive v1,source-only modulation-aware preflight selector,0.6315250613714365,0.3227679450240824,100.04071514106371,4.069884124436294e-05,0.03692868823004543,0.0640228301810847,0.03366407241745817
subtle_modulation,vibrato_depth_0.2_rate_2,0.2 st / 2 Hz,0.2,2.0,12,preflight_adaptive_v1,Preflight Adaptive v1,source-only modulation-aware preflight selector,0.623630747285402,0.3404064240089708,184.4637948907058,2.739478931341873e-05,0.04642334129881146,0.15196063593882725,0.06613712400898404
subtle_modulation,vibrato_depth_0.35_rate_2,0.35 st / 2 Hz,0.35,2.0,-12,preflight_adaptive_v1,Preflight Adaptive v1,source-only modulation-aware preflight selector,0.8324232297919776,0.377733169289525,104.6770867734059,0.0003792665288699074,0.06651603165656253,0.06885222457459289,0.045249174253341774
subtle_modulation,vibrato_depth_0.35_rate_2,0.35 st / 2 Hz,0.35,2.0,3,preflight_adaptive_v1,Preflight Adaptive v1,source-only modulation-aware preflight selector,0.6592744296227628,0.2812723032446484,41.28884667719387,8.746402340498164e-05,0.014591914016176794,0.0028249869822628833,0.005834788340614887
subtle_modulation,vibrato_depth_0.35_rate_2,0.35 st / 2 Hz,0.35,2.0,7,preflight_adaptive_v1,Preflight Adaptive v1,source-only modulation-aware preflight selector,0.6572928078520276,0.3378611853736947,103.6720293343259,8.412445537436704e-05,0.0450532595678487,0.06780532429429878,0.037647569439173946
subtle_modulation,vibrato_depth_0.35_rate_2,0.35 st / 2 Hz,0.35,2.0,12,preflight_adaptive_v1,Preflight Adaptive v1,source-only modulation-aware preflight selector,0.652054009649055,0.3563168590434942,197.09006136029151,7.529566510981662e-05,0.054987802041450484,0.1651125627761402,0.07339188682756682
subtle_modulation,vibrato_depth_0.5_rate_2,0.5 st / 2 Hz,0.5,2.0,-12,preflight_adaptive_v1,Preflight Adaptive v1,source-only modulation-aware preflight selector,0.7879721432080188,0.3723640910203289,103.6180693193295,0.0003043544392501047,0.06362589949104291,0.06774911780039322,0.04389312391022874
subtle_modulation,vibrato_depth_0.5_rate_2,0.5 st / 2 Hz,0.5,2.0,3,preflight_adaptive_v1,Preflight Adaptive v1,source-only modulation-aware preflight selector,0.6610280475533132,0.2894189360139633,41.64783461501738,9.041934336828915e-05,0.01897718169654503,0.0031989204094644724,0.007422173816459265
subtle_modulation,vibrato_depth_0.5_rate_2,0.5 st / 2 Hz,0.5,2.0,7,preflight_adaptive_v1,Preflight Adaptive v1,source-only modulation-aware preflight selector,0.6592332245554191,0.3371013698810984,103.42208646188072,8.739458173471305e-05,0.04464425692625721,0.06754497572809158,0.037425542412027835
subtle_modulation,vibrato_depth_0.5_rate_2,0.5 st / 2 Hz,0.5,2.0,12,preflight_adaptive_v1,Preflight Adaptive v1,source-only modulation-aware preflight selector,0.6836839545194673,0.3643873132615803,203.89835561253176,0.000128600667234485,0.059332063413065114,0.17220430189855232,0.07722165532628397
subtle_modulation,vibrato_depth_0.75_rate_2,0.75 st / 2 Hz,0.75,2.0,-12,preflight_adaptive_v1,Preflight Adaptive v1,source-only modulation-aware preflight selector,0.7637294835442267,0.3661723623737814,99.81325620934945,0.00026349900841769524,0.06029294116480203,0.06378590161351445,0.041447447262244724
subtle_modulation,vibrato_depth_0.75_rate_2,0.75 st / 2 Hz,0.75,2.0,3,preflight_adaptive_v1,Preflight Adaptive v1,source-only modulation-aware preflight selector,0.675802814068699,0.2847548627284688,41.06953023048854,0.00011531881643790041,0.01646654811124497,0.0025965398899861626,0.006392802272556344
subtle_modulation,vibrato_depth_0.75_rate_2,0.75 st / 2 Hz,0.75,2.0,7,preflight_adaptive_v1,Preflight Adaptive v1,source-only modulation-aware preflight selector,0.6820747336130957,0.3479745777329317,99.83885923986558,0.000125888695266635,0.05049721830610111,0.06381257055678227,0.03814522585271667
subtle_modulation,vibrato_depth_0.75_rate_2,0.75 st / 2 Hz,0.75,2.0,12,preflight_adaptive_v1,Preflight Adaptive v1,source-only modulation-aware preflight selector,0.7357020731839562,0.3943523533017619,207.45383864237849,0.00021626525018877371,0.07546200634164509,0.17590780782348203,0.08386202647177197
subtle_modulation,vibrato_depth_1_rate_2,1 st / 2 Hz,1.0,2.0,-12,preflight_adaptive_v1,Preflight Adaptive v1,source-only modulation-aware preflight selector,0.743964984491895,0.3597576448724253,95.4398140064828,0.00023019048801736186,0.05683994971005707,0.05923038300333213,0.03876684106713552
subtle_modulation,vibrato_depth_1_rate_2,1 st / 2 Hz,1.0,2.0,3,preflight_adaptive_v1,Preflight Adaptive v1,source-only modulation-aware preflight selector,0.6908613615370712,0.2859671975720645,41.79245329269752,0.0001406965370784087,0.01711913832341575,0.003349559893649268,0.006869798251381142
subtle_modulation,vibrato_depth_1_rate_2,1 st / 2 Hz,1.0,2.0,7,preflight_adaptive_v1,Preflight Adaptive v1,source-only modulation-aware preflight selector,0.6969867869078518,0.360155115151267,99.35688878533202,0.00015101953364832647,0.05705390480255576,0.06331053456926046,0.04017181963515485
subtle_modulation,vibrato_depth_1_rate_2,1 st / 2 Hz,1.0,2.0,12,preflight_adaptive_v1,Preflight Adaptive v1,source-only modulation-aware preflight selector,0.7719735592965803,0.4139753906397305,209.73217172024587,0.0002773925032465849,0.08602493140106074,0.17828099312123577,0.08819443900851437
subtle_modulation,vibrato_depth_0_rate_4,0 st / 4 Hz,0.0,4.0,-12,preflight_adaptive_v1,Preflight Adaptive v1,source-only modulation-aware preflight selector,0.8337932615951923,0.3830992050607933,104.2112314342212,0.000381575402580577,0.06940452606962562,0.06836697461155058,0.04605102536125225
subtle_modulation,vibrato_depth_0_rate_4,0 st / 4 Hz,0.0,4.0,3,preflight_adaptive_v1,Preflight Adaptive v1,source-only modulation-aware preflight selector,0.6959427980035754,0.4901861847950184,766.5642855489966,0.00014926013030479933,0.12704859626578827,0.7582953021319595,0.29516438617601753
subtle_modulation,vibrato_depth_0_rate_4,0 st / 4 Hz,0.0,4.0,7,preflight_adaptive_v1,Preflight Adaptive v1,source-only modulation-aware preflight selector,0.6164203664380915,0.3052134802393526,95.7174634974882,1.524334965836296e-05,0.027479259337583873,0.05951959167803547,0.029004698121759237
subtle_modulation,vibrato_depth_0_rate_4,0 st / 4 Hz,0.0,4.0,12,preflight_adaptive_v1,Preflight Adaptive v1,source-only modulation-aware preflight selector,0.6073753183165886,0.3083962598367504,157.2604333960649,0.0,0.029192524302070286,0.12362473625159126,0.05093908685122051
subtle_modulation,vibrato_depth_0.025_rate_4,0.025 st / 4 Hz,0.025,4.0,-12,preflight_adaptive_v1,Preflight Adaptive v1,source-only modulation-aware preflight selector,0.8338150268172675,0.383273615475085,104.31514706060888,0.0003816120828597781,0.06949840980964073,0.06847521648327065,0.04611841279192372
subtle_modulation,vibrato_depth_0.025_rate_4,0.025 st / 4 Hz,0.025,4.0,3,preflight_adaptive_v1,Preflight Adaptive v1,source-only modulation-aware preflight selector,0.6174456407053975,0.2573727521868855,38.770246648833115,1.697121378272441e-05,0.0017269756058337538,0.00020153187102747976,0.0006484928968813193
subtle_modulation,vibrato_depth_0.025_rate_4,0.025 st / 4 Hz,0.025,4.0,7,preflight_adaptive_v1,Preflight Adaptive v1,source-only modulation-aware preflight selector,0.6166121055700896,0.3058428957022029,95.46372089488317,1.5566481895248447e-05,0.027818068679421153,0.059255285190206355,0.029029640117174252
subtle_modulation,vibrato_depth_0.025_rate_4,0.025 st / 4 Hz,0.025,4.0,12,preflight_adaptive_v1,Preflight Adaptive v1,source-only modulation-aware preflight selector,0.6076029411045154,0.3090204999311355,156.85085157025915,3.8360589130868316e-07,0.029528547784190156,0.12319810259706906,0.05090901132905018
subtle_modulation,vibrato_depth_0.05_rate_4,0.05 st / 4 Hz,0.05,4.0,-12,preflight_adaptive_v1,Preflight Adaptive v1,source-only modulation-aware preflight selector,0.8337567649173586,0.3830966649272417,104.21540998613052,0.00038151389581863237,0.06940315873592064,0.0683713271261383,0.04605199991929252
subtle_modulation,vibrato_depth_0.05_rate_4,0.05 st / 4 Hz,0.05,4.0,3,preflight_adaptive_v1,Preflight Adaptive v1,source-only modulation-aware preflight selector,0.617756521026429,0.2572067313231231,38.64725527417442,1.7495131109832996e-05,0.0016376078941987995,7.342008398194741e-05,0.0005761743697635267
subtle_modulation,vibrato_depth_0.05_rate_4,0.05 st / 4 Hz,0.05,4.0,7,preflight_adaptive_v1,Preflight Adaptive v1,source-only modulation-aware preflight selector,0.6172523560866826,0.3070226053139308,95.72264214937684,1.664547698319863e-05,0.028453096988542426,0.05952498592905333,0.029331576131526316
subtle_modulation,vibrato_depth_0.05_rate_4,0.05 st / 4 Hz,0.05,4.0,12,preflight_adaptive_v1,Preflight Adaptive v1,source-only modulation-aware preflight selector,0.6083007925078576,0.3098206520232541,155.36128052242017,1.5596740346539805e-06,0.029959263296759134,0.12164651729769746,0.05053578008949708
subtle_modulation,vibrato_depth_0.1_rate_4,0.1 st / 4 Hz,0.1,4.0,-12,preflight_adaptive_v1,Preflight Adaptive v1,source-only modulation-aware preflight selector,0.833535065176503,0.3826650104659226,104.25796194671508,0.000381140271861785,0.06917080256964794,0.06841565062222009,0.04598919782124328
subtle_modulation,vibrato_depth_0.1_rate_4,0.1 st / 4 Hz,0.1,4.0,3,preflight_adaptive_v1,Preflight Adaptive v1,source-only modulation-aware preflight selector,0.6191411619406015,0.2576491281010105,38.87744353597627,1.9828625119204922e-05,0.0018757465641135495,0.0003131916098972793,0.0007362555997100111
subtle_modulation,vibrato_depth_0.1_rate_4,0.1 st / 4 Hz,0.1,4.0,7,preflight_adaptive_v1,Preflight Adaptive v1,source-only modulation-aware preflight selector,0.6197384770480022,0.3123045203436361,97.13012363525452,2.08352624434095e-05,0.0312963098749097,0.060991064090141205,0.03076940307583144
subtle_modulation,vibrato_depth_0.1_rate_4,0.1 st / 4 Hz,0.1,4.0,12,preflight_adaptive_v1,Preflight Adaptive v1,source-only modulation-aware preflight selector,0.6110784423288499,0.3217132366795013,164.42399530574374,6.240764381671324e-06,0.0363609471096739,0.13108653363703396,0.055817907170363175
subtle_modulation,vibrato_depth_0.2_rate_4,0.2 st / 4 Hz,0.2,4.0,-12,preflight_adaptive_v1,Preflight Adaptive v1,source-only modulation-aware preflight selector,0.8324385041860055,0.3816958760110502,104.37398790366092,0.00037929227035031303,0.06864912519407126,0.06853650700527336,0.04585497482323164
subtle_modulation,vibrato_depth_0.2_rate_4,0.2 st / 4 Hz,0.2,4.0,3,preflight_adaptive_v1,Preflight Adaptive v1,source-only modulation-aware preflight selector,0.6245464200187039,0.2637561792450067,39.12574213140384,2.8937945243475822e-05,0.0051631236636430775,0.0005718274440717909,0.0019212963509861148
subtle_modulation,vibrato_depth_0.2_rate_4,0.2 st / 4 Hz,0.2,4.0,7,preflight_adaptive_v1,Preflight Adaptive v1,source-only modulation-aware preflight selector,0.6293969207245692,0.3256920617109524,99.65202263021004,3.711234932451865e-05,0.03850271700532736,0.06361795551150025,0.03405259495538404
subtle_modulation,vibrato_depth_0.2_rate_4,0.2 st / 4 Hz,0.2,4.0,12,preflight_adaptive_v1,Preflight Adaptive v1,source-only modulation-aware preflight selector,0.6217551161607912,0.3495124346040965,186.79060431149657,2.4233844155528126e-05,0.051325034438866136,0.15438431576059602,0.06857786134787257
subtle_modulation,vibrato_depth_0.35_rate_4,0.35 st / 4 Hz,0.35,4.0,-12,preflight_adaptive_v1,Preflight Adaptive v1,source-only modulation-aware preflight selector,0.8165005843464912,0.3790431557401186,104.53615051255072,0.00035243256969674585,0.06722118695276616,0.06870542081467251,0.04542634677904514
subtle_modulation,vibrato_depth_0.35_rate_4,0.35 st / 4 Hz,0.35,4.0,3,preflight_adaptive_v1,Preflight Adaptive v1,source-only modulation-aware preflight selector,0.6280751836449474,0.2721218194496175,40.77597605107328,3.488486527021038e-05,0.009666281306031074,0.0022907643782973455,0.003997310183199544
subtle_modulation,vibrato_depth_0.35_rate_4,0.35 st / 4 Hz,0.35,4.0,7,preflight_adaptive_v1,Preflight Adaptive v1,source-only modulation-aware preflight selector,0.6475758219442675,0.3422726433375457,101.72797422801575,6.774870901816509e-05,0.04742791233298197,0.06578033372503714,0.03775866492234576
subtle_modulation,vibrato_depth_0.35_rate_4,0.35 st / 4 Hz,0.35,4.0,12,preflight_adaptive_v1,Preflight Adaptive v1,source-only modulation-aware preflight selector,0.6470193997304278,0.3745767915656279,198.9091922874888,6.681098726706943e-05,0.06481697861077214,0.16700742828682955,0.0772970726282896
subtle_modulation,vibrato_depth_0.5_rate_4,0.5 st / 4 Hz,0.5,4.0,-12,preflight_adaptive_v1,Preflight Adaptive v1,source-only modulation-aware preflight selector,0.7872485849082689,0.3781621046738074,103.72706376365656,0.00030313504804144127,0.06674692416527421,0.0678626499328661,0.04497090304872725
subtle_modulation,vibrato_depth_0.5_rate_4,0.5 st / 4 Hz,0.5,4.0,3,preflight_adaptive_v1,Preflight Adaptive v1,source-only modulation-aware preflight selector,0.6512616325396483,0.2863336223727974,40.83293514130965,7.396029561507008e-05,0.017316381881759487,0.0023500948058083693,0.006580145661060975
subtle_modulation,vibrato_depth_0.5_rate_4,0.5 st / 4 Hz,0.5,4.0,7,preflight_adaptive_v1,Preflight Adaptive v1,source-only modulation-aware preflight selector,0.6540303993734536,0.3528867192677924,102.54077418613448,7.862641572888554e-05,0.05314138505869558,0.06662697240546563,0.039948994626630034
subtle_modulation,vibrato_depth_0.5_rate_4,0.5 st / 4 Hz,0.5,4.0,12,preflight_adaptive_v1,Preflight Adaptive v1,source-only modulation-aware preflight selector,0.676668924608078,0.3887682097720711,205.04436388656632,0.00011677844668167561,0.07245610625547368,0.17339802111961927,0.08199030194059154
subtle_modulation,vibrato_depth_0.75_rate_4,0.75 st / 4 Hz,0.75,4.0,-12,preflight_adaptive_v1,Preflight Adaptive v1,source-only modulation-aware preflight selector,0.7606349939408865,0.375592087152939,100.32846390907469,0.00025828395744126716,0.06536350415710904,0.06432255858880707,0.043314782234452454
subtle_modulation,vibrato_depth_0.75_rate_4,0.75 st / 4 Hz,0.75,4.0,3,preflight_adaptive_v1,Preflight Adaptive v1,source-only modulation-aware preflight selector,0.6935174438624041,0.2972040901223598,43.51311732618073,0.00014517275335305686,0.023167868286325905,0.00514185910850256,0.009484966716060507
subtle_modulation,vibrato_depth_0.75_rate_4,0.75 st / 4 Hz,0.75,4.0,7,preflight_adaptive_v1,Preflight Adaptive v1,source-only modulation-aware preflight selector,0.6800139397972176,0.3697606308144499,101.14426617906962,0.00012241570095115507,0.06222447755129758,0.06517232457422582,0.04250640594215818
subtle_modulation,vibrato_depth_0.75_rate_4,0.75 st / 4 Hz,0.75,4.0,12,preflight_adaptive_v1,Preflight Adaptive v1,source-only modulation-aware preflight selector,0.7285398612638226,0.4160728514777159,207.1238617059258,0.00020419498818913376,0.08715397790212562,0.17556409319202862,0.08764075536078113
subtle_modulation,vibrato_depth_1_rate_4,1 st / 4 Hz,1.0,4.0,-12,preflight_adaptive_v1,Preflight Adaptive v1,source-only modulation-aware preflight selector,0.7371003053846632,0.3730559211707336,98.67229688637786,0.0002186216491877232,0.06399830616319602,0.0625974415428975,0.04227145645176041
subtle_modulation,vibrato_depth_1_rate_4,1 st / 4 Hz,1.0,4.0,3,preflight_adaptive_v1,Preflight Adaptive v1,source-only modulation-aware preflight selector,0.7224703797239007,0.2969921779609051,42.57485101186387,0.0001939662720877719,0.0230537976538304,0.004164530620343739,0.009137431515420636
subtle_modulation,vibrato_depth_1_rate_4,1 st / 4 Hz,1.0,4.0,7,preflight_adaptive_v1,Preflight Adaptive v1,source-only modulation-aware preflight selector,0.700021115036307,0.3881505558929262,100.7978238930386,0.00015613319628659275,0.07212362808067851,0.06481145910301096,0.04569707345999202
subtle_modulation,vibrato_depth_1_rate_4,1 st / 4 Hz,1.0,4.0,12,preflight_adaptive_v1,Preflight Adaptive v1,source-only modulation-aware preflight selector,0.7665645902797944,0.4417879930574174,209.9520142094704,0.0002682769291881,0.10099623426236193,0.17850998815638555,0.09325816644931186
subtle_modulation,vibrato_depth_0_rate_5.5,0 st / 5.5 Hz,0.0,5.5,-12,preflight_adaptive_v1,Preflight Adaptive v1,source-only modulation-aware preflight selector,0.8337932615951923,0.3830992050607933,104.2112314342212,0.000381575402580577,0.06940452606962562,0.06836697461155058,0.04605102536125225
subtle_modulation,vibrato_depth_0_rate_5.5,0 st / 5.5 Hz,0.0,5.5,3,preflight_adaptive_v1,Preflight Adaptive v1,source-only modulation-aware preflight selector,0.6959427980035754,0.4901861847950184,766.5642855489966,0.00014926013030479933,0.12704859626578827,0.7582953021319595,0.29516438617601753
subtle_modulation,vibrato_depth_0_rate_5.5,0 st / 5.5 Hz,0.0,5.5,7,preflight_adaptive_v1,Preflight Adaptive v1,source-only modulation-aware preflight selector,0.6164203664380915,0.3052134802393526,95.7174634974882,1.524334965836296e-05,0.027479259337583873,0.05951959167803547,0.029004698121759237
subtle_modulation,vibrato_depth_0_rate_5.5,0 st / 5.5 Hz,0.0,5.5,12,preflight_adaptive_v1,Preflight Adaptive v1,source-only modulation-aware preflight selector,0.6073753183165886,0.3083962598367504,157.2604333960649,0.0,0.029192524302070286,0.12362473625159126,0.05093908685122051
subtle_modulation,vibrato_depth_0.025_rate_5.5,0.025 st / 5.5 Hz,0.025,5.5,-12,preflight_adaptive_v1,Preflight Adaptive v1,source-only modulation-aware preflight selector,0.833789882536901,0.3831257852221954,104.22159083449918,0.00038156970795448345,0.06941883395928215,0.06837776529736912,0.04605938965486859
subtle_modulation,vibrato_depth_0.025_rate_5.5,0.025 st / 5.5 Hz,0.025,5.5,3,preflight_adaptive_v1,Preflight Adaptive v1,source-only modulation-aware preflight selector,0.6175003870837792,0.2568315256836047,38.765885998159945,1.7063476220357737e-05,0.0014356376801160514,0.00019698967648764754,0.0005498969442746856
subtle_modulation,vibrato_depth_0.025_rate_5.5,0.025 st / 5.5 Hz,0.025,5.5,7,preflight_adaptive_v1,Preflight Adaptive v1,source-only modulation-aware preflight selector,0.6165797364479291,0.3057028546920339,95.6237063431008,1.5511931179696774e-05,0.02774268571651979,0.059421931198752234,0.02906004294881724
subtle_modulation,vibrato_depth_0.025_rate_5.5,0.025 st / 5.5 Hz,0.025,5.5,12,preflight_adaptive_v1,Preflight Adaptive v1,source-only modulation-aware preflight selector,0.6075706903836329,0.3105696985511054,157.7618599872442,3.2925471389725576e-07,0.030362469090206796,0.12414703837925177,0.05150327890805748
subtle_modulation,vibrato_depth_0.05_rate_5.5,0.05 st / 5.5 Hz,0.05,5.5,-12,preflight_adaptive_v1,Preflight Adaptive v1,source-only modulation-aware preflight selector,0.8337258440589939,0.3832519226705945,104.32151645738128,0.00038146178581883365,0.06948673274537107,0.06848185105260673,0.04611668186126555
subtle_modulation,vibrato_depth_0.05_rate_5.5,0.05 st / 5.5 Hz,0.05,5.5,3,preflight_adaptive_v1,Preflight Adaptive v1,source-only modulation-aware preflight selector,0.6179870173778201,0.2563786076576809,38.576769667309165,1.7883579731889482e-05,0.0011918355059931589,0.0,0.00040323969524168275
subtle_modulation,vibrato_depth_0.05_rate_5.5,0.05 st / 5.5 Hz,0.05,5.5,7,preflight_adaptive_v1,Preflight Adaptive v1,source-only modulation-aware preflight selector,0.6170761867205762,0.3082069794519769,95.60770615548448,1.6348584008105618e-05,0.02909063617511293,0.05940526488670978,0.02950408321527694
subtle_modulation,vibrato_depth_0.05_rate_5.5,0.05 st / 5.5 Hz,0.05,5.5,12,preflight_adaptive_v1,Preflight Adaptive v1,source-only modulation-aware preflight selector,0.6081726321055595,0.3138040190941449,157.84088457096797,1.3436891334855138e-06,0.032103478136148486,0.12422935293723988,0.05211139158750729
subtle_modulation,vibrato_depth_0.1_rate_5.5,0.1 st / 5.5 Hz,0.1,5.5,-12,preflight_adaptive_v1,Preflight Adaptive v1,source-only modulation-aware preflight selector,0.8333598916866463,0.3831221965954998,104.35719512247466,0.0003808450572072146,0.06941690223004986,0.06851901510217685,0.04610558746314464
subtle_modulation,vibrato_depth_0.1_rate_5.5,0.1 st / 5.5 Hz,0.1,5.5,3,preflight_adaptive_v1,Preflight Adaptive v1,source-only modulation-aware preflight selector,0.6199672052209955,0.2568360089675438,38.75298665474352,2.1220731207181562e-05,0.001438050996232904,0.00018355330388527869,0.0005476083437751214
subtle_modulation,vibrato_depth_0.1_rate_5.5,0.1 st / 5.5 Hz,0.1,5.5,7,preflight_adaptive_v1,Preflight Adaptive v1,source-only modulation-aware preflight selector,0.6190735736716663,0.3142491626570317,96.6060781335344,1.971472062667552e-05,0.03234309537860037,0.06044520137493176,0.030936003824719602
subtle_modulation,vibrato_depth_0.1_rate_5.5,0.1 st / 5.5 Hz,0.1,5.5,12,preflight_adaptive_v1,Preflight Adaptive v1,source-only modulation-aware preflight selector,0.610574966623552,0.326559504197188,166.13252187102654,5.392271801283496e-06,0.03896965440230876,0.13286619007310965,0.05728041224907323
subtle_modulation,vibrato_depth_0.2_rate_5.5,0.2 st / 5.5 Hz,0.2,5.5,-12,preflight_adaptive_v1,Preflight Adaptive v1,source-only modulation-aware preflight selector,0.8313176316447553,0.3827682297655779,104.409300372229,0.00037740329730791234,0.06922636469839316,0.0685732896127188,0.04605901920280662
subtle_modulation,vibrato_depth_0.2_rate_5.5,0.2 st / 5.5 Hz,0.2,5.5,3,preflight_adaptive_v1,Preflight Adaptive v1,source-only modulation-aware preflight selector,0.626931057796559,0.2628912522450476,39.66998237329545,3.2956704123262505e-05,0.004697540332934346,0.0011387256527007397,0.001956407563252783
subtle_modulation,vibrato_depth_0.2_rate_5.5,0.2 st / 5.5 Hz,0.2,5.5,7,preflight_adaptive_v1,Preflight Adaptive v1,source-only modulation-aware preflight selector,0.6260228510001349,0.3284138574402268,99.21058101976028,3.14261303138117e-05,0.03996783801693214,0.06315813567658975,0.03438579994127857
subtle_modulation,vibrato_depth_0.2_rate_5.5,0.2 st / 5.5 Hz,0.2,5.5,12,preflight_adaptive_v1,Preflight Adaptive v1,source-only modulation-aware preflight selector,0.6198689028388531,0.3563010884182074,187.80932403245637,2.1055065136297558e-05,0.054979312839184016,0.15544544711483008,0.07014860500638347
subtle_modulation,vibrato_depth_0.35_rate_5.5,0.35 st / 5.5 Hz,0.35,5.5,-12,preflight_adaptive_v1,Preflight Adaptive v1,source-only modulation-aware preflight selector,0.8052410797863915,0.3800402629809235,104.59208549119596,0.000333457262690749,0.06775792185671724,0.06876368449448324,0.045618354537963736
subtle_modulation,vibrato_depth_0.35_rate_5.5,0.35 st / 5.5 Hz,0.35,5.5,3,preflight_adaptive_v1,Preflight Adaptive v1,source-only modulation-aware preflight selector,0.6281014833511637,0.2693732554501608,40.92167524575324,3.492918738020708e-05,0.008186751147308222,0.0024425293638773754,0.003554736566188601
subtle_modulation,vibrato_depth_0.35_rate_5.5,0.35 st / 5.5 Hz,0.35,5.5,7,preflight_adaptive_v1,Preflight Adaptive v1,source-only modulation-aware preflight selector,0.6314602899411949,0.3415476756605887,99.62931539606362,4.0589683886018054e-05,0.047037667993621794,0.0635943029232319,0.036890853533579904
subtle_modulation,vibrato_depth_0.35_rate_5.5,0.35 st / 5.5 Hz,0.35,5.5,12,preflight_adaptive_v1,Preflight Adaptive v1,source-only modulation-aware preflight selector,0.6417027915686915,0.3870897868677559,200.03575422541095,5.785106620117828e-05,0.07155262454410863,0.16818089157630978,0.0799304557288732
subtle_modulation,vibrato_depth_0.5_rate_5.5,0.5 st / 5.5 Hz,0.5,5.5,-12,preflight_adaptive_v1,Preflight Adaptive v1,source-only modulation-aware preflight selector,0.7883190177969841,0.3769340597875419,101.89449664843364,0.0003049390166427478,0.06608587736197827,0.06595378885489551,0.04411486841117218
subtle_modulation,vibrato_depth_0.5_rate_5.5,0.5 st / 5.5 Hz,0.5,5.5,3,preflight_adaptive_v1,Preflight Adaptive v1,source-only modulation-aware preflight selector,0.6485169623486853,0.2910485405738302,41.88156430836668,6.933478485429551e-05,0.01985438488104133,0.0034423808048269656,0.007788700156907531
subtle_modulation,vibrato_depth_0.5_rate_5.5,0.5 st / 5.5 Hz,0.5,5.5,7,preflight_adaptive_v1,Preflight Adaptive v1,source-only modulation-aware preflight selector,0.6457762953095628,0.3588656399761061,102.0872070913194,6.471602048584762e-05,0.05635979056291931,0.0661545222745271,0.04085967628597742
subtle_modulation,vibrato_depth_0.5_rate_5.5,0.5 st / 5.5 Hz,0.5,5.5,12,preflight_adaptive_v1,Preflight Adaptive v1,source-only modulation-aware preflight selector,0.6688497811926765,0.4044445614199477,205.23798533055412,0.0001036010776385523,0.08089456177128578,0.17359970346741357,0.0848659554387793
subtle_modulation,vibrato_depth_0.75_rate_5.5,0.75 st / 5.5 Hz,0.75,5.5,-12,preflight_adaptive_v1,Preflight Adaptive v1,source-only modulation-aware preflight selector,0.7482776968830548,0.377544079457647,99.37452512317182,0.0002374585735014091,0.06641424610271454,0.06332890514820444,0.043326869941473466
subtle_modulation,vibrato_depth_0.75_rate_5.5,0.75 st / 5.5 Hz,0.75,5.5,3,preflight_adaptive_v1,Preflight Adaptive v1,source-only modulation-aware preflight selector,0.6791597857789273,0.2999124564206566,40.443514570117856,0.00012097622067553983,0.024625760341955943,0.0019444617650677756,0.008897066109233085
subtle_modulation,vibrato_depth_0.75_rate_5.5,0.75 st / 5.5 Hz,0.75,5.5,7,preflight_adaptive_v1,Preflight Adaptive v1,source-only modulation-aware preflight selector,0.6791747317696266,0.3847061064243862,103.07831439845653,0.00012100140870761655,0.07026950830398453,0.06718689164696134,0.04585913378655116
subtle_modulation,vibrato_depth_0.75_rate_5.5,0.75 st / 5.5 Hz,0.75,5.5,12,preflight_adaptive_v1,Preflight Adaptive v1,source-only modulation-aware preflight selector,0.7195817846354186,0.428802591404344,207.15694481303072,0.00018909820899250916,0.09400629574441252,0.1755985536245914,0.08993131585933213
subtle_modulation,vibrato_depth_1_rate_5.5,1 st / 5.5 Hz,1.0,5.5,-12,preflight_adaptive_v1,Preflight Adaptive v1,source-only modulation-aware preflight selector,0.6937105392754306,0.375935082497212,97.11869836554185,0.00014549817128988254,0.06554813582522874,0.06097916316030422,0.042224265718940945
subtle_modulation,vibrato_depth_1_rate_5.5,1 st / 5.5 Hz,1.0,5.5,3,preflight_adaptive_v1,Preflight Adaptive v1,source-only modulation-aware preflight selector,0.7025212536793877,0.3057315311634332,41.35041522544415,0.00016034660532753117,0.02775812203318894,0.002889118770073464,0.01026919580286331
subtle_modulation,vibrato_depth_1_rate_5.5,1 st / 5.5 Hz,1.0,5.5,7,preflight_adaptive_v1,Preflight Adaptive v1,source-only modulation-aware preflight selector,0.7270857163250235,0.4132989890487927,107.63945187175209,0.00020174436112133977,0.08566082979986157,0.07193791971121205,0.05260016462406499
subtle_modulation,vibrato_depth_1_rate_5.5,1 st / 5.5 Hz,1.0,5.5,12,preflight_adaptive_v1,Preflight Adaptive v1,source-only modulation-aware preflight selector,0.7599077065116694,0.4577042122166179,209.6209009414368,0.0002570582816420049,0.10956380855334957,0.17816508988526705,0.09599531890675288
subtle_modulation,vibrato_depth_0_rate_8,0 st / 8 Hz,0.0,8.0,-12,preflight_adaptive_v1,Preflight Adaptive v1,source-only modulation-aware preflight selector,0.8337932615951923,0.3830992050607933,104.2112314342212,0.000381575402580577,0.06940452606962562,0.06836697461155058,0.04605102536125225
subtle_modulation,vibrato_depth_0_rate_8,0 st / 8 Hz,0.0,8.0,3,preflight_adaptive_v1,Preflight Adaptive v1,source-only modulation-aware preflight selector,0.6959427980035754,0.4901861847950184,766.5642855489966,0.00014926013030479933,0.12704859626578827,0.7582953021319595,0.29516438617601753
subtle_modulation,vibrato_depth_0_rate_8,0 st / 8 Hz,0.0,8.0,7,preflight_adaptive_v1,Preflight Adaptive v1,source-only modulation-aware preflight selector,0.6164203664380915,0.3052134802393526,95.7174634974882,1.524334965836296e-05,0.027479259337583873,0.05951959167803547,0.029004698121759237
subtle_modulation,vibrato_depth_0_rate_8,0 st / 8 Hz,0.0,8.0,12,preflight_adaptive_v1,Preflight Adaptive v1,source-only modulation-aware preflight selector,0.6073753183165886,0.3083962598367504,157.2604333960649,0.0,0.029192524302070286,0.12362473625159126,0.05093908685122051
subtle_modulation,vibrato_depth_0.025_rate_8,0.025 st / 8 Hz,0.025,8.0,-12,preflight_adaptive_v1,Preflight Adaptive v1,source-only modulation-aware preflight selector,0.8337960120082246,0.3832783910788266,104.324520611498,0.0003815800377695769,0.06950098047918427,0.0684849802765342,0.046122513597829345
subtle_modulation,vibrato_depth_0.025_rate_8,0.025 st / 8 Hz,0.025,8.0,3,preflight_adaptive_v1,Preflight Adaptive v1,source-only modulation-aware preflight selector,0.6176878548385566,0.254164501952749,39.94481873601107,1.7379410032688346e-05,0.0,0.0014250040821459009,0.0004807944973928631
subtle_modulation,vibrato_depth_0.025_rate_8,0.025 st / 8 Hz,0.025,8.0,7,preflight_adaptive_v1,Preflight Adaptive v1,source-only modulation-aware preflight selector,0.6164931014833444,0.3064839845645403,95.45677874534816,1.536592785941976e-05,0.02816316171943658,0.059248054023099433,0.029142193890131812
subtle_modulation,vibrato_depth_0.025_rate_8,0.025 st / 8 Hz,0.025,8.0,12,preflight_adaptive_v1,Preflight Adaptive v1,source-only modulation-aware preflight selector,0.6075157150841004,0.3131942389578012,159.17639768008183,2.3660648228039675e-07,0.03177523833453245,0.12562046651334313,0.05246531381811929
subtle_modulation,vibrato_depth_0.05_rate_8,0.05 st / 8 Hz,0.05,8.0,-12,preflight_adaptive_v1,Preflight Adaptive v1,source-only modulation-aware preflight selector,0.8336737648188527,0.3831801281274694,104.24020587532053,0.0003813740182296788,0.06944808631334097,0.06839715532493948,0.04607553855217004
subtle_modulation,vibrato_depth_0.05_rate_8,0.05 st / 8 Hz,0.05,8.0,3,preflight_adaptive_v1,Preflight Adaptive v1,source-only modulation-aware preflight selector,0.6172865042066883,0.2548068429618829,39.91720577305225,1.6703025790726243e-05,0.0003457670606854826,0.0013962415283481793,0.0005862372049414626
subtle_modulation,vibrato_depth_0.05_rate_8,0.05 st / 8 Hz,0.05,8.0,7,preflight_adaptive_v1,Preflight Adaptive v1,source-only modulation-aware preflight selector,0.61678192439384,0.3097316048505599,95.8647365264412,1.585267249083478e-05,0.029911329911334557,0.05967299602021098,0.029866726201345454
subtle_modulation,vibrato_depth_0.05_rate_8,0.05 st / 8 Hz,0.05,8.0,12,preflight_adaptive_v1,Preflight Adaptive v1,source-only modulation-aware preflight selector,0.6079479074400732,0.3196133218714759,161.00071998889018,9.649673614340732e-07,0.035230579656037604,0.12752073953474027,0.05425076138604643
subtle_modulation,vibrato_depth_0.1_rate_8,0.1 st / 8 Hz,0.1,8.0,-12,preflight_adaptive_v1,Preflight Adaptive v1,source-only modulation-aware preflight selector,0.8331602332037513,0.3834622663955916,104.29543770969626,0.0003805085787246081,0.06959995910098543,0.06845468658697564,0.04614505142222856
subtle_modulation,vibrato_depth_0.1_rate_8,0.1 st / 8 Hz,0.1,8.0,3,preflight_adaptive_v1,Preflight Adaptive v1,source-only modulation-aware preflight selector,0.6162234860518498,0.2637488841964374,40.10372733985107,1.4911553019136618e-05,0.005159196796970222,0.0015905284148183885,0.0022548789216025825
subtle_modulation,vibrato_depth_0.1_rate_8,0.1 st / 8 Hz,0.1,8.0,7,preflight_adaptive_v1,Preflight Adaptive v1,source-only modulation-aware preflight selector,0.6179117749438401,0.3173937937335802,96.6118817738232,1.7756775903441344e-05,0.03403582529747081,0.060451246634047134,0.031501609569140464
subtle_modulation,vibrato_depth_0.1_rate_8,0.1 st / 8 Hz,0.1,8.0,12,preflight_adaptive_v1,Preflight Adaptive v1,source-only modulation-aware preflight selector,0.6096773241913499,0.3339777640166624,167.220588265437,3.8795017995726495e-06,0.042962844711984555,0.13399955516150658,0.058988759791763566
subtle_modulation,vibrato_depth_0.2_rate_8,0.2 st / 8 Hz,0.2,8.0,-12,preflight_adaptive_v1,Preflight Adaptive v1,source-only modulation-aware preflight selector,0.8304914206182814,0.3848354734180584,104.59411748369632,0.0003760109085224735,0.07033914552862955,0.0687658010834815,0.04649365250687784
subtle_modulation,vibrato_depth_0.2_rate_8,0.2 st / 8 Hz,0.2,8.0,3,preflight_adaptive_v1,Preflight Adaptive v1,source-only modulation-aware preflight selector,0.6183011081248897,0.2647757480315108,40.77342578824847,1.8412907494188028e-05,0.00571194943914747,0.002288107942194984,0.002672823429612214
subtle_modulation,vibrato_depth_0.2_rate_8,0.2 st / 8 Hz,0.2,8.0,7,preflight_adaptive_v1,Preflight Adaptive v1,source-only modulation-aware preflight selector,0.6223088760138961,0.3349935946001455,99.78342351894486,2.516707910953291e-05,0.043509658242509346,0.06375482691993765,0.03576321741385218
subtle_modulation,vibrato_depth_0.2_rate_8,0.2 st / 8 Hz,0.2,8.0,12,preflight_adaptive_v1,Preflight Adaptive v1,source-only modulation-aware preflight selector,0.6164371614322794,0.3661603282361592,185.28550014651316,1.5271653760837366e-05,0.06028646328415241,0.15281655066486652,0.07103942853425992
subtle_modulation,vibrato_depth_0.35_rate_8,0.35 st / 8 Hz,0.35,8.0,-12,preflight_adaptive_v1,Preflight Adaptive v1,source-only modulation-aware preflight selector,0.8163665555601594,0.3838441731688436,104.39858540719914,0.0003522066949831017,0.06980553648210465,0.06856212855917407,0.046239957245420606
subtle_modulation,vibrato_depth_0.35_rate_8,0.35 st / 8 Hz,0.35,8.0,3,preflight_adaptive_v1,Preflight Adaptive v1,source-only modulation-aware preflight selector,0.6281050851287713,0.2676157495796402,41.296989056984565,3.493525734851758e-05,0.007240699703688338,0.002833468347957709,0.003369701102998188
subtle_modulation,vibrato_depth_0.35_rate_8,0.35 st / 8 Hz,0.35,8.0,7,preflight_adaptive_v1,Preflight Adaptive v1,source-only modulation-aware preflight selector,0.6309019331684451,0.3555716119973746,101.95984818346062,3.964870188052651e-05,0.05458664147882541,0.06602186112387948,0.04021605043486181
subtle_modulation,vibrato_depth_0.35_rate_8,0.35 st / 8 Hz,0.35,8.0,12,preflight_adaptive_v1,Preflight Adaptive v1,source-only modulation-aware preflight selector,0.6317305267627916,0.4019787541117213,198.7543479937528,4.1045105936495745e-05,0.07956723729245198,0.16684613747079166,0.08215147328972672
subtle_modulation,vibrato_depth_0.5_rate_8,0.5 st / 8 Hz,0.5,8.0,-12,preflight_adaptive_v1,Preflight Adaptive v1,source-only modulation-aware preflight selector,0.7943570994774088,0.3821786373711184,103.54437179843174,0.0003151148154979978,0.06890899179780621,0.06767235208304728,0.04563215289878383
subtle_modulation,vibrato_depth_0.5_rate_8,0.5 st / 8 Hz,0.5,8.0,3,preflight_adaptive_v1,Preflight Adaptive v1,source-only modulation-aware preflight selector,0.64305005644998,0.2816939780928267,40.88924549649495,6.012157149778273e-05,0.014818898236001389,0.002408749489943553,0.005762589765814241
subtle_modulation,vibrato_depth_0.5_rate_8,0.5 st / 8 Hz,0.5,8.0,7,preflight_adaptive_v1,Preflight Adaptive v1,source-only modulation-aware preflight selector,0.635754226642475,0.36774689729239,101.1088518809738,4.782612726025367e-05,0.061140500799034346,0.06513543589785638,0.04210792094138366
subtle_modulation,vibrato_depth_0.5_rate_8,0.5 st / 8 Hz,0.5,8.0,12,preflight_adaptive_v1,Preflight Adaptive v1,source-only modulation-aware preflight selector,0.6528662212895435,0.4236656364442966,204.7254821269329,7.66644611478527e-05,0.09124111371157889,0.17306586358258685,0.08812788058510453
subtle_modulation,vibrato_depth_0.75_rate_8,0.75 st / 8 Hz,0.75,8.0,-12,preflight_adaptive_v1,Preflight Adaptive v1,source-only modulation-aware preflight selector,0.7687694836020832,0.3813475623213166,100.36594141823684,0.00027199277010122203,0.06846163070285376,0.06436159637244111,0.04436507328179869
subtle_modulation,vibrato_depth_0.75_rate_8,0.75 st / 8 Hz,0.75,8.0,3,preflight_adaptive_v1,Preflight Adaptive v1,source-only modulation-aware preflight selector,0.6778943931823223,0.2985162306172425,41.29749415899866,0.00011884369229691246,0.023874183087452653,0.0028339944785245527,0.008942340419424705
subtle_modulation,vibrato_depth_0.75_rate_8,0.75 st / 8 Hz,0.75,8.0,7,preflight_adaptive_v1,Preflight Adaptive v1,source-only modulation-aware preflight selector,0.6632086693126068,0.3958714795070625,100.9053237729596,9.409428014065687e-05,0.07627973990582357,0.06492343444894134,0.047099089544968525
subtle_modulation,vibrato_depth_0.75_rate_8,0.75 st / 8 Hz,0.75,8.0,12,preflight_adaptive_v1,Preflight Adaptive v1,source-only modulation-aware preflight selector,0.6962333513306875,0.4494563026111836,207.11385601553707,0.00014974979115569542,0.1051240243569212,0.17555367094185143,0.09360914836330943
subtle_modulation,vibrato_depth_1_rate_8,1 st / 8 Hz,1.0,8.0,-12,preflight_adaptive_v1,Preflight Adaptive v1,source-only modulation-aware preflight selector,0.7388823322300095,0.3869078331459759,99.97181537272424,0.00022162484584729945,0.0714546803016174,0.06395106195771548,0.0452091223683934
subtle_modulation,vibrato_depth_1_rate_8,1 st / 8 Hz,1.0,8.0,3,preflight_adaptive_v1,Preflight Adaptive v1,source-only modulation-aware preflight selector,0.7076513986998274,0.3142301182981643,42.48894199050223,0.00016899228562620926,0.03233284395156304,0.004075045009824181,0.012192293749004476
subtle_modulation,vibrato_depth_1_rate_8,1 st / 8 Hz,1.0,8.0,7,preflight_adaptive_v1,Preflight Adaptive v1,source-only modulation-aware preflight selector,0.7566920882307544,0.4404869547884147,105.90090436316402,0.0002516390961202294,0.10029589570119962,0.07012699249125982,0.05689150909619323
subtle_modulation,vibrato_depth_1_rate_8,1 st / 8 Hz,1.0,8.0,12,preflight_adaptive_v1,Preflight Adaptive v1,source-only modulation-aware preflight selector,0.7642746496850376,0.4861713443518168,209.25856265535657,0.00026441776064484206,0.12488743956019542,0.17778766662714374,0.10097984131599468
subtle_modulation,vibrato_depth_0_rate_2,0 st / 2 Hz,0.0,2.0,-12,preflight_adaptive_v2,Preflight Adaptive v2,selective source-only preflight selector,261.6178401356519,1.9047637075625294,218.40657200941777,0.43987314674909833,0.8885044354602459,0.1873165285453902,0.5052313702515782
subtle_modulation,vibrato_depth_0_rate_2,0 st / 2 Hz,0.0,2.0,3,preflight_adaptive_v2,Preflight Adaptive v2,selective source-only preflight selector,0.6959427980035754,0.4901861847950184,766.5642855489966,0.00014926013030479933,0.12704859626578827,0.7582953021319595,0.29516438617601753
subtle_modulation,vibrato_depth_0_rate_2,0 st / 2 Hz,0.0,2.0,7,preflight_adaptive_v2,Preflight Adaptive v2,selective source-only preflight selector,0.6497467451589565,0.4521484525272932,869.554095213382,7.140730112275438e-05,0.1065731872628876,0.8655728132598568,0.32407246927462235
subtle_modulation,vibrato_depth_0_rate_2,0 st / 2 Hz,0.0,2.0,12,preflight_adaptive_v2,Preflight Adaptive v2,selective source-only preflight selector,13.320328630959631,1.562923347932316,457.37210899542004,0.02142476081187096,0.7044944863953762,0.43623074769715947,0.38738333163480215
subtle_modulation,vibrato_depth_0.025_rate_2,0.025 st / 2 Hz,0.025,2.0,-12,preflight_adaptive_v2,Preflight Adaptive v2,selective source-only preflight selector,228.25811277692327,1.8898784762086378,218.52903421180184,0.3836529938205735,0.8804918337118411,0.18744408912950827,0.48386297222064095
subtle_modulation,vibrato_depth_0.025_rate_2,0.025 st / 2 Hz,0.025,2.0,3,preflight_adaptive_v2,Preflight Adaptive v2,selective source-only preflight selector,0.696131724698596,0.48905454652200936,764.5132895764873,0.0001495785228255811,0.12643944437628782,0.7561589185035098,0.2942493138008744
subtle_modulation,vibrato_depth_0.025_rate_2,0.025 st / 2 Hz,0.025,2.0,7,preflight_adaptive_v2,Preflight Adaptive v2,selective source-only preflight selector,0.6497737234975357,0.45126641290032027,847.7535896912619,7.145276691161926e-05,0.10609839234104732,0.8428647028034515,0.31634484930380347
subtle_modulation,vibrato_depth_0.025_rate_2,0.025 st / 2 Hz,0.025,2.0,12,preflight_adaptive_v2,Preflight Adaptive v2,selective source-only preflight selector,22.070735351493997,1.6298002827985902,452.2802790084411,0.03617156011047237,0.7404938089787885,0.4309269331754167,0.4025307674215592
subtle_modulation,vibrato_depth_0.05_rate_2,0.05 st / 2 Hz,0.05,2.0,-12,preflight_adaptive_v2,Preflight Adaptive v2,selective source-only preflight selector,246.83737980878558,1.8983927536588654,218.44104842196498,0.4149640780689253,0.8850750016023597,0.1873524402898893,0.4957971733203914
subtle_modulation,vibrato_depth_0.05_rate_2,0.05 st / 2 Hz,0.05,2.0,3,preflight_adaptive_v2,Preflight Adaptive v2,selective source-only preflight selector,0.6962330089178259,0.4857679576864339,762.1530057191845,0.0001497492140975187,0.12467029972383772,0.7537003706278324,0.29284013985525587
subtle_modulation,vibrato_depth_0.05_rate_2,0.05 st / 2 Hz,0.05,2.0,7,preflight_adaptive_v2,Preflight Adaptive v2,selective source-only preflight selector,0.649830151892321,0.4498522226344486,810.3619366203114,7.154786400129942e-05,0.10533714495916244,0.8039163496461731,0.30310834748977894
subtle_modulation,vibrato_depth_0.05_rate_2,0.05 st / 2 Hz,0.05,2.0,12,preflight_adaptive_v2,Preflight Adaptive v2,selective source-only preflight selector,13.687725391902969,1.5674047283239607,457.0595755498042,0.022043923608484006,0.7069067778477339,0.43590520276898503,0.38828530140840095
subtle_modulation,vibrato_depth_0.1_rate_2,0.1 st / 2 Hz,0.1,2.0,-12,preflight_adaptive_v2,Preflight Adaptive v2,selective source-only preflight selector,0.8870422657889694,0.47347720062928716,110.6356666538589,0.0004713143601827743,0.11805428287170017,0.07505887377139017,0.06452815700109103
subtle_modulation,vibrato_depth_0.1_rate_2,0.1 st / 2 Hz,0.1,2.0,3,preflight_adaptive_v2,Preflight Adaptive v2,selective source-only preflight selector,0.6960598694422022,0.48954832826852157,783.1428415976038,0.00014945742730643208,0.1267052431664692,0.7755640614080915,0.3008062540006224
subtle_modulation,vibrato_depth_0.1_rate_2,0.1 st / 2 Hz,0.1,2.0,7,preflight_adaptive_v2,Preflight Adaptive v2,selective source-only preflight selector,0.6500169747084593,0.45087143971433247,877.8978724036758,7.186271091778921e-05,0.10588578141378809,0.874263960988912,0.32674053503787265
subtle_modulation,vibrato_depth_0.1_rate_2,0.1 st / 2 Hz,0.1,2.0,12,preflight_adaptive_v2,Preflight Adaptive v2,selective source-only preflight selector,0.65063018066885,0.4250979942082864,229.71556375791653,7.289612862229058e-05,0.09201214051332796,0.19909633950045796,0.09706045871413609
subtle_modulation,vibrato_depth_0.2_rate_2,0.2 st / 2 Hz,0.2,2.0,-12,preflight_adaptive_v2,Preflight Adaptive v2,selective source-only preflight selector,0.8868972703078489,0.47140284110195163,110.63093192698295,0.0004710700036256934,0.11693767162257748,0.07505394192699918,0.06415422785106745
subtle_modulation,vibrato_depth_0.2_rate_2,0.2 st / 2 Hz,0.2,2.0,3,preflight_adaptive_v2,Preflight Adaptive v2,selective source-only preflight selector,0.6953030102924324,0.48743162179262306,782.3852621001931,0.000148181915169062,0.1255658368914562,0.7747749421425197,0.30016298698304833
subtle_modulation,vibrato_depth_0.2_rate_2,0.2 st / 2 Hz,0.2,2.0,7,preflight_adaptive_v2,Preflight Adaptive v2,selective source-only preflight selector,0.6505335766919504,0.45041029035864816,913.2141124460759,7.273332482307496e-05,0.10563754838026754,0.9110504969237794,0.3389202595429566
subtle_modulation,vibrato_depth_0.2_rate_2,0.2 st / 2 Hz,0.2,2.0,12,preflight_adaptive_v2,Preflight Adaptive v2,selective source-only preflight selector,0.6634369651972362,0.44296961405954566,230.25974538217085,9.447902038175051e-05,0.10163229145774637,0.19966317665106328,0.10046331570973048
subtle_modulation,vibrato_depth_0.35_rate_2,0.35 st / 2 Hz,0.35,2.0,-12,preflight_adaptive_v2,Preflight Adaptive v2,selective source-only preflight selector,0.8855566274382741,0.46676466973712194,110.98796931026507,0.00046881065820780256,0.11444098083533488,0.07542584359361007,0.06344521169571758
subtle_modulation,vibrato_depth_0.35_rate_2,0.35 st / 2 Hz,0.35,2.0,3,preflight_adaptive_v2,Preflight Adaptive v2,selective source-only preflight selector,0.6963502999988819,0.4926900282707083,830.4487032758014,0.00014994688125598225,0.12839639531130326,0.8248393743651222,0.3177952388525605
subtle_modulation,vibrato_depth_0.35_rate_2,0.35 st / 2 Hz,0.35,2.0,7,preflight_adaptive_v2,Preflight Adaptive v2,selective source-only preflight selector,0.6508865530348291,0.4531069277300881,965.2409787487129,7.33281853194872e-05,0.10708912684777752,0.965243360731555,0.35746860525488405
subtle_modulation,vibrato_depth_0.35_rate_2,0.35 st / 2 Hz,0.35,2.0,12,preflight_adaptive_v2,Preflight Adaptive v2,selective source-only preflight selector,0.6936744783500585,0.45259903276117197,228.26349371977864,0.00014543739888855673,0.10681573102213054,0.19758381646364054,0.10151499496155321
subtle_modulation,vibrato_depth_0.5_rate_2,0.5 st / 2 Hz,0.5,2.0,-12,preflight_adaptive_v2,Preflight Adaptive v2,selective source-only preflight selector,0.8382682374553391,0.46340097367904565,111.04495951705377,0.00038911694584631,0.11263032997776536,0.0754852064331267,0.06283488445224612
subtle_modulation,vibrato_depth_0.5_rate_2,0.5 st / 2 Hz,0.5,2.0,3,preflight_adaptive_v2,Preflight Adaptive v2,selective source-only preflight selector,0.696733520072222,0.49717849288113464,820.2085863416124,0.00015059271060874598,0.1308125001423345,0.8141729379289521,0.31504534359396513
subtle_modulation,vibrato_depth_0.5_rate_2,0.5 st / 2 Hz,0.5,2.0,7,preflight_adaptive_v2,Preflight Adaptive v2,selective source-only preflight selector,0.6503239980573168,0.45691414111761564,998.6084536760836,7.238012820480064e-05,0.10913851955926387,1.0,0.3697369665624896
subtle_modulation,vibrato_depth_0.5_rate_2,0.5 st / 2 Hz,0.5,2.0,12,preflight_adaptive_v2,Preflight Adaptive v2,selective source-only preflight selector,0.7273233558717737,0.4586030933415,228.5378937256113,0.00020214484795735293,0.11004766911967902,0.19786964036966712,0.10270648477910116
subtle_modulation,vibrato_depth_0.75_rate_2,0.75 st / 2 Hz,0.75,2.0,-12,preflight_adaptive_v2,Preflight Adaptive v2,selective source-only preflight selector,0.8124781739832199,0.4624827986162023,109.71586270478717,0.00034565372155651286,0.11213608363795573,0.07410077627899186,0.062194171212834694
subtle_modulation,vibrato_depth_0.75_rate_2,0.75 st / 2 Hz,0.75,2.0,3,preflight_adaptive_v2,Preflight Adaptive v2,selective source-only preflight selector,0.6964048570161565,0.4959921132209475,861.8652612461798,0.0001500388245689932,0.1301738813991329,0.8575638755390764,0.3292959319209261
subtle_modulation,vibrato_depth_0.75_rate_2,0.75 st / 2 Hz,0.75,2.0,7,preflight_adaptive_v2,Preflight Adaptive v2,selective source-only preflight selector,0.7256114187373358,0.4433370066365338,114.98424310540675,0.00019925977139581043,0.10183005596235763,0.07958849141212222,0.06053926904862522
subtle_modulation,vibrato_depth_0.75_rate_2,0.75 st / 2 Hz,0.75,2.0,12,preflight_adaptive_v2,Preflight Adaptive v2,selective source-only preflight selector,0.7826617799829322,0.4874265226358904,226.76908528022292,0.00029540504258957514,0.12556309205590882,0.19602719238086494,0.10729522982645445
subtle_modulation,vibrato_depth_1_rate_2,1 st / 2 Hz,1.0,2.0,-12,preflight_adaptive_v2,Preflight Adaptive v2,selective source-only preflight selector,0.7914521111615903,0.45848671493072013,109.59406287595851,0.00031021912538594526,0.10998502354598777,0.07397390564455607,0.06142304943864326
subtle_modulation,vibrato_depth_1_rate_2,1 st / 2 Hz,1.0,2.0,3,preflight_adaptive_v2,Preflight Adaptive v2,selective source-only preflight selector,0.6928072860799983,0.5012185347875684,855.9405294368341,0.0001439759456363478,0.1329872225953152,0.8513924835860464,0.3281745607089993
subtle_modulation,vibrato_depth_1_rate_2,1 st / 2 Hz,1.0,2.0,7,preflight_adaptive_v2,Preflight Adaptive v2,selective source-only preflight selector,0.7414753052211189,0.45037299972392675,114.87873855387706,0.00022599470584441843,0.1056174751279368,0.0794785944646703,0.061774021432817176
subtle_modulation,vibrato_depth_1_rate_2,1 st / 2 Hz,1.0,2.0,12,preflight_adaptive_v2,Preflight Adaptive v2,selective source-only preflight selector,0.8212484673367876,0.5048301799519689,225.90564843953663,0.00036043403520426786,0.13493134248642644,0.19512780868856755,0.11013986173673275
subtle_modulation,vibrato_depth_0_rate_4,0 st / 4 Hz,0.0,4.0,-12,preflight_adaptive_v2,Preflight Adaptive v2,selective source-only preflight selector,261.6178401356519,1.9047637075625294,218.40657200941777,0.43987314674909833,0.8885044354602459,0.1873165285453902,0.5052313702515782
subtle_modulation,vibrato_depth_0_rate_4,0 st / 4 Hz,0.0,4.0,3,preflight_adaptive_v2,Preflight Adaptive v2,selective source-only preflight selector,0.6959427980035754,0.4901861847950184,766.5642855489966,0.00014926013030479933,0.12704859626578827,0.7582953021319595,0.29516438617601753
subtle_modulation,vibrato_depth_0_rate_4,0 st / 4 Hz,0.0,4.0,7,preflight_adaptive_v2,Preflight Adaptive v2,selective source-only preflight selector,0.6497467451589565,0.4521484525272932,869.554095213382,7.140730112275438e-05,0.1065731872628876,0.8655728132598568,0.32407246927462235
subtle_modulation,vibrato_depth_0_rate_4,0 st / 4 Hz,0.0,4.0,12,preflight_adaptive_v2,Preflight Adaptive v2,selective source-only preflight selector,13.320328630959631,1.562923347932316,457.37210899542004,0.02142476081187096,0.7044944863953762,0.43623074769715947,0.38738333163480215
subtle_modulation,vibrato_depth_0.025_rate_4,0.025 st / 4 Hz,0.025,4.0,-12,preflight_adaptive_v2,Preflight Adaptive v2,selective source-only preflight selector,245.66749158232633,1.8978945207287536,218.44798312311272,0.4129925003550682,0.8848068067754192,0.1873596636985156,0.4950529902763343
subtle_modulation,vibrato_depth_0.025_rate_4,0.025 st / 4 Hz,0.025,4.0,3,preflight_adaptive_v2,Preflight Adaptive v2,selective source-only preflight selector,0.6960673806531116,0.4899413946758501,765.9389650670531,0.0001494700857260127,0.12691682768992882,0.757643948127337,0.2949034153009973
subtle_modulation,vibrato_depth_0.025_rate_4,0.025 st / 4 Hz,0.025,4.0,7,preflight_adaptive_v2,Preflight Adaptive v2,selective source-only preflight selector,0.6497558991181601,0.45194600186564,865.1183137855661,7.142272801700914e-05,0.10646420968054697,0.8609523601001303,0.3224959975028981
subtle_modulation,vibrato_depth_0.025_rate_4,0.025 st / 4 Hz,0.025,4.0,12,preflight_adaptive_v2,Preflight Adaptive v2,selective source-only preflight selector,22.075574957701434,1.6299606051426019,452.2555372661876,0.03617971615438035,0.7405801092225265,0.4309011613778129,0.40255366225157324
subtle_modulation,vibrato_depth_0.05_rate_4,0.05 st / 4 Hz,0.05,4.0,-12,preflight_adaptive_v2,Preflight Adaptive v2,selective source-only preflight selector,246.85851024454945,1.8984317279929566,218.4375284203083,0.4149996885617005,0.8850959811766813,0.1873487737425083,0.4958148144936301
subtle_modulation,vibrato_depth_0.05_rate_4,0.05 st / 4 Hz,0.05,4.0,3,preflight_adaptive_v2,Preflight Adaptive v2,selective source-only preflight selector,0.6961718682201494,0.489480030996819,770.7311874180338,0.00014964617550441016,0.1266684792878539,0.7626356816615574,0.29648460237497193
subtle_modulation,vibrato_depth_0.05_rate_4,0.05 st / 4 Hz,0.05,4.0,7,preflight_adaptive_v2,Preflight Adaptive v2,selective source-only preflight selector,0.6497739147617899,0.45171798590937123,863.8407922384338,7.145308924355879e-05,0.1063414705032761,0.8596216524074448,0.3220115253333215
subtle_modulation,vibrato_depth_0.05_rate_4,0.05 st / 4 Hz,0.05,4.0,12,preflight_adaptive_v2,Preflight Adaptive v2,selective source-only preflight selector,17.901543322874726,1.6049001225321693,453.86421521597504,0.029145345210186836,0.7270902505830283,0.43257681227203143,0.3962708026884156
subtle_modulation,vibrato_depth_0.1_rate_4,0.1 st / 4 Hz,0.1,4.0,-12,preflight_adaptive_v2,Preflight Adaptive v2,selective source-only preflight selector,0.886739431038833,0.4733900320830336,110.60349287190641,0.00047080400181618285,0.11800736073595958,0.07502536052126685,0.06450117508634753
subtle_modulation,vibrato_depth_0.1_rate_4,0.1 st / 4 Hz,0.1,4.0,3,preflight_adaptive_v2,Preflight Adaptive v2,selective source-only preflight selector,0.6963060477887298,0.4905881423124969,786.2863722428368,0.00014987230432687788,0.1272649668031861,0.7788384644279029,0.3020844345118053
subtle_modulation,vibrato_depth_0.1_rate_4,0.1 st / 4 Hz,0.1,4.0,7,preflight_adaptive_v2,Preflight Adaptive v2,selective source-only preflight selector,0.649835486433695,0.4516394035109616,886.5898824856846,7.155685414467287e-05,0.10629917022268782,0.8833178393418782,0.3298961888062369
subtle_modulation,vibrato_depth_0.1_rate_4,0.1 st / 4 Hz,0.1,4.0,12,preflight_adaptive_v2,Preflight Adaptive v2,selective source-only preflight selector,0.6500834492860106,0.4300272367632895,229.10824558525633,7.197473853946621e-05,0.09466551260916735,0.19846373728245173,0.09773374154338617
subtle_modulation,vibrato_depth_0.2_rate_4,0.2 st / 4 Hz,0.2,4.0,-12,preflight_adaptive_v2,Preflight Adaptive v2,selective source-only preflight selector,0.8855728767936228,0.47198286827593794,110.7256609177784,0.0004688380427614253,0.11724989564099625,0.07515261470246413,0.06429044946207393
subtle_modulation,vibrato_depth_0.2_rate_4,0.2 st / 4 Hz,0.2,4.0,3,preflight_adaptive_v2,Preflight Adaptive v2,selective source-only preflight selector,0.69629682157861,0.4906259428240453,807.0556473550852,0.00014985675567031026,0.12728531451816094,0.8004724119925528,0.30930252775546135
subtle_modulation,vibrato_depth_0.2_rate_4,0.2 st / 4 Hz,0.2,4.0,7,preflight_adaptive_v2,Preflight Adaptive v2,selective source-only preflight selector,0.6500446122746979,0.4532848413657326,906.9318243241993,7.190928768335437e-05,0.10718489634400759,0.9045066627706775,0.3372544894674561
subtle_modulation,vibrato_depth_0.2_rate_4,0.2 st / 4 Hz,0.2,4.0,12,preflight_adaptive_v2,Preflight Adaptive v2,selective source-only preflight selector,0.6614416129370119,0.45054003081892274,229.36066496685595,9.111631276697333e-05,0.10570738663901674,0.19872666546055687,0.10150838947078018
subtle_modulation,vibrato_depth_0.35_rate_4,0.35 st / 4 Hz,0.35,4.0,-12,preflight_adaptive_v2,Preflight Adaptive v2,selective source-only preflight selector,0.8686176429217991,0.4692368652896443,111.17722403404876,0.00044026389312997084,0.11577174405530732,0.07562297742464513,0.0639449951243608
subtle_modulation,vibrato_depth_0.35_rate_4,0.35 st / 4 Hz,0.35,4.0,3,preflight_adaptive_v2,Preflight Adaptive v2,selective source-only preflight selector,0.6961854447342621,0.4919157596512621,816.0266443604224,0.00014966905559846624,0.12797961266638402,0.8098168921329137,0.31264872461829873
subtle_modulation,vibrato_depth_0.35_rate_4,0.35 st / 4 Hz,0.35,4.0,7,preflight_adaptive_v2,Preflight Adaptive v2,selective source-only preflight selector,0.6504530686970218,0.4578825829679403,930.6645359624093,7.259764710190577e-05,0.10965982411131649,0.9292274215055455,0.34631994775465463
subtle_modulation,vibrato_depth_0.35_rate_4,0.35 st / 4 Hz,0.35,4.0,12,preflight_adaptive_v2,Preflight Adaptive v2,selective source-only preflight selector,0.6883185103515189,0.46906724630759716,227.29934468681017,0.00013641114586435772,0.11568043950519308,0.19657952770002132,0.10413212611702626
subtle_modulation,vibrato_depth_0.5_rate_4,0.5 st / 4 Hz,0.5,4.0,-12,preflight_adaptive_v2,Preflight Adaptive v2,selective source-only preflight selector,0.8374984945832648,0.4726777068534267,111.51840862890982,0.0003878197211562426,0.11762392172554145,0.07597836631497465,0.06466336925389078
subtle_modulation,vibrato_depth_0.5_rate_4,0.5 st / 4 Hz,0.5,4.0,3,preflight_adaptive_v2,Preflight Adaptive v2,selective source-only preflight selector,0.6966974826651857,0.49921211690446193,803.8572671213236,0.00015053197784216968,0.1319071837933649,0.7971408758703218,0.30973286388050963
subtle_modulation,vibrato_depth_0.5_rate_4,0.5 st / 4 Hz,0.5,4.0,7,preflight_adaptive_v2,Preflight Adaptive v2,selective source-only preflight selector,0.6507447285842061,0.4678145626197264,951.46616435415,7.308917280546718e-05,0.11500612983079173,0.950895069290752,0.35532476276478303
subtle_modulation,vibrato_depth_0.5_rate_4,0.5 st / 4 Hz,0.5,4.0,12,preflight_adaptive_v2,Preflight Adaptive v2,selective source-only preflight selector,0.7198605580937,0.4820214493281577,227.50589617743682,0.00018956801758202374,0.12265358404718894,0.19679467840188586,0.10654594348888562
subtle_modulation,vibrato_depth_0.75_rate_4,0.75 st / 4 Hz,0.75,4.0,-12,preflight_adaptive_v2,Preflight Adaptive v2,selective source-only preflight selector,0.8091861637669006,0.47515436411514855,109.68140175180513,0.0003401057949858447,0.11895708664811983,0.07406488063767495,0.06445402436026021
subtle_modulation,vibrato_depth_0.75_rate_4,0.75 st / 4 Hz,0.75,4.0,3,preflight_adaptive_v2,Preflight Adaptive v2,selective source-only preflight selector,0.6973021892027648,0.5033137535474831,861.6014472716964,0.00015155107172306367,0.13411506220357186,0.8572890783851098,0.33051856388680156
subtle_modulation,vibrato_depth_0.75_rate_4,0.75 st / 4 Hz,0.75,4.0,7,preflight_adaptive_v2,Preflight Adaptive v2,selective source-only preflight selector,0.723419084890657,0.46416633634124843,114.39258390815732,0.00019556509659210836,0.11304231861667399,0.07897220008850793,0.06407002793392468
subtle_modulation,vibrato_depth_0.75_rate_4,0.75 st / 4 Hz,0.75,4.0,12,preflight_adaptive_v2,Preflight Adaptive v2,selective source-only preflight selector,0.7750424055998113,0.5098771618176495,224.8100467433207,0.00028256433833463886,0.13764809271755724,0.19398659458650677,0.11063908388079956
subtle_modulation,vibrato_depth_1_rate_4,1 st / 4 Hz,1.0,4.0,-12,preflight_adaptive_v2,Preflight Adaptive v2,selective source-only preflight selector,0.784149261047514,0.4753002321512647,109.8705626301098,0.00029791185003526596,0.11903560625278255,0.07426191671622895,0.06453181160634892
subtle_modulation,vibrato_depth_1_rate_4,1 st / 4 Hz,1.0,4.0,3,preflight_adaptive_v2,Preflight Adaptive v2,selective source-only preflight selector,0.6961513836052942,0.5101187491725472,844.4877537969139,0.0001496116533943383,0.13777813727086136,0.8394629026871148,0.3257968838704568
subtle_modulation,vibrato_depth_1_rate_4,1 st / 4 Hz,1.0,4.0,7,preflight_adaptive_v2,Preflight Adaptive v2,selective source-only preflight selector,0.7447033138684118,0.4785035497103404,114.34061459668463,0.000231434772480872,0.12075992663882987,0.07891806717566938,0.06663647619566004
subtle_modulation,vibrato_depth_1_rate_4,1 st / 4 Hz,1.0,4.0,12,preflight_adaptive_v2,Preflight Adaptive v2,selective source-only preflight selector,0.8154942449785046,0.5333523617430596,224.9991601975582,0.0003507366159931136,0.15028460628557228,0.1941835812666212,0.11493964138939554
subtle_modulation,vibrato_depth_0_rate_5.5,0 st / 5.5 Hz,0.0,5.5,-12,preflight_adaptive_v2,Preflight Adaptive v2,selective source-only preflight selector,261.6178401356519,1.9047637075625294,218.40657200941777,0.43987314674909833,0.8885044354602459,0.1873165285453902,0.5052313702515782
subtle_modulation,vibrato_depth_0_rate_5.5,0 st / 5.5 Hz,0.0,5.5,3,preflight_adaptive_v2,Preflight Adaptive v2,selective source-only preflight selector,0.6959427980035754,0.4901861847950184,766.5642855489966,0.00014926013030479933,0.12704859626578827,0.7582953021319595,0.29516438617601753
subtle_modulation,vibrato_depth_0_rate_5.5,0 st / 5.5 Hz,0.0,5.5,7,preflight_adaptive_v2,Preflight Adaptive v2,selective source-only preflight selector,0.6497467451589565,0.4521484525272932,869.554095213382,7.140730112275438e-05,0.1065731872628876,0.8655728132598568,0.32407246927462235
subtle_modulation,vibrato_depth_0_rate_5.5,0 st / 5.5 Hz,0.0,5.5,12,preflight_adaptive_v2,Preflight Adaptive v2,selective source-only preflight selector,13.320328630959631,1.562923347932316,457.37210899542004,0.02142476081187096,0.7044944863953762,0.43623074769715947,0.38738333163480215
subtle_modulation,vibrato_depth_0.025_rate_5.5,0.025 st / 5.5 Hz,0.025,5.5,-12,preflight_adaptive_v2,Preflight Adaptive v2,selective source-only preflight selector,277.19050233144253,1.9110895248626152,218.3492851879463,0.4661172895964628,0.8919095726431159,0.18725685674244272,0.5150945729940071
subtle_modulation,vibrato_depth_0.025_rate_5.5,0.025 st / 5.5 Hz,0.025,5.5,3,preflight_adaptive_v2,Preflight Adaptive v2,selective source-only preflight selector,0.6958726504568351,0.49007286297241986,768.4228826461501,0.00014914191273776434,0.12698759602922505,0.7602312768795768,0.2957893382738465
subtle_modulation,vibrato_depth_0.025_rate_5.5,0.025 st / 5.5 Hz,0.025,5.5,7,preflight_adaptive_v2,Preflight Adaptive v2,selective source-only preflight selector,0.6497434583445433,0.45159557328142264,868.1802100623075,7.140176195251565e-05,0.10627557675843542,0.8641417301258736,0.3234962362154205
subtle_modulation,vibrato_depth_0.025_rate_5.5,0.025 st / 5.5 Hz,0.025,5.5,12,preflight_adaptive_v2,Preflight Adaptive v2,selective source-only preflight selector,39.927420309469404,1.6963521948949964,449.43192910257653,0.06626489835447313,0.7763181743880596,0.4279599999446604,0.4235143575623977
subtle_modulation,vibrato_depth_0.05_rate_5.5,0.05 st / 5.5 Hz,0.05,5.5,-12,preflight_adaptive_v2,Preflight Adaptive v2,selective source-only preflight selector,246.87435251980517,1.898437043432381,218.43688869268854,0.41502638707539147,0.8850988424354829,0.18734810738156377,0.4958244456308127
subtle_modulation,vibrato_depth_0.05_rate_5.5,0.05 st / 5.5 Hz,0.05,5.5,3,preflight_adaptive_v2,Preflight Adaptive v2,selective source-only preflight selector,0.6957916210562747,0.48970267704721365,770.8214270219049,0.00014900535630724476,0.12678832788746608,0.7627296781466467,0.29655567046347336
subtle_modulation,vibrato_depth_0.05_rate_5.5,0.05 st / 5.5 Hz,0.05,5.5,7,preflight_adaptive_v2,Preflight Adaptive v2,selective source-only preflight selector,0.6497414156529597,0.4511478828684728,869.3586396910679,7.139831946535208e-05,0.1060345885668338,0.8653692204768583,0.32382506912105247
subtle_modulation,vibrato_depth_0.05_rate_5.5,0.05 st / 5.5 Hz,0.05,5.5,12,preflight_adaptive_v2,Preflight Adaptive v2,selective source-only preflight selector,17.908841005432585,1.6050482441997123,453.8700357344819,0.029157643776809242,0.727169983299579,0.43258287511204374,0.39630350072947734
subtle_modulation,vibrato_depth_0.1_rate_5.5,0.1 st / 5.5 Hz,0.1,5.5,-12,preflight_adaptive_v2,Preflight Adaptive v2,selective source-only preflight selector,251.56756199606824,1.9004130744421843,218.388545843889,0.42293571294139176,0.8861625242250114,0.18729775190933842,0.49879866302524717
subtle_modulation,vibrato_depth_0.1_rate_5.5,0.1 st / 5.5 Hz,0.1,5.5,3,preflight_adaptive_v2,Preflight Adaptive v2,selective source-only preflight selector,0.695596197856404,0.4890575840038413,775.6181937743415,0.00014867601542072116,0.12644107942861982,0.7677261452761552,0.29810530024006526
subtle_modulation,vibrato_depth_0.1_rate_5.5,0.1 st / 5.5 Hz,0.1,5.5,7,preflight_adaptive_v2,Preflight Adaptive v2,selective source-only preflight selector,0.6497401458096372,0.45109197802006107,874.3105313231563,7.139617943629794e-05,0.1060044954311963,0.8705272706897543,0.3255343874334623
subtle_modulation,vibrato_depth_0.1_rate_5.5,0.1 st / 5.5 Hz,0.1,5.5,12,preflight_adaptive_v2,Preflight Adaptive v2,selective source-only preflight selector,59.52361984061772,1.740480130384261,448.22935844436,0.09928978859449435,0.8000718913877176,0.42670736351791766,0.4420230145000432
subtle_modulation,vibrato_depth_0.2_rate_5.5,0.2 st / 5.5 Hz,0.2,5.5,-12,preflight_adaptive_v2,Preflight Adaptive v2,selective source-only preflight selector,0.8843804591965482,0.4732185764703506,110.77188317268833,0.0004668284969716375,0.11791506754216932,0.07520076129562336,0.06452755244492143
subtle_modulation,vibrato_depth_0.2_rate_5.5,0.2 st / 5.5 Hz,0.2,5.5,3,preflight_adaptive_v2,Preflight Adaptive v2,selective source-only preflight selector,0.6951047324147859,0.4869477142567548,783.2496443142622,0.0001478477633792779,0.12530535331039647,0.7756753105662573,0.3003761705466777
subtle_modulation,vibrato_depth_0.2_rate_5.5,0.2 st / 5.5 Hz,0.2,5.5,7,preflight_adaptive_v2,Preflight Adaptive v2,selective source-only preflight selector,0.6497451302811106,0.4539626891222372,874.627341614346,7.140457961731519e-05,0.10754977640463903,0.8708572705183714,0.32615948383420923
subtle_modulation,vibrato_depth_0.2_rate_5.5,0.2 st / 5.5 Hz,0.2,5.5,12,preflight_adaptive_v2,Preflight Adaptive v2,selective source-only preflight selector,0.6594350030200565,0.4565226482293261,229.59107979426844,8.773463295928131e-05,0.10892778204859851,0.19896667298452772,0.10266072988869518
subtle_modulation,vibrato_depth_0.35_rate_5.5,0.35 st / 5.5 Hz,0.35,5.5,-12,preflight_adaptive_v2,Preflight Adaptive v2,selective source-only preflight selector,0.8566394465812676,0.4739001765656248,111.76031931708397,0.00042007739631508067,0.11828196745694149,0.07623034829869836,0.06497746438398498
subtle_modulation,vibrato_depth_0.35_rate_5.5,0.35 st / 5.5 Hz,0.35,5.5,3,preflight_adaptive_v2,Preflight Adaptive v2,selective source-only preflight selector,0.6944060446959389,0.4907996394256124,790.3292072457145,0.0001466702858183715,0.12737881401845888,0.7830496119037823,0.30352503206935316
subtle_modulation,vibrato_depth_0.35_rate_5.5,0.35 st / 5.5 Hz,0.35,5.5,7,preflight_adaptive_v2,Preflight Adaptive v2,selective source-only preflight selector,0.6497664097283774,0.46287648008765725,895.6725906088009,7.144044123472922e-05,0.11234799924554686,0.8927786813894968,0.3350660403587595
subtle_modulation,vibrato_depth_0.35_rate_5.5,0.35 st / 5.5 Hz,0.35,5.5,12,preflight_adaptive_v2,Preflight Adaptive v2,selective source-only preflight selector,0.6826625442220123,0.48095874996368326,227.6739089484827,0.0001268793149431971,0.12208154142431157,0.19696968592907943,0.10639270222277807
subtle_modulation,vibrato_depth_0.5_rate_5.5,0.5 st / 5.5 Hz,0.5,5.5,-12,preflight_adaptive_v2,Preflight Adaptive v2,selective source-only preflight selector,0.838637252975515,0.473545902589953,110.24773802339298,0.00038973883668954733,0.11809126459116842,0.0746547947842821,0.06437859940404668
subtle_modulation,vibrato_depth_0.5_rate_5.5,0.5 st / 5.5 Hz,0.5,5.5,3,preflight_adaptive_v2,Preflight Adaptive v2,selective source-only preflight selector,0.6941935636150253,0.4984007725963079,796.9053134496328,0.00014631219779400226,0.13147044359984594,0.7898994964580697,0.30717208408523655
subtle_modulation,vibrato_depth_0.5_rate_5.5,0.5 st / 5.5 Hz,0.5,5.5,7,preflight_adaptive_v2,Preflight Adaptive v2,selective source-only preflight selector,0.6498539744754859,0.47484259553815533,923.1917723007599,7.158801148974503e-05,0.11878926410067514,0.9214435495916045,0.34676813390125644
subtle_modulation,vibrato_depth_0.5_rate_5.5,0.5 st / 5.5 Hz,0.5,5.5,12,preflight_adaptive_v2,Preflight Adaptive v2,selective source-only preflight selector,0.7115423204177408,0.49787016268360784,227.1289987399739,0.0001755495398765733,0.13118482050047034,0.1964020898615898,0.10925415330064558
subtle_modulation,vibrato_depth_0.75_rate_5.5,0.75 st / 5.5 Hz,0.75,5.5,-12,preflight_adaptive_v2,Preflight Adaptive v2,selective source-only preflight selector,0.7960401030670796,0.4804411689760895,108.87556987118737,0.0003179511312200383,0.12180293169178293,0.07322550013175991,0.06511546098492095
subtle_modulation,vibrato_depth_0.75_rate_5.5,0.75 st / 5.5 Hz,0.75,5.5,3,preflight_adaptive_v2,Preflight Adaptive v2,selective source-only preflight selector,0.6962063561256441,0.5082629457511096,827.3700361818326,0.00014970429694228173,0.13677917303673015,0.8216325353146512,0.3195204708827745
subtle_modulation,vibrato_depth_0.75_rate_5.5,0.75 st / 5.5 Hz,0.75,5.5,7,preflight_adaptive_v2,Preflight Adaptive v2,selective source-only preflight selector,0.6502686936739676,0.4839141443795102,907.5058685538065,7.22869253780486e-05,0.12367240675253435,0.9051046057752355,0.34294976648438263
subtle_modulation,vibrato_depth_0.75_rate_5.5,0.75 st / 5.5 Hz,0.75,5.5,12,preflight_adaptive_v2,Preflight Adaptive v2,selective source-only preflight selector,0.76551253684619,0.5239396266094699,224.34025954562875,0.00026650393493397455,0.14521780576392943,0.19349724907268973,0.11299385292385104
subtle_modulation,vibrato_depth_1_rate_5.5,1 st / 5.5 Hz,1.0,5.5,-12,preflight_adaptive_v2,Preflight Adaptive v2,selective source-only preflight selector,0.7379899353993943,0.4836331117174584,108.79845773051144,0.00022012091610139301,0.12352112910385162,0.07314517763620025,0.06562880921871776
subtle_modulation,vibrato_depth_1_rate_5.5,1 st / 5.5 Hz,1.0,5.5,3,preflight_adaptive_v2,Preflight Adaptive v2,selective source-only preflight selector,0.700764794886445,0.5180001587976355,842.961995460701,0.00015738649774361686,0.1420206374403577,0.8378736235397414,0.3266838824926142
subtle_modulation,vibrato_depth_1_rate_5.5,1 st / 5.5 Hz,1.0,5.5,7,preflight_adaptive_v2,Preflight Adaptive v2,selective source-only preflight selector,0.7734954428989612,0.5026740978028242,117.42838740523824,0.0002799572882625177,0.13377074059941416,0.08213439103246137,0.07206169630671268
subtle_modulation,vibrato_depth_1_rate_5.5,1 st / 5.5 Hz,1.0,5.5,12,preflight_adaptive_v2,Preflight Adaptive v2,selective source-only preflight selector,0.8084124537358185,0.5515539986818,224.44979517893125,0.00033880188456109756,0.16008240280561448,0.19361134492507356,0.1180108498717497
subtle_modulation,vibrato_depth_0_rate_8,0 st / 8 Hz,0.0,8.0,-12,preflight_adaptive_v2,Preflight Adaptive v2,selective source-only preflight selector,261.6178401356519,1.9047637075625294,218.40657200941777,0.43987314674909833,0.8885044354602459,0.1873165285453902,0.5052313702515782
subtle_modulation,vibrato_depth_0_rate_8,0 st / 8 Hz,0.0,8.0,3,preflight_adaptive_v2,Preflight Adaptive v2,selective source-only preflight selector,0.6959427980035754,0.4901861847950184,766.5642855489966,0.00014926013030479933,0.12704859626578827,0.7582953021319595,0.29516438617601753
subtle_modulation,vibrato_depth_0_rate_8,0 st / 8 Hz,0.0,8.0,7,preflight_adaptive_v2,Preflight Adaptive v2,selective source-only preflight selector,0.6497467451589565,0.4521484525272932,869.554095213382,7.140730112275438e-05,0.1065731872628876,0.8655728132598568,0.32407246927462235
subtle_modulation,vibrato_depth_0_rate_8,0 st / 8 Hz,0.0,8.0,12,preflight_adaptive_v2,Preflight Adaptive v2,selective source-only preflight selector,13.320328630959631,1.562923347932316,457.37210899542004,0.02142476081187096,0.7044944863953762,0.43623074769715947,0.38738333163480215
subtle_modulation,vibrato_depth_0.025_rate_8,0.025 st / 8 Hz,0.025,8.0,-12,preflight_adaptive_v2,Preflight Adaptive v2,selective source-only preflight selector,228.2954820868686,1.8899021053697762,218.53646614595684,0.38371597120337303,0.8805045531015065,0.1874518304720898,0.48389078492565646
subtle_modulation,vibrato_depth_0.025_rate_8,0.025 st / 8 Hz,0.025,8.0,3,preflight_adaptive_v2,Preflight Adaptive v2,selective source-only preflight selector,0.6959474387093223,0.4901332972699294,768.1729432072899,0.00014926795114769716,0.12702012733131743,0.7599709318899025,0.2957134423907892
subtle_modulation,vibrato_depth_0.025_rate_8,0.025 st / 8 Hz,0.025,8.0,7,preflight_adaptive_v2,Preflight Adaptive v2,selective source-only preflight selector,0.6497488581738843,0.4518274728926809,870.4921885835129,7.14108621237513e-05,0.10640040647632465,0.8665499616037674,0.3243405929807386
subtle_modulation,vibrato_depth_0.025_rate_8,0.025 st / 8 Hz,0.025,8.0,12,preflight_adaptive_v2,Preflight Adaptive v2,selective source-only preflight selector,35.63017772277759,1.6838373687011974,449.8424652049221,0.05902288367021431,0.7695815429002862,0.4283876276044386,0.41899735139164634
subtle_modulation,vibrato_depth_0.05_rate_8,0.05 st / 8 Hz,0.05,8.0,-12,preflight_adaptive_v2,Preflight Adaptive v2,selective source-only preflight selector,263.1466739216864,1.90549957543319,218.4124547048552,0.4424496447021209,0.8889005472872555,0.18732265615090093,0.5062242827134258
subtle_modulation,vibrato_depth_0.05_rate_8,0.05 st / 8 Hz,0.05,8.0,3,preflight_adaptive_v2,Preflight Adaptive v2,selective source-only preflight selector,0.6959482447264836,0.48992015413836604,770.6148372589029,0.00014926930950436438,0.12690539407739468,0.7625144875790402,0.29652305032197973
subtle_modulation,vibrato_depth_0.05_rate_8,0.05 st / 8 Hz,0.05,8.0,7,preflight_adaptive_v2,Preflight Adaptive v2,selective source-only preflight selector,0.6497534232139012,0.4519183130632943,874.5176872002361,7.141855544945252e-05,0.1064493050182806,0.8707430509400632,0.3257545915045978
subtle_modulation,vibrato_depth_0.05_rate_8,0.05 st / 8 Hz,0.05,8.0,12,preflight_adaptive_v2,Preflight Adaptive v2,selective source-only preflight selector,35.94914198787766,1.6848160045936473,449.8831166452859,0.05956042462700419,0.7701083348242053,0.42842997145729356,0.41936624363616765
subtle_modulation,vibrato_depth_0.1_rate_8,0.1 st / 8 Hz,0.1,8.0,-12,preflight_adaptive_v2,Preflight Adaptive v2,selective source-only preflight selector,267.5392603235273,1.9074555751416407,218.40527167128758,0.44985233947260556,0.8899534463864498,0.18731517407120787,0.5090403199767544
subtle_modulation,vibrato_depth_0.1_rate_8,0.1 st / 8 Hz,0.1,8.0,3,preflight_adaptive_v2,Preflight Adaptive v2,selective source-only preflight selector,0.6959390211839717,0.48948821843451007,776.0897297797399,0.00014925376534343673,0.12667288652049938,0.7682173124045456,0.2983464842301295
subtle_modulation,vibrato_depth_0.1_rate_8,0.1 st / 8 Hz,0.1,8.0,7,preflight_adaptive_v2,Preflight Adaptive v2,selective source-only preflight selector,0.6497694940036846,0.4531182484936971,882.622219153676,7.144563907185712e-05,0.10709522072486481,0.8791849931055531,0.3287838864898299
subtle_modulation,vibrato_depth_0.1_rate_8,0.1 st / 8 Hz,0.1,8.0,12,preflight_adaptive_v2,Preflight Adaptive v2,selective source-only preflight selector,41.42977621484338,1.7007095971753818,449.41288374926296,0.06879677392542553,0.7786637294083509,0.427940161689704,0.4251335550078268
subtle_modulation,vibrato_depth_0.2_rate_8,0.2 st / 8 Hz,0.2,8.0,-12,preflight_adaptive_v2,Preflight Adaptive v2,selective source-only preflight selector,0.8835015112960443,0.4758223265037501,110.95764335471966,0.00046534723230627726,0.11931664549376574,0.07539425509913582,0.06505874927506927
subtle_modulation,vibrato_depth_0.2_rate_8,0.2 st / 8 Hz,0.2,8.0,3,preflight_adaptive_v2,Preflight Adaptive v2,selective source-only preflight selector,0.695901977967173,0.4882387754819074,782.437065365255,0.00014919133751568534,0.12600032130813948,0.7748289020960553,0.3003261382472368
subtle_modulation,vibrato_depth_0.2_rate_8,0.2 st / 8 Hz,0.2,8.0,7,preflight_adaptive_v2,Preflight Adaptive v2,selective source-only preflight selector,0.6498290599670395,0.4562088801102339,894.5944922918162,7.154602381221011e-05,0.10875888316353186,0.8916556993724003,0.3334953761865815
subtle_modulation,vibrato_depth_0.2_rate_8,0.2 st / 8 Hz,0.2,8.0,12,preflight_adaptive_v2,Preflight Adaptive v2,selective source-only preflight selector,0.6557842142896589,0.4655984300314896,226.72202515693053,8.158206766623841e-05,0.11381320326962269,0.19597817303694506,0.10329098612474467
subtle_modulation,vibrato_depth_0.35_rate_8,0.35 st / 8 Hz,0.35,8.0,-12,preflight_adaptive_v2,Preflight Adaptive v2,selective source-only preflight selector,0.8684750591065525,0.48220636325368776,112.19309713203035,0.00044002360088141336,0.12275312174383476,0.07668114364447198,0.06662476299639605
subtle_modulation,vibrato_depth_0.35_rate_8,0.35 st / 8 Hz,0.35,8.0,3,preflight_adaptive_v2,Preflight Adaptive v2,selective source-only preflight selector,0.6959933581843015,0.4914980529978855,787.7582366713646,0.00014934533786845687,0.12775476449428688,0.7803716059408806,0.3027585719243453
subtle_modulation,vibrato_depth_0.35_rate_8,0.35 st / 8 Hz,0.35,8.0,7,preflight_adaptive_v2,Preflight Adaptive v2,selective source-only preflight selector,0.6499827749820938,0.4652247414333078,893.7644222947523,7.180507513960348e-05,0.11361204966683587,0.8907910716617837,0.3348249754679197
subtle_modulation,vibrato_depth_0.35_rate_8,0.35 st / 8 Hz,0.35,8.0,12,preflight_adaptive_v2,Preflight Adaptive v2,selective source-only preflight selector,0.6720537518753102,0.49616199306543485,226.71388042148268,0.00010900063381055593,0.1302653263694257,0.1959696892175217,0.10878133874025264
subtle_modulation,vibrato_depth_0.5_rate_8,0.5 st / 8 Hz,0.5,8.0,-12,preflight_adaptive_v2,Preflight Adaptive v2,selective source-only preflight selector,0.8450607441249031,0.4849451002223765,112.02757005859299,0.00040056415462066453,0.1242273620899883,0.07650872530016675,0.06704555051492524
subtle_modulation,vibrato_depth_0.5_rate_8,0.5 st / 8 Hz,0.5,8.0,3,preflight_adaptive_v2,Preflight Adaptive v2,selective source-only preflight selector,0.6965827077289367,0.49815940915292783,792.9100171063563,0.00015033855106745737,0.13134051957633236,0.7857378667849808,0.30574290830412687
subtle_modulation,vibrato_depth_0.5_rate_8,0.5 st / 8 Hz,0.5,8.0,7,preflight_adaptive_v2,Preflight Adaptive v2,selective source-only preflight selector,0.6502192827139692,0.4760604618772056,886.3091668224821,7.220365456178623e-05,0.11944483187289161,0.8830254368432124,0.33418082412355526
subtle_modulation,vibrato_depth_0.5_rate_8,0.5 st / 8 Hz,0.5,8.0,12,preflight_adaptive_v2,Preflight Adaptive v2,selective source-only preflight selector,0.6945385332867485,0.5181979396274909,227.03798336155162,0.00014689356488646773,0.14212710128935166,0.19630728530467956,0.11286042671963924
subtle_modulation,vibrato_depth_0.75_rate_8,0.75 st / 8 Hz,0.75,8.0,-12,preflight_adaptive_v2,Preflight Adaptive v2,selective source-only preflight selector,0.8178398761724289,0.4890223234728664,109.68869171183975,0.00035468963824111577,0.1264220989650031,0.07407247409542854,0.06694975423289092
subtle_modulation,vibrato_depth_0.75_rate_8,0.75 st / 8 Hz,0.75,8.0,3,preflight_adaptive_v2,Preflight Adaptive v2,selective source-only preflight selector,0.6990749759477495,0.5060993438484614,796.4590483651888,0.0001545386963172624,0.1356145233261646,0.7894346523369042,0.30840123811979536
subtle_modulation,vibrato_depth_0.75_rate_8,0.75 st / 8 Hz,0.75,8.0,7,preflight_adaptive_v2,Preflight Adaptive v2,selective source-only preflight selector,0.6509013777240803,0.48755057102775945,882.2232881555437,7.335316892585354e-05,0.12562986631946882,0.8787694536970343,0.334824224395143
subtle_modulation,vibrato_depth_0.75_rate_8,0.75 st / 8 Hz,0.75,8.0,12,preflight_adaptive_v2,Preflight Adaptive v2,selective source-only preflight selector,0.7406737780113697,0.5472519930247361,224.89379703880786,0.00022464391595864062,0.15776666734743328,0.19407383159845357,0.11735504762061516
subtle_modulation,vibrato_depth_1_rate_8,1 st / 8 Hz,1.0,8.0,-12,preflight_adaptive_v2,Preflight Adaptive v2,selective source-only preflight selector,0.7860450342872441,0.5019437151352227,110.75728892010858,0.00030110674009864484,0.1333775814136217,0.07518555945091047,0.06962141586821026
subtle_modulation,vibrato_depth_1_rate_8,1 st / 8 Hz,1.0,8.0,3,preflight_adaptive_v2,Preflight Adaptive v2,selective source-only preflight selector,0.7044737589569289,0.5258673848618234,818.7186539879747,0.00016363710420111974,0.14625550271173476,0.8126209762817945,0.3196800386992435
subtle_modulation,vibrato_depth_1_rate_8,1 st / 8 Hz,1.0,8.0,7,preflight_adaptive_v2,Preflight Adaptive v2,selective source-only preflight selector,0.6517452414685955,0.5019841053831784,888.6119134538636,7.477530731017903e-05,0.13339932316312453,0.8854240520865824,0.33963271685233903
subtle_modulation,vibrato_depth_1_rate_8,1 st / 8 Hz,1.0,8.0,12,preflight_adaptive_v2,Preflight Adaptive v2,selective source-only preflight selector,0.813058137962806,0.5832680350051954,223.97389000699891,0.0003466311175428394,0.17715381653459078,0.1931156267317478,0.12353869146129381
