selected_algorithm,selected_algorithm_label,safe_mode,guard,dry_mix,preflight_risk_score,preflight_risk_level,preflight_reasons,pitch_valid_fraction,pitch_iqr_cents,pitch_modulation_rms_cents,pitch_modulation_peak_rate_hz,pitch_modulation_peak_strength,spectral_flatness,signal_family,signal_name,signal_label,case_id,case_label,shift_semitones,policy,policy_label,guard_applied,rms_error,spectral_distance,spectral_centroid_difference,shift_retention,rms_error_normalized,spectral_distance_normalized,spectral_centroid_difference_normalized,composite_stress,catastrophic_threshold,catastrophic
psola,PSOLA,False,selective_low_risk_psola,0.0,0.25,medium,periodic_representation_bias,1.0,4.171432927302327e-06,0.3244227350625294,4.455145474137925,0.05345671926763492,1.0643086051986063e-06,harmonic,sine,harmonic / sine,sine:3,harmonic / sine +3,3,no_guard,No Guard,False,0.6958645879355826,0.490083143547397,766.396639419815,1.0,0.0008082191225543186,0.13029606025843374,0.23859981668191624,0.12323469868763477,0.4040532713727877,False
psola,PSOLA,False,selective_low_risk_psola,0.0,0.25,medium,periodic_representation_bias,1.0,4.171432927302327e-06,0.3244227350625294,4.455145474137925,0.05345671926763492,1.0643086051986063e-06,harmonic,sine,harmonic / sine,sine:3,harmonic / sine +3,3,current_v3,Current v3,False,0.6958645879355826,0.490083143547397,766.396639419815,1.0,0.0008082191225543186,0.13029606025843374,0.23859981668191624,0.12323469868763477,0.4040532713727877,False
psola,PSOLA,False,selective_low_risk_psola,0.0,0.25,medium,periodic_representation_bias,1.0,4.171432927302327e-06,0.3244227350625294,4.455145474137925,0.05345671926763492,1.0643086051986063e-06,harmonic,sine,harmonic / sine,sine:3,harmonic / sine +3,3,noise_only,Noise Only,False,0.6958645879355826,0.490083143547397,766.396639419815,1.0,0.0008082191225543186,0.13029606025843374,0.23859981668191624,0.12323469868763477,0.4040532713727877,False
psola,PSOLA,False,selective_low_risk_psola,0.0,0.25,medium,periodic_representation_bias,1.0,4.171432927302327e-06,0.3244227350625294,4.455145474137925,0.05345671926763492,1.0643086051986063e-06,harmonic,sine,harmonic / sine,sine:3,harmonic / sine +3,3,noise_plus_transient,Noise + Transient,False,0.6958645879355826,0.490083143547397,766.396639419815,1.0,0.0008082191225543186,0.13029606025843374,0.23859981668191624,0.12323469868763477,0.4040532713727877,False
psola,PSOLA,False,selective_low_risk_psola,0.1,0.25,medium,periodic_representation_bias,1.0,4.171432927302327e-06,0.3244227350625294,4.455145474137925,0.05345671926763492,1.0643086051986063e-06,harmonic,sine,harmonic / sine,sine:3,harmonic / sine +3,3,forced_everywhere,Forced Everywhere,True,0.6262781291420243,0.4012799941442877,646.7307347478621,0.8187998290242746,0.0007246472333781305,0.08769367316810525,0.20118512204348724,0.0965344808149902,0.4040532713727877,False
psola,PSOLA,False,selective_low_risk_psola,0.0,0.33,high,periodic_representation_bias|moderate_shift,1.0,4.171432927302327e-06,0.3244227350625294,4.455145474137925,0.05345671926763492,1.0643086051986063e-06,harmonic,sine,harmonic / sine,sine:7,harmonic / sine +7,7,no_guard,No Guard,False,0.6497438047447877,0.45226250319643185,871.4056829568286,1.0,0.000752829021543791,0.11215200150527087,0.2714319028887714,0.128112244471862,0.4040532713727877,False
psola,PSOLA,False,selective_low_risk_psola,0.0,0.33,high,periodic_representation_bias|moderate_shift,1.0,4.171432927302327e-06,0.3244227350625294,4.455145474137925,0.05345671926763492,1.0643086051986063e-06,harmonic,sine,harmonic / sine,sine:7,harmonic / sine +7,7,current_v3,Current v3,False,0.6497438047447877,0.45226250319643185,871.4056829568286,1.0,0.000752829021543791,0.11215200150527087,0.2714319028887714,0.128112244471862,0.4040532713727877,False
psola,PSOLA,False,selective_low_risk_psola,0.0,0.33,high,periodic_representation_bias|moderate_shift,1.0,4.171432927302327e-06,0.3244227350625294,4.455145474137925,0.05345671926763492,1.0643086051986063e-06,harmonic,sine,harmonic / sine,sine:7,harmonic / sine +7,7,noise_only,Noise Only,False,0.6497438047447877,0.45226250319643185,871.4056829568286,1.0,0.000752829021543791,0.11215200150527087,0.2714319028887714,0.128112244471862,0.4040532713727877,False
psola,PSOLA,False,selective_low_risk_psola,0.0,0.33,high,periodic_representation_bias|moderate_shift,1.0,4.171432927302327e-06,0.3244227350625294,4.455145474137925,0.05345671926763492,1.0643086051986063e-06,harmonic,sine,harmonic / sine,sine:7,harmonic / sine +7,7,noise_plus_transient,Noise + Transient,False,0.6497438047447877,0.45226250319643185,871.4056829568286,1.0,0.000752829021543791,0.11215200150527087,0.2714319028887714,0.128112244471862,0.4040532713727877,False
psola,PSOLA,False,selective_low_risk_psola,0.1,0.33,high,periodic_representation_bias|moderate_shift,1.0,4.171432927302327e-06,0.3244227350625294,4.455145474137925,0.05345671926763492,1.0643086051986063e-06,harmonic,sine,harmonic / sine,sine:7,harmonic / sine +7,7,forced_everywhere,Forced Everywhere,True,0.5847694242703089,0.32205136870311973,621.5348313489666,0.7120894755301937,0.0006747961424686557,0.049684564342950197,0.19330738080722362,0.0812222470975475,0.4040532713727877,False
rubber_band,Rubber Band,False,selective_low_risk_rubberband,0.0,0.45,high,periodic_representation_bias|large_shift,1.0,4.171432927302327e-06,0.3244227350625294,4.455145474137925,0.05345671926763492,1.0643086051986063e-06,harmonic,sine,harmonic / sine,sine:12,harmonic / sine +12,12,no_guard,No Guard,False,16.45785260538132,1.6109065765517965,458.41343105790884,1.0,0.019738038783277158,0.6679994421059742,0.1423059080183473,0.2766811296358662,0.4040532713727877,False
rubber_band,Rubber Band,False,selective_low_risk_rubberband,0.0,0.45,high,periodic_representation_bias|large_shift,1.0,4.171432927302327e-06,0.3244227350625294,4.455145474137925,0.05345671926763492,1.0643086051986063e-06,harmonic,sine,harmonic / sine,sine:12,harmonic / sine +12,12,current_v3,Current v3,False,16.45785260538132,1.6109065765517965,458.41343105790884,1.0,0.019738038783277158,0.6679994421059742,0.1423059080183473,0.2766811296358662,0.4040532713727877,False
rubber_band,Rubber Band,False,selective_low_risk_rubberband,0.0,0.45,high,periodic_representation_bias|large_shift,1.0,4.171432927302327e-06,0.3244227350625294,4.455145474137925,0.05345671926763492,1.0643086051986063e-06,harmonic,sine,harmonic / sine,sine:12,harmonic / sine +12,12,noise_only,Noise Only,False,16.45785260538132,1.6109065765517965,458.41343105790884,1.0,0.019738038783277158,0.6679994421059742,0.1423059080183473,0.2766811296358662,0.4040532713727877,False
rubber_band,Rubber Band,False,selective_low_risk_rubberband,0.0,0.45,high,periodic_representation_bias|large_shift,1.0,4.171432927302327e-06,0.3244227350625294,4.455145474137925,0.05345671926763492,1.0643086051986063e-06,harmonic,sine,harmonic / sine,sine:12,harmonic / sine +12,12,noise_plus_transient,Noise + Transient,False,16.45785260538132,1.6109065765517965,458.41343105790884,1.0,0.019738038783277158,0.6679994421059742,0.1423059080183473,0.2766811296358662,0.4040532713727877,False
rubber_band,Rubber Band,False,selective_low_risk_rubberband,0.1,0.45,high,periodic_representation_bias|large_shift,1.0,4.171432927302327e-06,0.3244227350625294,4.455145474137925,0.05345671926763492,1.0643086051986063e-06,harmonic,sine,harmonic / sine,sine:12,harmonic / sine +12,12,forced_everywhere,Forced Everywhere,True,14.812067344843186,1.5597903592330817,432.66269515661173,0.9682686643268098,0.017761484928028686,0.6434769686189135,0.1342546930703382,0.2651643822057601,0.4040532713727877,False
rubber_band,Rubber Band,False,selective_low_risk_rubberband,0.0,0.45,high,periodic_representation_bias|large_shift,1.0,4.171432927302327e-06,0.3244227350625294,4.455145474137925,0.05345671926763492,1.0643086051986063e-06,harmonic,sine,harmonic / sine,sine:-12,harmonic / sine -12,-12,no_guard,No Guard,False,251.8599506125386,1.9310220934202988,218.74112933960322,1.0,0.3024510606495008,0.8215715311018967,0.06737006052977214,0.39713088409372327,0.4040532713727877,False
rubber_band,Rubber Band,False,selective_low_risk_rubberband,0.0,0.45,high,periodic_representation_bias|large_shift,1.0,4.171432927302327e-06,0.3244227350625294,4.455145474137925,0.05345671926763492,1.0643086051986063e-06,harmonic,sine,harmonic / sine,sine:-12,harmonic / sine -12,-12,current_v3,Current v3,False,251.8599506125386,1.9310220934202988,218.74112933960322,1.0,0.3024510606495008,0.8215715311018967,0.06737006052977214,0.39713088409372327,0.4040532713727877,False
rubber_band,Rubber Band,False,selective_low_risk_rubberband,0.0,0.45,high,periodic_representation_bias|large_shift,1.0,4.171432927302327e-06,0.3244227350625294,4.455145474137925,0.05345671926763492,1.0643086051986063e-06,harmonic,sine,harmonic / sine,sine:-12,harmonic / sine -12,-12,noise_only,Noise Only,False,251.8599506125386,1.9310220934202988,218.74112933960322,1.0,0.3024510606495008,0.8215715311018967,0.06737006052977214,0.39713088409372327,0.4040532713727877,False
rubber_band,Rubber Band,False,selective_low_risk_rubberband,0.0,0.45,high,periodic_representation_bias|large_shift,1.0,4.171432927302327e-06,0.3244227350625294,4.455145474137925,0.05345671926763492,1.0643086051986063e-06,harmonic,sine,harmonic / sine,sine:-12,harmonic / sine -12,-12,noise_plus_transient,Noise + Transient,False,251.8599506125386,1.9310220934202988,218.74112933960322,1.0,0.3024510606495008,0.8215715311018967,0.06737006052977214,0.39713088409372327,0.4040532713727877,False
rubber_band,Rubber Band,False,selective_low_risk_rubberband,0.1,0.45,high,periodic_representation_bias|large_shift,1.0,4.171432927302327e-06,0.3244227350625294,4.455145474137925,0.05345671926763492,1.0643086051986063e-06,harmonic,sine,harmonic / sine,sine:-12,harmonic / sine -12,-12,forced_everywhere,Forced Everywhere,True,226.6739555512848,1.8861068250999533,207.10727430119016,0.9767401582439743,0.27220320460763,0.8000238983871687,0.06373262399408368,0.37865324232962744,0.4040532713727877,False
psola,PSOLA,False,selective_low_risk_psola,0.0,0.45,high,periodic_representation_bias|sharp_harmonic_structure,1.0,2.9109227182160315e-06,0.24749250961407682,4.455145474137925,0.05778472656360186,0.0001679080834157772,harmonic,saw,harmonic / saw,saw:3,harmonic / saw +3,3,no_guard,No Guard,False,0.48682142824530994,0.8611344741266238,456.800194541705,1.0,0.0005571626371754006,0.30830407598725623,0.14180151412437397,0.1502209175829352,0.4040532713727877,False
psola,PSOLA,False,selective_low_risk_psola,0.0,0.45,high,periodic_representation_bias|sharp_harmonic_structure,1.0,2.9109227182160315e-06,0.24749250961407682,4.455145474137925,0.05778472656360186,0.0001679080834157772,harmonic,saw,harmonic / saw,saw:3,harmonic / saw +3,3,current_v3,Current v3,False,0.48682142824530994,0.8611344741266238,456.800194541705,1.0,0.0005571626371754006,0.30830407598725623,0.14180151412437397,0.1502209175829352,0.4040532713727877,False
psola,PSOLA,False,selective_low_risk_psola,0.0,0.45,high,periodic_representation_bias|sharp_harmonic_structure,1.0,2.9109227182160315e-06,0.24749250961407682,4.455145474137925,0.05778472656360186,0.0001679080834157772,harmonic,saw,harmonic / saw,saw:3,harmonic / saw +3,3,noise_only,Noise Only,False,0.48682142824530994,0.8611344741266238,456.800194541705,1.0,0.0005571626371754006,0.30830407598725623,0.14180151412437397,0.1502209175829352,0.4040532713727877,False
psola,PSOLA,False,selective_low_risk_psola,0.0,0.45,high,periodic_representation_bias|sharp_harmonic_structure,1.0,2.9109227182160315e-06,0.24749250961407682,4.455145474137925,0.05778472656360186,0.0001679080834157772,harmonic,saw,harmonic / saw,saw:3,harmonic / saw +3,3,noise_plus_transient,Noise + Transient,False,0.48682142824530994,0.8611344741266238,456.800194541705,1.0,0.0005571626371754006,0.30830407598725623,0.14180151412437397,0.1502209175829352,0.4040532713727877,False
psola,PSOLA,False,selective_low_risk_psola,0.1,0.45,high,periodic_representation_bias|sharp_harmonic_structure,1.0,2.9109227182160315e-06,0.24749250961407682,4.455145474137925,0.05778472656360186,0.0001679080834157772,harmonic,saw,harmonic / saw,saw:3,harmonic / saw +3,3,forced_everywhere,Forced Everywhere,True,0.43813928542077896,0.6740374822783304,230.55660617598028,0.7827319687345577,0.0004986963965371043,0.21854624055312305,0.0710642828653017,0.09670307327165395,0.4040532713727877,False
phase_vocoder,Phase Vocoder,True,selective_high_risk_phase_vocoder,0.0,0.53,high,periodic_representation_bias|sharp_harmonic_structure|moderate_shift,1.0,2.9109227182160315e-06,0.24749250961407682,4.455145474137925,0.05778472656360186,0.0001679080834157772,harmonic,saw,harmonic / saw,saw:7,harmonic / saw +7,7,no_guard,No Guard,False,0.4835360442843951,0.8637156866805997,666.5285608896255,1.0,0.0005532169593949383,0.309542385857188,0.207375102569932,0.17249023512883832,0.4040532713727877,False
phase_vocoder,Phase Vocoder,True,selective_high_risk_phase_vocoder,0.0,0.53,high,periodic_representation_bias|sharp_harmonic_structure|moderate_shift,1.0,2.9109227182160315e-06,0.24749250961407682,4.455145474137925,0.05778472656360186,0.0001679080834157772,harmonic,saw,harmonic / saw,saw:7,harmonic / saw +7,7,current_v3,Current v3,False,0.4835360442843951,0.8637156866805997,666.5285608896255,1.0,0.0005532169593949383,0.309542385857188,0.207375102569932,0.17249023512883832,0.4040532713727877,False
phase_vocoder,Phase Vocoder,True,selective_high_risk_phase_vocoder,0.0,0.53,high,periodic_representation_bias|sharp_harmonic_structure|moderate_shift,1.0,2.9109227182160315e-06,0.24749250961407682,4.455145474137925,0.05778472656360186,0.0001679080834157772,harmonic,saw,harmonic / saw,saw:7,harmonic / saw +7,7,noise_only,Noise Only,False,0.4835360442843951,0.8637156866805997,666.5285608896255,1.0,0.0005532169593949383,0.309542385857188,0.207375102569932,0.17249023512883832,0.4040532713727877,False
phase_vocoder,Phase Vocoder,True,selective_high_risk_phase_vocoder,0.0,0.53,high,periodic_representation_bias|sharp_harmonic_structure|moderate_shift,1.0,2.9109227182160315e-06,0.24749250961407682,4.455145474137925,0.05778472656360186,0.0001679080834157772,harmonic,saw,harmonic / saw,saw:7,harmonic / saw +7,7,noise_plus_transient,Noise + Transient,False,0.4835360442843951,0.8637156866805997,666.5285608896255,1.0,0.0005532169593949383,0.309542385857188,0.207375102569932,0.17249023512883832,0.4040532713727877,False
phase_vocoder,Phase Vocoder,True,selective_high_risk_phase_vocoder,0.1,0.53,high,periodic_representation_bias|sharp_harmonic_structure|moderate_shift,1.0,2.9109227182160315e-06,0.24749250961407682,4.455145474137925,0.05778472656360186,0.0001679080834157772,harmonic,saw,harmonic / saw,saw:7,harmonic / saw +7,7,forced_everywhere,Forced Everywhere,True,0.43518243985595556,0.669932914260109,541.1252762146455,0.7756405546306222,0.0004951452865346882,0.21657711674697203,0.168166560958747,0.1284129409974179,0.4040532713727877,False
phase_vocoder,Phase Vocoder,True,selective_high_risk_phase_vocoder,0.0,0.65,high,periodic_representation_bias|sharp_harmonic_structure|large_shift,1.0,2.9109227182160315e-06,0.24749250961407682,4.455145474137925,0.05778472656360186,0.0001679080834157772,harmonic,saw,harmonic / saw,saw:12,harmonic / saw +12,12,no_guard,No Guard,False,0.4786545091954336,0.7209688146921078,1226.613388107646,1.0,0.0005473543373196483,0.24106105904318237,0.38249100412456266,0.2080331391683549,0.4040532713727877,False
phase_vocoder,Phase Vocoder,True,selective_high_risk_phase_vocoder,0.0,0.65,high,periodic_representation_bias|sharp_harmonic_structure|large_shift,1.0,2.9109227182160315e-06,0.24749250961407682,4.455145474137925,0.05778472656360186,0.0001679080834157772,harmonic,saw,harmonic / saw,saw:12,harmonic / saw +12,12,current_v3,Current v3,False,0.4786545091954336,0.7209688146921078,1226.613388107646,1.0,0.0005473543373196483,0.24106105904318237,0.38249100412456266,0.2080331391683549,0.4040532713727877,False
phase_vocoder,Phase Vocoder,True,selective_high_risk_phase_vocoder,0.0,0.65,high,periodic_representation_bias|sharp_harmonic_structure|large_shift,1.0,2.9109227182160315e-06,0.24749250961407682,4.455145474137925,0.05778472656360186,0.0001679080834157772,harmonic,saw,harmonic / saw,saw:12,harmonic / saw +12,12,noise_only,Noise Only,False,0.4786545091954336,0.7209688146921078,1226.613388107646,1.0,0.0005473543373196483,0.24106105904318237,0.38249100412456266,0.2080331391683549,0.4040532713727877,False
phase_vocoder,Phase Vocoder,True,selective_high_risk_phase_vocoder,0.0,0.65,high,periodic_representation_bias|sharp_harmonic_structure|large_shift,1.0,2.9109227182160315e-06,0.24749250961407682,4.455145474137925,0.05778472656360186,0.0001679080834157772,harmonic,saw,harmonic / saw,saw:12,harmonic / saw +12,12,noise_plus_transient,Noise + Transient,False,0.4786545091954336,0.7209688146921078,1226.613388107646,1.0,0.0005473543373196483,0.24106105904318237,0.38249100412456266,0.2080331391683549,0.4040532713727877,False
phase_vocoder,Phase Vocoder,True,selective_high_risk_phase_vocoder,0.1,0.65,high,periodic_representation_bias|sharp_harmonic_structure|large_shift,1.0,2.9109227182160315e-06,0.24749250961407682,4.455145474137925,0.05778472656360186,0.0001679080834157772,harmonic,saw,harmonic / saw,saw:12,harmonic / saw +12,12,forced_everywhere,Forced Everywhere,True,0.43078905827589026,0.5456016593760628,1014.2220141108821,0.7567618019776123,0.0004898689266669274,0.15693049065770662,0.3160848007560288,0.1578350534468008,0.4040532713727877,False
phase_vocoder,Phase Vocoder,True,selective_high_risk_phase_vocoder,0.0,0.65,high,periodic_representation_bias|sharp_harmonic_structure|large_shift,1.0,2.9109227182160315e-06,0.24749250961407682,4.455145474137925,0.05778472656360186,0.0001679080834157772,harmonic,saw,harmonic / saw,saw:-12,harmonic / saw -12,-12,no_guard,No Guard,False,0.5795772719572991,0.7499225880332745,502.2338983159349,1.0,0.0006685604755700707,0.25495133059207437,0.15600679805771867,0.13720889637512104,0.4040532713727877,False
phase_vocoder,Phase Vocoder,True,selective_high_risk_phase_vocoder,0.0,0.65,high,periodic_representation_bias|sharp_harmonic_structure|large_shift,1.0,2.9109227182160315e-06,0.24749250961407682,4.455145474137925,0.05778472656360186,0.0001679080834157772,harmonic,saw,harmonic / saw,saw:-12,harmonic / saw -12,-12,current_v3,Current v3,False,0.5795772719572991,0.7499225880332745,502.2338983159349,1.0,0.0006685604755700707,0.25495133059207437,0.15600679805771867,0.13720889637512104,0.4040532713727877,False
phase_vocoder,Phase Vocoder,True,selective_high_risk_phase_vocoder,0.0,0.65,high,periodic_representation_bias|sharp_harmonic_structure|large_shift,1.0,2.9109227182160315e-06,0.24749250961407682,4.455145474137925,0.05778472656360186,0.0001679080834157772,harmonic,saw,harmonic / saw,saw:-12,harmonic / saw -12,-12,noise_only,Noise Only,False,0.5795772719572991,0.7499225880332745,502.2338983159349,1.0,0.0006685604755700707,0.25495133059207437,0.15600679805771867,0.13720889637512104,0.4040532713727877,False
phase_vocoder,Phase Vocoder,True,selective_high_risk_phase_vocoder,0.0,0.65,high,periodic_representation_bias|sharp_harmonic_structure|large_shift,1.0,2.9109227182160315e-06,0.24749250961407682,4.455145474137925,0.05778472656360186,0.0001679080834157772,harmonic,saw,harmonic / saw,saw:-12,harmonic / saw -12,-12,noise_plus_transient,Noise + Transient,False,0.5795772719572991,0.7499225880332745,502.2338983159349,1.0,0.0006685604755700707,0.25495133059207437,0.15600679805771867,0.13720889637512104,0.4040532713727877,False
phase_vocoder,Phase Vocoder,True,selective_high_risk_phase_vocoder,0.1,0.65,high,periodic_representation_bias|sharp_harmonic_structure|large_shift,1.0,2.9109227182160315e-06,0.24749250961407682,4.455145474137925,0.05778472656360186,0.0001679080834157772,harmonic,saw,harmonic / saw,saw:-12,harmonic / saw -12,-12,forced_everywhere,Forced Everywhere,True,0.5216195447615691,0.6720159547667756,453.58962536985325,0.8961137662611088,0.0005989544510923075,0.21757643375978433,0.14079769883120682,0.1196576956806945,0.4040532713727877,False
phase_vocoder,Phase Vocoder,True,selective_high_risk_phase_vocoder,0.0,0.53,high,periodic_representation_bias|broadband_structure|high_centroid,1.0,0.05589095807613785,0.11167476843199989,8.91029094827585,0.09128640478095211,0.00864122960153045,harmonic,square,harmonic / square,square:3,harmonic / square +3,3,no_guard,No Guard,False,1.037411313657616,0.9725105060616916,168.87059376193994,1.0,0.0012184096338319812,0.36173556864236256,0.051777558511688894,0.13824384559596115,0.4040532713727877,False
phase_vocoder,Phase Vocoder,True,selective_high_risk_phase_vocoder,0.0,0.53,high,periodic_representation_bias|broadband_structure|high_centroid,1.0,0.05589095807613785,0.11167476843199989,8.91029094827585,0.09128640478095211,0.00864122960153045,harmonic,square,harmonic / square,square:3,harmonic / square +3,3,current_v3,Current v3,False,1.037411313657616,0.9725105060616916,168.87059376193994,1.0,0.0012184096338319812,0.36173556864236256,0.051777558511688894,0.13824384559596115,0.4040532713727877,False
phase_vocoder,Phase Vocoder,True,selective_high_risk_phase_vocoder,0.0,0.53,high,periodic_representation_bias|broadband_structure|high_centroid,1.0,0.05589095807613785,0.11167476843199989,8.91029094827585,0.09128640478095211,0.00864122960153045,harmonic,square,harmonic / square,square:3,harmonic / square +3,3,noise_only,Noise Only,False,1.037411313657616,0.9725105060616916,168.87059376193994,1.0,0.0012184096338319812,0.36173556864236256,0.051777558511688894,0.13824384559596115,0.4040532713727877,False
phase_vocoder,Phase Vocoder,True,selective_high_risk_phase_vocoder,0.0,0.53,high,periodic_representation_bias|broadband_structure|high_centroid,1.0,0.05589095807613785,0.11167476843199989,8.91029094827585,0.09128640478095211,0.00864122960153045,harmonic,square,harmonic / square,square:3,harmonic / square +3,3,noise_plus_transient,Noise + Transient,False,1.037411313657616,0.9725105060616916,168.87059376193994,1.0,0.0012184096338319812,0.36173556864236256,0.051777558511688894,0.13824384559596115,0.4040532713727877,False
phase_vocoder,Phase Vocoder,True,selective_high_risk_phase_vocoder,0.1,0.53,high,periodic_representation_bias|broadband_structure|high_centroid,1.0,0.05589095807613785,0.11167476843199989,8.91029094827585,0.09128640478095211,0.00864122960153045,harmonic,square,harmonic / square,square:3,harmonic / square +3,3,forced_everywhere,Forced Everywhere,True,0.9336701822918544,0.8546598467930879,213.81672237606728,0.8788181119545377,0.001093818693528027,0.30519794088075447,0.06583039738744992,0.12404071898724416,0.4040532713727877,False
phase_vocoder,Phase Vocoder,True,selective_high_risk_phase_vocoder,0.0,0.61,high,periodic_representation_bias|broadband_structure|high_centroid|moderate_shift,1.0,0.05589095807613785,0.11167476843199989,8.91029094827585,0.09128640478095211,0.00864122960153045,harmonic,square,harmonic / square,square:7,harmonic / square +7,7,no_guard,No Guard,False,1.0360443343529675,1.0028411654225309,241.1546959940324,1.0,0.0012167679201288435,0.37628638693518907,0.07437787745500608,0.150627010770108,0.4040532713727877,False
phase_vocoder,Phase Vocoder,True,selective_high_risk_phase_vocoder,0.0,0.61,high,periodic_representation_bias|broadband_structure|high_centroid|moderate_shift,1.0,0.05589095807613785,0.11167476843199989,8.91029094827585,0.09128640478095211,0.00864122960153045,harmonic,square,harmonic / square,square:7,harmonic / square +7,7,current_v3,Current v3,False,1.0360443343529675,1.0028411654225309,241.1546959940324,1.0,0.0012167679201288435,0.37628638693518907,0.07437787745500608,0.150627010770108,0.4040532713727877,False
phase_vocoder,Phase Vocoder,True,selective_high_risk_phase_vocoder,0.0,0.61,high,periodic_representation_bias|broadband_structure|high_centroid|moderate_shift,1.0,0.05589095807613785,0.11167476843199989,8.91029094827585,0.09128640478095211,0.00864122960153045,harmonic,square,harmonic / square,square:7,harmonic / square +7,7,noise_only,Noise Only,False,1.0360443343529675,1.0028411654225309,241.1546959940324,1.0,0.0012167679201288435,0.37628638693518907,0.07437787745500608,0.150627010770108,0.4040532713727877,False
phase_vocoder,Phase Vocoder,True,selective_high_risk_phase_vocoder,0.0,0.61,high,periodic_representation_bias|broadband_structure|high_centroid|moderate_shift,1.0,0.05589095807613785,0.11167476843199989,8.91029094827585,0.09128640478095211,0.00864122960153045,harmonic,square,harmonic / square,square:7,harmonic / square +7,7,noise_plus_transient,Noise + Transient,False,1.0360443343529675,1.0028411654225309,241.1546959940324,1.0,0.0012167679201288435,0.37628638693518907,0.07437787745500608,0.150627010770108,0.4040532713727877,False
phase_vocoder,Phase Vocoder,True,selective_high_risk_phase_vocoder,0.1,0.61,high,periodic_representation_bias|broadband_structure|high_centroid|moderate_shift,1.0,0.05589095807613785,0.11167476843199989,8.91029094827585,0.09128640478095211,0.00864122960153045,harmonic,square,harmonic / square,square:7,harmonic / square +7,7,forced_everywhere,Forced Everywhere,True,0.9324399009176707,0.8762002701854968,114.20459601974007,0.873717893118522,0.0010923411511952028,0.31553173491419945,0.034685709181368866,0.11710326174892118,0.4040532713727877,False
phase_vocoder,Phase Vocoder,True,selective_high_risk_phase_vocoder,0.0,0.73,high,periodic_representation_bias|broadband_structure|high_centroid|large_shift,1.0,0.05589095807613785,0.11167476843199989,8.91029094827585,0.09128640478095211,0.00864122960153045,harmonic,square,harmonic / square,square:12,harmonic / square +12,12,no_guard,No Guard,False,1.0353915279528232,0.9917365664719014,506.87453151443196,1.0,0.0012159839132247384,0.37095907111184956,0.15745773660639467,0.1765442638771563,0.4040532713727877,False
phase_vocoder,Phase Vocoder,True,selective_high_risk_phase_vocoder,0.0,0.73,high,periodic_representation_bias|broadband_structure|high_centroid|large_shift,1.0,0.05589095807613785,0.11167476843199989,8.91029094827585,0.09128640478095211,0.00864122960153045,harmonic,square,harmonic / square,square:12,harmonic / square +12,12,current_v3,Current v3,False,1.0353915279528232,0.9917365664719014,506.87453151443196,1.0,0.0012159839132247384,0.37095907111184956,0.15745773660639467,0.1765442638771563,0.4040532713727877,False
phase_vocoder,Phase Vocoder,True,selective_high_risk_phase_vocoder,0.0,0.73,high,periodic_representation_bias|broadband_structure|high_centroid|large_shift,1.0,0.05589095807613785,0.11167476843199989,8.91029094827585,0.09128640478095211,0.00864122960153045,harmonic,square,harmonic / square,square:12,harmonic / square +12,12,noise_only,Noise Only,False,1.0353915279528232,0.9917365664719014,506.87453151443196,1.0,0.0012159839132247384,0.37095907111184956,0.15745773660639467,0.1765442638771563,0.4040532713727877,False
phase_vocoder,Phase Vocoder,True,selective_high_risk_phase_vocoder,0.0,0.73,high,periodic_representation_bias|broadband_structure|high_centroid|large_shift,1.0,0.05589095807613785,0.11167476843199989,8.91029094827585,0.09128640478095211,0.00864122960153045,harmonic,square,harmonic / square,square:12,harmonic / square +12,12,noise_plus_transient,Noise + Transient,False,1.0353915279528232,0.9917365664719014,506.87453151443196,1.0,0.0012159839132247384,0.37095907111184956,0.15745773660639467,0.1765442638771563,0.4040532713727877,False
phase_vocoder,Phase Vocoder,True,selective_high_risk_phase_vocoder,0.1,0.73,high,periodic_representation_bias|broadband_structure|high_centroid|large_shift,1.0,0.05589095807613785,0.11167476843199989,8.91029094827585,0.09128640478095211,0.00864122960153045,harmonic,square,harmonic / square,square:12,harmonic / square +12,12,forced_everywhere,Forced Everywhere,True,0.9318523751575409,0.8491920933794161,300.11415880031143,0.8562678054721864,0.0010916355449815084,0.3025748430626094,0.09281211988178625,0.1321595328297924,0.4040532713727877,False
phase_vocoder,Phase Vocoder,True,selective_high_risk_phase_vocoder,0.0,0.73,high,periodic_representation_bias|broadband_structure|high_centroid|large_shift,1.0,0.05589095807613785,0.11167476843199989,8.91029094827585,0.09128640478095211,0.00864122960153045,harmonic,square,harmonic / square,square:-12,harmonic / square -12,-12,no_guard,No Guard,False,1.253861479939483,1.1203287089033085,1707.4653124308663,1.0,0.0014783617800152012,0.4326498136751492,0.5328339774566396,0.322320717637268,0.4040532713727877,False
phase_vocoder,Phase Vocoder,True,selective_high_risk_phase_vocoder,0.0,0.73,high,periodic_representation_bias|broadband_structure|high_centroid|large_shift,1.0,0.05589095807613785,0.11167476843199989,8.91029094827585,0.09128640478095211,0.00864122960153045,harmonic,square,harmonic / square,square:-12,harmonic / square -12,-12,current_v3,Current v3,False,1.253861479939483,1.1203287089033085,1707.4653124308663,1.0,0.0014783617800152012,0.4326498136751492,0.5328339774566396,0.322320717637268,0.4040532713727877,False
phase_vocoder,Phase Vocoder,True,selective_high_risk_phase_vocoder,0.0,0.73,high,periodic_representation_bias|broadband_structure|high_centroid|large_shift,1.0,0.05589095807613785,0.11167476843199989,8.91029094827585,0.09128640478095211,0.00864122960153045,harmonic,square,harmonic / square,square:-12,harmonic / square -12,-12,noise_only,Noise Only,False,1.253861479939483,1.1203287089033085,1707.4653124308663,1.0,0.0014783617800152012,0.4326498136751492,0.5328339774566396,0.322320717637268,0.4040532713727877,False
phase_vocoder,Phase Vocoder,True,selective_high_risk_phase_vocoder,0.0,0.73,high,periodic_representation_bias|broadband_structure|high_centroid|large_shift,1.0,0.05589095807613785,0.11167476843199989,8.91029094827585,0.09128640478095211,0.00864122960153045,harmonic,square,harmonic / square,square:-12,harmonic / square -12,-12,noise_plus_transient,Noise + Transient,False,1.253861479939483,1.1203287089033085,1707.4653124308663,1.0,0.0014783617800152012,0.4326498136751492,0.5328339774566396,0.322320717637268,0.4040532713727877,False
phase_vocoder,Phase Vocoder,True,selective_high_risk_phase_vocoder,0.1,0.73,high,periodic_representation_bias|broadband_structure|high_centroid|large_shift,1.0,0.05589095807613785,0.11167476843199989,8.91029094827585,0.09128640478095211,0.00864122960153045,harmonic,square,harmonic / square,square:-12,harmonic / square -12,-12,forced_everywhere,Forced Everywhere,True,1.1284753319455345,1.0099436422709502,1635.5821795762743,0.9014708221300386,0.0013277756250929247,0.37969372631481996,0.5103590254410172,0.29712684246031,0.4040532713727877,False
phase_vocoder,Phase Vocoder,True,selective_high_risk_phase_vocoder,0.0,0.9399999999999998,high,partial_pitch_tracking|diffuse_spectrum|sparse_transients|broadband_structure|high_centroid|peaky_waveform|dense_zero_crossings,0.5287356321839081,2.9332956186117656,1075.9125168315395,1.4850484913793083,0.08217048202242078,0.3361208075118944,inharmonic,bell_resonator,inharmonic / bell_resonator,bell_resonator:3,inharmonic / bell_resonator +3,3,no_guard,No Guard,False,0.09311557228130384,0.2609770172660812,205.78764260767593,1.0,8.433009571424442e-05,0.020384779608959968,0.06332002846837084,0.027929712724348355,0.4040532713727877,False
phase_vocoder,Phase Vocoder,True,selective_high_risk_phase_vocoder,0.0,0.9399999999999998,high,partial_pitch_tracking|diffuse_spectrum|sparse_transients|broadband_structure|high_centroid|peaky_waveform|dense_zero_crossings,0.5287356321839081,2.9332956186117656,1075.9125168315395,1.4850484913793083,0.08217048202242078,0.3361208075118944,inharmonic,bell_resonator,inharmonic / bell_resonator,bell_resonator:3,inharmonic / bell_resonator +3,3,current_v3,Current v3,False,0.09311557228130384,0.2609770172660812,205.78764260767593,1.0,8.433009571424442e-05,0.020384779608959968,0.06332002846837084,0.027929712724348355,0.4040532713727877,False
phase_vocoder,Phase Vocoder,True,selective_high_risk_phase_vocoder,0.0,0.9399999999999998,high,partial_pitch_tracking|diffuse_spectrum|sparse_transients|broadband_structure|high_centroid|peaky_waveform|dense_zero_crossings,0.5287356321839081,2.9332956186117656,1075.9125168315395,1.4850484913793083,0.08217048202242078,0.3361208075118944,inharmonic,bell_resonator,inharmonic / bell_resonator,bell_resonator:3,inharmonic / bell_resonator +3,3,noise_only,Noise Only,False,0.09311557228130384,0.2609770172660812,205.78764260767593,1.0,8.433009571424442e-05,0.020384779608959968,0.06332002846837084,0.027929712724348355,0.4040532713727877,False
phase_vocoder,Phase Vocoder,True,selective_high_risk_phase_vocoder,0.0,0.9399999999999998,high,partial_pitch_tracking|diffuse_spectrum|sparse_transients|broadband_structure|high_centroid|peaky_waveform|dense_zero_crossings,0.5287356321839081,2.9332956186117656,1075.9125168315395,1.4850484913793083,0.08217048202242078,0.3361208075118944,inharmonic,bell_resonator,inharmonic / bell_resonator,bell_resonator:3,inharmonic / bell_resonator +3,3,noise_plus_transient,Noise + Transient,False,0.09311557228130384,0.2609770172660812,205.78764260767593,1.0,8.433009571424442e-05,0.020384779608959968,0.06332002846837084,0.027929712724348355,0.4040532713727877,False
phase_vocoder,Phase Vocoder,True,selective_high_risk_phase_vocoder,0.1,0.9399999999999998,high,partial_pitch_tracking|diffuse_spectrum|sparse_transients|broadband_structure|high_centroid|peaky_waveform|dense_zero_crossings,0.5287356321839081,2.9332956186117656,1075.9125168315395,1.4850484913793083,0.08217048202242078,0.3361208075118944,inharmonic,bell_resonator,inharmonic / bell_resonator,bell_resonator:3,inharmonic / bell_resonator +3,3,forced_everywhere,Forced Everywhere,True,0.08380401505317343,0.22480212213537187,233.94212342032927,0.861386663432409,7.314710922206379e-05,0.003030250004218759,0.07212279735393316,0.025075398155791326,0.4040532713727877,False
phase_vocoder,Phase Vocoder,True,selective_high_risk_phase_vocoder,0.0,1.0,high,partial_pitch_tracking|diffuse_spectrum|sparse_transients|broadband_structure|high_centroid|peaky_waveform|dense_zero_crossings|moderate_shift,0.5287356321839081,2.9332956186117656,1075.9125168315395,1.4850484913793083,0.08217048202242078,0.3361208075118944,inharmonic,bell_resonator,inharmonic / bell_resonator,bell_resonator:7,inharmonic / bell_resonator +7,7,no_guard,No Guard,False,0.09280600315707227,0.2665856980156342,108.29201650511658,1.0,8.39583096370221e-05,0.023075485850400597,0.03283708439829883,0.018665509519445483,0.4040532713727877,False
phase_vocoder,Phase Vocoder,True,selective_high_risk_phase_vocoder,0.0,1.0,high,partial_pitch_tracking|diffuse_spectrum|sparse_transients|broadband_structure|high_centroid|peaky_waveform|dense_zero_crossings|moderate_shift,0.5287356321839081,2.9332956186117656,1075.9125168315395,1.4850484913793083,0.08217048202242078,0.3361208075118944,inharmonic,bell_resonator,inharmonic / bell_resonator,bell_resonator:7,inharmonic / bell_resonator +7,7,current_v3,Current v3,False,0.09280600315707227,0.2665856980156342,108.29201650511658,1.0,8.39583096370221e-05,0.023075485850400597,0.03283708439829883,0.018665509519445483,0.4040532713727877,False
phase_vocoder,Phase Vocoder,True,selective_high_risk_phase_vocoder,0.0,1.0,high,partial_pitch_tracking|diffuse_spectrum|sparse_transients|broadband_structure|high_centroid|peaky_waveform|dense_zero_crossings|moderate_shift,0.5287356321839081,2.9332956186117656,1075.9125168315395,1.4850484913793083,0.08217048202242078,0.3361208075118944,inharmonic,bell_resonator,inharmonic / bell_resonator,bell_resonator:7,inharmonic / bell_resonator +7,7,noise_only,Noise Only,False,0.09280600315707227,0.2665856980156342,108.29201650511658,1.0,8.39583096370221e-05,0.023075485850400597,0.03283708439829883,0.018665509519445483,0.4040532713727877,False
phase_vocoder,Phase Vocoder,True,selective_high_risk_phase_vocoder,0.0,1.0,high,partial_pitch_tracking|diffuse_spectrum|sparse_transients|broadband_structure|high_centroid|peaky_waveform|dense_zero_crossings|moderate_shift,0.5287356321839081,2.9332956186117656,1075.9125168315395,1.4850484913793083,0.08217048202242078,0.3361208075118944,inharmonic,bell_resonator,inharmonic / bell_resonator,bell_resonator:7,inharmonic / bell_resonator +7,7,noise_plus_transient,Noise + Transient,False,0.09280600315707227,0.2665856980156342,108.29201650511658,1.0,8.39583096370221e-05,0.023075485850400597,0.03283708439829883,0.018665509519445483,0.4040532713727877,False
phase_vocoder,Phase Vocoder,True,selective_high_risk_phase_vocoder,0.1,1.0,high,partial_pitch_tracking|diffuse_spectrum|sparse_transients|broadband_structure|high_centroid|peaky_waveform|dense_zero_crossings|moderate_shift,0.5287356321839081,2.9332956186117656,1075.9125168315395,1.4850484913793083,0.08217048202242078,0.3361208075118944,inharmonic,bell_resonator,inharmonic / bell_resonator,bell_resonator:7,inharmonic / bell_resonator +7,7,forced_everywhere,Forced Everywhere,True,0.08352540284136505,0.2295106609966941,93.87082140464678,0.8609263839173931,7.281250175256373e-05,0.0052891225391255015,0.028328159216272863,0.01123003141905031,0.4040532713727877,False
phase_vocoder,Phase Vocoder,True,selective_high_risk_phase_vocoder,0.0,1.0,high,partial_pitch_tracking|diffuse_spectrum|sparse_transients|broadband_structure|high_centroid|peaky_waveform|dense_zero_crossings|large_shift,0.5287356321839081,2.9332956186117656,1075.9125168315395,1.4850484913793083,0.08217048202242078,0.3361208075118944,inharmonic,bell_resonator,inharmonic / bell_resonator,bell_resonator:12,inharmonic / bell_resonator +12,12,no_guard,No Guard,False,0.0931700838681044,0.2615753872501699,235.5784578310202,1.0,8.439556299580892e-05,0.020671841383871382,0.07263441302650246,0.031130216657789884,0.4040532713727877,False
phase_vocoder,Phase Vocoder,True,selective_high_risk_phase_vocoder,0.0,1.0,high,partial_pitch_tracking|diffuse_spectrum|sparse_transients|broadband_structure|high_centroid|peaky_waveform|dense_zero_crossings|large_shift,0.5287356321839081,2.9332956186117656,1075.9125168315395,1.4850484913793083,0.08217048202242078,0.3361208075118944,inharmonic,bell_resonator,inharmonic / bell_resonator,bell_resonator:12,inharmonic / bell_resonator +12,12,current_v3,Current v3,False,0.0931700838681044,0.2615753872501699,235.5784578310202,1.0,8.439556299580892e-05,0.020671841383871382,0.07263441302650246,0.031130216657789884,0.4040532713727877,False
phase_vocoder,Phase Vocoder,True,selective_high_risk_phase_vocoder,0.0,1.0,high,partial_pitch_tracking|diffuse_spectrum|sparse_transients|broadband_structure|high_centroid|peaky_waveform|dense_zero_crossings|large_shift,0.5287356321839081,2.9332956186117656,1075.9125168315395,1.4850484913793083,0.08217048202242078,0.3361208075118944,inharmonic,bell_resonator,inharmonic / bell_resonator,bell_resonator:12,inharmonic / bell_resonator +12,12,noise_only,Noise Only,False,0.0931700838681044,0.2615753872501699,235.5784578310202,1.0,8.439556299580892e-05,0.020671841383871382,0.07263441302650246,0.031130216657789884,0.4040532713727877,False
phase_vocoder,Phase Vocoder,True,selective_high_risk_phase_vocoder,0.0,1.0,high,partial_pitch_tracking|diffuse_spectrum|sparse_transients|broadband_structure|high_centroid|peaky_waveform|dense_zero_crossings|large_shift,0.5287356321839081,2.9332956186117656,1075.9125168315395,1.4850484913793083,0.08217048202242078,0.3361208075118944,inharmonic,bell_resonator,inharmonic / bell_resonator,bell_resonator:12,inharmonic / bell_resonator +12,12,noise_plus_transient,Noise + Transient,False,0.0931700838681044,0.2615753872501699,235.5784578310202,1.0,8.439556299580892e-05,0.020671841383871382,0.07263441302650246,0.031130216657789884,0.4040532713727877,False
phase_vocoder,Phase Vocoder,True,selective_high_risk_phase_vocoder,0.1,1.0,high,partial_pitch_tracking|diffuse_spectrum|sparse_transients|broadband_structure|high_centroid|peaky_waveform|dense_zero_crossings|large_shift,0.5287356321839081,2.9332956186117656,1075.9125168315395,1.4850484913793083,0.08217048202242078,0.3361208075118944,inharmonic,bell_resonator,inharmonic / bell_resonator,bell_resonator:12,inharmonic / bell_resonator +12,12,forced_everywhere,Forced Everywhere,True,0.08385307548129395,0.22756017092283304,181.74175201985503,0.8699601797977851,7.320602977547185e-05,0.0043533952175046015,0.05580184978482091,0.02007615034403366,0.4040532713727877,False
phase_vocoder,Phase Vocoder,True,selective_high_risk_phase_vocoder,0.0,1.0,high,partial_pitch_tracking|diffuse_spectrum|sparse_transients|broadband_structure|high_centroid|peaky_waveform|dense_zero_crossings|large_shift,0.5287356321839081,2.9332956186117656,1075.9125168315395,1.4850484913793083,0.08217048202242078,0.3361208075118944,inharmonic,bell_resonator,inharmonic / bell_resonator,bell_resonator:-12,inharmonic / bell_resonator -12,-12,no_guard,No Guard,False,0.10193964014468132,0.2753245090912441,2263.885533767095,1.0,9.492761762219374e-05,0.02726783955243437,0.7068041047791421,0.24472229064973292,0.4040532713727877,False
phase_vocoder,Phase Vocoder,True,selective_high_risk_phase_vocoder,0.0,1.0,high,partial_pitch_tracking|diffuse_spectrum|sparse_transients|broadband_structure|high_centroid|peaky_waveform|dense_zero_crossings|large_shift,0.5287356321839081,2.9332956186117656,1075.9125168315395,1.4850484913793083,0.08217048202242078,0.3361208075118944,inharmonic,bell_resonator,inharmonic / bell_resonator,bell_resonator:-12,inharmonic / bell_resonator -12,-12,current_v3,Current v3,False,0.10193964014468132,0.2753245090912441,2263.885533767095,1.0,9.492761762219374e-05,0.02726783955243437,0.7068041047791421,0.24472229064973292,0.4040532713727877,False
phase_vocoder,Phase Vocoder,True,selective_high_risk_phase_vocoder,0.0,1.0,high,partial_pitch_tracking|diffuse_spectrum|sparse_transients|broadband_structure|high_centroid|peaky_waveform|dense_zero_crossings|large_shift,0.5287356321839081,2.9332956186117656,1075.9125168315395,1.4850484913793083,0.08217048202242078,0.3361208075118944,inharmonic,bell_resonator,inharmonic / bell_resonator,bell_resonator:-12,inharmonic / bell_resonator -12,-12,noise_only,Noise Only,False,0.10193964014468132,0.2753245090912441,2263.885533767095,1.0,9.492761762219374e-05,0.02726783955243437,0.7068041047791421,0.24472229064973292,0.4040532713727877,False
phase_vocoder,Phase Vocoder,True,selective_high_risk_phase_vocoder,0.0,1.0,high,partial_pitch_tracking|diffuse_spectrum|sparse_transients|broadband_structure|high_centroid|peaky_waveform|dense_zero_crossings|large_shift,0.5287356321839081,2.9332956186117656,1075.9125168315395,1.4850484913793083,0.08217048202242078,0.3361208075118944,inharmonic,bell_resonator,inharmonic / bell_resonator,bell_resonator:-12,inharmonic / bell_resonator -12,-12,noise_plus_transient,Noise + Transient,False,0.10193964014468132,0.2753245090912441,2263.885533767095,1.0,9.492761762219374e-05,0.02726783955243437,0.7068041047791421,0.24472229064973292,0.4040532713727877,False
phase_vocoder,Phase Vocoder,True,selective_high_risk_phase_vocoder,0.1,1.0,high,partial_pitch_tracking|diffuse_spectrum|sparse_transients|broadband_structure|high_centroid|peaky_waveform|dense_zero_crossings|large_shift,0.5287356321839081,2.9332956186117656,1075.9125168315395,1.4850484913793083,0.08217048202242078,0.3361208075118944,inharmonic,bell_resonator,inharmonic / bell_resonator,bell_resonator:-12,inharmonic / bell_resonator -12,-12,forced_everywhere,Forced Everywhere,True,0.09174567613021319,0.23831898144309102,1961.9397863337938,0.865593049560694,8.268487893921817e-05,0.009514822638675325,0.6123978662723688,0.2073317912633278,0.4040532713727877,False
phase_vocoder,Phase Vocoder,True,selective_high_risk_phase_vocoder,0.0,0.89,high,unstable_pitch|periodic_representation_bias|sparse_transients|high_crest_factor,1.0,1504.7755203992683,1021.5055242605358,1.4850484913793083,0.17197410749828593,6.100535816828778e-05,inharmonic,random_modal_resonator,inharmonic / random_modal_resonator,random_modal_resonator:3,inharmonic / random_modal_resonator +3,3,no_guard,No Guard,False,0.09690930388653933,0.27363528820744143,246.86806528949631,1.0,8.888628843871587e-05,0.0264574534067116,0.07616421724938914,0.03423685231484649,0.4040532713727877,False
phase_vocoder,Phase Vocoder,True,selective_high_risk_phase_vocoder,0.0,0.89,high,unstable_pitch|periodic_representation_bias|sparse_transients|high_crest_factor,1.0,1504.7755203992683,1021.5055242605358,1.4850484913793083,0.17197410749828593,6.100535816828778e-05,inharmonic,random_modal_resonator,inharmonic / random_modal_resonator,random_modal_resonator:3,inharmonic / random_modal_resonator +3,3,current_v3,Current v3,False,0.09690930388653933,0.27363528820744143,246.86806528949631,1.0,8.888628843871587e-05,0.0264574534067116,0.07616421724938914,0.03423685231484649,0.4040532713727877,False
phase_vocoder,Phase Vocoder,True,selective_high_risk_phase_vocoder,0.0,0.89,high,unstable_pitch|periodic_representation_bias|sparse_transients|high_crest_factor,1.0,1504.7755203992683,1021.5055242605358,1.4850484913793083,0.17197410749828593,6.100535816828778e-05,inharmonic,random_modal_resonator,inharmonic / random_modal_resonator,random_modal_resonator:3,inharmonic / random_modal_resonator +3,3,noise_only,Noise Only,False,0.09690930388653933,0.27363528820744143,246.86806528949631,1.0,8.888628843871587e-05,0.0264574534067116,0.07616421724938914,0.03423685231484649,0.4040532713727877,False
phase_vocoder,Phase Vocoder,True,selective_high_risk_phase_vocoder,0.0,0.89,high,unstable_pitch|periodic_representation_bias|sparse_transients|high_crest_factor,1.0,1504.7755203992683,1021.5055242605358,1.4850484913793083,0.17197410749828593,6.100535816828778e-05,inharmonic,random_modal_resonator,inharmonic / random_modal_resonator,random_modal_resonator:3,inharmonic / random_modal_resonator +3,3,noise_plus_transient,Noise + Transient,False,0.09690930388653933,0.27363528820744143,246.86806528949631,1.0,8.888628843871587e-05,0.0264574534067116,0.07616421724938914,0.03423685231484649,0.4040532713727877,False
phase_vocoder,Phase Vocoder,True,selective_high_risk_phase_vocoder,0.1,0.89,high,unstable_pitch|periodic_representation_bias|sparse_transients|high_crest_factor,1.0,1504.7755203992683,1021.5055242605358,1.4850484913793083,0.17197410749828593,6.100535816828778e-05,inharmonic,random_modal_resonator,inharmonic / random_modal_resonator,random_modal_resonator:3,inharmonic / random_modal_resonator +3,3,forced_everywhere,Forced Everywhere,True,0.0872183734978854,0.23378252296496266,203.96758668843822,0.8543580928338943,7.724768267408812e-05,0.007338503877421345,0.06275097050127634,0.023388907353790594,0.4040532713727877,False
phase_vocoder,Phase Vocoder,True,selective_high_risk_phase_vocoder,0.0,0.97,high,unstable_pitch|periodic_representation_bias|sparse_transients|high_crest_factor|moderate_shift,1.0,1504.7755203992683,1021.5055242605358,1.4850484913793083,0.17197410749828593,6.100535816828778e-05,inharmonic,random_modal_resonator,inharmonic / random_modal_resonator,random_modal_resonator:7,inharmonic / random_modal_resonator +7,7,no_guard,No Guard,False,0.09704271036893113,0.2806621848958386,869.279968039105,1.0,8.904650684837669e-05,0.029828533990846406,0.27076727769955805,0.10022828606575095,0.4040532713727877,False
phase_vocoder,Phase Vocoder,True,selective_high_risk_phase_vocoder,0.0,0.97,high,unstable_pitch|periodic_representation_bias|sparse_transients|high_crest_factor|moderate_shift,1.0,1504.7755203992683,1021.5055242605358,1.4850484913793083,0.17197410749828593,6.100535816828778e-05,inharmonic,random_modal_resonator,inharmonic / random_modal_resonator,random_modal_resonator:7,inharmonic / random_modal_resonator +7,7,current_v3,Current v3,False,0.09704271036893113,0.2806621848958386,869.279968039105,1.0,8.904650684837669e-05,0.029828533990846406,0.27076727769955805,0.10022828606575095,0.4040532713727877,False
phase_vocoder,Phase Vocoder,True,selective_high_risk_phase_vocoder,0.0,0.97,high,unstable_pitch|periodic_representation_bias|sparse_transients|high_crest_factor|moderate_shift,1.0,1504.7755203992683,1021.5055242605358,1.4850484913793083,0.17197410749828593,6.100535816828778e-05,inharmonic,random_modal_resonator,inharmonic / random_modal_resonator,random_modal_resonator:7,inharmonic / random_modal_resonator +7,7,noise_only,Noise Only,False,0.09704271036893113,0.2806621848958386,869.279968039105,1.0,8.904650684837669e-05,0.029828533990846406,0.27076727769955805,0.10022828606575095,0.4040532713727877,False
phase_vocoder,Phase Vocoder,True,selective_high_risk_phase_vocoder,0.0,0.97,high,unstable_pitch|periodic_representation_bias|sparse_transients|high_crest_factor|moderate_shift,1.0,1504.7755203992683,1021.5055242605358,1.4850484913793083,0.17197410749828593,6.100535816828778e-05,inharmonic,random_modal_resonator,inharmonic / random_modal_resonator,random_modal_resonator:7,inharmonic / random_modal_resonator +7,7,noise_plus_transient,Noise + Transient,False,0.09704271036893113,0.2806621848958386,869.279968039105,1.0,8.904650684837669e-05,0.029828533990846406,0.27076727769955805,0.10022828606575095,0.4040532713727877,False
phase_vocoder,Phase Vocoder,True,selective_high_risk_phase_vocoder,0.1,0.97,high,unstable_pitch|periodic_representation_bias|sparse_transients|high_crest_factor|moderate_shift,1.0,1504.7755203992683,1021.5055242605358,1.4850484913793083,0.17197410749828593,6.100535816828778e-05,inharmonic,random_modal_resonator,inharmonic / random_modal_resonator,random_modal_resonator:7,inharmonic / random_modal_resonator +7,7,forced_everywhere,Forced Everywhere,True,0.08733843933203801,0.23882770570152909,751.1450581238942,0.8509436559476816,7.739187924278285e-05,0.009758877809307143,0.23383126327897025,0.0812225109891734,0.4040532713727877,False
phase_vocoder,Phase Vocoder,True,selective_high_risk_phase_vocoder,0.0,1.0,high,unstable_pitch|periodic_representation_bias|sparse_transients|high_crest_factor|large_shift,1.0,1504.7755203992683,1021.5055242605358,1.4850484913793083,0.17197410749828593,6.100535816828778e-05,inharmonic,random_modal_resonator,inharmonic / random_modal_resonator,random_modal_resonator:12,inharmonic / random_modal_resonator +12,12,no_guard,No Guard,False,0.09724620025961983,0.31532286971175266,1751.0577928747502,1.0,8.929089397322758e-05,0.046456636949678394,0.546463585228467,0.19766983769070623,0.4040532713727877,False
phase_vocoder,Phase Vocoder,True,selective_high_risk_phase_vocoder,0.0,1.0,high,unstable_pitch|periodic_representation_bias|sparse_transients|high_crest_factor|large_shift,1.0,1504.7755203992683,1021.5055242605358,1.4850484913793083,0.17197410749828593,6.100535816828778e-05,inharmonic,random_modal_resonator,inharmonic / random_modal_resonator,random_modal_resonator:12,inharmonic / random_modal_resonator +12,12,current_v3,Current v3,False,0.09724620025961983,0.31532286971175266,1751.0577928747502,1.0,8.929089397322758e-05,0.046456636949678394,0.546463585228467,0.19766983769070623,0.4040532713727877,False
phase_vocoder,Phase Vocoder,True,selective_high_risk_phase_vocoder,0.0,1.0,high,unstable_pitch|periodic_representation_bias|sparse_transients|high_crest_factor|large_shift,1.0,1504.7755203992683,1021.5055242605358,1.4850484913793083,0.17197410749828593,6.100535816828778e-05,inharmonic,random_modal_resonator,inharmonic / random_modal_resonator,random_modal_resonator:12,inharmonic / random_modal_resonator +12,12,noise_only,Noise Only,False,0.09724620025961983,0.31532286971175266,1751.0577928747502,1.0,8.929089397322758e-05,0.046456636949678394,0.546463585228467,0.19766983769070623,0.4040532713727877,False
phase_vocoder,Phase Vocoder,True,selective_high_risk_phase_vocoder,0.0,1.0,high,unstable_pitch|periodic_representation_bias|sparse_transients|high_crest_factor|large_shift,1.0,1504.7755203992683,1021.5055242605358,1.4850484913793083,0.17197410749828593,6.100535816828778e-05,inharmonic,random_modal_resonator,inharmonic / random_modal_resonator,random_modal_resonator:12,inharmonic / random_modal_resonator +12,12,noise_plus_transient,Noise + Transient,False,0.09724620025961983,0.31532286971175266,1751.0577928747502,1.0,8.929089397322758e-05,0.046456636949678394,0.546463585228467,0.19766983769070623,0.4040532713727877,False
phase_vocoder,Phase Vocoder,True,selective_high_risk_phase_vocoder,0.1,1.0,high,unstable_pitch|periodic_representation_bias|sparse_transients|high_crest_factor|large_shift,1.0,1504.7755203992683,1021.5055242605358,1.4850484913793083,0.17197410749828593,6.100535816828778e-05,inharmonic,random_modal_resonator,inharmonic / random_modal_resonator,random_modal_resonator:12,inharmonic / random_modal_resonator +12,12,forced_everywhere,Forced Everywhere,True,0.08752158023365784,0.26453884176875403,1502.371082164433,0.8389459413793169,7.761182765514863e-05,0.022093527859789144,0.4687092961737114,0.16362681195371856,0.4040532713727877,False
phase_vocoder,Phase Vocoder,True,selective_high_risk_phase_vocoder,0.0,1.0,high,unstable_pitch|periodic_representation_bias|sparse_transients|high_crest_factor|large_shift,1.0,1504.7755203992683,1021.5055242605358,1.4850484913793083,0.17197410749828593,6.100535816828778e-05,inharmonic,random_modal_resonator,inharmonic / random_modal_resonator,random_modal_resonator:-12,inharmonic / random_modal_resonator -12,-12,no_guard,No Guard,False,0.10099672758884098,0.3127077600308007,817.5956548974077,1.0,9.379519926112578e-05,0.04520206528571802,0.2546076807024463,0.09996784706247515,0.4040532713727877,False
phase_vocoder,Phase Vocoder,True,selective_high_risk_phase_vocoder,0.0,1.0,high,unstable_pitch|periodic_representation_bias|sparse_transients|high_crest_factor|large_shift,1.0,1504.7755203992683,1021.5055242605358,1.4850484913793083,0.17197410749828593,6.100535816828778e-05,inharmonic,random_modal_resonator,inharmonic / random_modal_resonator,random_modal_resonator:-12,inharmonic / random_modal_resonator -12,-12,current_v3,Current v3,False,0.10099672758884098,0.3127077600308007,817.5956548974077,1.0,9.379519926112578e-05,0.04520206528571802,0.2546076807024463,0.09996784706247515,0.4040532713727877,False
phase_vocoder,Phase Vocoder,True,selective_high_risk_phase_vocoder,0.0,1.0,high,unstable_pitch|periodic_representation_bias|sparse_transients|high_crest_factor|large_shift,1.0,1504.7755203992683,1021.5055242605358,1.4850484913793083,0.17197410749828593,6.100535816828778e-05,inharmonic,random_modal_resonator,inharmonic / random_modal_resonator,random_modal_resonator:-12,inharmonic / random_modal_resonator -12,-12,noise_only,Noise Only,False,0.10099672758884098,0.3127077600308007,817.5956548974077,1.0,9.379519926112578e-05,0.04520206528571802,0.2546076807024463,0.09996784706247515,0.4040532713727877,False
phase_vocoder,Phase Vocoder,True,selective_high_risk_phase_vocoder,0.0,1.0,high,unstable_pitch|periodic_representation_bias|sparse_transients|high_crest_factor|large_shift,1.0,1504.7755203992683,1021.5055242605358,1.4850484913793083,0.17197410749828593,6.100535816828778e-05,inharmonic,random_modal_resonator,inharmonic / random_modal_resonator,random_modal_resonator:-12,inharmonic / random_modal_resonator -12,-12,noise_plus_transient,Noise + Transient,False,0.10099672758884098,0.3127077600308007,817.5956548974077,1.0,9.379519926112578e-05,0.04520206528571802,0.2546076807024463,0.09996784706247515,0.4040532713727877,False
phase_vocoder,Phase Vocoder,True,selective_high_risk_phase_vocoder,0.1,1.0,high,unstable_pitch|periodic_representation_bias|sparse_transients|high_crest_factor|large_shift,1.0,1504.7755203992683,1021.5055242605358,1.4850484913793083,0.17197410749828593,6.100535816828778e-05,inharmonic,random_modal_resonator,inharmonic / random_modal_resonator,random_modal_resonator:-12,inharmonic / random_modal_resonator -12,-12,forced_everywhere,Forced Everywhere,True,0.0908970548299569,0.2625456039018951,735.6514641006386,0.8395877476018989,8.166570241425703e-05,0.021137292729190807,0.22898704227198394,0.08340200023452966,0.4040532713727877,False
phase_vocoder,Phase Vocoder,True,selective_high_risk_phase_vocoder,0.0,0.96,high,untracked_pitch|noise_like_spectrum|broadband_structure|high_centroid|dense_zero_crossings,0.0,,,,0.0,0.5587981201387135,noise,white_noise,noise / white_noise,white_noise:3,noise / white_noise +3,3,no_guard,No Guard,False,0.2389966156403345,0.8116528431572739,263.1478947289417,1.0,0.0002595301935475917,0.28456577829639507,0.08125426231203528,0.12202652360065931,0.4040532713727877,False
phase_vocoder,Phase Vocoder,True,selective_high_risk_phase_vocoder,0.0,0.96,high,untracked_pitch|noise_like_spectrum|broadband_structure|high_centroid|dense_zero_crossings,0.0,,,,0.0,0.5587981201387135,noise,white_noise,noise / white_noise,white_noise:3,noise / white_noise +3,3,current_v3,Current v3,False,0.2389966156403345,0.8116528431572739,263.1478947289417,1.0,0.0002595301935475917,0.28456577829639507,0.08125426231203528,0.12202652360065931,0.4040532713727877,False
phase_vocoder,Phase Vocoder,True,selective_high_risk_phase_vocoder,0.0,0.96,high,untracked_pitch|noise_like_spectrum|broadband_structure|high_centroid|dense_zero_crossings,0.0,,,,0.0,0.5587981201387135,noise,white_noise,noise / white_noise,white_noise:3,noise / white_noise +3,3,noise_only,Noise Only,False,0.2389966156403345,0.8116528431572739,263.1478947289417,1.0,0.0002595301935475917,0.28456577829639507,0.08125426231203528,0.12202652360065931,0.4040532713727877,False
phase_vocoder,Phase Vocoder,True,selective_high_risk_phase_vocoder,0.0,0.96,high,untracked_pitch|noise_like_spectrum|broadband_structure|high_centroid|dense_zero_crossings,0.0,,,,0.0,0.5587981201387135,noise,white_noise,noise / white_noise,white_noise:3,noise / white_noise +3,3,noise_plus_transient,Noise + Transient,False,0.2389966156403345,0.8116528431572739,263.1478947289417,1.0,0.0002595301935475917,0.28456577829639507,0.08125426231203528,0.12202652360065931,0.4040532713727877,False
phase_vocoder,Phase Vocoder,True,selective_high_risk_phase_vocoder,0.1,0.96,high,untracked_pitch|noise_like_spectrum|broadband_structure|high_centroid|dense_zero_crossings,0.0,,,,0.0,0.5587981201387135,noise,white_noise,noise / white_noise,white_noise:3,noise / white_noise +3,3,forced_everywhere,Forced Everywhere,True,0.21509695407630103,0.8276860380130844,253.18404157943186,1.0197537592469244,0.0002308271972720763,0.29225753673213795,0.078138967909398,0.12354244394626934,0.4040532713727877,False
phase_vocoder,Phase Vocoder,True,selective_high_risk_phase_vocoder,0.0,1.0,high,untracked_pitch|noise_like_spectrum|broadband_structure|high_centroid|dense_zero_crossings|moderate_shift,0.0,,,,0.0,0.5587981201387135,noise,white_noise,noise / white_noise,white_noise:7,noise / white_noise +7,7,no_guard,No Guard,False,0.24095091691245993,0.8177423191058084,73.52350497450597,1.0,0.00026187726871368806,0.2874871410327445,0.021966375272615954,0.10323846452469138,0.4040532713727877,False
phase_vocoder,Phase Vocoder,True,selective_high_risk_phase_vocoder,0.0,1.0,high,untracked_pitch|noise_like_spectrum|broadband_structure|high_centroid|dense_zero_crossings|moderate_shift,0.0,,,,0.0,0.5587981201387135,noise,white_noise,noise / white_noise,white_noise:7,noise / white_noise +7,7,current_v3,Current v3,False,0.24095091691245993,0.8177423191058084,73.52350497450597,1.0,0.00026187726871368806,0.2874871410327445,0.021966375272615954,0.10323846452469138,0.4040532713727877,False
phase_vocoder,Phase Vocoder,True,selective_high_risk_phase_vocoder,0.0,1.0,high,untracked_pitch|noise_like_spectrum|broadband_structure|high_centroid|dense_zero_crossings|moderate_shift,0.0,,,,0.0,0.5587981201387135,noise,white_noise,noise / white_noise,white_noise:7,noise / white_noise +7,7,noise_only,Noise Only,False,0.24095091691245993,0.8177423191058084,73.52350497450597,1.0,0.00026187726871368806,0.2874871410327445,0.021966375272615954,0.10323846452469138,0.4040532713727877,False
phase_vocoder,Phase Vocoder,True,selective_high_risk_phase_vocoder,0.0,1.0,high,untracked_pitch|noise_like_spectrum|broadband_structure|high_centroid|dense_zero_crossings|moderate_shift,0.0,,,,0.0,0.5587981201387135,noise,white_noise,noise / white_noise,white_noise:7,noise / white_noise +7,7,noise_plus_transient,Noise + Transient,False,0.24095091691245993,0.8177423191058084,73.52350497450597,1.0,0.00026187726871368806,0.2874871410327445,0.021966375272615954,0.10323846452469138,0.4040532713727877,False
phase_vocoder,Phase Vocoder,True,selective_high_risk_phase_vocoder,0.1,1.0,high,untracked_pitch|noise_like_spectrum|broadband_structure|high_centroid|dense_zero_crossings|moderate_shift,0.0,,,,0.0,0.5587981201387135,noise,white_noise,noise / white_noise,white_noise:7,noise / white_noise +7,7,forced_everywhere,Forced Everywhere,True,0.21685582522121394,0.8329793770148549,76.46668522938675,1.0186330798260608,0.00023293956492156307,0.29479696105063924,0.022886588852282543,0.10597216315594778,0.4040532713727877,False
phase_vocoder,Phase Vocoder,True,selective_high_risk_phase_vocoder,0.0,1.0,high,untracked_pitch|noise_like_spectrum|broadband_structure|high_centroid|dense_zero_crossings|large_shift,0.0,,,,0.0,0.5587981201387135,noise,white_noise,noise / white_noise,white_noise:12,noise / white_noise +12,12,no_guard,No Guard,False,0.250365419852364,0.7825103604947405,82.27883485513804,1.0,0.0002731838908637922,0.2705849754137558,0.024703813265840265,0.09852065752348661,0.4040532713727877,False
phase_vocoder,Phase Vocoder,True,selective_high_risk_phase_vocoder,0.1,1.0,high,untracked_pitch|noise_like_spectrum|broadband_structure|high_centroid|dense_zero_crossings|large_shift,0.0,,,,0.0,0.5587981201387135,noise,white_noise,noise / white_noise,white_noise:12,noise / white_noise +12,12,current_v3,Current v3,True,0.2253288778671276,0.7965318142116723,77.74298795911136,1.0179185534464574,0.00024311552485665685,0.2773116219666419,0.023285637161236928,0.10028012488424516,0.4040532713727877,False
phase_vocoder,Phase Vocoder,True,selective_high_risk_phase_vocoder,0.1,1.0,high,untracked_pitch|noise_like_spectrum|broadband_structure|high_centroid|dense_zero_crossings|large_shift,0.0,,,,0.0,0.5587981201387135,noise,white_noise,noise / white_noise,white_noise:12,noise / white_noise +12,12,noise_only,Noise Only,True,0.2253288778671276,0.7965318142116723,77.74298795911136,1.0179185534464574,0.00024311552485665685,0.2773116219666419,0.023285637161236928,0.10028012488424516,0.4040532713727877,False
phase_vocoder,Phase Vocoder,True,selective_high_risk_phase_vocoder,0.1,1.0,high,untracked_pitch|noise_like_spectrum|broadband_structure|high_centroid|dense_zero_crossings|large_shift,0.0,,,,0.0,0.5587981201387135,noise,white_noise,noise / white_noise,white_noise:12,noise / white_noise +12,12,noise_plus_transient,Noise + Transient,True,0.2253288778671276,0.7965318142116723,77.74298795911136,1.0179185534464574,0.00024311552485665685,0.2773116219666419,0.023285637161236928,0.10028012488424516,0.4040532713727877,False
phase_vocoder,Phase Vocoder,True,selective_high_risk_phase_vocoder,0.1,1.0,high,untracked_pitch|noise_like_spectrum|broadband_structure|high_centroid|dense_zero_crossings|large_shift,0.0,,,,0.0,0.5587981201387135,noise,white_noise,noise / white_noise,white_noise:12,noise / white_noise +12,12,forced_everywhere,Forced Everywhere,True,0.2253288778671276,0.7965318142116723,77.74298795911136,1.0179185534464574,0.00024311552485665685,0.2773116219666419,0.023285637161236928,0.10028012488424516,0.4040532713727877,False
phase_vocoder,Phase Vocoder,True,selective_high_risk_phase_vocoder,0.0,1.0,high,untracked_pitch|noise_like_spectrum|broadband_structure|high_centroid|dense_zero_crossings|large_shift,0.0,,,,0.0,0.5587981201387135,noise,white_noise,noise / white_noise,white_noise:-12,noise / white_noise -12,-12,no_guard,No Guard,False,0.2382796828515766,1.1367982523121154,2471.2711482261243,1.0,0.00025866917218499293,0.44055090578977635,0.771645209341536,0.40415159476783247,0.4040532713727877,True
phase_vocoder,Phase Vocoder,True,selective_high_risk_phase_vocoder,0.1,1.0,high,untracked_pitch|noise_like_spectrum|broadband_structure|high_centroid|dense_zero_crossings|large_shift,0.0,,,,0.0,0.5587981201387135,noise,white_noise,noise / white_noise,white_noise:-12,noise / white_noise -12,-12,current_v3,Current v3,True,0.21445171456641896,1.0178546828658268,2076.81494639795,0.8953696760138651,0.0002300522780457375,0.38348896574017344,0.6483146885879939,0.34401123553540436,0.4040532713727877,False
phase_vocoder,Phase Vocoder,True,selective_high_risk_phase_vocoder,0.1,1.0,high,untracked_pitch|noise_like_spectrum|broadband_structure|high_centroid|dense_zero_crossings|large_shift,0.0,,,,0.0,0.5587981201387135,noise,white_noise,noise / white_noise,white_noise:-12,noise / white_noise -12,-12,noise_only,Noise Only,True,0.21445171456641896,1.0178546828658268,2076.81494639795,0.8953696760138651,0.0002300522780457375,0.38348896574017344,0.6483146885879939,0.34401123553540436,0.4040532713727877,False
phase_vocoder,Phase Vocoder,True,selective_high_risk_phase_vocoder,0.1,1.0,high,untracked_pitch|noise_like_spectrum|broadband_structure|high_centroid|dense_zero_crossings|large_shift,0.0,,,,0.0,0.5587981201387135,noise,white_noise,noise / white_noise,white_noise:-12,noise / white_noise -12,-12,noise_plus_transient,Noise + Transient,True,0.21445171456641896,1.0178546828658268,2076.81494639795,0.8953696760138651,0.0002300522780457375,0.38348896574017344,0.6483146885879939,0.34401123553540436,0.4040532713727877,False
phase_vocoder,Phase Vocoder,True,selective_high_risk_phase_vocoder,0.1,1.0,high,untracked_pitch|noise_like_spectrum|broadband_structure|high_centroid|dense_zero_crossings|large_shift,0.0,,,,0.0,0.5587981201387135,noise,white_noise,noise / white_noise,white_noise:-12,noise / white_noise -12,-12,forced_everywhere,Forced Everywhere,True,0.21445171456641896,1.0178546828658268,2076.81494639795,0.8953696760138651,0.0002300522780457375,0.38348896574017344,0.6483146885879939,0.34401123553540436,0.4040532713727877,False
phase_vocoder,Phase Vocoder,True,selective_high_risk_phase_vocoder,0.0,0.68,high,strong_pitch_motion|diffuse_spectrum|broadband_structure|high_centroid,0.9425287356321839,202.21654117774648,405.85331360955416,4.950161637931028,0.07810520365168723,0.1254257493730261,noise,pink_noise,noise / pink_noise,pink_noise:3,noise / pink_noise +3,3,no_guard,No Guard,False,0.21360344687931498,0.60705408507311,270.74120225322935,1.0,0.0002290335262028149,0.1864116525847586,0.0836283828528504,0.09008968965460395,0.4040532713727877,False
phase_vocoder,Phase Vocoder,True,selective_high_risk_phase_vocoder,0.0,0.68,high,strong_pitch_motion|diffuse_spectrum|broadband_structure|high_centroid,0.9425287356321839,202.21654117774648,405.85331360955416,4.950161637931028,0.07810520365168723,0.1254257493730261,noise,pink_noise,noise / pink_noise,pink_noise:3,noise / pink_noise +3,3,current_v3,Current v3,False,0.21360344687931498,0.60705408507311,270.74120225322935,1.0,0.0002290335262028149,0.1864116525847586,0.0836283828528504,0.09008968965460395,0.4040532713727877,False
phase_vocoder,Phase Vocoder,True,selective_high_risk_phase_vocoder,0.0,0.68,high,strong_pitch_motion|diffuse_spectrum|broadband_structure|high_centroid,0.9425287356321839,202.21654117774648,405.85331360955416,4.950161637931028,0.07810520365168723,0.1254257493730261,noise,pink_noise,noise / pink_noise,pink_noise:3,noise / pink_noise +3,3,noise_only,Noise Only,False,0.21360344687931498,0.60705408507311,270.74120225322935,1.0,0.0002290335262028149,0.1864116525847586,0.0836283828528504,0.09008968965460395,0.4040532713727877,False
phase_vocoder,Phase Vocoder,True,selective_high_risk_phase_vocoder,0.0,0.68,high,strong_pitch_motion|diffuse_spectrum|broadband_structure|high_centroid,0.9425287356321839,202.21654117774648,405.85331360955416,4.950161637931028,0.07810520365168723,0.1254257493730261,noise,pink_noise,noise / pink_noise,pink_noise:3,noise / pink_noise +3,3,noise_plus_transient,Noise + Transient,False,0.21360344687931498,0.60705408507311,270.74120225322935,1.0,0.0002290335262028149,0.1864116525847586,0.0836283828528504,0.09008968965460395,0.4040532713727877,False
phase_vocoder,Phase Vocoder,True,selective_high_risk_phase_vocoder,0.1,0.68,high,strong_pitch_motion|diffuse_spectrum|broadband_structure|high_centroid,0.9425287356321839,202.21654117774648,405.85331360955416,4.950161637931028,0.07810520365168723,0.1254257493730261,noise,pink_noise,noise / pink_noise,pink_noise:3,noise / pink_noise +3,3,forced_everywhere,Forced Everywhere,True,0.1922431021913835,0.61936022828019,279.0173106292112,1.0202719057653618,0.00020338019666177724,0.19231539676524015,0.08621598763911564,0.09291158820033918,0.4040532713727877,False
phase_vocoder,Phase Vocoder,True,selective_high_risk_phase_vocoder,0.0,0.76,high,strong_pitch_motion|diffuse_spectrum|broadband_structure|high_centroid|moderate_shift,0.9425287356321839,202.21654117774648,405.85331360955416,4.950161637931028,0.07810520365168723,0.1254257493730261,noise,pink_noise,noise / pink_noise,pink_noise:7,noise / pink_noise +7,7,no_guard,No Guard,False,0.27601820257178206,0.6121499480039768,127.09634048969282,1.0,0.0003039923491710067,0.18885633981262445,0.03871643693145112,0.07595892303108219,0.4040532713727877,False
phase_vocoder,Phase Vocoder,True,selective_high_risk_phase_vocoder,0.0,0.76,high,strong_pitch_motion|diffuse_spectrum|broadband_structure|high_centroid|moderate_shift,0.9425287356321839,202.21654117774648,405.85331360955416,4.950161637931028,0.07810520365168723,0.1254257493730261,noise,pink_noise,noise / pink_noise,pink_noise:7,noise / pink_noise +7,7,current_v3,Current v3,False,0.27601820257178206,0.6121499480039768,127.09634048969282,1.0,0.0003039923491710067,0.18885633981262445,0.03871643693145112,0.07595892303108219,0.4040532713727877,False
phase_vocoder,Phase Vocoder,True,selective_high_risk_phase_vocoder,0.0,0.76,high,strong_pitch_motion|diffuse_spectrum|broadband_structure|high_centroid|moderate_shift,0.9425287356321839,202.21654117774648,405.85331360955416,4.950161637931028,0.07810520365168723,0.1254257493730261,noise,pink_noise,noise / pink_noise,pink_noise:7,noise / pink_noise +7,7,noise_only,Noise Only,False,0.27601820257178206,0.6121499480039768,127.09634048969282,1.0,0.0003039923491710067,0.18885633981262445,0.03871643693145112,0.07595892303108219,0.4040532713727877,False
phase_vocoder,Phase Vocoder,True,selective_high_risk_phase_vocoder,0.0,0.76,high,strong_pitch_motion|diffuse_spectrum|broadband_structure|high_centroid|moderate_shift,0.9425287356321839,202.21654117774648,405.85331360955416,4.950161637931028,0.07810520365168723,0.1254257493730261,noise,pink_noise,noise / pink_noise,pink_noise:7,noise / pink_noise +7,7,noise_plus_transient,Noise + Transient,False,0.27601820257178206,0.6121499480039768,127.09634048969282,1.0,0.0003039923491710067,0.18885633981262445,0.03871643693145112,0.07595892303108219,0.4040532713727877,False
phase_vocoder,Phase Vocoder,True,selective_high_risk_phase_vocoder,0.1,0.76,high,strong_pitch_motion|diffuse_spectrum|broadband_structure|high_centroid|moderate_shift,0.9425287356321839,202.21654117774648,405.85331360955416,4.950161637931028,0.07810520365168723,0.1254257493730261,noise,pink_noise,noise / pink_noise,pink_noise:7,noise / pink_noise +7,7,forced_everywhere,Forced Everywhere,True,0.24841638231460386,0.6209996525610103,118.06945325141639,1.0144567594686391,0.0002708431373331499,0.1931018935087255,0.03589409392170657,0.07642227685592173,0.4040532713727877,False
phase_vocoder,Phase Vocoder,True,selective_high_risk_phase_vocoder,0.0,0.8800000000000001,high,strong_pitch_motion|diffuse_spectrum|broadband_structure|high_centroid|large_shift,0.9425287356321839,202.21654117774648,405.85331360955416,4.950161637931028,0.07810520365168723,0.1254257493730261,noise,pink_noise,noise / pink_noise,pink_noise:12,noise / pink_noise +12,12,no_guard,No Guard,False,0.2666556201857299,0.6074447549026454,292.8737116405034,1.0,0.0002927480825258055,0.18659907237126672,0.09054832452359689,0.09248004832579647,0.4040532713727877,False
phase_vocoder,Phase Vocoder,True,selective_high_risk_phase_vocoder,0.0,0.8800000000000001,high,strong_pitch_motion|diffuse_spectrum|broadband_structure|high_centroid|large_shift,0.9425287356321839,202.21654117774648,405.85331360955416,4.950161637931028,0.07810520365168723,0.1254257493730261,noise,pink_noise,noise / pink_noise,pink_noise:12,noise / pink_noise +12,12,current_v3,Current v3,False,0.2666556201857299,0.6074447549026454,292.8737116405034,1.0,0.0002927480825258055,0.18659907237126672,0.09054832452359689,0.09248004832579647,0.4040532713727877,False
phase_vocoder,Phase Vocoder,True,selective_high_risk_phase_vocoder,0.0,0.8800000000000001,high,strong_pitch_motion|diffuse_spectrum|broadband_structure|high_centroid|large_shift,0.9425287356321839,202.21654117774648,405.85331360955416,4.950161637931028,0.07810520365168723,0.1254257493730261,noise,pink_noise,noise / pink_noise,pink_noise:12,noise / pink_noise +12,12,noise_only,Noise Only,False,0.2666556201857299,0.6074447549026454,292.8737116405034,1.0,0.0002927480825258055,0.18659907237126672,0.09054832452359689,0.09248004832579647,0.4040532713727877,False
phase_vocoder,Phase Vocoder,True,selective_high_risk_phase_vocoder,0.0,0.8800000000000001,high,strong_pitch_motion|diffuse_spectrum|broadband_structure|high_centroid|large_shift,0.9425287356321839,202.21654117774648,405.85331360955416,4.950161637931028,0.07810520365168723,0.1254257493730261,noise,pink_noise,noise / pink_noise,pink_noise:12,noise / pink_noise +12,12,noise_plus_transient,Noise + Transient,False,0.2666556201857299,0.6074447549026454,292.8737116405034,1.0,0.0002927480825258055,0.18659907237126672,0.09054832452359689,0.09248004832579647,0.4040532713727877,False
phase_vocoder,Phase Vocoder,True,selective_high_risk_phase_vocoder,0.1,0.8800000000000001,high,strong_pitch_motion|diffuse_spectrum|broadband_structure|high_centroid|large_shift,0.9425287356321839,202.21654117774648,405.85331360955416,4.950161637931028,0.07810520365168723,0.1254257493730261,noise,pink_noise,noise / pink_noise,pink_noise:12,noise / pink_noise +12,12,forced_everywhere,Forced Everywhere,True,0.23999005816715693,0.6077941564438001,283.7680032624156,1.0005751988774858,0.00026072329735246874,0.18676669412574595,0.08770133732731332,0.09157625158347059,0.4040532713727877,False
phase_vocoder,Phase Vocoder,True,selective_high_risk_phase_vocoder,0.0,0.8800000000000001,high,strong_pitch_motion|diffuse_spectrum|broadband_structure|high_centroid|large_shift,0.9425287356321839,202.21654117774648,405.85331360955416,4.950161637931028,0.07810520365168723,0.1254257493730261,noise,pink_noise,noise / pink_noise,pink_noise:-12,noise / pink_noise -12,-12,no_guard,No Guard,False,0.24050667345517507,0.7683704634676063,1701.1076163375415,1.0,0.0002613437415645397,0.26380150691498805,0.5308461826993295,0.26496967778529407,0.4040532713727877,False
phase_vocoder,Phase Vocoder,True,selective_high_risk_phase_vocoder,0.0,0.8800000000000001,high,strong_pitch_motion|diffuse_spectrum|broadband_structure|high_centroid|large_shift,0.9425287356321839,202.21654117774648,405.85331360955416,4.950161637931028,0.07810520365168723,0.1254257493730261,noise,pink_noise,noise / pink_noise,pink_noise:-12,noise / pink_noise -12,-12,current_v3,Current v3,False,0.24050667345517507,0.7683704634676063,1701.1076163375415,1.0,0.0002613437415645397,0.26380150691498805,0.5308461826993295,0.26496967778529407,0.4040532713727877,False
phase_vocoder,Phase Vocoder,True,selective_high_risk_phase_vocoder,0.0,0.8800000000000001,high,strong_pitch_motion|diffuse_spectrum|broadband_structure|high_centroid|large_shift,0.9425287356321839,202.21654117774648,405.85331360955416,4.950161637931028,0.07810520365168723,0.1254257493730261,noise,pink_noise,noise / pink_noise,pink_noise:-12,noise / pink_noise -12,-12,noise_only,Noise Only,False,0.24050667345517507,0.7683704634676063,1701.1076163375415,1.0,0.0002613437415645397,0.26380150691498805,0.5308461826993295,0.26496967778529407,0.4040532713727877,False
phase_vocoder,Phase Vocoder,True,selective_high_risk_phase_vocoder,0.0,0.8800000000000001,high,strong_pitch_motion|diffuse_spectrum|broadband_structure|high_centroid|large_shift,0.9425287356321839,202.21654117774648,405.85331360955416,4.950161637931028,0.07810520365168723,0.1254257493730261,noise,pink_noise,noise / pink_noise,pink_noise:-12,noise / pink_noise -12,-12,noise_plus_transient,Noise + Transient,False,0.24050667345517507,0.7683704634676063,1701.1076163375415,1.0,0.0002613437415645397,0.26380150691498805,0.5308461826993295,0.26496967778529407,0.4040532713727877,False
phase_vocoder,Phase Vocoder,True,selective_high_risk_phase_vocoder,0.1,0.8800000000000001,high,strong_pitch_motion|diffuse_spectrum|broadband_structure|high_centroid|large_shift,0.9425287356321839,202.21654117774648,405.85331360955416,4.950161637931028,0.07810520365168723,0.1254257493730261,noise,pink_noise,noise / pink_noise,pink_noise:-12,noise / pink_noise -12,-12,forced_everywhere,Forced Everywhere,True,0.21645600610965757,0.7416745693646379,1477.1257140534472,0.9652564806011784,0.00023245939048732956,0.25099442944148065,0.4608160893200415,0.23734765938400315,0.4040532713727877,False
phase_vocoder,Phase Vocoder,True,selective_high_risk_phase_vocoder,0.0,1.0,high,untracked_pitch|noise_like_spectrum|sparse_transients|high_centroid|high_crest_factor,0.0,,,,0.0,1.0000000000000007,transient,impulse_train,transient / impulse_train,impulse_train:3,transient / impulse_train +3,3,no_guard,No Guard,False,0.023296110499582592,0.29381479008952466,500.5376637446561,1.0,4.783747971964793e-07,0.03613835950349944,0.1554764540245246,0.06387176396760708,0.4040532713727877,False
phase_vocoder,Phase Vocoder,True,selective_high_risk_phase_vocoder,0.0,1.0,high,untracked_pitch|noise_like_spectrum|sparse_transients|high_centroid|high_crest_factor,0.0,,,,0.0,1.0000000000000007,transient,impulse_train,transient / impulse_train,impulse_train:3,transient / impulse_train +3,3,current_v3,Current v3,False,0.023296110499582592,0.29381479008952466,500.5376637446561,1.0,4.783747971964793e-07,0.03613835950349944,0.1554764540245246,0.06387176396760708,0.4040532713727877,False
phase_vocoder,Phase Vocoder,True,selective_high_risk_phase_vocoder,0.0,1.0,high,untracked_pitch|noise_like_spectrum|sparse_transients|high_centroid|high_crest_factor,0.0,,,,0.0,1.0000000000000007,transient,impulse_train,transient / impulse_train,impulse_train:3,transient / impulse_train +3,3,noise_only,Noise Only,False,0.023296110499582592,0.29381479008952466,500.5376637446561,1.0,4.783747971964793e-07,0.03613835950349944,0.1554764540245246,0.06387176396760708,0.4040532713727877,False
phase_vocoder,Phase Vocoder,True,selective_high_risk_phase_vocoder,0.0,1.0,high,untracked_pitch|noise_like_spectrum|sparse_transients|high_centroid|high_crest_factor,0.0,,,,0.0,1.0000000000000007,transient,impulse_train,transient / impulse_train,impulse_train:3,transient / impulse_train +3,3,noise_plus_transient,Noise + Transient,False,0.023296110499582592,0.29381479008952466,500.5376637446561,1.0,4.783747971964793e-07,0.03613835950349944,0.1554764540245246,0.06387176396760708,0.4040532713727877,False
phase_vocoder,Phase Vocoder,True,selective_high_risk_phase_vocoder,0.1,1.0,high,untracked_pitch|noise_like_spectrum|sparse_transients|high_centroid|high_crest_factor,0.0,,,,0.0,1.0000000000000007,transient,impulse_train,transient / impulse_train,impulse_train:3,transient / impulse_train +3,3,forced_everywhere,Forced Everywhere,True,0.02096649944962433,0.28838569535966363,420.3257628692754,0.9815220509212392,0.0,0.033533807786739,0.13039743267882542,0.054643746821854806,0.4040532713727877,False
phase_vocoder,Phase Vocoder,True,selective_high_risk_phase_vocoder,0.0,1.0,high,untracked_pitch|noise_like_spectrum|sparse_transients|high_centroid|high_crest_factor|moderate_shift,0.0,,,,0.0,1.0000000000000007,transient,impulse_train,transient / impulse_train,impulse_train:7,transient / impulse_train +7,7,no_guard,No Guard,False,0.0237066208247287,0.2711043539487292,194.49582721184652,1.0,9.713891565069615e-07,0.025243264025878048,0.059789533912660606,0.028344589775898387,0.4040532713727877,False
phase_vocoder,Phase Vocoder,True,selective_high_risk_phase_vocoder,0.0,1.0,high,untracked_pitch|noise_like_spectrum|sparse_transients|high_centroid|high_crest_factor|moderate_shift,0.0,,,,0.0,1.0000000000000007,transient,impulse_train,transient / impulse_train,impulse_train:7,transient / impulse_train +7,7,current_v3,Current v3,False,0.0237066208247287,0.2711043539487292,194.49582721184652,1.0,9.713891565069615e-07,0.025243264025878048,0.059789533912660606,0.028344589775898387,0.4040532713727877,False
phase_vocoder,Phase Vocoder,True,selective_high_risk_phase_vocoder,0.0,1.0,high,untracked_pitch|noise_like_spectrum|sparse_transients|high_centroid|high_crest_factor|moderate_shift,0.0,,,,0.0,1.0000000000000007,transient,impulse_train,transient / impulse_train,impulse_train:7,transient / impulse_train +7,7,noise_only,Noise Only,False,0.0237066208247287,0.2711043539487292,194.49582721184652,1.0,9.713891565069615e-07,0.025243264025878048,0.059789533912660606,0.028344589775898387,0.4040532713727877,False
phase_vocoder,Phase Vocoder,True,selective_high_risk_phase_vocoder,0.0,1.0,high,untracked_pitch|noise_like_spectrum|sparse_transients|high_centroid|high_crest_factor|moderate_shift,0.0,,,,0.0,1.0000000000000007,transient,impulse_train,transient / impulse_train,impulse_train:7,transient / impulse_train +7,7,noise_plus_transient,Noise + Transient,False,0.0237066208247287,0.2711043539487292,194.49582721184652,1.0,9.713891565069615e-07,0.025243264025878048,0.059789533912660606,0.028344589775898387,0.4040532713727877,False
phase_vocoder,Phase Vocoder,True,selective_high_risk_phase_vocoder,0.1,1.0,high,untracked_pitch|noise_like_spectrum|sparse_transients|high_centroid|high_crest_factor|moderate_shift,0.0,,,,0.0,1.0000000000000007,transient,impulse_train,transient / impulse_train,impulse_train:7,transient / impulse_train +7,7,forced_everywhere,Forced Everywhere,True,0.021335958742255832,0.2726916716704658,170.90447939569657,1.0058550063789709,0.0,0.026004763189717308,0.05241347239313325,0.026139411860950187,0.4040532713727877,False
phase_vocoder,Phase Vocoder,True,selective_high_risk_phase_vocoder,0.0,1.0,high,untracked_pitch|noise_like_spectrum|sparse_transients|high_centroid|high_crest_factor|large_shift,0.0,,,,0.0,1.0000000000000007,transient,impulse_train,transient / impulse_train,impulse_train:12,transient / impulse_train +12,12,no_guard,No Guard,False,0.023637316192103405,0.2773870306177653,3.2669869201981365,1.0,8.881557346951053e-07,0.028257312797984768,0.0,0.009419400317906487,0.4040532713727877,False
phase_vocoder,Phase Vocoder,True,selective_high_risk_phase_vocoder,0.0,1.0,high,untracked_pitch|noise_like_spectrum|sparse_transients|high_centroid|high_crest_factor|large_shift,0.0,,,,0.0,1.0000000000000007,transient,impulse_train,transient / impulse_train,impulse_train:12,transient / impulse_train +12,12,current_v3,Current v3,False,0.023637316192103405,0.2773870306177653,3.2669869201981365,1.0,8.881557346951053e-07,0.028257312797984768,0.0,0.009419400317906487,0.4040532713727877,False
phase_vocoder,Phase Vocoder,True,selective_high_risk_phase_vocoder,0.0,1.0,high,untracked_pitch|noise_like_spectrum|sparse_transients|high_centroid|high_crest_factor|large_shift,0.0,,,,0.0,1.0000000000000007,transient,impulse_train,transient / impulse_train,impulse_train:12,transient / impulse_train +12,12,noise_only,Noise Only,False,0.023637316192103405,0.2773870306177653,3.2669869201981365,1.0,8.881557346951053e-07,0.028257312797984768,0.0,0.009419400317906487,0.4040532713727877,False
phase_vocoder,Phase Vocoder,True,selective_high_risk_phase_vocoder,0.1,1.0,high,untracked_pitch|noise_like_spectrum|sparse_transients|high_centroid|high_crest_factor|large_shift,0.0,,,,0.0,1.0000000000000007,transient,impulse_train,transient / impulse_train,impulse_train:12,transient / impulse_train +12,12,noise_plus_transient,Noise + Transient,True,0.02127358457289306,0.277214928009408,1.7122518755124223,0.999379557840271,0.0,0.028174748362041046,0.0,0.009391582787347015,0.4040532713727877,False
phase_vocoder,Phase Vocoder,True,selective_high_risk_phase_vocoder,0.1,1.0,high,untracked_pitch|noise_like_spectrum|sparse_transients|high_centroid|high_crest_factor|large_shift,0.0,,,,0.0,1.0000000000000007,transient,impulse_train,transient / impulse_train,impulse_train:12,transient / impulse_train +12,12,forced_everywhere,Forced Everywhere,True,0.02127358457289306,0.277214928009408,1.7122518755124223,0.999379557840271,0.0,0.028174748362041046,0.0,0.009391582787347015,0.4040532713727877,False
phase_vocoder,Phase Vocoder,True,selective_high_risk_phase_vocoder,0.0,1.0,high,untracked_pitch|noise_like_spectrum|sparse_transients|high_centroid|high_crest_factor|large_shift,0.0,,,,0.0,1.0000000000000007,transient,impulse_train,transient / impulse_train,impulse_train:-12,transient / impulse_train -12,-12,no_guard,No Guard,False,0.0228977898628095,0.41069422256621096,1990.122461121574,1.0,0.0,0.09221005131553955,0.6212094502750934,0.23780650053021102,0.4040532713727877,False
phase_vocoder,Phase Vocoder,True,selective_high_risk_phase_vocoder,0.0,1.0,high,untracked_pitch|noise_like_spectrum|sparse_transients|high_centroid|high_crest_factor|large_shift,0.0,,,,0.0,1.0000000000000007,transient,impulse_train,transient / impulse_train,impulse_train:-12,transient / impulse_train -12,-12,current_v3,Current v3,False,0.0228977898628095,0.41069422256621096,1990.122461121574,1.0,0.0,0.09221005131553955,0.6212094502750934,0.23780650053021102,0.4040532713727877,False
phase_vocoder,Phase Vocoder,True,selective_high_risk_phase_vocoder,0.0,1.0,high,untracked_pitch|noise_like_spectrum|sparse_transients|high_centroid|high_crest_factor|large_shift,0.0,,,,0.0,1.0000000000000007,transient,impulse_train,transient / impulse_train,impulse_train:-12,transient / impulse_train -12,-12,noise_only,Noise Only,False,0.0228977898628095,0.41069422256621096,1990.122461121574,1.0,0.0,0.09221005131553955,0.6212094502750934,0.23780650053021102,0.4040532713727877,False
phase_vocoder,Phase Vocoder,True,selective_high_risk_phase_vocoder,0.1,1.0,high,untracked_pitch|noise_like_spectrum|sparse_transients|high_centroid|high_crest_factor|large_shift,0.0,,,,0.0,1.0000000000000007,transient,impulse_train,transient / impulse_train,impulse_train:-12,transient / impulse_train -12,-12,noise_plus_transient,Noise + Transient,True,0.020608010876528547,0.36609259689733004,851.0278242457358,0.8913994324288543,0.0,0.07081288539996826,0.2650605696075775,0.1119578183358486,0.4040532713727877,False
phase_vocoder,Phase Vocoder,True,selective_high_risk_phase_vocoder,0.1,1.0,high,untracked_pitch|noise_like_spectrum|sparse_transients|high_centroid|high_crest_factor|large_shift,0.0,,,,0.0,1.0000000000000007,transient,impulse_train,transient / impulse_train,impulse_train:-12,transient / impulse_train -12,-12,forced_everywhere,Forced Everywhere,True,0.020608010876528547,0.36609259689733004,851.0278242457358,0.8913994324288543,0.0,0.07081288539996826,0.2650605696075775,0.1119578183358486,0.4040532713727877,False
phase_vocoder,Phase Vocoder,True,selective_high_risk_phase_vocoder,0.0,0.8799999999999999,high,untracked_pitch|noise_like_spectrum|sparse_transients|peaky_waveform,0.0,,,,0.0,0.6417541529548693,transient,click_sequence,transient / click_sequence,click_sequence:3,transient / click_sequence +3,3,no_guard,No Guard,False,0.09632324048719003,0.219616847106497,97.82008991214859,1.0,8.818243848989258e-05,0.0005426682525043714,0.029562935952874736,0.010064595547956334,0.4040532713727877,False
phase_vocoder,Phase Vocoder,True,selective_high_risk_phase_vocoder,0.0,0.8799999999999999,high,untracked_pitch|noise_like_spectrum|sparse_transients|peaky_waveform,0.0,,,,0.0,0.6417541529548693,transient,click_sequence,transient / click_sequence,click_sequence:3,transient / click_sequence +3,3,current_v3,Current v3,False,0.09632324048719003,0.219616847106497,97.82008991214859,1.0,8.818243848989258e-05,0.0005426682525043714,0.029562935952874736,0.010064595547956334,0.4040532713727877,False
phase_vocoder,Phase Vocoder,True,selective_high_risk_phase_vocoder,0.0,0.8799999999999999,high,untracked_pitch|noise_like_spectrum|sparse_transients|peaky_waveform,0.0,,,,0.0,0.6417541529548693,transient,click_sequence,transient / click_sequence,click_sequence:3,transient / click_sequence +3,3,noise_only,Noise Only,False,0.09632324048719003,0.219616847106497,97.82008991214859,1.0,8.818243848989258e-05,0.0005426682525043714,0.029562935952874736,0.010064595547956334,0.4040532713727877,False
phase_vocoder,Phase Vocoder,True,selective_high_risk_phase_vocoder,0.0,0.8799999999999999,high,untracked_pitch|noise_like_spectrum|sparse_transients|peaky_waveform,0.0,,,,0.0,0.6417541529548693,transient,click_sequence,transient / click_sequence,click_sequence:3,transient / click_sequence +3,3,noise_plus_transient,Noise + Transient,False,0.09632324048719003,0.219616847106497,97.82008991214859,1.0,8.818243848989258e-05,0.0005426682525043714,0.029562935952874736,0.010064595547956334,0.4040532713727877,False
phase_vocoder,Phase Vocoder,True,selective_high_risk_phase_vocoder,0.1,0.8799999999999999,high,untracked_pitch|noise_like_spectrum|sparse_transients|peaky_waveform,0.0,,,,0.0,0.6417541529548693,transient,click_sequence,transient / click_sequence,click_sequence:3,transient / click_sequence +3,3,forced_everywhere,Forced Everywhere,True,0.08669091643847103,0.1981511409291679,91.45222330278683,0.9022583810843987,7.661421772014715e-05,0.0,0.02757196128602496,0.009216191834581703,0.4040532713727877,False
phase_vocoder,Phase Vocoder,True,selective_high_risk_phase_vocoder,0.0,0.9599999999999999,high,untracked_pitch|noise_like_spectrum|sparse_transients|peaky_waveform|moderate_shift,0.0,,,,0.0,0.6417541529548693,transient,click_sequence,transient / click_sequence,click_sequence:7,transient / click_sequence +7,7,no_guard,No Guard,False,0.09855735009298286,0.23197760581446056,158.35750335906948,1.0,9.086555764295489e-05,0.006472613651359488,0.04849053980566821,0.018351339671556884,0.4040532713727877,False
phase_vocoder,Phase Vocoder,True,selective_high_risk_phase_vocoder,0.0,0.9599999999999999,high,untracked_pitch|noise_like_spectrum|sparse_transients|peaky_waveform|moderate_shift,0.0,,,,0.0,0.6417541529548693,transient,click_sequence,transient / click_sequence,click_sequence:7,transient / click_sequence +7,7,current_v3,Current v3,False,0.09855735009298286,0.23197760581446056,158.35750335906948,1.0,9.086555764295489e-05,0.006472613651359488,0.04849053980566821,0.018351339671556884,0.4040532713727877,False
phase_vocoder,Phase Vocoder,True,selective_high_risk_phase_vocoder,0.0,0.9599999999999999,high,untracked_pitch|noise_like_spectrum|sparse_transients|peaky_waveform|moderate_shift,0.0,,,,0.0,0.6417541529548693,transient,click_sequence,transient / click_sequence,click_sequence:7,transient / click_sequence +7,7,noise_only,Noise Only,False,0.09855735009298286,0.23197760581446056,158.35750335906948,1.0,9.086555764295489e-05,0.006472613651359488,0.04849053980566821,0.018351339671556884,0.4040532713727877,False
phase_vocoder,Phase Vocoder,True,selective_high_risk_phase_vocoder,0.0,0.9599999999999999,high,untracked_pitch|noise_like_spectrum|sparse_transients|peaky_waveform|moderate_shift,0.0,,,,0.0,0.6417541529548693,transient,click_sequence,transient / click_sequence,click_sequence:7,transient / click_sequence +7,7,noise_plus_transient,Noise + Transient,False,0.09855735009298286,0.23197760581446056,158.35750335906948,1.0,9.086555764295489e-05,0.006472613651359488,0.04849053980566821,0.018351339671556884,0.4040532713727877,False
phase_vocoder,Phase Vocoder,True,selective_high_risk_phase_vocoder,0.1,0.9599999999999999,high,untracked_pitch|noise_like_spectrum|sparse_transients|peaky_waveform|moderate_shift,0.0,,,,0.0,0.6417541529548693,transient,click_sequence,transient / click_sequence,click_sequence:7,transient / click_sequence +7,7,forced_everywhere,Forced Everywhere,True,0.08870161508368458,0.21704949486264624,151.48162108094087,0.935648482536051,7.902902495790322e-05,0.0,0.04634072915984385,0.015473252728267252,0.4040532713727877,False
phase_vocoder,Phase Vocoder,True,selective_high_risk_phase_vocoder,0.0,1.0,high,untracked_pitch|noise_like_spectrum|sparse_transients|peaky_waveform|large_shift,0.0,,,,0.0,0.6417541529548693,transient,click_sequence,transient / click_sequence,click_sequence:12,transient / click_sequence +12,12,no_guard,No Guard,False,0.09996808147926635,0.2706163673807263,227.81600431615,1.0,9.255981668581864e-05,0.02500915754649441,0.07020740736686999,0.03176970824335008,0.4040532713727877,False
phase_vocoder,Phase Vocoder,True,selective_high_risk_phase_vocoder,0.0,1.0,high,untracked_pitch|noise_like_spectrum|sparse_transients|peaky_waveform|large_shift,0.0,,,,0.0,0.6417541529548693,transient,click_sequence,transient / click_sequence,click_sequence:12,transient / click_sequence +12,12,current_v3,Current v3,False,0.09996808147926635,0.2706163673807263,227.81600431615,1.0,9.255981668581864e-05,0.02500915754649441,0.07020740736686999,0.03176970824335008,0.4040532713727877,False
phase_vocoder,Phase Vocoder,True,selective_high_risk_phase_vocoder,0.0,1.0,high,untracked_pitch|noise_like_spectrum|sparse_transients|peaky_waveform|large_shift,0.0,,,,0.0,0.6417541529548693,transient,click_sequence,transient / click_sequence,click_sequence:12,transient / click_sequence +12,12,noise_only,Noise Only,False,0.09996808147926635,0.2706163673807263,227.81600431615,1.0,9.255981668581864e-05,0.02500915754649441,0.07020740736686999,0.03176970824335008,0.4040532713727877,False
phase_vocoder,Phase Vocoder,True,selective_high_risk_phase_vocoder,0.1,1.0,high,untracked_pitch|noise_like_spectrum|sparse_transients|peaky_waveform|large_shift,0.0,,,,0.0,0.6417541529548693,transient,click_sequence,transient / click_sequence,click_sequence:12,transient / click_sequence +12,12,noise_plus_transient,Noise + Transient,True,0.08997127333133971,0.248443060823732,222.03584982711843,0.9180636900435553,8.05538580964806e-05,0.01437174439884184,0.06840018654016154,0.02761749493236662,0.4040532713727877,False
phase_vocoder,Phase Vocoder,True,selective_high_risk_phase_vocoder,0.1,1.0,high,untracked_pitch|noise_like_spectrum|sparse_transients|peaky_waveform|large_shift,0.0,,,,0.0,0.6417541529548693,transient,click_sequence,transient / click_sequence,click_sequence:12,transient / click_sequence +12,12,forced_everywhere,Forced Everywhere,True,0.08997127333133971,0.248443060823732,222.03584982711843,0.9180636900435553,8.05538580964806e-05,0.01437174439884184,0.06840018654016154,0.02761749493236662,0.4040532713727877,False
phase_vocoder,Phase Vocoder,True,selective_high_risk_phase_vocoder,0.0,1.0,high,untracked_pitch|noise_like_spectrum|sparse_transients|peaky_waveform|large_shift,0.0,,,,0.0,0.6417541529548693,transient,click_sequence,transient / click_sequence,click_sequence:-12,transient / click_sequence -12,-12,no_guard,No Guard,False,0.08943885017858422,0.3360734551127561,86.39302775143344,1.0,7.991442896776286e-05,0.05641151442357928,0.02599015519690632,0.027493861349817784,0.4040532713727877,False
phase_vocoder,Phase Vocoder,True,selective_high_risk_phase_vocoder,0.0,1.0,high,untracked_pitch|noise_like_spectrum|sparse_transients|peaky_waveform|large_shift,0.0,,,,0.0,0.6417541529548693,transient,click_sequence,transient / click_sequence,click_sequence:-12,transient / click_sequence -12,-12,current_v3,Current v3,False,0.08943885017858422,0.3360734551127561,86.39302775143344,1.0,7.991442896776286e-05,0.05641151442357928,0.02599015519690632,0.027493861349817784,0.4040532713727877,False
phase_vocoder,Phase Vocoder,True,selective_high_risk_phase_vocoder,0.0,1.0,high,untracked_pitch|noise_like_spectrum|sparse_transients|peaky_waveform|large_shift,0.0,,,,0.0,0.6417541529548693,transient,click_sequence,transient / click_sequence,click_sequence:-12,transient / click_sequence -12,-12,noise_only,Noise Only,False,0.08943885017858422,0.3360734551127561,86.39302775143344,1.0,7.991442896776286e-05,0.05641151442357928,0.02599015519690632,0.027493861349817784,0.4040532713727877,False
phase_vocoder,Phase Vocoder,True,selective_high_risk_phase_vocoder,0.1,1.0,high,untracked_pitch|noise_like_spectrum|sparse_transients|peaky_waveform|large_shift,0.0,,,,0.0,0.6417541529548693,transient,click_sequence,transient / click_sequence,click_sequence:-12,transient / click_sequence -12,-12,noise_plus_transient,Noise + Transient,True,0.0804949651607258,0.2683364824961038,58.292519983812426,0.7984459302388942,6.91730091502304e-05,0.023915406491166684,0.017204261502352883,0.0137296136675566,0.4040532713727877,False
phase_vocoder,Phase Vocoder,True,selective_high_risk_phase_vocoder,0.1,1.0,high,untracked_pitch|noise_like_spectrum|sparse_transients|peaky_waveform|large_shift,0.0,,,,0.0,0.6417541529548693,transient,click_sequence,transient / click_sequence,click_sequence:-12,transient / click_sequence -12,-12,forced_everywhere,Forced Everywhere,True,0.0804949651607258,0.2683364824961038,58.292519983812426,0.7984459302388942,6.91730091502304e-05,0.023915406491166684,0.017204261502352883,0.0137296136675566,0.4040532713727877,False
psola,PSOLA,False,selective_low_risk_psola,0.0,0.31,medium,periodic_representation_bias|selective_micro_modulation_trap,1.0,41.9231799026808,20.63018045235037,5.44517780172413,0.47533708472501157,1.0636372381794743e-06,modulated,vibrato_tone,modulated / vibrato_tone,vibrato_tone:3,modulated / vibrato_tone +3,3,no_guard,No Guard,False,0.6942195296669267,0.4951014661436938,790.6670168020439,1.0,0.0008062434418011947,0.13270354831745623,0.24618818331821815,0.12656599169249186,0.4040532713727877,False
psola,PSOLA,False,selective_low_risk_psola,0.0,0.31,medium,periodic_representation_bias|selective_micro_modulation_trap,1.0,41.9231799026808,20.63018045235037,5.44517780172413,0.47533708472501157,1.0636372381794743e-06,modulated,vibrato_tone,modulated / vibrato_tone,vibrato_tone:3,modulated / vibrato_tone +3,3,current_v3,Current v3,False,0.6942195296669267,0.4951014661436938,790.6670168020439,1.0,0.0008062434418011947,0.13270354831745623,0.24618818331821815,0.12656599169249186,0.4040532713727877,False
psola,PSOLA,False,selective_low_risk_psola,0.0,0.31,medium,periodic_representation_bias|selective_micro_modulation_trap,1.0,41.9231799026808,20.63018045235037,5.44517780172413,0.47533708472501157,1.0636372381794743e-06,modulated,vibrato_tone,modulated / vibrato_tone,vibrato_tone:3,modulated / vibrato_tone +3,3,noise_only,Noise Only,False,0.6942195296669267,0.4951014661436938,790.6670168020439,1.0,0.0008062434418011947,0.13270354831745623,0.24618818331821815,0.12656599169249186,0.4040532713727877,False
psola,PSOLA,False,selective_low_risk_psola,0.0,0.31,medium,periodic_representation_bias|selective_micro_modulation_trap,1.0,41.9231799026808,20.63018045235037,5.44517780172413,0.47533708472501157,1.0636372381794743e-06,modulated,vibrato_tone,modulated / vibrato_tone,vibrato_tone:3,modulated / vibrato_tone +3,3,noise_plus_transient,Noise + Transient,False,0.6942195296669267,0.4951014661436938,790.6670168020439,1.0,0.0008062434418011947,0.13270354831745623,0.24618818331821815,0.12656599169249186,0.4040532713727877,False
psola,PSOLA,False,selective_low_risk_psola,0.1,0.31,medium,periodic_representation_bias|selective_micro_modulation_trap,1.0,41.9231799026808,20.63018045235037,5.44517780172413,0.47533708472501157,1.0636372381794743e-06,modulated,vibrato_tone,modulated / vibrato_tone,vibrato_tone:3,modulated / vibrato_tone +3,3,forced_everywhere,Forced Everywhere,True,0.6247975767002341,0.42369336952873027,681.7523879500582,0.855770783368598,0.0007228691207003191,0.0984462568382451,0.212134978344538,0.10376803476782781,0.4040532713727877,False
psola,PSOLA,False,selective_low_risk_psola,0.0,0.39,high,periodic_representation_bias|moderate_shift|selective_micro_modulation_trap,1.0,41.9231799026808,20.63018045235037,5.44517780172413,0.47533708472501157,1.0636372381794743e-06,modulated,vibrato_tone,modulated / vibrato_tone,vibrato_tone:7,modulated / vibrato_tone +7,7,no_guard,No Guard,False,0.6497725515138332,0.4710457391599008,910.4538788645834,1.0,0.0007528635458153015,0.12116306355321964,0.2836406964467632,0.1351855411819327,0.4040532713727877,False
psola,PSOLA,False,selective_low_risk_psola,0.0,0.39,high,periodic_representation_bias|moderate_shift|selective_micro_modulation_trap,1.0,41.9231799026808,20.63018045235037,5.44517780172413,0.47533708472501157,1.0636372381794743e-06,modulated,vibrato_tone,modulated / vibrato_tone,vibrato_tone:7,modulated / vibrato_tone +7,7,current_v3,Current v3,False,0.6497725515138332,0.4710457391599008,910.4538788645834,1.0,0.0007528635458153015,0.12116306355321964,0.2836406964467632,0.1351855411819327,0.4040532713727877,False
psola,PSOLA,False,selective_low_risk_psola,0.0,0.39,high,periodic_representation_bias|moderate_shift|selective_micro_modulation_trap,1.0,41.9231799026808,20.63018045235037,5.44517780172413,0.47533708472501157,1.0636372381794743e-06,modulated,vibrato_tone,modulated / vibrato_tone,vibrato_tone:7,modulated / vibrato_tone +7,7,noise_only,Noise Only,False,0.6497725515138332,0.4710457391599008,910.4538788645834,1.0,0.0007528635458153015,0.12116306355321964,0.2836406964467632,0.1351855411819327,0.4040532713727877,False
psola,PSOLA,False,selective_low_risk_psola,0.0,0.39,high,periodic_representation_bias|moderate_shift|selective_micro_modulation_trap,1.0,41.9231799026808,20.63018045235037,5.44517780172413,0.47533708472501157,1.0636372381794743e-06,modulated,vibrato_tone,modulated / vibrato_tone,vibrato_tone:7,modulated / vibrato_tone +7,7,noise_plus_transient,Noise + Transient,False,0.6497725515138332,0.4710457391599008,910.4538788645834,1.0,0.0007528635458153015,0.12116306355321964,0.2836406964467632,0.1351855411819327,0.4040532713727877,False
psola,PSOLA,False,selective_low_risk_psola,0.1,0.39,high,periodic_representation_bias|moderate_shift|selective_micro_modulation_trap,1.0,41.9231799026808,20.63018045235037,5.44517780172413,0.47533708472501157,1.0636372381794743e-06,modulated,vibrato_tone,modulated / vibrato_tone,vibrato_tone:7,modulated / vibrato_tone +7,7,forced_everywhere,Forced Everywhere,True,0.58479529636245,0.351925890226405,686.9529416930511,0.7471161735886981,0.0006748272143130153,0.06401655525349764,0.21376098143019742,0.09281745463266937,0.4040532713727877,False
phase_vocoder,Phase Vocoder,True,selective_high_risk_phase_vocoder,0.0,0.51,high,periodic_representation_bias|large_shift|selective_micro_modulation_trap,1.0,41.9231799026808,20.63018045235037,5.44517780172413,0.47533708472501157,1.0636372381794743e-06,modulated,vibrato_tone,modulated / vibrato_tone,vibrato_tone:12,modulated / vibrato_tone +12,12,no_guard,No Guard,False,0.7010099637968117,0.4926229082000781,226.322608182214,1.0,0.0008143986119075586,0.1315144859289096,0.06974048271963151,0.06735645575348288,0.4040532713727877,False
phase_vocoder,Phase Vocoder,True,selective_high_risk_phase_vocoder,0.0,0.51,high,periodic_representation_bias|large_shift|selective_micro_modulation_trap,1.0,41.9231799026808,20.63018045235037,5.44517780172413,0.47533708472501157,1.0636372381794743e-06,modulated,vibrato_tone,modulated / vibrato_tone,vibrato_tone:12,modulated / vibrato_tone +12,12,current_v3,Current v3,False,0.7010099637968117,0.4926229082000781,226.322608182214,1.0,0.0008143986119075586,0.1315144859289096,0.06974048271963151,0.06735645575348288,0.4040532713727877,False
phase_vocoder,Phase Vocoder,True,selective_high_risk_phase_vocoder,0.0,0.51,high,periodic_representation_bias|large_shift|selective_micro_modulation_trap,1.0,41.9231799026808,20.63018045235037,5.44517780172413,0.47533708472501157,1.0636372381794743e-06,modulated,vibrato_tone,modulated / vibrato_tone,vibrato_tone:12,modulated / vibrato_tone +12,12,noise_only,Noise Only,False,0.7010099637968117,0.4926229082000781,226.322608182214,1.0,0.0008143986119075586,0.1315144859289096,0.06974048271963151,0.06735645575348288,0.4040532713727877,False
phase_vocoder,Phase Vocoder,True,selective_high_risk_phase_vocoder,0.0,0.51,high,periodic_representation_bias|large_shift|selective_micro_modulation_trap,1.0,41.9231799026808,20.63018045235037,5.44517780172413,0.47533708472501157,1.0636372381794743e-06,modulated,vibrato_tone,modulated / vibrato_tone,vibrato_tone:12,modulated / vibrato_tone +12,12,noise_plus_transient,Noise + Transient,False,0.7010099637968117,0.4926229082000781,226.322608182214,1.0,0.0008143986119075586,0.1315144859289096,0.06974048271963151,0.06735645575348288,0.4040532713727877,False
phase_vocoder,Phase Vocoder,True,selective_high_risk_phase_vocoder,0.1,0.51,high,periodic_representation_bias|large_shift|selective_micro_modulation_trap,1.0,41.9231799026808,20.63018045235037,5.44517780172413,0.47533708472501157,1.0636372381794743e-06,modulated,vibrato_tone,modulated / vibrato_tone,vibrato_tone:12,modulated / vibrato_tone +12,12,forced_everywhere,Forced Everywhere,True,0.6309089674171305,0.3816317626823608,187.85671870047653,0.7746934954298992,0.0007302087737960466,0.07826763852848163,0.05771375285952557,0.04557053338726775,0.4040532713727877,False
phase_vocoder,Phase Vocoder,True,selective_high_risk_phase_vocoder,0.0,0.51,high,periodic_representation_bias|large_shift|selective_micro_modulation_trap,1.0,41.9231799026808,20.63018045235037,5.44517780172413,0.47533708472501157,1.0636372381794743e-06,modulated,vibrato_tone,modulated / vibrato_tone,vibrato_tone:-12,modulated / vibrato_tone -12,-12,no_guard,No Guard,False,0.8464311644180282,0.4719868107882539,110.83853217015526,1.0,0.0009890464481804048,0.12161453287677745,0.03363327698348495,0.05207895210281427,0.4040532713727877,False
phase_vocoder,Phase Vocoder,True,selective_high_risk_phase_vocoder,0.0,0.51,high,periodic_representation_bias|large_shift|selective_micro_modulation_trap,1.0,41.9231799026808,20.63018045235037,5.44517780172413,0.47533708472501157,1.0636372381794743e-06,modulated,vibrato_tone,modulated / vibrato_tone,vibrato_tone:-12,modulated / vibrato_tone -12,-12,current_v3,Current v3,False,0.8464311644180282,0.4719868107882539,110.83853217015526,1.0,0.0009890464481804048,0.12161453287677745,0.03363327698348495,0.05207895210281427,0.4040532713727877,False
phase_vocoder,Phase Vocoder,True,selective_high_risk_phase_vocoder,0.0,0.51,high,periodic_representation_bias|large_shift|selective_micro_modulation_trap,1.0,41.9231799026808,20.63018045235037,5.44517780172413,0.47533708472501157,1.0636372381794743e-06,modulated,vibrato_tone,modulated / vibrato_tone,vibrato_tone:-12,modulated / vibrato_tone -12,-12,noise_only,Noise Only,False,0.8464311644180282,0.4719868107882539,110.83853217015526,1.0,0.0009890464481804048,0.12161453287677745,0.03363327698348495,0.05207895210281427,0.4040532713727877,False
phase_vocoder,Phase Vocoder,True,selective_high_risk_phase_vocoder,0.0,0.51,high,periodic_representation_bias|large_shift|selective_micro_modulation_trap,1.0,41.9231799026808,20.63018045235037,5.44517780172413,0.47533708472501157,1.0636372381794743e-06,modulated,vibrato_tone,modulated / vibrato_tone,vibrato_tone:-12,modulated / vibrato_tone -12,-12,noise_plus_transient,Noise + Transient,False,0.8464311644180282,0.4719868107882539,110.83853217015526,1.0,0.0009890464481804048,0.12161453287677745,0.03363327698348495,0.05207895210281427,0.4040532713727877,False
phase_vocoder,Phase Vocoder,True,selective_high_risk_phase_vocoder,0.1,0.51,high,periodic_representation_bias|large_shift|selective_micro_modulation_trap,1.0,41.9231799026808,20.63018045235037,5.44517780172413,0.47533708472501157,1.0636372381794743e-06,modulated,vibrato_tone,modulated / vibrato_tone,vibrato_tone:-12,modulated / vibrato_tone -12,-12,forced_everywhere,Forced Everywhere,True,0.7617880479762255,0.3623156260193159,99.04022005535998,0.7676393020691007,0.0008873918264416081,0.06900092291377717,0.02994442136304685,0.033277578701088543,0.4040532713727877,False
phase_vocoder,Phase Vocoder,True,selective_high_risk_phase_vocoder,0.0,0.56,high,strong_pitch_motion|periodic_representation_bias|selective_micro_modulation_trap,1.0,197.69456333372096,99.5002307320405,2.9700969827586166,0.47369483728731915,8.482255387199389e-07,modulated,fm_tone,modulated / fm_tone,fm_tone:3,modulated / fm_tone +3,3,no_guard,No Guard,False,0.7686922749837479,0.3189800487689746,39.51036123574788,1.0,0.0008956836594264091,0.0482111305560612,0.01133183914332117,0.020146217786269596,0.4040532713727877,False
phase_vocoder,Phase Vocoder,True,selective_high_risk_phase_vocoder,0.0,0.56,high,strong_pitch_motion|periodic_representation_bias|selective_micro_modulation_trap,1.0,197.69456333372096,99.5002307320405,2.9700969827586166,0.47369483728731915,8.482255387199389e-07,modulated,fm_tone,modulated / fm_tone,fm_tone:3,modulated / fm_tone +3,3,current_v3,Current v3,False,0.7686922749837479,0.3189800487689746,39.51036123574788,1.0,0.0008956836594264091,0.0482111305560612,0.01133183914332117,0.020146217786269596,0.4040532713727877,False
phase_vocoder,Phase Vocoder,True,selective_high_risk_phase_vocoder,0.0,0.56,high,strong_pitch_motion|periodic_representation_bias|selective_micro_modulation_trap,1.0,197.69456333372096,99.5002307320405,2.9700969827586166,0.47369483728731915,8.482255387199389e-07,modulated,fm_tone,modulated / fm_tone,fm_tone:3,modulated / fm_tone +3,3,noise_only,Noise Only,False,0.7686922749837479,0.3189800487689746,39.51036123574788,1.0,0.0008956836594264091,0.0482111305560612,0.01133183914332117,0.020146217786269596,0.4040532713727877,False
phase_vocoder,Phase Vocoder,True,selective_high_risk_phase_vocoder,0.0,0.56,high,strong_pitch_motion|periodic_representation_bias|selective_micro_modulation_trap,1.0,197.69456333372096,99.5002307320405,2.9700969827586166,0.47369483728731915,8.482255387199389e-07,modulated,fm_tone,modulated / fm_tone,fm_tone:3,modulated / fm_tone +3,3,noise_plus_transient,Noise + Transient,False,0.7686922749837479,0.3189800487689746,39.51036123574788,1.0,0.0008956836594264091,0.0482111305560612,0.01133183914332117,0.020146217786269596,0.4040532713727877,False
phase_vocoder,Phase Vocoder,True,selective_high_risk_phase_vocoder,0.1,0.56,high,strong_pitch_motion|periodic_representation_bias|selective_micro_modulation_trap,1.0,197.69456333372096,99.5002307320405,2.9700969827586166,0.47369483728731915,8.482255387199389e-07,modulated,fm_tone,modulated / fm_tone,fm_tone:3,modulated / fm_tone +3,3,forced_everywhere,Forced Everywhere,True,0.6918230474853733,0.26073318735760886,34.3204958865621,0.81739653738171,0.0008033653165630121,0.020267804746978625,0.009709177886661147,0.010260115983400929,0.4040532713727877,False
phase_vocoder,Phase Vocoder,True,selective_high_risk_phase_vocoder,0.0,0.6399999999999999,high,strong_pitch_motion|periodic_representation_bias|moderate_shift|selective_micro_modulation_trap,1.0,197.69456333372096,99.5002307320405,2.9700969827586166,0.47369483728731915,8.482255387199389e-07,modulated,fm_tone,modulated / fm_tone,fm_tone:7,modulated / fm_tone +7,7,no_guard,No Guard,False,0.7718918378104944,0.4650604427501373,98.11996863137037,1.0,0.0008995262678103532,0.11829167986679635,0.02965669591515475,0.049615967349920485,0.4040532713727877,False
phase_vocoder,Phase Vocoder,True,selective_high_risk_phase_vocoder,0.0,0.6399999999999999,high,strong_pitch_motion|periodic_representation_bias|moderate_shift|selective_micro_modulation_trap,1.0,197.69456333372096,99.5002307320405,2.9700969827586166,0.47369483728731915,8.482255387199389e-07,modulated,fm_tone,modulated / fm_tone,fm_tone:7,modulated / fm_tone +7,7,current_v3,Current v3,False,0.7718918378104944,0.4650604427501373,98.11996863137037,1.0,0.0008995262678103532,0.11829167986679635,0.02965669591515475,0.049615967349920485,0.4040532713727877,False
phase_vocoder,Phase Vocoder,True,selective_high_risk_phase_vocoder,0.0,0.6399999999999999,high,strong_pitch_motion|periodic_representation_bias|moderate_shift|selective_micro_modulation_trap,1.0,197.69456333372096,99.5002307320405,2.9700969827586166,0.47369483728731915,8.482255387199389e-07,modulated,fm_tone,modulated / fm_tone,fm_tone:7,modulated / fm_tone +7,7,noise_only,Noise Only,False,0.7718918378104944,0.4650604427501373,98.11996863137037,1.0,0.0008995262678103532,0.11829167986679635,0.02965669591515475,0.049615967349920485,0.4040532713727877,False
phase_vocoder,Phase Vocoder,True,selective_high_risk_phase_vocoder,0.0,0.6399999999999999,high,strong_pitch_motion|periodic_representation_bias|moderate_shift|selective_micro_modulation_trap,1.0,197.69456333372096,99.5002307320405,2.9700969827586166,0.47369483728731915,8.482255387199389e-07,modulated,fm_tone,modulated / fm_tone,fm_tone:7,modulated / fm_tone +7,7,noise_plus_transient,Noise + Transient,False,0.7718918378104944,0.4650604427501373,98.11996863137037,1.0,0.0008995262678103532,0.11829167986679635,0.02965669591515475,0.049615967349920485,0.4040532713727877,False
phase_vocoder,Phase Vocoder,True,selective_high_risk_phase_vocoder,0.1,0.6399999999999999,high,strong_pitch_motion|periodic_representation_bias|moderate_shift|selective_micro_modulation_trap,1.0,197.69456333372096,99.5002307320405,2.9700969827586166,0.47369483728731915,8.482255387199389e-07,modulated,fm_tone,modulated / fm_tone,fm_tone:7,modulated / fm_tone +7,7,forced_everywhere,Forced Everywhere,True,0.694702654029445,0.369884219090434,84.22407217510629,0.7953465508765307,0.0008068236641085617,0.0726318767021533,0.02531201040039923,0.03291690358888703,0.4040532713727877,False
phase_vocoder,Phase Vocoder,True,selective_high_risk_phase_vocoder,0.0,0.76,high,strong_pitch_motion|periodic_representation_bias|large_shift|selective_micro_modulation_trap,1.0,197.69456333372096,99.5002307320405,2.9700969827586166,0.47369483728731915,8.482255387199389e-07,modulated,fm_tone,modulated / fm_tone,fm_tone:12,modulated / fm_tone +12,12,no_guard,No Guard,False,0.845715068843548,0.5306306279288109,185.06778809920584,1.0,0.0009881864322947341,0.14974829406733464,0.05684176691582368,0.06919274913848435,0.4040532713727877,False
phase_vocoder,Phase Vocoder,True,selective_high_risk_phase_vocoder,0.0,0.76,high,strong_pitch_motion|periodic_representation_bias|large_shift|selective_micro_modulation_trap,1.0,197.69456333372096,99.5002307320405,2.9700969827586166,0.47369483728731915,8.482255387199389e-07,modulated,fm_tone,modulated / fm_tone,fm_tone:12,modulated / fm_tone +12,12,current_v3,Current v3,False,0.845715068843548,0.5306306279288109,185.06778809920584,1.0,0.0009881864322947341,0.14974829406733464,0.05684176691582368,0.06919274913848435,0.4040532713727877,False
phase_vocoder,Phase Vocoder,True,selective_high_risk_phase_vocoder,0.0,0.76,high,strong_pitch_motion|periodic_representation_bias|large_shift|selective_micro_modulation_trap,1.0,197.69456333372096,99.5002307320405,2.9700969827586166,0.47369483728731915,8.482255387199389e-07,modulated,fm_tone,modulated / fm_tone,fm_tone:12,modulated / fm_tone +12,12,noise_only,Noise Only,False,0.845715068843548,0.5306306279288109,185.06778809920584,1.0,0.0009881864322947341,0.14974829406733464,0.05684176691582368,0.06919274913848435,0.4040532713727877,False
phase_vocoder,Phase Vocoder,True,selective_high_risk_phase_vocoder,0.0,0.76,high,strong_pitch_motion|periodic_representation_bias|large_shift|selective_micro_modulation_trap,1.0,197.69456333372096,99.5002307320405,2.9700969827586166,0.47369483728731915,8.482255387199389e-07,modulated,fm_tone,modulated / fm_tone,fm_tone:12,modulated / fm_tone +12,12,noise_plus_transient,Noise + Transient,False,0.845715068843548,0.5306306279288109,185.06778809920584,1.0,0.0009881864322947341,0.14974829406733464,0.05684176691582368,0.06919274913848435,0.4040532713727877,False
phase_vocoder,Phase Vocoder,True,selective_high_risk_phase_vocoder,0.1,0.76,high,strong_pitch_motion|periodic_representation_bias|large_shift|selective_micro_modulation_trap,1.0,197.69456333372096,99.5002307320405,2.9700969827586166,0.47369483728731915,8.482255387199389e-07,modulated,fm_tone,modulated / fm_tone,fm_tone:12,modulated / fm_tone +12,12,forced_everywhere,Forced Everywhere,True,0.7611435619591932,0.4263168094232405,166.2162244008079,0.8034153834792117,0.0008866178121445046,0.09970482483549928,0.050947644432347686,0.050513029026663825,0.4040532713727877,False
phase_vocoder,Phase Vocoder,True,selective_high_risk_phase_vocoder,0.0,0.76,high,strong_pitch_motion|periodic_representation_bias|large_shift|selective_micro_modulation_trap,1.0,197.69456333372096,99.5002307320405,2.9700969827586166,0.47369483728731915,8.482255387199389e-07,modulated,fm_tone,modulated / fm_tone,fm_tone:-12,modulated / fm_tone -12,-12,no_guard,No Guard,False,0.7517675417950697,0.4595166060719012,90.49720077361376,1.0,0.0008753574070074297,0.11563208189398498,0.027273364318076698,0.04792693453968971,0.4040532713727877,False
phase_vocoder,Phase Vocoder,True,selective_high_risk_phase_vocoder,0.0,0.76,high,strong_pitch_motion|periodic_representation_bias|large_shift|selective_micro_modulation_trap,1.0,197.69456333372096,99.5002307320405,2.9700969827586166,0.47369483728731915,8.482255387199389e-07,modulated,fm_tone,modulated / fm_tone,fm_tone:-12,modulated / fm_tone -12,-12,current_v3,Current v3,False,0.7517675417950697,0.4595166060719012,90.49720077361376,1.0,0.0008753574070074297,0.11563208189398498,0.027273364318076698,0.04792693453968971,0.4040532713727877,False
phase_vocoder,Phase Vocoder,True,selective_high_risk_phase_vocoder,0.0,0.76,high,strong_pitch_motion|periodic_representation_bias|large_shift|selective_micro_modulation_trap,1.0,197.69456333372096,99.5002307320405,2.9700969827586166,0.47369483728731915,8.482255387199389e-07,modulated,fm_tone,modulated / fm_tone,fm_tone:-12,modulated / fm_tone -12,-12,noise_only,Noise Only,False,0.7517675417950697,0.4595166060719012,90.49720077361376,1.0,0.0008753574070074297,0.11563208189398498,0.027273364318076698,0.04792693453968971,0.4040532713727877,False
phase_vocoder,Phase Vocoder,True,selective_high_risk_phase_vocoder,0.0,0.76,high,strong_pitch_motion|periodic_representation_bias|large_shift|selective_micro_modulation_trap,1.0,197.69456333372096,99.5002307320405,2.9700969827586166,0.47369483728731915,8.482255387199389e-07,modulated,fm_tone,modulated / fm_tone,fm_tone:-12,modulated / fm_tone -12,-12,noise_plus_transient,Noise + Transient,False,0.7517675417950697,0.4595166060719012,90.49720077361376,1.0,0.0008753574070074297,0.11563208189398498,0.027273364318076698,0.04792693453968971,0.4040532713727877,False
phase_vocoder,Phase Vocoder,True,selective_high_risk_phase_vocoder,0.1,0.76,high,strong_pitch_motion|periodic_representation_bias|large_shift|selective_micro_modulation_trap,1.0,197.69456333372096,99.5002307320405,2.9700969827586166,0.47369483728731915,8.482255387199389e-07,modulated,fm_tone,modulated / fm_tone,fm_tone:-12,modulated / fm_tone -12,-12,forced_everywhere,Forced Everywhere,True,0.6765907876155627,0.3398837743032241,74.40341322421321,0.7396550414329139,0.0007850716893859305,0.05823947541574134,0.022241487039521328,0.0270886780482162,0.4040532713727877,False
